driver_id,customer_id,n_trips,n_ghost,driver_trip_count,customer_trip_count,top_service_name,top_pickup_province_name,pair_share_driver,pair_share_customer,ghost_rate,volume_cohort,cohort_trip_threshold,trip_count_percentile,expected_share_driver,expected_share_customer,raw_concentration,expected_concentration,concentration_gap,support_factor,trip_threshold,volume_score,is_extreme_volume,concentration_score,pair_core_score,pair_collusion_score,avg_gmv,total_gmv,total_discount,active_days,latest_order_date,top_dropoff_province_name,min_gap_min,dominant_route_key,dominant_route_trip_count,dominant_route_share,high_confidence,suspected_ghost_rate,temporal_score,avg_gmv_percentile_by_cohort,low_value_farming_score,suspected_ghost_score,pair_risk_score,business_impact_score,fraud_risk_score,investigation_priority_score,shared_payment_count,shared_promo_count,shared_pickup_count,shared_dropoff_count,shared_route_count,component_id,component_size,component_edge_count,component_density,supporting_signal_count,linked_pair_count,network_support_score,network_risk_score,priority_score,repeated_pair_rule_score,ghost_trip_rule_score,route_farming_rule_score,network_pattern_rule_score,business_rule,business_rule_label,business_rule_story,business_rule_score,triggered_business_rules,triggered_reason_codes,primary_business_rule,primary_business_rule_label,primary_business_rule_story,primary_business_rule_score
d8ad18ba0b3bab28,71ac2c51b3d719cc,20,0,26,20,xanh_premium,Thành phố Hà Nội,0.7692307692307693,1.0,0.0,xanh_premium|Thành phố Hà Nội,6.0,1.0,0.125,0.5,0.7692,0.125,0.7363,1.0,6.0,1.0,True,0.7363,85.5,85.5,39200.0,784000.0,0.0,1,2026-07-24,Thành phố Hà Nội,0.0,"184 Đường Hà Huy Tập, Xã Phù Đổng, Thành phố Hà Nội, Việt Nam -> Xã Phù Đổng, Thành phố Hà Nội, Việt Nam",2,0.1,False,0.0,0.73,0.4,0.6,33.9,57.12,51.4,46.8,47.95,0,0,1,2,0,ride_component_1,1,0,0.0,0,0,10.81,8.12,47.95,84.71,36.64,32.93,4.47,REPEATED_LOCKED_PAIR,Cap lap lai va phu thuoc bat thuong,Tai xe va khach hang di voi nhau nhieu lan va co muc do phu thuoc bat thuong so voi hanh vi thong thuong.,84.71,Cap lap lai va phu thuoc bat thuong,KB-C_EXTREME_VOLUME | KB-C_TIGHT_PAIR_SHARE,REPEATED_LOCKED_PAIR,Cap lap lai va phu thuoc bat thuong,Tai xe va khach hang di voi nhau nhieu lan va co muc do phu thuoc bat thuong so voi hanh vi thong thuong.,84.71
1690b4ce10059cd2,ba82873dcaccf020,19,12,27,19,xanh_limo_6_cho,Thành phố Hà Nội,0.7037037037037037,1.0,0.631578947368421,xanh_limo_6_cho|Thành phố Hà Nội,6.961600000000544,1.0,0.1111111111111111,0.5,0.7037,0.1111,0.6667,1.0,6.0,0.9098,True,0.6667,77.61,77.61,40842.10526315789,776000.0,73000.0,1,2026-07-24,Thành phố Hà Nội,1.45,"Xã Phúc Lộc, Thành phố Hà Nội, Việt Nam -> Thành phố Hà Nội",2,0.10526315789473684,True,0.6316,0.6977,0.5,0.4549,61.61,68.81,66.84,54.89,57.88,0,0,0,0,0,ride_component_2,1,0,0.0,0,0,0.0,0.0,57.88,76.88,63.47,37.7,0.0,REPEATED_LOCKED_PAIR,Cap lap lai va phu thuoc bat thuong,Tai xe va khach hang di voi nhau nhieu lan va co muc do phu thuoc bat thuong so voi hanh vi thong thuong.,76.88,Cap lap lai va phu thuoc bat thuong | Mau thuc thi ghost trip,KB-C_EXTREME_VOLUME | KB-C_TIGHT_PAIR_SHARE | KB-C_HIGH_GHOST_RATE | KB-C_SUPERFAST_GAP,REPEATED_LOCKED_PAIR,Cap lap lai va phu thuoc bat thuong,Tai xe va khach hang di voi nhau nhieu lan va co muc do phu thuoc bat thuong so voi hanh vi thong thuong.,76.88
86b00492040445a8,7b650054b148d09c,6,0,6,6,green_mini_3_khach,Thành phố Hà Nội,1.0,1.0,0.0,green_mini_3_khach|Thành phố Hà Nội,3.0,1.0,0.5,0.5,1.0,0.5,1.0,0.8115,6.0,0.6667,True,0.8115,74.63,74.63,101833.33333333333,611000.0,0.0,1,2026-07-24,Thành phố Hà Nội,48.333333333333336,"Phường Cửa Nam, Thành Phố Hà Nội, Việt Nam -> 37 Đường Quang Trung, Phường Cửa Nam, Thành phố Hà Nội, Việt Nam",1,0.16666666666666666,False,0.0,0.05,1.0,0.0,1.5,34.41,40.58,28.34,31.4,0,0,2,2,0,ride_component_3,1,0,0.0,0,0,12.55,7.73,31.4,75.07,1.98,21.36,4.25,REPEATED_LOCKED_PAIR,Cap lap lai va phu thuoc bat thuong,Tai xe va khach hang di voi nhau nhieu lan va co muc do phu thuoc bat thuong so voi hanh vi thong thuong.,75.07,,,,,,
61ed7b3348db32e2,7d959c630346afdc,15,15,26,15,xanhsm_bike_hn,Thành phố Hà Nội,0.5769230769230769,1.0,1.0,xanhsm_bike_hn|Thành phố Hà Nội,3.0,1.0,0.1,0.5,0.5769,0.1,0.5299,1.0,6.0,1.0,True,0.5299,74.14,74.14,15000.0,225000.0,45000.0,1,2026-07-24,Thành phố Hà Nội,0.5166666666666667,"Tuyến 3, Thôn Vĩnh Thanh, Xã Vĩnh Thanh, Thành Phố Hà Nội, Việt Nam -> Xóm 4, Thôn Vĩnh Thanh, Xã Vĩnh Thanh, Thành Phố Hà Nội, Việt Nam",9,0.6,True,1.0,0.8679,1.0,0.0,76.04,75.18,52.63,61.6,59.36,0,0,0,2,0,ride_component_4,1,0,0.0,0,0,8.57,7.18,59.36,72.73,81.78,71.48,3.95,GHOST_TRIP_EXECUTION_PATTERN,Mau thuc thi ghost trip,"Cap nay co dau hieu thuc thi ghost trip, voi nhieu chuyen nghi ngo gia lap hoac quay dau phi thuc te.",81.78,Cap lap lai va phu thuoc bat thuong | Mau thuc thi ghost trip,KB-C_EXTREME_VOLUME | KB-C_HIGH_GHOST_RATE | KB-C_SUPERFAST_GAP,GHOST_TRIP_EXECUTION_PATTERN,Mau thuc thi ghost trip,"Cap nay co dau hieu thuc thi ghost trip, voi nhieu chuyen nghi ngo gia lap hoac quay dau phi thuc te.",81.78
b050dcf14f1ea16b,45278ceca53c63f9,5,2,5,5,xanhsm_bike_sg,Thành phố Hồ Chí Minh,1.0,1.0,0.4,xanhsm_bike_sg|Thành phố Hồ Chí Minh,3.0,1.0,0.5,0.5,1.0,0.5,1.0,0.7472,6.0,0.5556,True,0.7472,66.1,66.1,13800.0,69000.0,0.0,1,2026-07-24,Thành phố Hồ Chí Minh,2.2666666666666666,"tổ 72, khu phố 6, Phường Đông Hưng Thuận, Thành phố Hồ Chí Minh, Việt Nam -> Phường Trung Mỹ Tây, Thành phố Hồ Chí Minh, Việt Nam",2,0.4,False,0.4,0.7671,0.8,0.1111,45.24,54.62,24.71,44.27,39.38,0,0,0,1,0,ride_component_5,1,0,0.0,0,0,5.4,3.87,39.38,66.67,50.75,42.71,2.13,REPEATED_LOCKED_PAIR,Cap lap lai va phu thuoc bat thuong,Tai xe va khach hang di voi nhau nhieu lan va co muc do phu thuoc bat thuong so voi hanh vi thong thuong.,66.67,,,,,,
01714f487853f9ea,df1ffc3f608e21a2,8,0,8,8,xanh_car,Tỉnh Quảng Ngãi,1.0,1.0,0.0,xanh_car|Tỉnh Quảng Ngãi,7.76279999999997,1.0,0.5,0.5,1.0,0.5,1.0,0.9163,6.0,0.3435,True,0.9163,65.85,65.85,180375.0,1443000.0,94000.0,1,2026-07-24,Tỉnh Quảng Ngãi,20.516666666666666,"5VMV+2PH, Tịnh Khê, Xã Tịnh Khê, Tỉnh Quảng Ngãi, Việt Nam -> Xã Bình Sơn, Quảng Ngãi",1,0.125,False,0.0,0.2588,1.0,0.0,7.76,33.9,70.34,32.8,42.18,0,1,1,1,0,ride_component_6,2,1,1.0,2,1,51.85,31.3,42.18,67.57,10.22,21.93,39.72,REPEATED_LOCKED_PAIR,Cap lap lai va phu thuoc bat thuong,Tai xe va khach hang di voi nhau nhieu lan va co muc do phu thuoc bat thuong so voi hanh vi thong thuong.,67.57,Cap lap lai va phu thuoc bat thuong,KB-C_EXTREME_VOLUME | KB-C_TIGHT_PAIR_SHARE,REPEATED_LOCKED_PAIR,Cap lap lai va phu thuoc bat thuong,Tai xe va khach hang di voi nhau nhieu lan va co muc do phu thuoc bat thuong so voi hanh vi thong thuong.,67.57
6867298c3e6745f8,12e840f8548202c4,10,0,11,10,xanh_premium,Tỉnh Đồng Nai,0.9090909090909091,1.0,0.0,xanh_premium|Tỉnh Đồng Nai,8.941599999999653,1.0,0.3333333333333333,0.5,0.9091,0.3333,0.8636,1.0,6.0,0.3728,True,0.8636,64.27,64.27,150400.0,1504000.0,371000.0,1,2026-07-24,Tỉnh Đồng Nai,13.083333333333334,"Xuân Lộc, Đồng Nai, Việt Nam -> Xã Xuân Lộc, Tỉnh Đồng Nai, Việt Nam",2,0.2,False,0.0,0.4547,1.0,0.0,13.64,36.42,84.49,29.69,43.39,0,1,1,0,0,ride_component_7,1,0,0.0,0,0,8.57,5.28,43.39,65.74,17.96,29.73,2.9,REPEATED_LOCKED_PAIR,Cap lap lai va phu thuoc bat thuong,Tai xe va khach hang di voi nhau nhieu lan va co muc do phu thuoc bat thuong so voi hanh vi thong thuong.,65.74,Cap lap lai va phu thuoc bat thuong,KB-C_EXTREME_VOLUME | KB-C_TIGHT_PAIR_SHARE,REPEATED_LOCKED_PAIR,Cap lap lai va phu thuoc bat thuong,Tai xe va khach hang di voi nhau nhieu lan va co muc do phu thuoc bat thuong so voi hanh vi thong thuong.,65.74
aaec82964a8db8c3,f5070e51004d8b10,7,7,7,7,xanh_car,Tỉnh Quảng Bình,1.0,1.0,1.0,xanh_car|Tỉnh Quảng Bình,6.413199999999961,1.0,0.5,0.5,1.0,0.5,1.0,0.8672,6.0,0.3638,True,0.8672,64.07,64.07,203000.0,1421000.0,203000.0,1,2026-07-24,Tỉnh Quảng Bình,26.783333333333335,"Phường Đồng Hới, Tỉnh Quảng Trị, Việt Nam -> Xã Đông Trạch, Tỉnh Quảng Trị, Việt Nam",1,0.14285714285714285,True,1.0,0.1179,1.0,0.0,53.54,58.28,80.84,46.52,55.1,0,0,0,0,0,ride_component_8,1,0,0.0,0,0,0.0,0.0,55.1,65.58,52.16,29.83,0.0,GHOST_TRIP_EXECUTION_PATTERN,Mau thuc thi ghost trip,"Cap nay co dau hieu thuc thi ghost trip, voi nhieu chuyen nghi ngo gia lap hoac quay dau phi thuc te.",52.16,Mau thuc thi ghost trip,KB-C_HIGH_GHOST_RATE,GHOST_TRIP_EXECUTION_PATTERN,Mau thuc thi ghost trip,"Cap nay co dau hieu thuc thi ghost trip, voi nhieu chuyen nghi ngo gia lap hoac quay dau phi thuc te.",52.16
652280701c4d0c32,9ff175949ae3d953,10,0,27,10,xanhsm_bike_sg,Thành phố Hồ Chí Minh,0.37037037037037035,1.0,0.0,xanhsm_bike_sg|Thành phố Hồ Chí Minh,3.0,1.0,0.05263157894736842,0.5,0.3704,0.0526,0.3354,1.0,6.0,1.0,True,0.3354,63.45,63.45,11700.0,117000.0,4000.0,1,2026-07-24,Thành phố Hồ Chí Minh,1.35,"Phường Linh Xuân, Thành phố Hồ Chí Minh, Việt Nam -> Phường Linh Xuân, Thành phố Hồ Chí Minh, Việt Nam",2,0.2,False,0.0,0.7285,0.2,0.8,37.85,49.37,36.69,39.24,38.6,0,0,0,0,0,ride_component_9,1,0,0.0,0,0,0.0,0.0,38.6,61.46,39.17,35.09,0.0,REPEATED_LOCKED_PAIR,Cap lap lai va phu thuoc bat thuong,Tai xe va khach hang di voi nhau nhieu lan va co muc do phu thuoc bat thuong so voi hanh vi thong thuong.,61.46,Cap lap lai va phu thuoc bat thuong,KB-C_EXTREME_VOLUME,REPEATED_LOCKED_PAIR,Cap lap lai va phu thuoc bat thuong,Tai xe va khach hang di voi nhau nhieu lan va co muc do phu thuoc bat thuong so voi hanh vi thong thuong.,61.46
839b2baeda98c857,1cec7fbe2ec4c178,7,1,7,7,xanh_car,Tỉnh Bình Phước,1.0,1.0,0.14285714285714285,xanh_car|Tỉnh Bình Phước,6.673999999999978,1.0,0.5,0.5,1.0,0.5,1.0,0.8672,6.0,0.3496,True,0.8672,63.43,63.43,31000.0,217000.0,0.0,1,2026-07-24,Tỉnh Bình Phước,0.4666666666666667,"Phường Chơn Thành, Đồng Nai -> Quốc lộ 13, Phường Chơn Thành, Tỉnh Đồng Nai, Việt Nam",2,0.2857142857142857,False,0.1429,0.7748,0.6667,0.1165,32.72,46.54,26.23,37.65,34.79,0,0,1,0,0,ride_component_10,1,0,0.0,0,0,5.4,3.62,34.79,64.98,38.91,42.15,1.99,REPEATED_LOCKED_PAIR,Cap lap lai va phu thuoc bat thuong,Tai xe va khach hang di voi nhau nhieu lan va co muc do phu thuoc bat thuong so voi hanh vi thong thuong.,64.98,,,,,,
5f4fa4b5dc96fc17,5e63a8c46f1dfd09,10,0,11,10,xanh_limo_6_cho,Tỉnh Bình Dương,0.9090909090909091,1.0,0.0,xanh_limo_6_cho|Tỉnh Bình Dương,9.425800000000208,1.0,0.3333333333333333,0.5,0.9091,0.3333,0.8636,1.0,6.0,0.3536,True,0.8636,63.41,63.41,42000.0,420000.0,50000.0,1,2026-07-24,Tỉnh Bình Dương,4.75,"Phường Thới Hòa, Thành phố Hồ Chí Minh, Việt Nam -> Phường Thới Hòa, Thành phố Hồ Chí Minh, Việt Nam",2,0.2,False,0.0,0.6492,1.0,0.0,19.48,39.25,44.11,31.64,34.76,0,0,0,1,0,ride_component_11,1,0,0.0,0,0,5.4,3.4,34.76,64.94,25.65,33.5,1.87,REPEATED_LOCKED_PAIR,Cap lap lai va phu thuoc bat thuong,Tai xe va khach hang di voi nhau nhieu lan va co muc do phu thuoc bat thuong so voi hanh vi thong thuong.,64.94,Cap lap lai va phu thuoc bat thuong,KB-C_EXTREME_VOLUME | KB-C_TIGHT_PAIR_SHARE,REPEATED_LOCKED_PAIR,Cap lap lai va phu thuoc bat thuong,Tai xe va khach hang di voi nhau nhieu lan va co muc do phu thuoc bat thuong so voi hanh vi thong thuong.,64.94
3d8dc2593d90ba63,72159a75972cb55d,7,1,7,7,xanh_car,Tỉnh Bến Tre,1.0,1.0,0.14285714285714285,xanh_car|Tỉnh Bến Tre,6.8689999999999145,1.0,0.5,0.5,1.0,0.5,1.0,0.8672,6.0,0.3397,True,0.8672,62.98,62.98,167000.0,1169000.0,42000.0,1,2026-07-24,Tỉnh Bến Tre,72.88333333333334,"109 Đường Đoàn Hoàng Minh, Phường An Hội, Tỉnh Vĩnh Long, Việt Nam -> Vĩnh Long",1,0.14285714285714285,False,0.1429,0.0429,0.5,0.1698,11.83,34.85,58.23,34.03,40.08,0,1,1,3,0,ride_component_12,2,1,1.0,2,1,55.01,33.33,40.08,64.56,10.69,19.59,40.83,REPEATED_LOCKED_PAIR,Cap lap lai va phu thuoc bat thuong,Tai xe va khach hang di voi nhau nhieu lan va co muc do phu thuoc bat thuong so voi hanh vi thong thuong.,64.56,,,,,,
7afd4c3507395b2f,b235143704083232,7,0,7,7,xanh_premium,Tỉnh Hòa Bình,1.0,1.0,0.0,xanh_premium|Tỉnh Hòa Bình,6.921600000000012,1.0,0.5,0.5,1.0,0.5,1.0,0.8672,6.0,0.3371,True,0.8672,62.87,62.87,19571.428571428572,137000.0,0.0,1,2026-07-24,Tỉnh Hòa Bình,4.116666666666666,"Quốc lộ 15, Xã Mai Châu, Tỉnh Phú Thọ, Việt Nam -> Xã Mai Châu, Tỉnh Phú Thọ, Việt Nam",3,0.42857142857142855,False,0.0,0.7325,1.0,0.0,21.98,40.38,23.31,31.9,29.75,0,0,0,0,0,ride_component_13,1,0,0.0,0,0,0.0,0.0,29.75,64.46,28.94,47.65,0.0,REPEATED_LOCKED_PAIR,Cap lap lai va phu thuoc bat thuong,Tai xe va khach hang di voi nhau nhieu lan va co muc do phu thuoc bat thuong so voi hanh vi thong thuong.,64.46,,,,,,
003a690715e7daa4,93c64921eaa059b1,7,0,7,7,xanh_car,Tỉnh Long An,1.0,1.0,0.0,xanh_car|Tỉnh Long An,7.0,1.0,0.5,0.5,1.0,0.5,1.0,0.8672,6.0,0.3333,True,0.8672,62.69,62.69,172142.85714285713,1205000.0,140000.0,1,2026-07-24,Tỉnh Long An,37.266666666666666,"Xã Tân Tập, Tỉnh Tây Ninh, Việt Nam -> Đường 19 Tháng 5, Xã Tân Lân, Tỉnh Tây Ninh, Việt Nam",2,0.2857142857142857,False,0.0,0.0857,1.0,0.0,2.57,29.62,72.43,23.72,35.9,0,0,1,0,0,ride_component_14,1,0,0.0,0,0,5.4,3.12,35.9,64.29,3.38,26.83,1.72,REPEATED_LOCKED_PAIR,Cap lap lai va phu thuoc bat thuong,Tai xe va khach hang di voi nhau nhieu lan va co muc do phu thuoc bat thuong so voi hanh vi thong thuong.,64.29,,,,,,
4ce95b98f61cc30f,93edc075c9f0deec,7,0,7,7,xanh_car,Tỉnh Long An,1.0,1.0,0.0,xanh_car|Tỉnh Long An,7.0,1.0,0.5,0.5,1.0,0.5,1.0,0.8672,6.0,0.3333,True,0.8672,62.69,62.69,72142.85714285714,505000.0,8000.0,1,2026-07-24,Tỉnh Long An,12.916666666666666,"Quốc lộ N2, Xã Hòa Khánh, Tỉnh Tây Ninh, Việt Nam -> Xã Hòa Khánh, Tỉnh Tây Ninh, Việt Nam",1,0.14285714285714285,False,0.0,0.4415,0.5,0.1666,16.58,37.33,35.27,30.07,31.37,0,1,0,0,0,ride_component_15,1,0,0.0,0,0,5.4,3.34,31.37,64.29,19.61,26.09,1.84,REPEATED_LOCKED_PAIR,Cap lap lai va phu thuoc bat thuong,Tai xe va khach hang di voi nhau nhieu lan va co muc do phu thuoc bat thuong so voi hanh vi thong thuong.,64.29,,,,,,
e504bb113eedbb01,b362416ee69d1f84,28,0,39,28,xanhsm_bike_hn,Thành phố Hải Phòng,0.717948717948718,1.0,0.0,xanhsm_bike_hn|Thành phố Hải Phòng,17.545600000004924,1.0,0.07692307692307693,0.5,0.7179,0.0769,0.6944,1.0,6.0,0.5319,True,0.6944,62.13,62.13,39642.857142857145,1110000.0,72000.0,1,2026-07-24,Thành phố Hải Phòng,4.833333333333333,"Phường Hải An, Thành phố Hải Phòng, Việt Nam -> Phường Đông Hải, Thành phố Hải Phòng, Việt Nam",3,0.10714285714285714,False,0.0,0.6194,1.0,0.0,18.58,38.18,66.02,36.96,44.22,0,1,1,3,0,ride_component_16,2,1,1.0,2,1,55.01,34.28,44.22,62.62,24.46,27.6,41.35,REPEATED_LOCKED_PAIR,Cap lap lai va phu thuoc bat thuong,Tai xe va khach hang di voi nhau nhieu lan va co muc do phu thuoc bat thuong so voi hanh vi thong thuong.,62.62,Cap lap lai va phu thuoc bat thuong,KB-C_EXTREME_VOLUME | KB-C_TIGHT_PAIR_SHARE,REPEATED_LOCKED_PAIR,Cap lap lai va phu thuoc bat thuong,Tai xe va khach hang di voi nhau nhieu lan va co muc do phu thuoc bat thuong so voi hanh vi thong thuong.,62.62
932919becdbb9a39,1800eec528db6159,10,0,14,10,xanh_car,Tỉnh Bà Rịa - Vũng Tàu,0.7142857142857143,1.0,0.0,xanh_car|Tỉnh Bà Rịa - Vũng Tàu,5.996100000000297,1.0,0.16666666666666666,0.5,0.7143,0.1667,0.6571,1.0,6.0,0.5559,True,0.6571,61.16,61.16,135200.0,1352000.0,64000.0,1,2026-07-24,Tỉnh Bà Rịa - Vũng Tàu,2.1333333333333333,"117 Đường Thùy Vân, Phường Vũng Tàu, Thành phố Hồ Chí Minh, Việt Nam -> Phường Vũng Tàu, Thành phố Hồ Chí Minh, Việt Nam",1,0.1,False,0.0,0.6802,0.5,0.2779,25.97,41.8,68.45,42.35,48.88,0,3,3,1,1,ride_component_17,3,2,0.6667,3,2,72.13,46.31,48.88,61.46,30.48,28.28,52.14,REPEATED_LOCKED_PAIR,Cap lap lai va phu thuoc bat thuong,Tai xe va khach hang di voi nhau nhieu lan va co muc do phu thuoc bat thuong so voi hanh vi thong thuong.,61.46,Cap lap lai va phu thuoc bat thuong | Mau lien ket theo mang,KB-C_EXTREME_VOLUME | KB-C_TIGHT_PAIR_SHARE | KB-C_SUSPICIOUS_COMPONENT,REPEATED_LOCKED_PAIR,Cap lap lai va phu thuoc bat thuong,Tai xe va khach hang di voi nhau nhieu lan va co muc do phu thuoc bat thuong so voi hanh vi thong thuong.,61.46
07b48acb0c535a99,89cb3800ad24bd8a,8,7,10,8,xanh_limo_6_cho,Thành phố Hồ Chí Minh,0.8,1.0,0.875,xanh_limo_6_cho|Thành phố Hồ Chí Minh,5.0,1.0,0.25,0.5,0.8,0.25,0.7333,0.9163,6.0,0.5333,True,0.672,60.96,60.96,112750.0,902000.0,225000.0,1,2026-07-24,Thành phố Hồ Chí Minh,0.43333333333333335,"212 Đường Trương Văn Bang, Phường Cát Lái, Thành phố Hồ Chí Minh, Việt Nam -> 92-94 nam kỳ khởi nghĩa, Phường Sài Gòn, Thành phố Hồ Chí Minh",6,0.75,True,0.875,0.9149,0.6667,0.1778,74.75,68.55,76.77,55.82,61.06,0,1,0,0,0,ride_component_18,1,0,0.0,0,0,5.4,4.25,61.06,61.38,80.01,77.44,2.34,GHOST_TRIP_EXECUTION_PATTERN,Mau thuc thi ghost trip,"Cap nay co dau hieu thuc thi ghost trip, voi nhieu chuyen nghi ngo gia lap hoac quay dau phi thuc te.",80.01,Cap lap lai va phu thuoc bat thuong | Mau thuc thi ghost trip | Mau farming theo tuyen,KB-C_EXTREME_VOLUME | KB-C_TIGHT_PAIR_SHARE | KB-C_HIGH_GHOST_RATE | KB-C_SUPERFAST_GAP | KB-C_ROUTE_LOOP,GHOST_TRIP_EXECUTION_PATTERN,Mau thuc thi ghost trip,"Cap nay co dau hieu thuc thi ghost trip, voi nhieu chuyen nghi ngo gia lap hoac quay dau phi thuc te.",80.01
ec29e93c0df1b8a7,cb80e450de98c6b1,9,6,10,9,xanh_limo_6_cho,Tỉnh Tây Ninh,0.9,1.0,0.6666666666666666,xanh_limo_6_cho|Tỉnh Tây Ninh,8.857499999999959,1.0,0.3333333333333333,0.5,0.9,0.3333,0.85,0.9603,6.0,0.3387,True,0.8162,60.13,60.13,207888.88888888888,1871000.0,279000.0,1,2026-07-24,Tỉnh Tây Ninh,0.9666666666666667,"Phường Bình Minh, Tỉnh Tây Ninh, Việt Nam -> Quốc lộ 22B, Phường Long Hoa, Tỉnh Tây Ninh, Việt Nam",7,0.7777777777777778,True,0.6667,0.9108,1.0,0.0,60.66,60.42,84.61,49.14,58.01,0,0,1,0,0,ride_component_19,1,0,0.0,0,0,5.4,4.01,58.01,61.56,67.64,76.68,2.21,ROUTE_FARMING_PATTERN,Mau farming theo tuyen,"Cap nay lap lai cung mot kieu tuyen duong voi mat do dang nghi, giong hanh vi farming hon la di chuyen tu nhien.",76.68,Cap lap lai va phu thuoc bat thuong | Mau thuc thi ghost trip | Mau farming theo tuyen,KB-C_EXTREME_VOLUME | KB-C_TIGHT_PAIR_SHARE | KB-C_HIGH_GHOST_RATE | KB-C_SUPERFAST_GAP | KB-C_ROUTE_LOOP,ROUTE_FARMING_PATTERN,Mau farming theo tuyen,"Cap nay lap lai cung mot kieu tuyen duong voi mat do dang nghi, giong hanh vi farming hon la di chuyen tu nhien.",76.68
2ff877bcf6cc0493,faa480c51adf21e6,6,0,6,6,xanh_premium,Tỉnh Bình Phước,1.0,1.0,0.0,xanh_premium|Tỉnh Bình Phước,5.925700000000006,1.0,0.5,0.5,1.0,0.5,1.0,0.8115,6.0,0.3375,True,0.8115,59.82,59.82,150000.0,900000.0,150000.0,1,2026-07-24,Tỉnh Bình Phước,29.433333333333334,"Đồng Nai -> Tỉnh lộ 741, Xã Phú Riềng, Tỉnh Đồng Nai, Việt Nam",3,0.5,False,0.0,0.1632,1.0,0.0,4.9,29.61,66.83,23.76,34.53,0,0,1,0,0,ride_component_20,1,0,0.0,0,0,5.4,3.1,34.53,61.24,6.45,39.74,1.71,REPEATED_LOCKED_PAIR,Cap lap lai va phu thuoc bat thuong,Tai xe va khach hang di voi nhau nhieu lan va co muc do phu thuoc bat thuong so voi hanh vi thong thuong.,61.24,,,,,,
99cb7cb6b4101950,5db69378b6704acf,6,0,6,6,xanh_car,Tỉnh Trà Vinh,1.0,1.0,0.0,xanh_car|Tỉnh Trà Vinh,5.942300000000046,1.0,0.5,0.5,1.0,0.5,1.0,0.8115,6.0,0.3366,True,0.8115,59.78,59.78,236500.0,1419000.0,112000.0,1,2026-07-24,Tỉnh Trà Vinh,31.65,"Khu 5, Xã Tiểu Cần, Tỉnh Vĩnh Long, Việt Nam -> Quốc lộ 53, Ấp Chợ, Xã Tập Sơn, Tỉnh Vĩnh Long, Việt Nam",1,0.16666666666666666,False,0.0,0.05,1.0,0.0,1.5,27.73,72.37,22.56,35.01,0,1,0,1,0,ride_component_21,1,0,0.0,0,0,8.57,4.83,35.01,61.2,1.98,19.13,2.66,REPEATED_LOCKED_PAIR,Cap lap lai va phu thuoc bat thuong,Tai xe va khach hang di voi nhau nhieu lan va co muc do phu thuoc bat thuong so voi hanh vi thong thuong.,61.2,,,,,,
3fa050abd2f86efa,037a1773321f2c4d,7,0,8,7,xanh_car,Thành phố Hà Nội,0.875,1.0,0.0,xanh_car|Thành phố Hà Nội,5.0,1.0,0.3333333333333333,0.5,0.875,0.3333,0.8125,0.8672,6.0,0.4667,True,0.7046,59.75,59.75,105714.28571428571,740000.0,56000.0,1,2026-07-24,Thành phố Hà Nội,22.583333333333332,"05 Đường Tân Mai, Phường Tương Mai, Thành Phố Hà Nội, Việt Nam -> Đường Lý Chiêu Hoàng, Đình Bảng, Từ Sơn, Bắc Ninh, Việt Nam",1,0.14285714285714285,False,0.0,0.2159,0.5,0.2334,11.14,33.02,55.01,25.93,33.2,0,0,0,0,0,ride_component_22,1,0,0.0,0,0,0.0,0.0,33.2,60.47,11.56,21.14,0.0,REPEATED_LOCKED_PAIR,Cap lap lai va phu thuoc bat thuong,Tai xe va khach hang di voi nhau nhieu lan va co muc do phu thuoc bat thuong so voi hanh vi thong thuong.,60.47,,,,,,
5878c38d8a3e7079,39c483ffc808cb2a,6,1,6,6,xanh_car,Tỉnh Tiền Giang,1.0,1.0,0.16666666666666666,xanh_car|Tỉnh Tiền Giang,6.0,1.0,0.5,0.5,1.0,0.5,1.0,0.8115,6.0,0.3333,True,0.8115,59.63,59.63,177833.33333333334,1067000.0,24000.0,1,2026-07-24,Tỉnh Tiền Giang,134.21666666666667,"Phường Long An, Tỉnh Tây Ninh, Việt Nam -> Tầm Vu, Xã Tầm Vu, Tỉnh Tây Ninh, Việt Nam",1,0.16666666666666666,False,0.1667,0.05,1.0,0.0,9.83,32.24,52.0,25.93,32.45,0,1,0,0,0,ride_component_23,1,0,0.0,0,0,5.4,3.18,32.45,61.07,9.89,20.78,1.75,REPEATED_LOCKED_PAIR,Cap lap lai va phu thuoc bat thuong,Tai xe va khach hang di voi nhau nhieu lan va co muc do phu thuoc bat thuong so voi hanh vi thong thuong.,61.07,,,,,,
664747be78e9c168,993f69f74763d2bc,6,0,6,6,xanh_premium,Thành phố Hà Nội,1.0,1.0,0.0,xanh_premium|Thành phố Hà Nội,6.0,0.9999,0.5,0.5,1.0,0.5,1.0,0.8115,6.0,0.3333,True,0.8115,59.63,59.63,142666.66666666666,856000.0,8000.0,1,2026-07-24,Thành phố Hà Nội,20.616666666666667,"2 Đường Tân Hội, Xã Đan Phượng, Thành phố Hà Nội, Việt Nam -> 34 Đường Võ Chí Công, Phường Xuân Đỉnh, Thành Phố Hà Nội, Việt Nam",1,0.16666666666666666,False,0.0,0.2689,0.8,0.0667,9.4,32.0,43.28,25.73,30.12,0,1,0,0,0,ride_component_24,1,0,0.0,0,0,5.4,3.17,30.12,61.07,11.49,23.49,1.74,REPEATED_LOCKED_PAIR,Cap lap lai va phu thuoc bat thuong,Tai xe va khach hang di voi nhau nhieu lan va co muc do phu thuoc bat thuong so voi hanh vi thong thuong.,61.07,,,,,,
d5b7dcc0ba5860dc,3d8210d1ef1503df,6,0,6,6,xanh_premium,Thành phố Hà Nội,1.0,1.0,0.0,xanh_premium|Thành phố Hà Nội,6.0,0.9999,0.5,0.5,1.0,0.5,1.0,0.8115,6.0,0.3333,True,0.8115,59.63,59.63,138666.66666666666,832000.0,12000.0,1,2026-07-24,Thành phố Hà Nội,54.31666666666667,"KĐT Tây Nam Linh Đàm, Phường Hoàng Liệt, Thành Phố Hà Nội, Việt Nam -> P.Lê Đại Hành, Q.Hai Bà Trưng, Hà Nội",1,0.16666666666666666,False,0.0,0.05,0.6,0.1333,4.17,29.13,43.91,23.98,28.96,0,0,2,1,0,ride_component_25,1,0,0.0,0,0,10.81,6.17,28.96,61.07,3.71,19.11,3.39,REPEATED_LOCKED_PAIR,Cap lap lai va phu thuoc bat thuong,Tai xe va khach hang di voi nhau nhieu lan va co muc do phu thuoc bat thuong so voi hanh vi thong thuong.,61.07,,,,,,
9292c8471f83af23,0b6b162edb7bdeff,16,1,21,16,xanhsm_bike_hn,Thành phố Cần Thơ,0.7619047619047619,1.0,0.0625,xanhsm_bike_hn|Thành phố Cần Thơ,11.515000000004875,1.0,0.25,0.5,0.7619,0.25,0.6825,1.0,6.0,0.4632,True,0.6825,58.38,58.38,14062.5,225000.0,39000.0,1,2026-07-24,Thành phố Cần Thơ,3.0833333333333335,"120 Đường Cách Mạng Tháng 8, Phường Bùi Hữu Nghĩa, Phường Bình Thủy, Thành phố Cần Thơ, Việt Nam -> 298 Đường Cách Mạng Tháng 8, Phường Cái Khế, Thành Phố Cần Thơ, Việt Nam",1,0.0625,False,0.0625,0.6468,0.5,0.2316,27.16,41.21,40.37,39.47,39.7,0,1,2,1,0,ride_component_26,2,1,1.0,2,1,53.59,34.07,39.7,59.04,31.53,25.76,41.24,REPEATED_LOCKED_PAIR,Cap lap lai va phu thuoc bat thuong,Tai xe va khach hang di voi nhau nhieu lan va co muc do phu thuoc bat thuong so voi hanh vi thong thuong.,59.04,Cap lap lai va phu thuoc bat thuong,KB-C_EXTREME_VOLUME | KB-C_TIGHT_PAIR_SHARE,REPEATED_LOCKED_PAIR,Cap lap lai va phu thuoc bat thuong,Tai xe va khach hang di voi nhau nhieu lan va co muc do phu thuoc bat thuong so voi hanh vi thong thuong.,59.04
a1e095a2cf09d0e7,30a2435223bf08af,8,0,8,9,xanh_car,Tỉnh Nam Định,1.0,0.8888888888888888,0.0,xanh_car|Tỉnh Nam Định,7.47820000000047,1.0,0.5,0.3333333333333333,0.8889,0.3333,0.8333,0.9163,6.0,0.3566,True,0.7636,58.04,58.04,144875.0,1159000.0,183000.0,1,2026-07-24,Tỉnh Nam Định,26.666666666666668,"321 Quốc lộ 21, Tổ Dân phố 3, Xã Hải Hậu, Tỉnh Ninh Bình, Việt Nam -> Xã Hải Hưng, Tỉnh Ninh Bình, Việt Nam",1,0.125,False,0.0,0.1153,0.6667,0.1189,5.84,29.33,75.14,22.94,35.99,0,0,0,0,0,ride_component_27,1,0,0.0,0,0,0.0,0.0,35.99,59.26,6.1,17.89,0.0,REPEATED_LOCKED_PAIR,Cap lap lai va phu thuoc bat thuong,Tai xe va khach hang di voi nhau nhieu lan va co muc do phu thuoc bat thuong so voi hanh vi thong thuong.,59.26,Cap lap lai va phu thuoc bat thuong,KB-C_EXTREME_VOLUME | KB-C_TIGHT_PAIR_SHARE,REPEATED_LOCKED_PAIR,Cap lap lai va phu thuoc bat thuong,Tai xe va khach hang di voi nhau nhieu lan va co muc do phu thuoc bat thuong so voi hanh vi thong thuong.,59.26
023f52e48d1ad128,af2cfbeac2729167,8,2,9,8,xanh_car,Tỉnh Hà Giang,0.8888888888888888,1.0,0.25,xanh_car|Tỉnh Hà Giang,7.5665000000002465,1.0,0.3333333333333333,0.5,0.8889,0.3333,0.8333,0.9163,6.0,0.3524,True,0.7636,57.86,57.86,11125.0,89000.0,0.0,1,2026-07-24,Tỉnh Hà Giang,1.05,Tuyên Quang -> Tuyên Quang,6,0.75,True,0.25,0.9005,1.0,0.0,39.52,47.77,21.24,38.03,33.83,0,0,0,0,0,ride_component_28,1,0,0.0,0,0,0.0,0.0,33.83,59.09,47.45,70.44,0.0,ROUTE_FARMING_PATTERN,Mau farming theo tuyen,"Cap nay lap lai cung mot kieu tuyen duong voi mat do dang nghi, giong hanh vi farming hon la di chuyen tu nhien.",70.44,Cap lap lai va phu thuoc bat thuong | Mau thuc thi ghost trip | Mau farming theo tuyen,KB-C_EXTREME_VOLUME | KB-C_TIGHT_PAIR_SHARE | KB-C_SUPERFAST_GAP | KB-C_ROUTE_LOOP,ROUTE_FARMING_PATTERN,Mau farming theo tuyen,"Cap nay lap lai cung mot kieu tuyen duong voi mat do dang nghi, giong hanh vi farming hon la di chuyen tu nhien.",70.44
def6f67206cb7756,25bdbfc71916c38c,8,0,10,8,xanh_car,Tỉnh Đồng Nai,0.8,1.0,0.0,xanh_car|Tỉnh Đồng Nai,5.986000000000786,1.0,0.25,0.5,0.8,0.25,0.7333,0.9163,6.0,0.4455,True,0.672,57.01,57.01,168187.5,1345500.0,0.0,1,2026-07-24,Tỉnh Đồng Nai,8.65,"Dốc Mơ, Gia Tân, Thống Nhất, Đồng Nai -> Ấp Võ Dõng, Xã Gia Kiệm, Tỉnh Đồng Nai, Việt Nam",2,0.25,False,0.0,0.5732,1.0,0.0,17.19,35.11,50.39,27.69,33.36,0,0,0,0,0,ride_component_29,1,0,0.0,0,0,0.0,0.0,33.36,57.69,22.64,33.77,0.0,REPEATED_LOCKED_PAIR,Cap lap lai va phu thuoc bat thuong,Tai xe va khach hang di voi nhau nhieu lan va co muc do phu thuoc bat thuong so voi hanh vi thong thuong.,57.69,Cap lap lai va phu thuoc bat thuong,KB-C_EXTREME_VOLUME | KB-C_TIGHT_PAIR_SHARE,REPEATED_LOCKED_PAIR,Cap lap lai va phu thuoc bat thuong,Tai xe va khach hang di voi nhau nhieu lan va co muc do phu thuoc bat thuong so voi hanh vi thong thuong.,57.69
a0b43bafe3582324,3c0f644d605d7bab,8,2,10,8,xanh_premium,Thành phố Hồ Chí Minh,0.8,1.0,0.25,xanh_premium|Thành phố Hồ Chí Minh,6.080699999998615,1.0,0.25,0.5,0.8,0.25,0.7333,0.9163,6.0,0.4385,True,0.672,56.69,56.69,90750.0,726000.0,14000.0,1,2026-07-24,Thành phố Hồ Chí Minh,6.05,"323 Đường An Dương Vương, Phường Chợ Quán, Thành phố Hồ Chí Minh, Việt Nam -> Phường 14, Quận 10, Hồ Chí Minh, Việt Nam",1,0.125,False,0.25,0.5963,0.6667,0.1462,33.31,43.83,44.79,35.53,37.84,0,1,0,0,0,ride_component_30,1,0,0.0,0,0,5.4,3.5,37.84,57.39,37.33,29.8,1.93,REPEATED_LOCKED_PAIR,Cap lap lai va phu thuoc bat thuong,Tai xe va khach hang di voi nhau nhieu lan va co muc do phu thuoc bat thuong so voi hanh vi thong thuong.,57.39,Cap lap lai va phu thuoc bat thuong,KB-C_EXTREME_VOLUME | KB-C_TIGHT_PAIR_SHARE,REPEATED_LOCKED_PAIR,Cap lap lai va phu thuoc bat thuong,Tai xe va khach hang di voi nhau nhieu lan va co muc do phu thuoc bat thuong so voi hanh vi thong thuong.,57.39
c067b86efa9a84b2,2af3b4a0308b2602,7,0,8,7,xanh_premium,Thành phố Hà Nội,0.875,1.0,0.0,xanh_premium|Thành phố Hà Nội,6.0,1.0,0.3333333333333333,0.5,0.875,0.3333,0.8125,0.8672,6.0,0.3889,True,0.7046,56.25,56.25,165000.0,1155000.0,114000.0,1,2026-07-24,Thành phố Hà Nội,17.966666666666665,"19 Đường Nguyễn Văn Linh, Phường Phúc Lợi, Thành Phố Hà Nội, Việt Nam -> Xã Thư Lâm, Thành Phố Hà Nội, Việt Nam",1,0.14285714285714285,False,0.0,0.3236,1.0,0.0,9.71,30.65,70.91,25.67,36.98,0,3,1,1,0,ride_component_31,1,0,0.0,0,0,13.97,8.05,36.98,57.2,12.78,22.77,4.43,REPEATED_LOCKED_PAIR,Cap lap lai va phu thuoc bat thuong,Tai xe va khach hang di voi nhau nhieu lan va co muc do phu thuoc bat thuong so voi hanh vi thong thuong.,57.2,,,,,,
47538899bbd7e37f,2cc89be476d14d2d,5,0,5,5,xanh_premium,Tỉnh Bắc Ninh,1.0,1.0,0.0,xanh_premium|Tỉnh Bắc Ninh,5.0,1.0,0.5,0.5,1.0,0.5,1.0,0.7472,6.0,0.3333,True,0.7472,56.09,56.09,270200.0,1351000.0,113000.0,1,2026-07-24,Tỉnh Bắc Ninh,60.06666666666667,"KCN Yên Phong, Xã Long Châu, Huyện Yên Phong, Xã Yên Phong, Tỉnh Bắc Ninh, Việt Nam -> Xã Tam Giang, Tỉnh Bắc Ninh, Việt Nam",1,0.2,False,0.0,0.06,0.5,0.1666,5.13,28.06,72.09,23.15,35.38,0,2,1,0,0,ride_component_32,1,0,0.0,0,0,10.81,6.07,35.38,57.33,4.53,17.18,3.34,REPEATED_LOCKED_PAIR,Cap lap lai va phu thuoc bat thuong,Tai xe va khach hang di voi nhau nhieu lan va co muc do phu thuoc bat thuong so voi hanh vi thong thuong.,57.33,,,,,,
5102da91c9b2c4f3,15bfc4723986c5c2,5,0,5,5,xanh_limo_6_cho,Tỉnh Kiên Giang,1.0,1.0,0.0,xanh_limo_6_cho|Tỉnh Kiên Giang,5.0,1.0,0.5,0.5,1.0,0.5,1.0,0.7472,6.0,0.3333,True,0.7472,56.09,56.09,190400.0,952000.0,161000.0,1,2026-07-24,Tỉnh Kiên Giang,15.1,"Cảng Cá, Đặc khu Phú Quốc, Tỉnh An Giang, Việt Nam -> Đặc khu Phú Quốc, An Giang, VNM",1,0.2,False,0.0,0.4077,0.5,0.1666,15.56,33.8,69.84,27.27,37.91,0,0,0,1,0,ride_component_33,1,0,0.0,0,0,5.4,3.2,37.91,57.33,18.27,22.97,1.76,REPEATED_LOCKED_PAIR,Cap lap lai va phu thuoc bat thuong,Tai xe va khach hang di voi nhau nhieu lan va co muc do phu thuoc bat thuong so voi hanh vi thong thuong.,57.33,,,,,,
6f1e0d978d704b69,3a9c2d8f0a34b527,5,0,5,5,xanh_limo_6_cho,Thành phố Hồ Chí Minh,1.0,1.0,0.0,xanh_limo_6_cho|Thành phố Hồ Chí Minh,5.0,0.9999,0.5,0.5,1.0,0.5,1.0,0.7472,6.0,0.3333,True,0.7472,56.09,56.09,333200.0,1666000.0,193000.0,1,2026-07-24,Thành phố Hồ Chí Minh,40.05,"16/5 Hẻm 16 Đường Nguyễn Văn Thương, Phường Thạnh Mỹ Tây, Thành phố Hồ Chí Minh, Việt Nam -> Nhơn Trạch, Đồng Nai",1,0.2,False,0.0,0.06,1.0,0.0,1.8,26.23,81.54,21.63,36.61,0,1,1,1,0,ride_component_34,1,0,0.0,0,0,10.81,5.96,36.61,57.33,2.37,17.18,3.28,REPEATED_LOCKED_PAIR,Cap lap lai va phu thuoc bat thuong,Tai xe va khach hang di voi nhau nhieu lan va co muc do phu thuoc bat thuong so voi hanh vi thong thuong.,57.33,,,,,,
754c234138e3df71,a615c8d1912613ba,5,0,5,5,xanh_car,Thành phố Hà Nội,1.0,1.0,0.0,xanh_car|Thành phố Hà Nội,5.0,0.9999,0.5,0.5,1.0,0.5,1.0,0.7472,6.0,0.3333,True,0.7472,56.09,56.09,57200.0,286000.0,41000.0,1,2026-07-24,Thành phố Hà Nội,24.183333333333334,"68 Phố MớI, KĐT Mới, Phố Mới, Xã Mê Linh, Thành phố Hà Nội, Việt Nam -> Thôn Yên Nhân, Xã Mê Linh, Thành Phố Hà Nội, Việt Nam",1,0.2,False,0.0,0.1957,0.25,0.25,10.87,31.22,39.34,24.52,28.22,0,0,0,0,0,ride_component_35,1,0,0.0,0,0,0.0,0.0,28.22,57.33,10.98,19.44,0.0,REPEATED_LOCKED_PAIR,Cap lap lai va phu thuoc bat thuong,Tai xe va khach hang di voi nhau nhieu lan va co muc do phu thuoc bat thuong so voi hanh vi thong thuong.,57.33,,,,,,
9021a24fdf156353,ce2a687d7f1b8677,5,0,5,5,xanh_car,Tỉnh Tây Ninh,1.0,1.0,0.0,xanh_car|Tỉnh Tây Ninh,5.0,1.0,0.5,0.5,1.0,0.5,1.0,0.7472,6.0,0.3333,True,0.7472,56.09,56.09,259000.0,1295000.0,187000.0,1,2026-07-24,Tỉnh Tây Ninh,22.65,"Tây Ninh -> Đường , Xã Châu Thành, Tỉnh Tây Ninh, Việt Nam",1,0.2,False,0.0,0.2315,1.0,0.0,6.94,29.06,77.3,23.73,37.12,0,0,1,1,0,ride_component_36,1,0,0.0,0,0,8.57,4.86,37.12,57.33,9.14,20.04,2.67,REPEATED_LOCKED_PAIR,Cap lap lai va phu thuoc bat thuong,Tai xe va khach hang di voi nhau nhieu lan va co muc do phu thuoc bat thuong so voi hanh vi thong thuong.,57.33,,,,,,
9644672809861ad4,72f6c65ba42d864e,5,0,5,5,xanh_car,Tỉnh Vĩnh Phúc,1.0,1.0,0.0,xanh_car|Tỉnh Vĩnh Phúc,5.0,1.0,0.5,0.5,1.0,0.5,1.0,0.7472,6.0,0.3333,True,0.7472,56.09,56.09,196800.0,984000.0,30000.0,1,2026-07-24,Tỉnh Vĩnh Phúc,77.41666666666667,"6JXH+5W2, Thanh Lãng-Tân Phong, Xã Xuân Lãng, Tỉnh Phú Thọ, Việt Nam -> 7MF2+8G3, Xã Bình Nguyên, Tỉnh Phú Thọ, Việt Nam",1,0.2,False,0.0,0.06,1.0,0.0,1.8,26.23,52.73,21.04,28.96,0,1,0,0,0,ride_component_37,1,0,0.0,0,0,5.4,2.98,28.96,57.33,2.37,17.18,1.64,REPEATED_LOCKED_PAIR,Cap lap lai va phu thuoc bat thuong,Tai xe va khach hang di voi nhau nhieu lan va co muc do phu thuoc bat thuong so voi hanh vi thong thuong.,57.33,,,,,,
985d4c79b99c7b95,fd85862bad82fc0c,5,0,5,5,xanh_car,Tỉnh Tây Ninh,1.0,1.0,0.0,xanh_car|Tỉnh Tây Ninh,5.0,1.0,0.5,0.5,1.0,0.5,1.0,0.7472,6.0,0.3333,True,0.7472,56.09,56.09,209800.0,1049000.0,50000.0,1,2026-07-24,Tỉnh Tây Ninh,96.73333333333333,"Huyện Tân Châu, Tỉnh Tây Ninh -> 372 Đường tỉnh 785, Xã Tân Hội, Tỉnh Tây Ninh, Việt Nam",2,0.4,False,0.0,0.12,0.6667,0.1111,5.82,28.44,57.05,22.86,31.41,0,0,1,0,0,ride_component_38,1,0,0.0,0,0,5.4,3.04,31.41,57.33,6.18,27.34,1.67,REPEATED_LOCKED_PAIR,Cap lap lai va phu thuoc bat thuong,Tai xe va khach hang di voi nhau nhieu lan va co muc do phu thuoc bat thuong so voi hanh vi thong thuong.,57.33,,,,,,
a49b06f0cb3f2baa,e640fbd577bf245c,5,0,5,5,xanh_car,Thành phố Hà Nội,1.0,1.0,0.0,xanh_car|Thành phố Hà Nội,5.0,0.9999,0.5,0.5,1.0,0.5,1.0,0.7472,6.0,0.3333,True,0.7472,56.09,56.09,112000.0,560000.0,37000.0,1,2026-07-24,Thành phố Hà Nội,111.98333333333333,"438 Đường Trường Chinh, Phố Ngã Tư Sở, Phường Kim Liên, Thành phố Hà Nội, Việt Nam -> 59, Phường Từ Liêm, Thành Phố Hà Nội, Việt Nam",1,0.2,False,0.0,0.06,0.75,0.0833,3.47,27.15,43.62,22.4,27.7,0,1,2,0,0,ride_component_39,1,0,0.0,0,0,10.81,6.02,27.7,57.33,3.46,17.18,3.31,REPEATED_LOCKED_PAIR,Cap lap lai va phu thuoc bat thuong,Tai xe va khach hang di voi nhau nhieu lan va co muc do phu thuoc bat thuong so voi hanh vi thong thuong.,57.33,,,,,,
bc314736a31baa14,c18b55352489d611,5,1,5,5,xanh_car,Tỉnh Tây Ninh,1.0,1.0,0.2,xanh_car|Tỉnh Tây Ninh,5.0,1.0,0.5,0.5,1.0,0.5,1.0,0.7472,6.0,0.3333,True,0.7472,56.09,56.09,207000.0,1035000.0,49000.0,1,2026-07-24,Tỉnh Tây Ninh,19.133333333333333,"Phường Bình Minh, Tỉnh Tây Ninh, Việt Nam -> Tây Ninh",1,0.2,False,0.2,0.3136,0.3333,0.2222,23.85,38.36,55.99,31.91,37.93,0,1,2,1,0,ride_component_40,1,0,0.0,0,0,12.55,7.75,37.93,57.33,24.77,23.07,4.26,REPEATED_LOCKED_PAIR,Cap lap lai va phu thuoc bat thuong,Tai xe va khach hang di voi nhau nhieu lan va co muc do phu thuoc bat thuong so voi hanh vi thong thuong.,57.33,,,,,,
5bfcc769835bc616,49b8504ff44a6f3d,7,5,14,7,xanhsm_bike_sg,Thành phố Hồ Chí Minh,0.5,1.0,0.7142857142857143,xanhsm_bike_sg|Thành phố Hồ Chí Minh,3.0,1.0,0.1111111111111111,0.5,0.5,0.1111,0.4375,0.8672,6.0,0.7778,True,0.3794,55.87,55.87,17714.285714285714,124000.0,1000.0,1,2026-07-24,Thành phố Hồ Chí Minh,0.85,"Phường Bình Tân, Thành phố Hồ Chí Minh, Việt Nam -> 188 Quốc lộ 1A, Phường Bình Tân, Thành phố Hồ Chí Minh, Việt Nam",2,0.2857142857142857,True,0.7143,0.7659,1.0,0.0,58.69,57.42,31.91,45.96,42.45,0,0,0,0,0,ride_component_41,1,0,0.0,0,0,0.0,0.0,42.45,54.67,64.18,46.56,0.0,GHOST_TRIP_EXECUTION_PATTERN,Mau thuc thi ghost trip,"Cap nay co dau hieu thuc thi ghost trip, voi nhieu chuyen nghi ngo gia lap hoac quay dau phi thuc te.",64.18,Mau thuc thi ghost trip,KB-C_HIGH_GHOST_RATE | KB-C_SUPERFAST_GAP,GHOST_TRIP_EXECUTION_PATTERN,Mau thuc thi ghost trip,"Cap nay co dau hieu thuc thi ghost trip, voi nhieu chuyen nghi ngo gia lap hoac quay dau phi thuc te.",64.18
28d18b5006fb2cdd,e9893b8c86ca92b8,10,2,15,10,xanh_premium,Thành phố Hồ Chí Minh,0.6666666666666666,1.0,0.2,xanh_premium|Thành phố Hồ Chí Minh,6.080699999998615,1.0,0.25,0.5,0.6667,0.25,0.5556,1.0,6.0,0.5482,True,0.5556,55.23,55.23,37300.0,373000.0,53000.0,1,2026-07-24,Thành phố Hồ Chí Minh,7.516666666666667,"Xã Cần Giờ, Thành phố Hồ Chí Minh -> Xã Cần Giờ, Thành phố Hồ Chí Minh",2,0.2,False,0.2,0.5846,0.3333,0.3655,34.85,44.02,48.55,36.12,39.23,0,0,1,1,0,ride_component_42,1,0,0.0,0,0,8.57,5.55,39.23,55.25,37.34,32.98,3.05,REPEATED_LOCKED_PAIR,Cap lap lai va phu thuoc bat thuong,Tai xe va khach hang di voi nhau nhieu lan va co muc do phu thuoc bat thuong so voi hanh vi thong thuong.,55.25,Cap lap lai va phu thuoc bat thuong,KB-C_EXTREME_VOLUME | KB-C_TIGHT_PAIR_SHARE,REPEATED_LOCKED_PAIR,Cap lap lai va phu thuoc bat thuong,Tai xe va khach hang di voi nhau nhieu lan va co muc do phu thuoc bat thuong so voi hanh vi thong thuong.,55.25
466ae218c3176ccd,eaadb8525393aa7b,7,0,8,7,xanh_car,Tỉnh Bình Dương,0.875,1.0,0.0,xanh_car|Tỉnh Bình Dương,6.779300000000148,1.0,0.3333333333333333,0.5,0.875,0.3333,0.8125,0.8672,6.0,0.3442,True,0.7046,54.24,54.24,166571.42857142858,1166000.0,100000.0,1,2026-07-24,Tỉnh Tây Ninh,34.35,"Phường Long Hoa, Tỉnh Tây Ninh, Việt Nam -> 67Q2+FX5, 950 ĐT784, Thuận Hòa, Xã Truông Mít, Tỉnh Tây Ninh, Việt Nam",1,0.14285714285714285,False,0.0,0.0429,1.0,0.0,1.29,25.12,67.56,20.5,32.26,0,1,0,1,0,ride_component_43,1,0,0.0,0,0,8.57,4.66,32.26,55.32,1.7,16.85,2.56,REPEATED_LOCKED_PAIR,Cap lap lai va phu thuoc bat thuong,Tai xe va khach hang di voi nhau nhieu lan va co muc do phu thuoc bat thuong so voi hanh vi thong thuong.,55.32,,,,,,
0615ca7f371a083a,6d37377f7867dfa4,7,0,8,7,gf_vip,Thành phố Hồ Chí Minh,0.875,1.0,0.0,gf_vip|Thành phố Hồ Chí Minh,6.853399999999965,1.0,0.3333333333333333,0.5,0.875,0.3333,0.8125,0.8672,6.0,0.3405,True,0.7046,54.08,54.08,122428.57142857143,857000.0,0.0,1,2026-07-24,Thành phố Hồ Chí Minh,9.816666666666666,"1251, Phường Thới An, Thành phố Hồ Chí Minh, Việt Nam -> Trường Sơn, Phường Tân Sơn Hòa, Thành phố Hồ Chí Minh, Việt Nam",1,0.14285714285714285,False,0.0,0.5138,1.0,0.0,15.41,32.81,40.28,27.13,30.42,1,0,0,2,0,ride_component_44,1,0,0.0,0,0,10.81,6.33,30.42,55.17,20.29,26.25,3.48,REPEATED_LOCKED_PAIR,Cap lap lai va phu thuoc bat thuong,Tai xe va khach hang di voi nhau nhieu lan va co muc do phu thuoc bat thuong so voi hanh vi thong thuong.,55.17,,,,,,
9747f89401aacff5,a205272751dfdc7a,7,2,8,7,xanh_premium,Tỉnh Trà Vinh,0.875,1.0,0.2857142857142857,xanh_premium|Tỉnh Trà Vinh,6.9734000000000265,1.0,0.3333333333333333,0.5,0.875,0.3333,0.8125,0.8672,6.0,0.3346,True,0.7046,53.81,53.81,85000.0,595000.0,159000.0,1,2026-07-24,Tỉnh Trà Vinh,14.1,"57-37 Đường Nguyễn Thiện Thành, Xã Hưng Mỹ, Tỉnh Vĩnh Long, Việt Nam -> Quốc lộ 54, Xã Châu Thành, Tỉnh Vĩnh Long, Việt Nam",1,0.14285714285714285,False,0.2857,0.4139,1.0,0.0,26.7,38.9,61.48,32.19,39.51,0,1,1,1,0,ride_component_45,1,0,0.0,0,0,10.81,6.69,39.51,54.92,29.92,27.06,3.68,REPEATED_LOCKED_PAIR,Cap lap lai va phu thuoc bat thuong,Tai xe va khach hang di voi nhau nhieu lan va co muc do phu thuoc bat thuong so voi hanh vi thong thuong.,54.92,,,,,,
5fbb2c6c07479dac,977b42a8363c208a,9,0,14,9,xanh_car,Tỉnh Khánh Hòa,0.6428571428571429,1.0,0.0,xanh_car|Tỉnh Khánh Hòa,6.0,1.0,0.14285714285714285,0.5,0.6429,0.1429,0.5833,0.9603,6.0,0.5,True,0.5601,53.31,53.31,125333.33333333333,1128000.0,206000.0,1,2026-07-24,Tỉnh Khánh Hòa,43.833333333333336,"Khánh Hòa -> Mười Sáu Tháng Bảy, Phường Ninh Hòa, Tỉnh Khánh Hòa, Việt Nam",1,0.1111111111111111,False,0.0,0.0333,1.0,0.0,1.0,24.54,79.79,20.03,34.97,0,2,0,0,0,ride_component_46,1,0,0.0,0,0,8.57,4.62,34.97,53.49,1.32,14.77,2.54,REPEATED_LOCKED_PAIR,Cap lap lai va phu thuoc bat thuong,Tai xe va khach hang di voi nhau nhieu lan va co muc do phu thuoc bat thuong so voi hanh vi thong thuong.,53.49,Cap lap lai va phu thuoc bat thuong,KB-C_EXTREME_VOLUME | KB-C_TIGHT_PAIR_SHARE,REPEATED_LOCKED_PAIR,Cap lap lai va phu thuoc bat thuong,Tai xe va khach hang di voi nhau nhieu lan va co muc do phu thuoc bat thuong so voi hanh vi thong thuong.,53.49
e0b74e9fda5b1515,a19523ae8b17153c,9,9,14,9,xanh_car,Thành phố Hồ Chí Minh,0.6428571428571429,1.0,1.0,xanh_car|Thành phố Hồ Chí Minh,6.0,1.0,0.14285714285714285,0.5,0.6429,0.1429,0.5833,0.9603,6.0,0.5,True,0.5601,53.31,53.31,120666.66666666667,1086000.0,267000.0,1,2026-07-24,Thành phố Hồ Chí Minh,0.3333333333333333,"128 Đường Thạch Lam, Phường Phú Thạnh, Thành phố Hồ Chí Minh, Việt Nam -> Đường Pasteur, Phường Sài Gòn, Thành phố Hồ Chí Minh, Việt Nam",5,0.5555555555555556,True,1.0,0.8589,0.5,0.25,80.77,68.41,80.04,55.85,61.9,0,1,0,0,0,ride_component_47,1,0,0.0,0,0,5.4,4.21,61.9,53.49,84.68,65.73,2.32,GHOST_TRIP_EXECUTION_PATTERN,Mau thuc thi ghost trip,"Cap nay co dau hieu thuc thi ghost trip, voi nhieu chuyen nghi ngo gia lap hoac quay dau phi thuc te.",84.68,Cap lap lai va phu thuoc bat thuong | Mau thuc thi ghost trip,KB-C_EXTREME_VOLUME | KB-C_TIGHT_PAIR_SHARE | KB-C_HIGH_GHOST_RATE | KB-C_SUPERFAST_GAP,GHOST_TRIP_EXECUTION_PATTERN,Mau thuc thi ghost trip,"Cap nay co dau hieu thuc thi ghost trip, voi nhieu chuyen nghi ngo gia lap hoac quay dau phi thuc te.",84.68
8dbd26ea81087fb4,f475d941fefdd53d,4,0,4,4,xanh_premium,Tỉnh Bình Dương,1.0,1.0,0.0,xanh_premium|Tỉnh Bình Dương,3.7346000000002277,1.0,0.5,0.5,1.0,0.5,1.0,0.6712,6.0,0.357,True,0.6712,52.98,52.98,372750.0,1491000.0,146000.0,1,2026-07-24,Tỉnh Bình Dương,56.46666666666667,"15, Street No.4, Phường Bình Hòa, Thành Phố Hồ Chí Minh, Việt Nam -> 2, Xã Cần Giuộc, Tỉnh Tây Ninh, Việt Nam",1,0.25,False,0.0,0.075,1.0,0.0,2.25,25.08,76.63,20.49,34.52,1,1,0,0,0,ride_component_48,1,0,0.0,0,0,8.57,4.65,34.52,53.92,2.96,15.46,2.56,REPEATED_LOCKED_PAIR,Cap lap lai va phu thuoc bat thuong,Tai xe va khach hang di voi nhau nhieu lan va co muc do phu thuoc bat thuong so voi hanh vi thong thuong.,53.92,,,,,,
5bde1844ced478a8,c88a037c2b2f8355,7,0,9,7,xanh_limo_6_cho,Thành phố Hồ Chí Minh,0.7777777777777778,1.0,0.0,xanh_limo_6_cho|Thành phố Hồ Chí Minh,5.0,1.0,0.3333333333333333,0.5,0.7778,0.3333,0.6667,0.8672,6.0,0.4667,True,0.5781,52.8,52.8,54000.0,378000.0,146000.0,1,2026-07-24,Thành phố Hồ Chí Minh,2.9166666666666665,"270-272 Đường Đỗ Xuân Hợp, Phường Phước Long, Thành phố Hồ Chí Minh, Việt Nam -> Phường Phước Long, Thành phố Hồ Chí Minh, Việt Nam",1,0.14285714285714285,False,0.0,0.6748,0.3333,0.3111,26.47,38.32,58.66,31.06,37.96,1,0,0,0,0,ride_component_49,1,0,0.0,0,0,5.4,3.32,37.96,53.13,30.7,29.27,1.83,REPEATED_LOCKED_PAIR,Cap lap lai va phu thuoc bat thuong,Tai xe va khach hang di voi nhau nhieu lan va co muc do phu thuoc bat thuong so voi hanh vi thong thuong.,53.13,,,,,,
c5d010bce7d8281c,18afaf02d29a9bff,4,0,4,4,xanh_limo_6_cho,Tỉnh Hưng Yên,1.0,1.0,0.0,xanh_limo_6_cho|Tỉnh Hưng Yên,3.9045999999999594,1.0,0.5,0.5,1.0,0.5,1.0,0.6712,6.0,0.3415,True,0.6712,52.28,52.28,595250.0,2381000.0,117000.0,1,2026-07-24,Tỉnh Hưng Yên,96.01666666666667,", Tân Mỹ, Xã Yên Mỹ, Tỉnh Hưng Yên, Việt Nam -> Phường Phố Hiến, Tỉnh Hưng Yên, Việt Nam",1,0.25,False,0.0,0.075,1.0,0.0,2.25,24.76,77.47,19.89,34.28,1,0,0,0,0,ride_component_50,1,0,0.0,0,0,5.4,2.91,34.28,53.27,2.96,15.39,1.6,REPEATED_LOCKED_PAIR,Cap lap lai va phu thuoc bat thuong,Tai xe va khach hang di voi nhau nhieu lan va co muc do phu thuoc bat thuong so voi hanh vi thong thuong.,53.27,,,,,,
7e81267e27eedf95,27e1e70114f032c9,8,0,10,8,xanh_premium,Tỉnh Ninh Bình,0.8,1.0,0.0,xanh_premium|Tỉnh Ninh Bình,7.845499999999902,1.0,0.25,0.5,0.8,0.25,0.7333,0.9163,6.0,0.3399,True,0.672,52.26,52.26,27250.0,218000.0,18000.0,1,2026-07-24,Tỉnh Ninh Bình,7.083333333333333,"Phường Trung Sơn, Tỉnh Ninh Bình, Việt Nam -> Phường Trung Sơn, Tỉnh Ninh Bình, Việt Nam",2,0.25,False,0.0,0.6097,1.0,0.0,18.29,33.58,33.2,27.79,29.14,0,2,1,0,0,ride_component_51,1,0,0.0,0,0,10.81,6.35,29.14,53.25,24.08,33.78,3.49,REPEATED_LOCKED_PAIR,Cap lap lai va phu thuoc bat thuong,Tai xe va khach hang di voi nhau nhieu lan va co muc do phu thuoc bat thuong so voi hanh vi thong thuong.,53.25,Cap lap lai va phu thuoc bat thuong,KB-C_EXTREME_VOLUME | KB-C_TIGHT_PAIR_SHARE,REPEATED_LOCKED_PAIR,Cap lap lai va phu thuoc bat thuong,Tai xe va khach hang di voi nhau nhieu lan va co muc do phu thuoc bat thuong so voi hanh vi thong thuong.,53.25
f7746141d43d4ee9,bc51debfebde74f1,4,0,4,4,xanh_limo,Thành phố Hà Nội,1.0,1.0,0.0,xanh_limo|Thành phố Hà Nội,3.9754000000000076,1.0,0.5,0.5,1.0,0.5,1.0,0.6712,6.0,0.3354,True,0.6712,52.01,52.01,474000.0,1896000.0,0.0,1,2026-07-24,Thành phố Hà Nội,152.53333333333333,"Đường Võ Nguyên Giáp, Xã Nội Bài, Thành Phố Hà Nội, Việt Nam -> Bắc Ninh, Việt Nam",1,0.25,False,0.0,0.075,1.0,0.0,2.25,24.64,52.05,20.38,28.3,1,0,0,2,0,ride_component_52,1,0,0.0,0,0,10.81,5.82,28.3,53.02,2.96,15.37,3.2,REPEATED_LOCKED_PAIR,Cap lap lai va phu thuoc bat thuong,Tai xe va khach hang di voi nhau nhieu lan va co muc do phu thuoc bat thuong so voi hanh vi thong thuong.,53.02,,,,,,
063ff34d1a31f562,d54d36abde06a63f,4,0,4,4,taxi_huong_giang,Tỉnh Bắc Giang,1.0,1.0,0.0,taxi_huong_giang|Tỉnh Bắc Giang,3.989999999999995,1.0,0.5,0.5,1.0,0.5,1.0,0.6712,6.0,0.3342,True,0.6712,51.96,51.96,685000.0,2740000.0,30000.0,1,2026-07-24,Tỉnh Bắc Giang,111.85,"7 Đường 6, Phù Chẩn, Từ Sơn, Bắc Ninh, Việt Nam -> Phường Nếnh, Tỉnh Bắc Ninh, Việt Nam",1,0.25,False,0.0,0.075,1.0,0.0,2.25,24.62,63.42,19.78,30.69,1,0,0,0,0,ride_component_53,1,0,0.0,0,0,5.4,2.91,30.69,52.97,2.96,15.36,1.6,REPEATED_LOCKED_PAIR,Cap lap lai va phu thuoc bat thuong,Tai xe va khach hang di voi nhau nhieu lan va co muc do phu thuoc bat thuong so voi hanh vi thong thuong.,52.97,,,,,,
da6fe6a511808fd0,ae21ee12826bdc6e,4,0,4,4,xanh_airport_limo,Tỉnh Khánh Hòa,1.0,1.0,0.0,xanh_airport_limo|Tỉnh Khánh Hòa,3.992900000000006,1.0,0.5,0.5,1.0,0.5,1.0,0.6712,6.0,0.3339,True,0.6712,51.94,51.94,407000.0,1628000.0,0.0,1,2026-07-24,Tỉnh Khánh Hòa,148.7,"Đường Nguyễn Tất Thành, Phường Bắc Cam Ranh, Tỉnh Khánh Hòa, Việt Nam -> Phường Nam Nha Trang, Tỉnh Khánh Hòa, Việt Nam",2,0.5,False,0.0,0.15,1.0,0.0,4.5,25.85,51.13,20.79,28.38,1,0,0,0,0,ride_component_54,1,0,0.0,0,0,5.4,2.94,28.38,52.95,5.92,25.53,1.62,REPEATED_LOCKED_PAIR,Cap lap lai va phu thuoc bat thuong,Tai xe va khach hang di voi nhau nhieu lan va co muc do phu thuoc bat thuong so voi hanh vi thong thuong.,52.95,,,,,,
637d7f706fb1186d,8cc7d57d147cb6fb,4,0,4,4,service_xanh_tour_car_long-distance_one_way,Tỉnh Hưng Yên,1.0,1.0,0.0,service_xanh_tour_car_long-distance_one_way|Tỉnh Hưng Yên,3.9968000000000004,1.0,0.5,0.5,1.0,0.5,1.0,0.6712,6.0,0.3336,True,0.6712,51.93,51.93,292750.0,1171000.0,0.0,1,2026-07-24,Tỉnh Hưng Yên,140.21666666666667,"Cổng Trần Hưng Đạo - Bệnh viện Trung ương Quân đội 108, 1B Đường Trần Hưng Đạo, Phường Bạch Đằng, Quận Hai Bà Trưng, Thành phố Hà Nội, Việt Nam(UTC+7) -> Huyện Khoái Châu, Tỉnh Hưng Yên",1,0.25,False,0.0,0.075,1.0,0.0,2.25,24.61,46.97,19.77,26.57,0,0,0,1,0,ride_component_55,1,0,0.0,0,0,5.4,2.91,26.57,52.94,2.96,15.36,1.6,REPEATED_LOCKED_PAIR,Cap lap lai va phu thuoc bat thuong,Tai xe va khach hang di voi nhau nhieu lan va co muc do phu thuoc bat thuong so voi hanh vi thong thuong.,52.94,,,,,,
6f2a7aad643acc47,b3deb674003fe175,4,0,4,4,xanh_mini_meter,Thành phố Hà Nội,1.0,1.0,0.0,xanh_mini_meter|Thành phố Hà Nội,3.997,1.0,0.5,0.5,1.0,0.5,1.0,0.6712,6.0,0.3336,True,0.6712,51.93,51.93,493500.0,1974000.0,0.0,1,2026-07-24,Thành phố Hà Nội,32.88333333333333,"Bệnh viện Hữu nghị Việt Nam - Cuba, 37 Phố Hai Bà Trưng, Phường Tràng Tiền, Quận Hoàn Kiếm, Thành phố Hà Nội, Việt Nam ->  Tỉnh Hòa Bình",1,0.25,False,0.0,0.075,1.0,0.0,2.25,24.61,52.6,19.77,27.98,0,0,0,1,0,ride_component_56,1,0,0.0,0,0,5.4,2.91,27.98,52.94,2.96,15.36,1.6,REPEATED_LOCKED_PAIR,Cap lap lai va phu thuoc bat thuong,Tai xe va khach hang di voi nhau nhieu lan va co muc do phu thuoc bat thuong so voi hanh vi thong thuong.,52.94,,,,,,
66dd5b3dfb231422,8d91b0580ce55a9d,4,0,4,4,service_xanh_premium_car_long-distance_one_way,Tỉnh Tây Ninh,1.0,1.0,0.0,service_xanh_premium_car_long-distance_one_way|Tỉnh Tây Ninh,3.9986999999999995,1.0,0.5,0.5,1.0,0.5,1.0,0.6712,6.0,0.3334,True,0.6712,51.92,51.92,639750.0,2559000.0,0.0,1,2026-07-24,Tỉnh Tây Ninh,259.0833333333333,"Công Ty TM - SX Khóa Hoàng Gia Đại Phát, 532 Đường Trần Bình Trọng, Phường 2, Quận 5, Thành phố Hồ Chí Minh, Việt Nam(UTC+7) -> Tịnh Xá Trúc Lâm, 1935 Nguyễn Văn Linh, X.Thạnh Tây, H.Tân Biên, Tây Ninh, 80000, Vietnam",1,0.25,False,0.0,0.075,1.0,0.0,2.25,24.6,53.19,19.77,28.12,0,0,0,1,0,ride_component_57,1,0,0.0,0,0,5.4,2.91,28.12,52.93,2.96,15.36,1.6,REPEATED_LOCKED_PAIR,Cap lap lai va phu thuoc bat thuong,Tai xe va khach hang di voi nhau nhieu lan va co muc do phu thuoc bat thuong so voi hanh vi thong thuong.,52.93,,,,,,
8388ee1489ad2a4e,a7fd2f6d8e673a46,4,0,4,4,service_xanh_tour_car_long-distance_one_way,Tỉnh Nam Định,1.0,1.0,0.0,service_xanh_tour_car_long-distance_one_way|Tỉnh Nam Định,3.9975999999999985,1.0,0.5,0.5,1.0,0.5,1.0,0.6712,6.0,0.3335,True,0.6712,51.92,51.92,273250.0,1093000.0,0.0,1,2026-07-24,Tỉnh Nam Định,140.83333333333334,"Bệnh viện Bạch Mai cơ sở 2, GXP4+J3C, Tân Liêm, Phường Liêm Tuyền, Tỉnh Ninh Bình, Việt Nam(UTC+7) -> 18 Phạm Ngọc Thạch, Lộc Vượng, Nam Định, Việt Nam",1,0.25,False,0.0,0.075,1.0,0.0,2.25,24.6,44.59,19.77,25.98,0,0,0,1,0,ride_component_58,1,0,0.0,0,0,5.4,2.91,25.98,52.93,2.96,15.36,1.6,REPEATED_LOCKED_PAIR,Cap lap lai va phu thuoc bat thuong,Tai xe va khach hang di voi nhau nhieu lan va co muc do phu thuoc bat thuong so voi hanh vi thong thuong.,52.93,,,,,,
526d778c078c7678,17430bc2ebc3a408,4,0,4,4,xanh_car,Tỉnh Gia Lai,1.0,1.0,0.0,xanh_car|Tỉnh Gia Lai,4.0,1.0,0.5,0.5,1.0,0.5,1.0,0.6712,6.0,0.3333,True,0.6712,51.91,51.91,240750.0,963000.0,184000.0,1,2026-07-24,Tỉnh Gia Lai,36.88333333333333,"Phường Ayun Pa, Tỉnh Gia Lai, Việt Nam -> Xã Chư A Thai, Tỉnh Gia Lai, Việt Nam",1,0.25,False,0.0,0.075,1.0,0.0,2.25,24.6,71.2,19.76,32.62,0,1,0,0,0,ride_component_59,1,0,0.0,0,0,5.4,2.91,32.62,52.93,2.96,15.36,1.6,REPEATED_LOCKED_PAIR,Cap lap lai va phu thuoc bat thuong,Tai xe va khach hang di voi nhau nhieu lan va co muc do phu thuoc bat thuong so voi hanh vi thong thuong.,52.93,,,,,,
9145470fd20fbbd1,eed82a0befdae3e9,4,0,4,4,xanh_premium,Tỉnh Quảng Nam,1.0,1.0,0.0,xanh_premium|Tỉnh Quảng Nam,4.0,1.0,0.5,0.5,1.0,0.5,1.0,0.6712,6.0,0.3333,True,0.6712,51.91,51.91,236500.0,946000.0,111000.0,1,2026-07-24,Tỉnh Quảng Nam,96.71666666666667,"LỖ 5 Đường Lạc Long Quân, Phường Hội An Đông, Thành phố Đà Nẵng, Việt Nam -> Võ Chí Công, Xã Thăng An, Thành phố Đà Nẵng, VNM",1,0.25,False,0.0,0.075,1.0,0.0,2.25,24.6,63.53,20.1,30.96,0,2,0,0,0,ride_component_60,1,0,0.0,0,0,8.57,4.61,30.96,52.93,2.96,15.36,2.54,REPEATED_LOCKED_PAIR,Cap lap lai va phu thuoc bat thuong,Tai xe va khach hang di voi nhau nhieu lan va co muc do phu thuoc bat thuong so voi hanh vi thong thuong.,52.93,,,,,,
3a3c0eb1926d9e65,e9395bd45deffea8,9,0,12,9,xanh_premium,Thành phố Cần Thơ,0.75,1.0,0.0,xanh_premium|Thành phố Cần Thơ,8.852699999999913,1.0,0.2,0.5,0.75,0.2,0.6875,0.9603,6.0,0.3389,True,0.6602,51.56,51.56,75822.22222222222,682400.0,29000.0,1,2026-07-24,Thành phố Cần Thơ,16.683333333333334,"026, Phường Hưng Phú, Thành phố Cần Thơ, Việt Nam -> 14 Mậu Thân, Phường Ninh Kiều, Thành Phố Cần Thơ, Việt Nam",1,0.1111111111111111,False,0.0,0.3441,1.0,0.0,10.32,28.88,44.36,29.0,32.84,0,1,2,3,0,ride_component_26,2,1,1.0,2,1,56.21,31.56,32.84,52.52,13.59,20.73,39.86,REPEATED_LOCKED_PAIR,Cap lap lai va phu thuoc bat thuong,Tai xe va khach hang di voi nhau nhieu lan va co muc do phu thuoc bat thuong so voi hanh vi thong thuong.,52.52,Cap lap lai va phu thuoc bat thuong,KB-C_EXTREME_VOLUME | KB-C_TIGHT_PAIR_SHARE,REPEATED_LOCKED_PAIR,Cap lap lai va phu thuoc bat thuong,Tai xe va khach hang di voi nhau nhieu lan va co muc do phu thuoc bat thuong so voi hanh vi thong thuong.,52.52
44969366800a4c6a,69577266c946a1ae,9,0,12,9,xanh_premium,Tỉnh Quảng Ngãi,0.75,1.0,0.0,xanh_premium|Tỉnh Quảng Ngãi,8.858799999999974,1.0,0.2,0.5,0.75,0.2,0.6875,0.9603,6.0,0.3386,True,0.6602,51.55,51.55,160333.33333333334,1443000.0,215000.0,1,2026-07-24,Tỉnh Quảng Ngãi,9.916666666666666,"364 Đường Nguyễn Huệ, Xã Tư Nghĩa, Tỉnh Quảng Ngãi, Việt Nam -> Xã Mỏ Cày, Tỉnh Quảng Ngãi, Việt Nam",1,0.1111111111111111,False,0.0,0.5019,0.5,0.1693,18.44,33.34,81.69,32.62,44.89,0,0,2,2,0,ride_component_6,2,1,1.0,2,1,53.59,31.39,44.89,52.51,22.02,23.88,39.76,REPEATED_LOCKED_PAIR,Cap lap lai va phu thuoc bat thuong,Tai xe va khach hang di voi nhau nhieu lan va co muc do phu thuoc bat thuong so voi hanh vi thong thuong.,52.51,Cap lap lai va phu thuoc bat thuong,KB-C_EXTREME_VOLUME | KB-C_TIGHT_PAIR_SHARE,REPEATED_LOCKED_PAIR,Cap lap lai va phu thuoc bat thuong,Tai xe va khach hang di voi nhau nhieu lan va co muc do phu thuoc bat thuong so voi hanh vi thong thuong.,52.51
36b20da0bf12140d,7caed88907e680f7,7,2,9,7,xanh_premium,Thành phố Hồ Chí Minh,0.7777777777777778,1.0,0.2857142857142857,xanh_premium|Thành phố Hồ Chí Minh,6.080699999998615,0.9999,0.25,0.5,0.7778,0.25,0.7037,0.8672,6.0,0.3837,True,0.6102,50.83,50.83,122142.85714285714,855000.0,186000.0,1,2026-07-24,Thành phố Hồ Chí Minh,32.8,"Phường Tân Bình, Thành phố Hồ Chí Minh, Việt Nam -> 65 Đường Lê Lợi, Saigon Centre, Phường Sài Gòn, Thành phố Hồ Chí Minh, Việt Nam",2,0.2857142857142857,False,0.2857,0.0857,1.0,0.0,16.86,32.14,69.92,26.37,37.26,1,1,0,0,0,ride_component_61,1,0,0.0,0,0,8.57,4.96,37.26,51.51,16.96,27.91,2.73,REPEATED_LOCKED_PAIR,Cap lap lai va phu thuoc bat thuong,Tai xe va khach hang di voi nhau nhieu lan va co muc do phu thuoc bat thuong so voi hanh vi thong thuong.,51.51,,,,,,
af8e28b96b7dcdf7,1d5e1318d8611835,6,0,7,6,xanh_premium,Tỉnh Long An,0.8571428571428571,1.0,0.0,xanh_premium|Tỉnh Long An,5.906000000000063,1.0,0.3333333333333333,0.5,0.8571,0.3333,0.7857,0.8115,6.0,0.3386,True,0.6376,50.3,50.3,107000.0,642000.0,66000.0,1,2026-07-24,Tỉnh Long An,16.35,"277 Đường Hùng Vương, Phường Long An, Tỉnh Tây Ninh, Việt Nam -> Quốc lộ 1, Xã Thủ Thừa, Tỉnh Tây Ninh, Việt Nam",1,0.16666666666666666,False,0.0,0.3685,1.0,0.0,11.05,28.72,51.31,23.98,30.81,0,2,1,1,0,ride_component_62,1,0,0.0,0,0,12.55,7.02,30.81,51.2,14.55,24.08,3.86,REPEATED_LOCKED_PAIR,Cap lap lai va phu thuoc bat thuong,Tai xe va khach hang di voi nhau nhieu lan va co muc do phu thuoc bat thuong so voi hanh vi thong thuong.,51.2,,,,,,
8f3fdcaba9cd227e,fc93cbfb75bd312b,6,0,7,6,xanh_car_meter,Tỉnh Quảng Bình,0.8571428571428571,1.0,0.0,xanh_car_meter|Tỉnh Quảng Bình,5.963499999999996,1.0,0.3333333333333333,0.5,0.8571,0.3333,0.7857,0.8115,6.0,0.3354,True,0.6376,50.16,50.16,121333.33333333333,728000.0,0.0,1,2026-07-24,Tỉnh Quảng Bình,16.2,"Gần 6QP6+75 Lệ Thủy Quảng Bình, Việt Nam -> location_address_display (0.000000, 0.000000)",1,0.16666666666666666,False,0.0,0.372,1.0,0.0,11.16,28.71,36.92,23.18,26.62,0,0,0,1,0,ride_component_63,1,0,0.0,0,0,5.4,3.02,26.62,51.07,14.69,24.13,1.66,REPEATED_LOCKED_PAIR,Cap lap lai va phu thuoc bat thuong,Tai xe va khach hang di voi nhau nhieu lan va co muc do phu thuoc bat thuong so voi hanh vi thong thuong.,51.07,,,,,,
a8c7587466510e33,bdfb93bc5ad8f39b,6,0,7,6,xanh_car,Tỉnh Bà Rịa - Vũng Tàu,0.8571428571428571,1.0,0.0,xanh_car|Tỉnh Bà Rịa - Vũng Tàu,5.996100000000297,0.9999,0.3333333333333333,0.5,0.8571,0.3333,0.7857,0.8115,6.0,0.3336,True,0.6376,50.08,50.08,118500.0,711000.0,82000.0,1,2026-07-24,Tỉnh Bà Rịa - Vũng Tàu,18.466666666666665,"Quốc lộ 56, Xã Kim Long, Thành phố Hồ Chí Minh, Việt Nam -> Ấp Vĩnh Bình, Xã Bình Giã, Thành phố Hồ Chí Minh, Việt Nam",2,0.3333333333333333,False,0.0,0.3691,0.3333,0.2224,15.52,31.07,55.36,24.51,32.22,0,0,0,0,0,ride_component_64,1,0,0.0,0,0,0.0,0.0,32.22,50.99,17.47,33.23,0.0,REPEATED_LOCKED_PAIR,Cap lap lai va phu thuoc bat thuong,Tai xe va khach hang di voi nhau nhieu lan va co muc do phu thuoc bat thuong so voi hanh vi thong thuong.,50.99,,,,,,
2bd2c8292f4fd9df,6a908a1aa940022a,6,0,7,6,xanh_premium,Tỉnh Tây Ninh,0.8571428571428571,1.0,0.0,xanh_premium|Tỉnh Tây Ninh,6.0,1.0,0.3333333333333333,0.5,0.8571,0.3333,0.7857,0.8115,6.0,0.3333,True,0.6376,50.07,50.07,266166.6666666667,1597000.0,157000.0,1,2026-07-24,Tỉnh Tây Ninh,51.516666666666666,"785 Đường , Xã Tân Hội, Tỉnh Tây Ninh, Việt Nam -> Đường tỉnh 795, Xã Tân Thành, Tỉnh Tây Ninh, Việt Nam",1,0.16666666666666666,False,0.0,0.05,1.0,0.0,1.5,23.36,78.28,19.11,33.9,0,1,1,0,0,ride_component_65,1,0,0.0,0,0,8.57,4.54,33.9,50.98,1.98,17.68,2.5,REPEATED_LOCKED_PAIR,Cap lap lai va phu thuoc bat thuong,Tai xe va khach hang di voi nhau nhieu lan va co muc do phu thuoc bat thuong so voi hanh vi thong thuong.,50.98,,,,,,
83d8f08ed0e73096,d95b5e000559ad65,6,0,7,6,xanh_car,Thành phố Hồ Chí Minh,0.8571428571428571,1.0,0.0,xanh_car|Thành phố Hồ Chí Minh,6.0,1.0,0.3333333333333333,0.5,0.8571,0.3333,0.7857,0.8115,6.0,0.3333,True,0.6376,50.07,50.07,161333.33333333334,968000.0,153000.0,1,2026-07-24,Thành phố Hồ Chí Minh,40.56666666666667,"1376 Tỉnh lộ 8, Xã Phú Hòa Đông, Thành phố Hồ Chí Minh, Việt Nam -> Xã Bình Mỹ, Thành phố Hồ Chí Minh, Việt Nam",1,0.16666666666666666,False,0.0,0.05,0.75,0.0833,3.17,24.27,69.59,19.87,32.3,0,2,0,0,0,ride_component_66,1,0,0.0,0,0,8.57,4.58,32.3,50.98,3.06,17.68,2.52,REPEATED_LOCKED_PAIR,Cap lap lai va phu thuoc bat thuong,Tai xe va khach hang di voi nhau nhieu lan va co muc do phu thuoc bat thuong so voi hanh vi thong thuong.,50.98,,,,,,
9c93e0c8cc8a3817,2f16d5c12ed95d2f,6,0,7,6,xanh_premium,Tỉnh Tây Ninh,0.8571428571428571,1.0,0.0,xanh_premium|Tỉnh Tây Ninh,6.0,1.0,0.3333333333333333,0.5,0.8571,0.3333,0.7857,0.8115,6.0,0.3333,True,0.6376,50.07,50.07,34000.0,204000.0,0.0,1,2026-07-24,Tỉnh Tây Ninh,1.1,"Huyện Tân Châu, Tỉnh Tây Ninh -> Xã Tân Thành, Tỉnh Tây Ninh, Việt Nam",1,0.16666666666666666,False,0.0,0.7243,0.5,0.1666,25.06,36.32,25.31,29.83,28.7,0,0,1,1,0,ride_component_67,1,0,0.0,0,0,8.57,5.15,28.7,50.98,30.78,31.16,2.83,REPEATED_LOCKED_PAIR,Cap lap lai va phu thuoc bat thuong,Tai xe va khach hang di voi nhau nhieu lan va co muc do phu thuoc bat thuong so voi hanh vi thong thuong.,50.98,,,,,,
0f2aea22548ff1dd,0912db1a6ebf8c8f,5,4,5,5,xanh_premium,Tỉnh Lào Cai,1.0,1.0,0.8,xanh_premium|Tỉnh Lào Cai,8.81639999999993,0.9978,0.5,0.5,1.0,0.5,1.0,0.7472,6.0,0.189,False,0.7472,49.6,49.6,92800.0,464000.0,74000.0,1,2026-07-24,Tỉnh Lào Cai,32.63333333333333,"4D Quốc lộ, Xã Cốc San, Tỉnh Lào Cai, Việt Nam -> Đường An Dương Vương, Phường Lào Cai, Tỉnh Lào Cai, Việt Nam",1,0.2,True,0.8,0.06,0.5,0.0945,43.69,46.35,46.28,38.14,40.17,0,1,1,0,0,ride_component_68,1,0,0.0,0,0,8.57,5.61,40.17,51.27,41.6,23.03,3.09,GHOST_TRIP_EXECUTION_PATTERN,Mau thuc thi ghost trip,"Cap nay co dau hieu thuc thi ghost trip, voi nhieu chuyen nghi ngo gia lap hoac quay dau phi thuc te.",41.6,Mau thuc thi ghost trip,KB-C_HIGH_GHOST_RATE,GHOST_TRIP_EXECUTION_PATTERN,Mau thuc thi ghost trip,"Cap nay co dau hieu thuc thi ghost trip, voi nhieu chuyen nghi ngo gia lap hoac quay dau phi thuc te.",41.6
7c0b132411b37fa6,10da7fa71817aa22,6,3,7,6,xanh_car,Tỉnh Thanh Hóa,0.8571428571428571,1.0,0.5,xanh_car|Tỉnh Thanh Hóa,6.369999999999891,0.9998,0.3333333333333333,0.5,0.8571,0.3333,0.7857,0.8115,6.0,0.314,False,0.6376,49.2,49.2,18833.333333333332,113000.0,0.0,1,2026-07-24,Tỉnh Thanh Hóa,3.2,"Xã Hà Trung, Tỉnh Thanh Hóa, Việt Nam -> Xã Hà Trung, Tỉnh Thanh Hóa, Việt Nam",2,0.3333333333333333,True,0.5,0.7253,0.5,0.157,49.9,49.58,20.77,40.83,35.82,0,0,1,1,0,ride_component_69,1,0,0.0,0,0,8.57,5.76,35.82,50.17,54.44,45.22,3.17,GHOST_TRIP_EXECUTION_PATTERN,Mau thuc thi ghost trip,"Cap nay co dau hieu thuc thi ghost trip, voi nhieu chuyen nghi ngo gia lap hoac quay dau phi thuc te.",54.44,Mau thuc thi ghost trip,KB-C_HIGH_GHOST_RATE,GHOST_TRIP_EXECUTION_PATTERN,Mau thuc thi ghost trip,"Cap nay co dau hieu thuc thi ghost trip, voi nhieu chuyen nghi ngo gia lap hoac quay dau phi thuc te.",54.44
8a3930dcaac0f182,74e6d4b89bbb61a2,4,2,4,4,xanh_premium,Tỉnh Thanh Hóa,1.0,1.0,0.5,xanh_premium|Tỉnh Thanh Hóa,5.829600000000028,0.9982,0.5,0.5,1.0,0.5,1.0,0.6712,6.0,0.2287,False,0.6712,47.21,47.21,79500.0,318000.0,24000.0,1,2026-07-24,Tỉnh Thanh Hóa,100.93333333333334,"Thanh Hóa -> Đường Quang Trung, Phường Tĩnh Gia, Tỉnh Thanh Hóa, Việt Nam",2,0.5,True,0.5,0.15,1.0,0.0,29.5,37.47,34.79,36.06,35.74,0,1,1,1,0,ride_component_70,2,1,1.0,2,1,51.85,31.3,35.74,48.54,29.68,28.39,39.72,GHOST_TRIP_EXECUTION_PATTERN,Mau thuc thi ghost trip,"Cap nay co dau hieu thuc thi ghost trip, voi nhieu chuyen nghi ngo gia lap hoac quay dau phi thuc te.",29.68,Mau thuc thi ghost trip,KB-C_HIGH_GHOST_RATE,GHOST_TRIP_EXECUTION_PATTERN,Mau thuc thi ghost trip,"Cap nay co dau hieu thuc thi ghost trip, voi nhieu chuyen nghi ngo gia lap hoac quay dau phi thuc te.",29.68
9715aaceb208ed3b,72e5f7c066605741,4,2,4,4,xanh_car,Tỉnh Bà Rịa - Vũng Tàu,1.0,1.0,0.5,xanh_car|Tỉnh Bà Rịa - Vũng Tàu,5.996100000000297,0.9987,0.5,0.5,1.0,0.5,1.0,0.6712,6.0,0.2224,False,0.6712,46.92,46.92,237750.0,951000.0,17000.0,1,2026-07-24,Tỉnh Bà Rịa - Vũng Tàu,141.88333333333333,"28 Thi Sách, Phường Vũng Tàu, Thành phố Hồ Chí Minh -> 28 Thi Sách, Phường Vũng Tàu, Thành phố Hồ Chí Minh",1,0.25,True,0.5,0.075,1.0,0.0,27.25,36.1,45.59,29.97,33.88,0,1,1,1,0,ride_component_71,1,0,0.0,0,0,10.81,6.44,33.88,48.27,26.71,18.19,3.54,GHOST_TRIP_EXECUTION_PATTERN,Mau thuc thi ghost trip,"Cap nay co dau hieu thuc thi ghost trip, voi nhieu chuyen nghi ngo gia lap hoac quay dau phi thuc te.",26.71,Mau thuc thi ghost trip,KB-C_HIGH_GHOST_RATE,GHOST_TRIP_EXECUTION_PATTERN,Mau thuc thi ghost trip,"Cap nay co dau hieu thuc thi ghost trip, voi nhieu chuyen nghi ngo gia lap hoac quay dau phi thuc te.",26.71
24ab3b2d4383bf19,8ca8435bc939559b,4,2,4,4,xanh_car,Tỉnh Bình Phước,1.0,1.0,0.5,xanh_car|Tỉnh Bình Phước,6.673999999999978,0.9969,0.5,0.5,1.0,0.5,1.0,0.6712,6.0,0.1998,False,0.6712,45.91,45.91,238500.0,954000.0,123000.0,1,2026-07-24,Tỉnh Bình Phước,37.45,"Phường Bình Long, Tỉnh Đồng Nai, Việt Nam -> Phường Chơn Thành, Tỉnh Đồng Nai, Việt Nam",1,0.25,True,0.5,0.075,1.0,0.0,27.25,35.65,64.04,29.61,38.22,0,1,2,0,0,ride_component_72,1,0,0.0,0,0,10.81,6.4,38.22,47.32,26.71,18.09,3.52,GHOST_TRIP_EXECUTION_PATTERN,Mau thuc thi ghost trip,"Cap nay co dau hieu thuc thi ghost trip, voi nhieu chuyen nghi ngo gia lap hoac quay dau phi thuc te.",26.71,Mau thuc thi ghost trip,KB-C_HIGH_GHOST_RATE,GHOST_TRIP_EXECUTION_PATTERN,Mau thuc thi ghost trip,"Cap nay co dau hieu thuc thi ghost trip, voi nhieu chuyen nghi ngo gia lap hoac quay dau phi thuc te.",26.71
e519ca0ae4a5831c,92eca9536ca5511a,5,5,6,5,xanh_premium,Tỉnh Bến Tre,0.8333333333333334,1.0,1.0,xanh_premium|Tỉnh Bến Tre,4.982400000000013,1.0,0.3333333333333333,0.5,0.8333,0.3333,0.75,0.7472,6.0,0.3345,True,0.5604,45.87,45.87,32000.0,160000.0,0.0,1,2026-07-24,Tỉnh Bến Tre,1.0666666666666667,"105B Đại Lộ Đồng Khởi, Phường Phú Khương, Thành phố Vĩnh Long, Vĩnh Long, Việt Nam -> 304 Đường Đoàn Hoàng Minh, Phường Phú Tân, Tỉnh Vĩnh Long, Việt Nam",1,0.2,True,1.0,0.7351,1.0,0.0,72.05,60.27,24.15,49.26,42.98,0,0,0,1,0,ride_component_73,1,0,0.0,0,0,5.4,3.92,42.98,46.55,76.53,35.49,2.16,GHOST_TRIP_EXECUTION_PATTERN,Mau thuc thi ghost trip,"Cap nay co dau hieu thuc thi ghost trip, voi nhieu chuyen nghi ngo gia lap hoac quay dau phi thuc te.",76.53,Mau thuc thi ghost trip,KB-C_HIGH_GHOST_RATE,GHOST_TRIP_EXECUTION_PATTERN,Mau thuc thi ghost trip,"Cap nay co dau hieu thuc thi ghost trip, voi nhieu chuyen nghi ngo gia lap hoac quay dau phi thuc te.",76.53
320ed8f631b13be4,8d06009465dc96b0,8,7,15,9,xanh_car,Thành phố Hồ Chí Minh,0.5333333333333333,0.8888888888888888,0.875,xanh_car|Thành phố Hồ Chí Minh,6.0,1.0,0.1111111111111111,0.3333333333333333,0.5333,0.1111,0.475,0.9163,6.0,0.4444,True,0.4352,43.93,43.93,30250.0,242000.0,3000.0,1,2026-07-24,Thành phố Hồ Chí Minh,0.6833333333333333,"262B Đường Số 154, Phường Tăng Nhơn Phú, Thành Phố Hồ Chí Minh, Việt Nam -> Phường Long Bình, Thành Phố Hồ Chí Minh, Việt Nam",2,0.25,True,0.875,0.7591,0.25,0.3333,73.19,60.02,30.37,49.09,44.41,0,1,0,0,0,ride_component_74,1,0,0.0,0,0,5.4,3.91,44.41,43.9,75.88,44.27,2.15,GHOST_TRIP_EXECUTION_PATTERN,Mau thuc thi ghost trip,"Cap nay co dau hieu thuc thi ghost trip, voi nhieu chuyen nghi ngo gia lap hoac quay dau phi thuc te.",75.88,Cap lap lai va phu thuoc bat thuong | Mau thuc thi ghost trip,KB-C_EXTREME_VOLUME | KB-C_HIGH_GHOST_RATE | KB-C_SUPERFAST_GAP,GHOST_TRIP_EXECUTION_PATTERN,Mau thuc thi ghost trip,"Cap nay co dau hieu thuc thi ghost trip, voi nhieu chuyen nghi ngo gia lap hoac quay dau phi thuc te.",75.88
9f75ba1d31c0f792,0b03c47467505a9d,4,4,5,4,xanh_car,Tỉnh Hải Dương,0.8,1.0,1.0,xanh_car|Tỉnh Hải Dương,4.0,1.0,0.3333333333333333,0.5,0.8,0.3333,0.7,0.6712,6.0,0.3333,True,0.4698,40.84,40.84,159750.0,639000.0,87000.0,1,2026-07-24,Tỉnh Hải Dương,3.15,"Thôn Xuân Nẻo, Xã Tân Kỳ, Thành Phố Hải Phòng, Việt Nam -> Xã Đại Sơn, Thành phố Hải Phòng",1,0.25,True,1.0,0.7015,1.0,0.0,71.04,57.45,54.34,46.26,48.28,0,0,0,0,0,ride_component_75,1,0,0.0,0,0,0.0,0.0,48.28,41.25,75.21,29.27,0.0,GHOST_TRIP_EXECUTION_PATTERN,Mau thuc thi ghost trip,"Cap nay co dau hieu thuc thi ghost trip, voi nhieu chuyen nghi ngo gia lap hoac quay dau phi thuc te.",75.21,Mau thuc thi ghost trip,KB-C_HIGH_GHOST_RATE,GHOST_TRIP_EXECUTION_PATTERN,Mau thuc thi ghost trip,"Cap nay co dau hieu thuc thi ghost trip, voi nhieu chuyen nghi ngo gia lap hoac quay dau phi thuc te.",75.21
7befb7ce8e219542,73ff5ba45a062901,6,4,10,6,xanh_premium,Tỉnh Thanh Hóa,0.6,1.0,0.6666666666666666,xanh_premium|Tỉnh Thanh Hóa,5.829600000000028,1.0,0.16666666666666666,0.5,0.6,0.1667,0.52,0.8115,6.0,0.3431,True,0.422,38.65,38.65,25666.666666666668,154000.0,10000.0,1,2026-07-24,Tỉnh Thanh Hóa,3.0833333333333335,"Thanh Hóa -> Xã Hà Trung, Tỉnh Thanh Hóa, Việt Nam",1,0.16666666666666666,True,0.6667,0.6781,0.5,0.1716,57.11,48.8,28.22,46.75,42.12,0,3,2,2,0,ride_component_70,2,1,1.0,2,1,57.26,37.6,42.12,38.89,60.68,35.19,43.18,GHOST_TRIP_EXECUTION_PATTERN,Mau thuc thi ghost trip,"Cap nay co dau hieu thuc thi ghost trip, voi nhieu chuyen nghi ngo gia lap hoac quay dau phi thuc te.",60.68,Mau thuc thi ghost trip,KB-C_HIGH_GHOST_RATE,GHOST_TRIP_EXECUTION_PATTERN,Mau thuc thi ghost trip,"Cap nay co dau hieu thuc thi ghost trip, voi nhieu chuyen nghi ngo gia lap hoac quay dau phi thuc te.",60.68
123f82045f192af9,849e9025df18596c,4,3,5,4,xanh_limo_6_cho,Tỉnh Kiên Giang,0.8,1.0,0.75,xanh_limo_6_cho|Tỉnh Kiên Giang,5.0,0.995,0.3333333333333333,0.5,0.8,0.3333,0.7,0.6712,6.0,0.2667,False,0.4698,37.84,37.84,327500.0,1310000.0,200000.0,1,2026-07-24,Tỉnh Kiên Giang,42.71666666666667,"129 Đường Trần Hưng Đạo, Đặc Khu Phú Quốc, Tỉnh An Giang, Việt Nam -> Tỉnh lộ 45, Đặc khu Phú Quốc, Tỉnh An Giang, Việt Nam",1,0.25,True,0.75,0.075,1.0,0.0,39.75,38.89,77.03,31.78,43.09,0,0,0,1,0,ride_component_76,1,0,0.0,0,0,5.4,3.25,43.09,38.45,38.59,18.95,1.79,GHOST_TRIP_EXECUTION_PATTERN,Mau thuc thi ghost trip,"Cap nay co dau hieu thuc thi ghost trip, voi nhieu chuyen nghi ngo gia lap hoac quay dau phi thuc te.",38.59,Mau thuc thi ghost trip,KB-C_HIGH_GHOST_RATE,GHOST_TRIP_EXECUTION_PATTERN,Mau thuc thi ghost trip,"Cap nay co dau hieu thuc thi ghost trip, voi nhieu chuyen nghi ngo gia lap hoac quay dau phi thuc te.",38.59
ac9bdf530b0932b5,8ba919468f1888d4,5,4,7,5,xanh_limo_6_cho,Tỉnh Quảng Ninh,0.7142857142857143,1.0,0.8,xanh_limo_6_cho|Tỉnh Quảng Ninh,6.558399999999892,0.9995,0.25,0.5,0.7143,0.25,0.619,0.7472,6.0,0.2541,False,0.4626,36.88,36.88,37000.0,185000.0,0.0,1,2026-07-24,Tỉnh Quảng Ninh,1.3166666666666667,"Nguyễn Du, Phường Móng Cái 1, Tỉnh Quảng Ninh, Việt Nam -> Phường Móng Cái 1, Tỉnh Quảng Ninh, Việt Nam",2,0.4,True,0.8,0.7893,1.0,0.0,63.68,51.62,23.43,42.29,37.58,0,0,1,0,0,ride_component_77,1,0,0.0,0,0,5.4,3.62,37.58,37.5,69.18,42.76,1.99,GHOST_TRIP_EXECUTION_PATTERN,Mau thuc thi ghost trip,"Cap nay co dau hieu thuc thi ghost trip, voi nhieu chuyen nghi ngo gia lap hoac quay dau phi thuc te.",69.18,Mau thuc thi ghost trip,KB-C_HIGH_GHOST_RATE,GHOST_TRIP_EXECUTION_PATTERN,Mau thuc thi ghost trip,"Cap nay co dau hieu thuc thi ghost trip, voi nhieu chuyen nghi ngo gia lap hoac quay dau phi thuc te.",69.18
8f53e86afbf39513,d630dcf277551a0b,4,2,5,4,xanh_premium,Tỉnh Quảng Ninh,0.8,1.0,0.5,xanh_premium|Tỉnh Quảng Ninh,5.755700000000161,0.9988,0.3333333333333333,0.5,0.8,0.3333,0.7,0.6712,6.0,0.2317,False,0.4698,36.27,36.27,129250.0,517000.0,76000.0,1,2026-07-24,Tỉnh Quảng Ninh,85.48333333333333,"Móng Cái, Quảng Ninh, Việt Nam -> 1 Đường Trần Phú, Phường Móng Cái 1, Tỉnh Quảng Ninh, Việt Nam",1,0.25,True,0.5,0.075,1.0,0.0,27.25,31.31,48.41,25.56,31.27,0,0,1,0,0,ride_component_78,1,0,0.0,0,0,5.4,3.02,31.27,36.98,26.71,17.13,1.66,GHOST_TRIP_EXECUTION_PATTERN,Mau thuc thi ghost trip,"Cap nay co dau hieu thuc thi ghost trip, voi nhieu chuyen nghi ngo gia lap hoac quay dau phi thuc te.",26.71,Mau thuc thi ghost trip,KB-C_HIGH_GHOST_RATE,GHOST_TRIP_EXECUTION_PATTERN,Mau thuc thi ghost trip,"Cap nay co dau hieu thuc thi ghost trip, voi nhieu chuyen nghi ngo gia lap hoac quay dau phi thuc te.",26.71
648d3e0dfac129b5,5aa4d07041260539,4,2,6,4,en_vang_car,Thành phố Hải Phòng,0.6666666666666666,1.0,0.5,en_vang_car|Thành phố Hải Phòng,4.0,1.0,0.25,0.5,0.6667,0.25,0.5556,0.6712,6.0,0.3333,True,0.3729,35.51,35.51,125000.0,500000.0,0.0,1,2026-07-24,Thành phố Hải Phòng,17.516666666666666,"Phường Hải An, Thành phố Hải Phòng, Việt Nam -> Phường Hải An, Thành phố Hải Phòng, Việt Nam",1,0.25,True,0.5,0.3663,0.6667,0.1111,38.21,37.0,31.54,35.47,34.49,0,0,1,1,0,ride_component_16,2,1,1.0,2,1,49.61,29.22,34.49,35.63,39.66,20.94,38.57,GHOST_TRIP_EXECUTION_PATTERN,Mau thuc thi ghost trip,"Cap nay co dau hieu thuc thi ghost trip, voi nhieu chuyen nghi ngo gia lap hoac quay dau phi thuc te.",39.66,Mau thuc thi ghost trip,KB-C_HIGH_GHOST_RATE,GHOST_TRIP_EXECUTION_PATTERN,Mau thuc thi ghost trip,"Cap nay co dau hieu thuc thi ghost trip, voi nhieu chuyen nghi ngo gia lap hoac quay dau phi thuc te.",39.66
fbb5fad6a1615aa3,d99f5d7d24e2d881,4,4,7,4,xanhsm_bike_hn,Tỉnh Đồng Nai,0.5714285714285714,1.0,1.0,xanhsm_bike_hn|Tỉnh Đồng Nai,3.358799999999974,1.0,0.2,0.5,0.5714,0.2,0.4643,0.6712,6.0,0.397,True,0.3116,35.0,35.0,14500.0,58000.0,8000.0,1,2026-07-24,Tỉnh Đồng Nai,1.1666666666666667,"Dầu Giây, Xã Dầu Giây, Tỉnh Đồng Nai, Việt Nam -> Xã Dầu Giây, Tỉnh Đồng Nai, Việt Nam",2,0.5,True,1.0,0.8228,1.0,0.0,74.68,56.83,24.08,46.61,40.98,0,1,0,0,0,ride_component_79,1,0,0.0,0,0,5.4,3.76,40.98,34.74,80.0,39.47,2.07,GHOST_TRIP_EXECUTION_PATTERN,Mau thuc thi ghost trip,"Cap nay co dau hieu thuc thi ghost trip, voi nhieu chuyen nghi ngo gia lap hoac quay dau phi thuc te.",80.0,Mau thuc thi ghost trip,KB-C_HIGH_GHOST_RATE,GHOST_TRIP_EXECUTION_PATTERN,Mau thuc thi ghost trip,"Cap nay co dau hieu thuc thi ghost trip, voi nhieu chuyen nghi ngo gia lap hoac quay dau phi thuc te.",80.0
cb3daa6bb65ccff0,86630318aeef2b56,6,6,10,6,xanh_premium,Tỉnh Thái Bình,0.6,1.0,1.0,xanh_premium|Tỉnh Thái Bình,7.91579999999999,0.9976,0.16666666666666666,0.5,0.6,0.1667,0.52,0.8115,6.0,0.2527,False,0.422,34.58,34.58,89000.0,534000.0,51000.0,1,2026-07-24,Tỉnh Thái Bình,16.316666666666666,Hưng Yên -> Hưng Yên,2,0.3333333333333333,True,1.0,0.4193,1.0,0.0,62.58,49.98,44.84,41.39,42.25,0,1,1,0,0,ride_component_80,1,0,0.0,0,0,8.57,5.65,42.25,35.09,64.06,41.91,3.11,GHOST_TRIP_EXECUTION_PATTERN,Mau thuc thi ghost trip,"Cap nay co dau hieu thuc thi ghost trip, voi nhieu chuyen nghi ngo gia lap hoac quay dau phi thuc te.",64.06,Mau thuc thi ghost trip,KB-C_HIGH_GHOST_RATE,GHOST_TRIP_EXECUTION_PATTERN,Mau thuc thi ghost trip,"Cap nay co dau hieu thuc thi ghost trip, voi nhieu chuyen nghi ngo gia lap hoac quay dau phi thuc te.",64.06
e5f18b1b95a95ec7,6002b99c2999aae1,4,4,5,4,xanh_car,Tỉnh Bến Tre,0.8,1.0,1.0,xanh_car|Tỉnh Bến Tre,6.8689999999999145,0.997,0.3333333333333333,0.5,0.8,0.3333,0.7,0.6712,6.0,0.1941,False,0.4698,34.57,34.57,211500.0,846000.0,66000.0,1,2026-07-24,Tỉnh Bến Tre,130.18333333333334,"Quốc Lộ 60, Xã Mỏ Cày, Tỉnh Vĩnh Long, Việt Nam -> Vĩnh Long",1,0.25,True,1.0,0.075,1.0,0.0,52.25,44.29,52.87,42.12,44.81,0,1,0,2,0,ride_component_12,2,1,1.0,2,1,51.85,32.55,44.81,35.4,50.46,20.29,40.4,GHOST_TRIP_EXECUTION_PATTERN,Mau thuc thi ghost trip,"Cap nay co dau hieu thuc thi ghost trip, voi nhieu chuyen nghi ngo gia lap hoac quay dau phi thuc te.",50.46,Mau thuc thi ghost trip,KB-C_HIGH_GHOST_RATE,GHOST_TRIP_EXECUTION_PATTERN,Mau thuc thi ghost trip,"Cap nay co dau hieu thuc thi ghost trip, voi nhieu chuyen nghi ngo gia lap hoac quay dau phi thuc te.",50.46
4998891c6eccbae1,577e3dd10256eff0,6,5,12,6,xanh_car,Thành phố Hồ Chí Minh,0.5,1.0,0.8333333333333334,xanh_car|Thành phố Hồ Chí Minh,6.0,1.0,0.125,0.5,0.5,0.125,0.4286,0.8115,6.0,0.3333,True,0.3478,34.13,34.13,189833.33333333334,1139000.0,112000.0,1,2026-07-24,Thành phố Hồ Chí Minh,0.65,"Phường Tân Sơn, Thành phố Hồ Chí Minh -> 292 Đường Đinh Bộ Lĩnh, Phường Bình Thạnh, Thành phố Hồ Chí Minh, Việt Nam",2,0.3333333333333333,True,0.8333,0.7848,1.0,0.0,65.21,51.22,68.74,42.01,48.69,0,0,0,1,0,ride_component_81,1,0,0.0,0,0,5.4,3.59,48.69,34.17,70.58,47.48,1.97,GHOST_TRIP_EXECUTION_PATTERN,Mau thuc thi ghost trip,"Cap nay co dau hieu thuc thi ghost trip, voi nhieu chuyen nghi ngo gia lap hoac quay dau phi thuc te.",70.58,Mau thuc thi ghost trip,KB-C_HIGH_GHOST_RATE | KB-C_SUPERFAST_GAP,GHOST_TRIP_EXECUTION_PATTERN,Mau thuc thi ghost trip,"Cap nay co dau hieu thuc thi ghost trip, voi nhieu chuyen nghi ngo gia lap hoac quay dau phi thuc te.",70.58
6de74a9f343669b3,7a25ce6b3d88061c,4,4,5,4,xanh_limo_6_cho,Thành phố Đà Nẵng,0.8,1.0,1.0,xanh_limo_6_cho|Thành phố Đà Nẵng,7.431300000000192,0.9979,0.3333333333333333,0.5,0.8,0.3333,0.7,0.6712,6.0,0.1794,False,0.4698,33.91,33.91,40750.0,163000.0,0.0,1,2026-07-24,Thành phố Đà Nẵng,1.2666666666666666,"Phường Ngũ Hành Sơn, Thành phố Đà Nẵng, Việt Nam -> Phường Ngũ Hành Sơn, Thành phố Đà Nẵng, Việt Nam",2,0.5,True,1.0,0.8204,1.0,0.0,74.61,56.3,21.34,45.44,39.42,0,0,0,0,0,ride_component_82,1,0,0.0,0,0,0.0,0.0,39.42,34.78,79.9,39.33,0.0,GHOST_TRIP_EXECUTION_PATTERN,Mau thuc thi ghost trip,"Cap nay co dau hieu thuc thi ghost trip, voi nhieu chuyen nghi ngo gia lap hoac quay dau phi thuc te.",79.9,Mau thuc thi ghost trip,KB-C_HIGH_GHOST_RATE,GHOST_TRIP_EXECUTION_PATTERN,Mau thuc thi ghost trip,"Cap nay co dau hieu thuc thi ghost trip, voi nhieu chuyen nghi ngo gia lap hoac quay dau phi thuc te.",79.9
9a113dda69c5ec03,4f160568d8c2f2a2,4,2,6,5,xanh_premium,Tỉnh Hưng Yên,0.6666666666666666,0.8,0.5,xanh_premium|Tỉnh Hưng Yên,4.867799999999988,0.9992,0.25,0.3333333333333333,0.6667,0.25,0.5556,0.6712,6.0,0.2739,False,0.3729,32.84,32.84,114500.0,458000.0,69000.0,1,2026-07-24,Tỉnh Hưng Yên,13.15,"CX15-127, Khu đô thị Vinhomes Ocean Park 2, Xã Nghĩa Trụ, Tỉnh Hưng Yên, Việt Nam -> Quốc lộ 5, Xã Như Quỳnh, Tỉnh Hưng Yên, Việt Nam",1,0.25,True,0.5,0.4682,1.0,0.0,39.04,36.25,46.54,29.69,33.9,0,1,0,0,0,ride_component_83,1,0,0.0,0,0,5.4,3.14,33.9,33.14,42.24,22.03,1.73,GHOST_TRIP_EXECUTION_PATTERN,Mau thuc thi ghost trip,"Cap nay co dau hieu thuc thi ghost trip, voi nhieu chuyen nghi ngo gia lap hoac quay dau phi thuc te.",42.24,Mau thuc thi ghost trip,KB-C_HIGH_GHOST_RATE,GHOST_TRIP_EXECUTION_PATTERN,Mau thuc thi ghost trip,"Cap nay co dau hieu thuc thi ghost trip, voi nhieu chuyen nghi ngo gia lap hoac quay dau phi thuc te.",42.24
e64bc03022eb2c56,16786b547ef0ac56,4,4,5,4,xanh_premium,Tỉnh Lào Cai,0.8,1.0,1.0,xanh_premium|Tỉnh Lào Cai,8.81639999999993,0.9913,0.3333333333333333,0.5,0.8,0.3333,0.7,0.6712,6.0,0.1512,False,0.4698,32.64,32.64,135500.0,542000.0,53000.0,1,2026-07-24,Tỉnh Lào Cai,43.983333333333334,"1028 Đường Trần Phú, Phường Cam Đường, Tỉnh Lào Cai, Việt Nam -> 3 Đường Hoàng Liên, Phường Lào Cai, Tỉnh Lào Cai, Việt Nam",1,0.25,True,1.0,0.075,1.0,0.0,52.25,43.43,43.87,36.0,37.97,0,1,1,0,0,ride_component_84,1,0,0.0,0,0,8.57,5.32,37.97,33.6,50.46,20.1,2.93,GHOST_TRIP_EXECUTION_PATTERN,Mau thuc thi ghost trip,"Cap nay co dau hieu thuc thi ghost trip, voi nhieu chuyen nghi ngo gia lap hoac quay dau phi thuc te.",50.46,Mau thuc thi ghost trip,KB-C_HIGH_GHOST_RATE,GHOST_TRIP_EXECUTION_PATTERN,Mau thuc thi ghost trip,"Cap nay co dau hieu thuc thi ghost trip, voi nhieu chuyen nghi ngo gia lap hoac quay dau phi thuc te.",50.46
e5639b40333338ac,484c4a31efe34f93,4,2,6,4,xanh_car,Thành phố Hà Nội,0.6666666666666666,1.0,0.5,xanh_car|Thành phố Hà Nội,5.0,0.9999,0.25,0.5,0.6667,0.25,0.5556,0.6712,6.0,0.2667,False,0.3729,32.51,32.51,114000.0,456000.0,44000.0,1,2026-07-24,Thành phố Hà Nội,36.38333333333333,"Phường Sơn Tây, Thành Phố Hà Nội, Việt Nam -> 412 Đường Tỉnh 412, Xã Quảng Oai, Thành phố Hà Nội, Việt Nam",1,0.25,True,0.5,0.075,1.0,0.0,27.25,29.62,41.14,24.58,28.72,0,2,0,0,0,ride_component_85,1,0,0.0,0,0,8.57,4.68,28.72,32.83,26.71,16.75,2.57,GHOST_TRIP_EXECUTION_PATTERN,Mau thuc thi ghost trip,"Cap nay co dau hieu thuc thi ghost trip, voi nhieu chuyen nghi ngo gia lap hoac quay dau phi thuc te.",26.71,Mau thuc thi ghost trip,KB-C_HIGH_GHOST_RATE,GHOST_TRIP_EXECUTION_PATTERN,Mau thuc thi ghost trip,"Cap nay co dau hieu thuc thi ghost trip, voi nhieu chuyen nghi ngo gia lap hoac quay dau phi thuc te.",26.71
650e55d8a93e7afa,d6f9e28555ec2d87,5,5,23,5,xanhsm_bike_sg,Thành phố Hồ Chí Minh,0.21739130434782608,1.0,1.0,xanhsm_bike_sg|Thành phố Hồ Chí Minh,3.0,1.0,0.05,0.5,0.2174,0.05,0.1762,0.7472,6.0,0.5556,True,0.1317,32.25,32.25,12000.0,60000.0,0.0,1,2026-07-24,Thành phố Hồ Chí Minh,0.9666666666666667,"Phường Tây Thạnh, Thành phố Hồ Chí Minh, Việt Nam -> Phường Tây Thạnh, Thành phố Hồ Chí Minh, Việt Nam",5,1.0,True,1.0,0.9774,0.4,0.3334,85.99,61.81,24.42,49.98,43.59,0,0,0,0,0,ride_component_86,1,0,0.0,0,0,0.0,0.0,43.59,30.98,90.44,74.49,0.0,GHOST_TRIP_EXECUTION_PATTERN,Mau thuc thi ghost trip,"Cap nay co dau hieu thuc thi ghost trip, voi nhieu chuyen nghi ngo gia lap hoac quay dau phi thuc te.",90.44,Mau thuc thi ghost trip,KB-C_HIGH_GHOST_RATE,GHOST_TRIP_EXECUTION_PATTERN,Mau thuc thi ghost trip,"Cap nay co dau hieu thuc thi ghost trip, voi nhieu chuyen nghi ngo gia lap hoac quay dau phi thuc te.",90.44
0bc6aefc555a07a6,0cccc55cd49a330d,4,2,7,4,en_vang_car,Thành phố Hải Phòng,0.5714285714285714,1.0,0.5,en_vang_car|Thành phố Hải Phòng,4.0,1.0,0.2,0.5,0.5714,0.2,0.4643,0.6712,6.0,0.3333,True,0.3116,32.14,32.14,41500.0,166000.0,0.0,1,2026-07-24,Thành phố Hải Phòng,13.0,"65 Đường Trần Tất Văn, Xã An Lão, Thành phố Hải Phòng, Việt Nam -> Xã An Quang, Thành phố Hải Phòng, Việt Nam",1,0.25,True,0.5,0.4717,0.3333,0.2222,43.59,38.44,24.72,31.5,29.8,0,0,1,0,0,ride_component_87,1,0,0.0,0,0,5.4,3.2,29.8,32.07,45.27,22.0,1.76,GHOST_TRIP_EXECUTION_PATTERN,Mau thuc thi ghost trip,"Cap nay co dau hieu thuc thi ghost trip, voi nhieu chuyen nghi ngo gia lap hoac quay dau phi thuc te.",45.27,Mau thuc thi ghost trip,KB-C_HIGH_GHOST_RATE,GHOST_TRIP_EXECUTION_PATTERN,Mau thuc thi ghost trip,"Cap nay co dau hieu thuc thi ghost trip, voi nhieu chuyen nghi ngo gia lap hoac quay dau phi thuc te.",45.27
69770092e1970fcb,ae5264d4cf91cc04,4,3,6,4,xanh_car,Tỉnh Bà Rịa - Vũng Tàu,0.6666666666666666,1.0,0.75,xanh_car|Tỉnh Bà Rịa - Vũng Tàu,5.996100000000297,0.9987,0.25,0.5,0.6667,0.25,0.5556,0.6712,6.0,0.2224,False,0.3729,30.52,30.52,175000.0,700000.0,65000.0,1,2026-07-24,Tỉnh Bà Rịa - Vũng Tàu,189.48333333333332,"2A Đường Lý Thường Kiệt, Phường Bà Rịa, Thành phố Hồ Chí Minh, Việt Nam -> Quốc lộ 55, Xã Hồ Tràm, Thành phố Hồ Chí Minh, Việt Nam",1,0.25,True,0.75,0.075,0.8333,0.0371,40.49,36.0,49.41,30.15,34.96,0,2,1,0,0,ride_component_88,1,0,0.0,0,0,10.81,6.25,34.96,30.97,39.07,18.22,3.44,GHOST_TRIP_EXECUTION_PATTERN,Mau thuc thi ghost trip,"Cap nay co dau hieu thuc thi ghost trip, voi nhieu chuyen nghi ngo gia lap hoac quay dau phi thuc te.",39.07,Mau thuc thi ghost trip,KB-C_HIGH_GHOST_RATE,GHOST_TRIP_EXECUTION_PATTERN,Mau thuc thi ghost trip,"Cap nay co dau hieu thuc thi ghost trip, voi nhieu chuyen nghi ngo gia lap hoac quay dau phi thuc te.",39.07
02ea897749ec432b,c170949a29158fb7,6,3,13,8,xanh_car,Tỉnh Thừa Thiên Huế,0.46153846153846156,0.75,0.5,xanh_car|Tỉnh Thừa Thiên Huế,7.0,0.9997,0.1111111111111111,0.25,0.4615,0.1111,0.3942,0.8115,6.0,0.2857,False,0.3199,30.45,30.45,43000.0,258000.0,10000.0,1,2026-07-24,Tỉnh Thừa Thiên Huế,22.066666666666666,"179 Đường Phan Đình Phùng, Phường Thuận Hóa, Thành Phố Huế, Việt Nam -> 7 Đường Nguyễn Bỉnh Khiêm, Phường Phú Xuân, Thành Phố Huế, Việt Nam",1,0.16666666666666666,True,0.5,0.2351,1.0,0.0,32.05,31.33,31.22,25.08,26.62,0,0,0,0,0,ride_component_89,1,0,0.0,0,0,0.0,0.0,26.62,30.55,33.03,23.44,0.0,GHOST_TRIP_EXECUTION_PATTERN,Mau thuc thi ghost trip,"Cap nay co dau hieu thuc thi ghost trip, voi nhieu chuyen nghi ngo gia lap hoac quay dau phi thuc te.",33.03,Mau thuc thi ghost trip,KB-C_HIGH_GHOST_RATE,GHOST_TRIP_EXECUTION_PATTERN,Mau thuc thi ghost trip,"Cap nay co dau hieu thuc thi ghost trip, voi nhieu chuyen nghi ngo gia lap hoac quay dau phi thuc te.",33.03
0eb014626268be21,d4ecb18ef3356fc2,4,4,6,4,xanh_car,Tỉnh Bình Phước,0.6666666666666666,1.0,1.0,xanh_car|Tỉnh Bình Phước,6.673999999999978,0.9969,0.25,0.5,0.6667,0.25,0.5556,0.6712,6.0,0.1998,False,0.3729,29.5,29.5,31000.0,124000.0,0.0,1,2026-07-24,Tỉnh Bình Phước,1.05,"Sao Băng Đăng Hà, Xã Phước Sơn, Tỉnh Đồng Nai, Việt Nam -> Xã Phước Sơn, Tỉnh Đồng Nai, Việt Nam",2,0.5,True,1.0,0.8255,0.6667,0.0666,76.1,55.13,19.97,44.57,38.42,0,0,0,0,0,ride_component_90,1,0,0.0,0,0,0.0,0.0,38.42,30.02,80.98,38.96,0.0,GHOST_TRIP_EXECUTION_PATTERN,Mau thuc thi ghost trip,"Cap nay co dau hieu thuc thi ghost trip, voi nhieu chuyen nghi ngo gia lap hoac quay dau phi thuc te.",80.98,Mau thuc thi ghost trip,KB-C_HIGH_GHOST_RATE,GHOST_TRIP_EXECUTION_PATTERN,Mau thuc thi ghost trip,"Cap nay co dau hieu thuc thi ghost trip, voi nhieu chuyen nghi ngo gia lap hoac quay dau phi thuc te.",80.98
b74f514c8d6a4929,5dda890df653aade,5,4,12,5,xanh_car,Tỉnh Vĩnh Phúc,0.4166666666666667,1.0,0.8,xanh_car|Tỉnh Vĩnh Phúc,5.0,1.0,0.1111111111111111,0.5,0.4167,0.1111,0.3438,0.7472,6.0,0.3333,True,0.2569,29.13,29.13,29400.0,147000.0,0.0,1,2026-07-24,Tỉnh Vĩnh Phúc,32.68333333333333,"Tam Đảo, Vĩnh Phúc -> Tam Đảo, Vĩnh Phúc",1,0.2,True,0.8,0.06,0.5,0.1666,45.13,37.93,23.53,30.5,28.76,0,0,0,0,0,ride_component_91,1,0,0.0,0,0,0.0,0.0,28.76,28.9,42.53,20.47,0.0,GHOST_TRIP_EXECUTION_PATTERN,Mau thuc thi ghost trip,"Cap nay co dau hieu thuc thi ghost trip, voi nhieu chuyen nghi ngo gia lap hoac quay dau phi thuc te.",42.53,Mau thuc thi ghost trip,KB-C_HIGH_GHOST_RATE,GHOST_TRIP_EXECUTION_PATTERN,Mau thuc thi ghost trip,"Cap nay co dau hieu thuc thi ghost trip, voi nhieu chuyen nghi ngo gia lap hoac quay dau phi thuc te.",42.53
180e389dc9e916ba,45d8462070fb8452,6,6,11,6,xanhsm_bike_hn,Thành phố Cần Thơ,0.5454545454545454,1.0,1.0,xanhsm_bike_hn|Thành phố Cần Thơ,11.515000000004875,0.9998,0.14285714285714285,0.5,0.5455,0.1429,0.4697,0.8115,6.0,0.1737,False,0.3812,28.78,28.78,14166.666666666666,85000.0,6000.0,1,2026-07-24,Thành phố Cần Thơ,4.25,"Khu vực Thạnh Mỹ, Phường Lê Bình, Phường Cái Răng, Thành phố Cần Thơ, Việt Nam -> Đường Trương Vĩnh Nguyên, Phường Cái Răng, Thành phố Cần Thơ, Việt Nam",2,0.3333333333333333,True,1.0,0.7008,1.0,0.0,71.02,52.01,19.66,43.17,37.29,0,1,0,1,0,ride_component_92,1,0,0.0,0,0,8.57,5.69,37.29,29.4,75.18,46.67,3.13,GHOST_TRIP_EXECUTION_PATTERN,Mau thuc thi ghost trip,"Cap nay co dau hieu thuc thi ghost trip, voi nhieu chuyen nghi ngo gia lap hoac quay dau phi thuc te.",75.18,Mau thuc thi ghost trip,KB-C_HIGH_GHOST_RATE,GHOST_TRIP_EXECUTION_PATTERN,Mau thuc thi ghost trip,"Cap nay co dau hieu thuc thi ghost trip, voi nhieu chuyen nghi ngo gia lap hoac quay dau phi thuc te.",75.18
4f928a3d9078364a,8768d682fd9163c7,4,4,6,4,xanh_car,Tỉnh Nam Định,0.6666666666666666,1.0,1.0,xanh_car|Tỉnh Nam Định,7.47820000000047,0.9985,0.25,0.5,0.6667,0.25,0.5556,0.6712,6.0,0.1783,False,0.3729,28.53,28.53,250000.0,1000000.0,81000.0,1,2026-07-24,Tỉnh Nam Định,31.966666666666665,"Phường Nam Định, Tỉnh Ninh Bình, Việt Nam -> Xã Vạn Xuân, Tỉnh Hưng Yên, Việt Nam",1,0.25,True,1.0,0.075,1.0,0.0,52.25,41.58,58.69,34.81,40.78,0,2,1,0,0,ride_component_93,1,0,0.0,0,0,10.81,6.56,40.78,29.12,50.46,19.69,3.61,GHOST_TRIP_EXECUTION_PATTERN,Mau thuc thi ghost trip,"Cap nay co dau hieu thuc thi ghost trip, voi nhieu chuyen nghi ngo gia lap hoac quay dau phi thuc te.",50.46,Mau thuc thi ghost trip,KB-C_HIGH_GHOST_RATE,GHOST_TRIP_EXECUTION_PATTERN,Mau thuc thi ghost trip,"Cap nay co dau hieu thuc thi ghost trip, voi nhieu chuyen nghi ngo gia lap hoac quay dau phi thuc te.",50.46
eaac3b1692fb2df7,d53f87b60fc7e495,4,2,8,4,xanh_limo_6_cho,Tỉnh Bà Rịa - Vũng Tàu,0.5,1.0,0.5,xanh_limo_6_cho|Tỉnh Bà Rịa - Vũng Tàu,5.0,0.9982,0.16666666666666666,0.5,0.5,0.1667,0.4,0.6712,6.0,0.2667,False,0.2685,26.77,26.77,91750.0,367000.0,27000.0,1,2026-07-24,Tỉnh Bà Rịa - Vũng Tàu,68.03333333333333,"Phường Vũng Tàu, Thành Phố Hồ Chí Minh, Việt Nam -> 12 Đường Hải Đăng, Phường Vũng Tàu, Thành phố Hồ Chí Minh, Việt Nam",1,0.25,True,0.5,0.075,1.0,0.0,27.25,27.03,36.9,27.41,29.78,1,0,3,1,0,ride_component_17,3,2,0.6667,2,1,55.01,28.9,29.78,26.78,26.71,16.18,35.06,GHOST_TRIP_EXECUTION_PATTERN,Mau thuc thi ghost trip,"Cap nay co dau hieu thuc thi ghost trip, voi nhieu chuyen nghi ngo gia lap hoac quay dau phi thuc te.",26.71,Mau thuc thi ghost trip,KB-C_HIGH_GHOST_RATE,GHOST_TRIP_EXECUTION_PATTERN,Mau thuc thi ghost trip,"Cap nay co dau hieu thuc thi ghost trip, voi nhieu chuyen nghi ngo gia lap hoac quay dau phi thuc te.",26.71
bdfe04b4787b2ffb,9f92b359b9562716,4,2,6,4,xanh_car,Tỉnh Nam Định,0.6666666666666666,1.0,0.5,xanh_car|Tỉnh Nam Định,7.47820000000047,0.9985,0.3333333333333333,0.5,0.6667,0.3333,0.5,0.6712,6.0,0.1783,False,0.3356,26.48,26.48,62500.0,250000.0,27000.0,1,2026-07-24,Tỉnh Nam Định,51.166666666666664,"06 Quốc lộ 21, Khu 4A, Xã Hải Tiến, Tỉnh Ninh Bình, Việt Nam -> Quốc lộ 21, Xã Hải Quang, Tỉnh Ninh Bình, Việt Nam",1,0.25,True,0.5,0.075,0.3333,0.1189,29.63,28.21,33.35,23.18,25.72,0,1,0,0,0,ride_component_94,1,0,0.0,0,0,5.4,2.87,25.72,26.95,28.26,16.15,1.58,GHOST_TRIP_EXECUTION_PATTERN,Mau thuc thi ghost trip,"Cap nay co dau hieu thuc thi ghost trip, voi nhieu chuyen nghi ngo gia lap hoac quay dau phi thuc te.",28.26,Mau thuc thi ghost trip,KB-C_HIGH_GHOST_RATE,GHOST_TRIP_EXECUTION_PATTERN,Mau thuc thi ghost trip,"Cap nay co dau hieu thuc thi ghost trip, voi nhieu chuyen nghi ngo gia lap hoac quay dau phi thuc te.",28.26
4cc9b4bc717127fa,34d037ce454b832d,5,5,16,5,lado_service_name,Tỉnh Bình Định,0.3125,1.0,1.0,lado_service_name|Tỉnh Bình Định,4.6896999999999025,1.0,0.08333333333333333,0.5,0.3125,0.0833,0.25,0.7472,6.0,0.3554,True,0.1868,26.27,26.27,44800.0,224000.0,0.0,1,2026-07-24,Tỉnh Bình Định,1.0833333333333333,"Quốc lộ 19B, Xã Phù Cát, Tỉnh Gia Lai, Việt Nam -> Phường An Nhơn Bắc, Tỉnh Gia Lai, Việt Nam",2,0.4,True,1.0,0.7947,1.0,0.0,73.84,52.43,26.94,42.42,38.55,0,0,0,0,0,ride_component_95,1,0,0.0,0,0,0.0,0.0,38.55,25.76,78.89,43.2,0.0,GHOST_TRIP_EXECUTION_PATTERN,Mau thuc thi ghost trip,"Cap nay co dau hieu thuc thi ghost trip, voi nhieu chuyen nghi ngo gia lap hoac quay dau phi thuc te.",78.89,Mau thuc thi ghost trip,KB-C_HIGH_GHOST_RATE,GHOST_TRIP_EXECUTION_PATTERN,Mau thuc thi ghost trip,"Cap nay co dau hieu thuc thi ghost trip, voi nhieu chuyen nghi ngo gia lap hoac quay dau phi thuc te.",78.89
920904c62b6c939a,57a6beef09c0fe76,4,4,11,8,en_vang_car,Thành phố Hải Phòng,0.36363636363636365,0.5,1.0,en_vang_car|Thành phố Hải Phòng,4.0,1.0,0.1111111111111111,0.2,0.3636,0.1111,0.2841,0.6712,6.0,0.3333,True,0.1907,25.49,25.49,204750.0,819000.0,84000.0,1,2026-07-24,Thành phố Hải Phòng,26.65,"Phường Dương Kinh, Thành phố Hải Phòng, Việt Nam -> Phường Lê Chân, Thành phố Hải Phòng, Việt Nam",1,0.25,True,1.0,0.1532,1.0,0.0,54.6,41.5,58.11,35.01,40.78,1,0,1,2,0,ride_component_96,1,0,0.0,0,0,12.55,7.57,40.78,25.06,53.55,20.42,4.16,GHOST_TRIP_EXECUTION_PATTERN,Mau thuc thi ghost trip,"Cap nay co dau hieu thuc thi ghost trip, voi nhieu chuyen nghi ngo gia lap hoac quay dau phi thuc te.",53.55,Mau thuc thi ghost trip,KB-C_HIGH_GHOST_RATE,GHOST_TRIP_EXECUTION_PATTERN,Mau thuc thi ghost trip,"Cap nay co dau hieu thuc thi ghost trip, voi nhieu chuyen nghi ngo gia lap hoac quay dau phi thuc te.",53.55
27b7bf1c4ded5525,cfd4e9a00416f998,4,2,12,4,en_vang_premium,Thành phố Hải Phòng,0.3333333333333333,1.0,0.5,en_vang_premium|Thành phố Hải Phòng,3.9388000000000147,1.0,0.1,0.5,0.3333,0.1,0.2593,0.6712,6.0,0.3385,True,0.174,24.8,24.8,132750.0,531000.0,0.0,1,2026-07-24,Thành phố Hải Phòng,67.05,"220 Đường Núi Ngọc, Đặc khu Cát Hải, Thành phố Hải Phòng, Việt Nam -> Đặc khu Cát Hải, Thành phố Hải Phòng, Việt Nam",1,0.25,True,0.5,0.075,1.0,0.0,27.25,26.15,32.53,21.5,24.26,0,0,0,1,0,ride_component_97,1,0,0.0,0,0,5.4,2.8,24.26,24.31,26.71,15.98,1.54,GHOST_TRIP_EXECUTION_PATTERN,Mau thuc thi ghost trip,"Cap nay co dau hieu thuc thi ghost trip, voi nhieu chuyen nghi ngo gia lap hoac quay dau phi thuc te.",26.71,Mau thuc thi ghost trip,KB-C_HIGH_GHOST_RATE,GHOST_TRIP_EXECUTION_PATTERN,Mau thuc thi ghost trip,"Cap nay co dau hieu thuc thi ghost trip, voi nhieu chuyen nghi ngo gia lap hoac quay dau phi thuc te.",26.71
444781a3e454a8f7,c182d47abe734dad,4,2,8,5,xanh_car,Tỉnh Bà Rịa - Vũng Tàu,0.5,0.8,0.5,xanh_car|Tỉnh Bà Rịa - Vũng Tàu,5.996100000000297,0.9987,0.16666666666666666,0.3333333333333333,0.5,0.1667,0.4,0.6712,6.0,0.2224,False,0.2685,24.78,24.78,174500.0,698000.0,97000.0,1,2026-07-24,Tỉnh Bà Rịa - Vũng Tàu,29.183333333333334,"Huyện Long Điền, Tỉnh Bà Rịa - Vũng Tàu -> Xã Phước Hải, Thành Phố Hồ Chí Minh, Việt Nam",1,0.25,True,0.5,0.0941,0.6667,0.0741,29.3,27.27,54.07,21.86,29.91,0,0,0,0,0,ride_component_98,1,0,0.0,0,0,0.0,0.0,29.91,24.92,28.43,16.23,0.0,GHOST_TRIP_EXECUTION_PATTERN,Mau thuc thi ghost trip,"Cap nay co dau hieu thuc thi ghost trip, voi nhieu chuyen nghi ngo gia lap hoac quay dau phi thuc te.",28.43,Mau thuc thi ghost trip,KB-C_HIGH_GHOST_RATE,GHOST_TRIP_EXECUTION_PATTERN,Mau thuc thi ghost trip,"Cap nay co dau hieu thuc thi ghost trip, voi nhieu chuyen nghi ngo gia lap hoac quay dau phi thuc te.",28.43
b40a510874ed8e02,ad727724c446ef4c,5,5,15,5,xanh_premium,Tỉnh Bắc Ninh,0.3333333333333333,1.0,1.0,xanh_premium|Tỉnh Bắc Ninh,5.0,1.0,0.14285714285714285,0.5,0.3333,0.1429,0.2222,0.7472,6.0,0.3333,True,0.166,24.13,24.13,384200.0,1921000.0,0.0,1,2026-07-24,Thành phố Hà Nội,0.7666666666666667,"Việt Nam -> 8 Đường Đỗ Đức Dục, Phường Từ Liêm, Thành Phố Hà Nội, Việt Nam",1,0.2,True,1.0,0.7421,1.0,0.0,72.26,50.6,52.3,42.08,44.64,1,0,1,0,0,ride_component_99,1,0,0.0,0,0,8.57,5.58,44.64,23.63,76.81,32.88,3.07,GHOST_TRIP_EXECUTION_PATTERN,Mau thuc thi ghost trip,"Cap nay co dau hieu thuc thi ghost trip, voi nhieu chuyen nghi ngo gia lap hoac quay dau phi thuc te.",76.81,Mau thuc thi ghost trip,KB-C_HIGH_GHOST_RATE,GHOST_TRIP_EXECUTION_PATTERN,Mau thuc thi ghost trip,"Cap nay co dau hieu thuc thi ghost trip, voi nhieu chuyen nghi ngo gia lap hoac quay dau phi thuc te.",76.81
df924296d15acd9b,ec578638670ebba2,4,2,13,4,xanhsm_bike_hn,Tỉnh Bà Rịa - Vũng Tàu,0.3076923076923077,1.0,0.5,xanhsm_bike_hn|Tỉnh Bà Rịa - Vũng Tàu,4.0,1.0,0.09090909090909091,0.5,0.3077,0.0909,0.2385,0.6712,6.0,0.3333,True,0.1601,23.8,23.8,14000.0,56000.0,0.0,1,2026-07-24,Tỉnh Bà Rịa - Vũng Tàu,2.783333333333333,"Bà Rịa, Bà Rịa-Vũng Tàu -> Phường Long Hương, Thành phố Hồ Chí Minh",1,0.25,True,0.5,0.7101,1.0,0.0,46.3,36.18,19.08,29.16,26.64,0,0,0,0,0,ride_component_100,1,0,0.0,0,0,0.0,0.0,26.64,23.28,51.8,24.35,0.0,GHOST_TRIP_EXECUTION_PATTERN,Mau thuc thi ghost trip,"Cap nay co dau hieu thuc thi ghost trip, voi nhieu chuyen nghi ngo gia lap hoac quay dau phi thuc te.",51.8,Mau thuc thi ghost trip,KB-C_HIGH_GHOST_RATE,GHOST_TRIP_EXECUTION_PATTERN,Mau thuc thi ghost trip,"Cap nay co dau hieu thuc thi ghost trip, voi nhieu chuyen nghi ngo gia lap hoac quay dau phi thuc te.",51.8
db12e4425e0938b8,4d27c0b5886c8a17,4,4,32,5,xanhsm_bike_sg,Thành phố Hồ Chí Minh,0.125,0.8,1.0,xanhsm_bike_sg|Thành phố Hồ Chí Minh,3.0,1.0,0.03571428571428571,0.3333333333333333,0.125,0.0357,0.0926,0.6712,6.0,0.4444,True,0.0621,23.41,23.41,13000.0,52000.0,4000.0,1,2026-07-24,Thành phố Hồ Chí Minh,0.4666666666666667,"Phường Tân Sơn Nhì, Thành phố Hồ Chí Minh, Việt Nam -> Phường Tân Sơn Nhì, Thành Phố Hồ Chí Minh, Việt Nam",4,1.0,True,1.0,0.9891,0.6,0.1778,83.23,56.31,22.91,45.65,39.96,0,0,0,0,0,ride_component_101,1,0,0.0,0,0,0.0,0.0,39.96,22.26,88.88,58.86,0.0,GHOST_TRIP_EXECUTION_PATTERN,Mau thuc thi ghost trip,"Cap nay co dau hieu thuc thi ghost trip, voi nhieu chuyen nghi ngo gia lap hoac quay dau phi thuc te.",88.88,Mau thuc thi ghost trip,KB-C_HIGH_GHOST_RATE,GHOST_TRIP_EXECUTION_PATTERN,Mau thuc thi ghost trip,"Cap nay co dau hieu thuc thi ghost trip, voi nhieu chuyen nghi ngo gia lap hoac quay dau phi thuc te.",88.88
7af56baa676a889d,53d608e35111a913,4,2,9,5,xanh_car,Tỉnh Bà Rịa - Vũng Tàu,0.4444444444444444,0.8,0.5,xanh_car|Tỉnh Bà Rịa - Vũng Tàu,5.996100000000297,0.9987,0.14285714285714285,0.3333333333333333,0.4444,0.1429,0.3519,0.6712,6.0,0.2224,False,0.2362,23.0,23.0,77500.0,310000.0,23000.0,1,2026-07-24,Tỉnh Bà Rịa - Vũng Tàu,17.033333333333335,"Lô 7 KCN Cái Mép, Tân Phước, Tân Thành, Bà Rịa - Vũng Tàu, Việt Nam -> Phước Trung, Bà Rịa, Bà Rịa - Vũng Tàu",1,0.25,True,0.5,0.3776,0.1667,0.1853,40.03,32.37,33.6,26.66,28.4,0,1,0,0,0,ride_component_102,1,0,0.0,0,0,5.4,2.97,28.4,23.04,41.07,19.83,1.63,GHOST_TRIP_EXECUTION_PATTERN,Mau thuc thi ghost trip,"Cap nay co dau hieu thuc thi ghost trip, voi nhieu chuyen nghi ngo gia lap hoac quay dau phi thuc te.",41.07,Mau thuc thi ghost trip,KB-C_HIGH_GHOST_RATE,GHOST_TRIP_EXECUTION_PATTERN,Mau thuc thi ghost trip,"Cap nay co dau hieu thuc thi ghost trip, voi nhieu chuyen nghi ngo gia lap hoac quay dau phi thuc te.",41.07
0ab3acf8475d6117,3c4467293c11b1d3,4,4,9,5,xanh_premium,Thành phố Hà Nội,0.4444444444444444,0.8,1.0,xanh_premium|Thành phố Hà Nội,6.0,0.9995,0.14285714285714285,0.3333333333333333,0.4444,0.1429,0.3519,0.6712,6.0,0.2222,False,0.2362,22.99,22.99,31000.0,124000.0,0.0,1,2026-07-24,Thành phố Hà Nội,1.0833333333333333,"Xã Nội Bài, Thành phố Hà Nội -> Tân Trại 3, Xã Nội Bài, Thành phố Hà Nội, Việt Nam",4,1.0,True,1.0,0.9747,0.2,0.1778,82.8,55.88,20.42,45.31,39.09,0,0,0,0,0,ride_component_103,1,0,0.0,0,0,0.0,0.0,39.09,23.03,88.31,58.63,0.0,GHOST_TRIP_EXECUTION_PATTERN,Mau thuc thi ghost trip,"Cap nay co dau hieu thuc thi ghost trip, voi nhieu chuyen nghi ngo gia lap hoac quay dau phi thuc te.",88.31,Mau thuc thi ghost trip,KB-C_HIGH_GHOST_RATE,GHOST_TRIP_EXECUTION_PATTERN,Mau thuc thi ghost trip,"Cap nay co dau hieu thuc thi ghost trip, voi nhieu chuyen nghi ngo gia lap hoac quay dau phi thuc te.",88.31
61ed7b3348db32e2,2c7192581a1b6e85,4,4,26,5,xanhsm_bike_hn,Thành phố Hà Nội,0.15384615384615385,0.8,1.0,xanhsm_bike_hn|Thành phố Hà Nội,3.0,1.0,0.1,0.3333333333333333,0.1538,0.1,0.0598,0.6712,6.0,0.4444,True,0.0402,22.21,22.21,15000.0,60000.0,12000.0,1,2026-07-24,Thành phố Hà Nội,0.6166666666666667,"1 Ngõ 229 Thôn Vĩnh Thanh, Tuyến 3, Thôn Vĩnh Thanh, Xã Vĩnh Thanh, Thành Phố Hà Nội, Việt Nam -> Xã Vĩnh Thanh, Thành Phố Hà Nội, Việt Nam",2,0.5,True,1.0,0.8356,1.0,0.0,75.07,51.28,27.15,42.68,38.8,0,0,0,2,0,ride_component_104,1,0,0.0,0,0,8.57,5.6,38.8,21.0,80.51,38.36,3.08,GHOST_TRIP_EXECUTION_PATTERN,Mau thuc thi ghost trip,"Cap nay co dau hieu thuc thi ghost trip, voi nhieu chuyen nghi ngo gia lap hoac quay dau phi thuc te.",80.51,Mau thuc thi ghost trip,KB-C_HIGH_GHOST_RATE,GHOST_TRIP_EXECUTION_PATTERN,Mau thuc thi ghost trip,"Cap nay co dau hieu thuc thi ghost trip, voi nhieu chuyen nghi ngo gia lap hoac quay dau phi thuc te.",80.51
69779ff16deb068b,f2c6b241fd5b1c60,4,4,11,4,xanh_car,Tỉnh Quảng Ninh,0.36363636363636365,1.0,1.0,xanh_car|Tỉnh Quảng Ninh,5.681899999999587,0.9996,0.14285714285714285,0.5,0.3636,0.1429,0.2576,0.6712,6.0,0.2347,False,0.1729,20.07,20.07,86500.0,346000.0,4000.0,1,2026-07-24,Tỉnh Quảng Ninh,24.6,"Quảng Ninh -> Thôn 8, Đặc khu Vân Đồn, Tỉnh Quảng Ninh, Việt Nam",1,0.25,True,1.0,0.201,1.0,0.0,56.03,39.85,29.1,33.25,32.21,0,1,1,0,0,ride_component_105,1,0,0.0,0,0,8.57,5.04,32.21,19.88,55.44,20.52,2.77,GHOST_TRIP_EXECUTION_PATTERN,Mau thuc thi ghost trip,"Cap nay co dau hieu thuc thi ghost trip, voi nhieu chuyen nghi ngo gia lap hoac quay dau phi thuc te.",55.44,Mau thuc thi ghost trip,KB-C_HIGH_GHOST_RATE,GHOST_TRIP_EXECUTION_PATTERN,Mau thuc thi ghost trip,"Cap nay co dau hieu thuc thi ghost trip, voi nhieu chuyen nghi ngo gia lap hoac quay dau phi thuc te.",55.44
cc5caf8330d775dd,97f42ca28c43097e,4,2,11,4,xanh_car,Tỉnh Thanh Hóa,0.36363636363636365,1.0,0.5,xanh_car|Tỉnh Thanh Hóa,6.369999999999891,0.9983,0.1111111111111111,0.5,0.3636,0.1111,0.2841,0.6712,6.0,0.2093,False,0.1907,19.91,19.91,173750.0,695000.0,107000.0,1,2026-07-24,Tỉnh Thanh Hóa,28.233333333333334,"Phường Sầm Sơn, Tỉnh Thanh Hóa, Việt Nam -> Nhữ Bá Sỹ, Phường Sầm Sơn, Tỉnh Thanh Hóa, Việt Nam",1,0.25,True,0.5,0.1162,1.0,0.0,28.49,24.63,55.03,20.33,29.0,0,1,0,0,0,ride_component_106,1,0,0.0,0,0,5.4,2.73,29.0,19.85,28.34,16.04,1.5,GHOST_TRIP_EXECUTION_PATTERN,Mau thuc thi ghost trip,"Cap nay co dau hieu thuc thi ghost trip, voi nhieu chuyen nghi ngo gia lap hoac quay dau phi thuc te.",28.34,Mau thuc thi ghost trip,KB-C_HIGH_GHOST_RATE,GHOST_TRIP_EXECUTION_PATTERN,Mau thuc thi ghost trip,"Cap nay co dau hieu thuc thi ghost trip, voi nhieu chuyen nghi ngo gia lap hoac quay dau phi thuc te.",28.34
de8aab29d9111b44,d60c3f7e3236ba9a,4,2,13,4,xanh_car,Tỉnh Thái Nguyên,0.3076923076923077,1.0,0.5,xanh_car|Tỉnh Thái Nguyên,5.53229999999985,0.9994,0.09090909090909091,0.5,0.3077,0.0909,0.2385,0.6712,6.0,0.241,False,0.1601,19.65,19.65,200000.0,800000.0,101000.0,1,2026-07-24,Tỉnh Thái Nguyên,23.083333333333332,"Phường Vạn Xuân, Tỉnh Thái Nguyên, Việt Nam -> Khu công nghiệp Yên Bình, Phường Phổ Yên, Tỉnh Thái Nguyên, Việt Nam",2,0.5,True,0.5,0.3114,1.0,0.0,34.34,27.73,57.87,22.33,31.21,0,0,0,0,0,ride_component_107,1,0,0.0,0,0,0.0,0.0,31.21,19.41,36.05,27.78,0.0,GHOST_TRIP_EXECUTION_PATTERN,Mau thuc thi ghost trip,"Cap nay co dau hieu thuc thi ghost trip, voi nhieu chuyen nghi ngo gia lap hoac quay dau phi thuc te.",36.05,Mau thuc thi ghost trip,KB-C_HIGH_GHOST_RATE,GHOST_TRIP_EXECUTION_PATTERN,Mau thuc thi ghost trip,"Cap nay co dau hieu thuc thi ghost trip, voi nhieu chuyen nghi ngo gia lap hoac quay dau phi thuc te.",36.05
55d8472af0c2c7ce,69356c25e5e4cdd2,4,2,9,4,xanh_premium,Tỉnh Quảng Ngãi,0.4444444444444444,1.0,0.5,xanh_premium|Tỉnh Quảng Ngãi,8.858799999999974,0.9859,0.16666666666666666,0.5,0.4444,0.1667,0.3333,0.6712,6.0,0.1505,False,0.2237,19.08,19.08,184250.0,737000.0,102000.0,1,2026-07-24,Tỉnh Quảng Ngãi,45.96666666666667,"Cảng Sa Kỳ, Xã Đông Sơn, Tỉnh Quảng Ngãi, Việt Nam -> Phường Nghĩa Lộ, Quảng Ngãi",1,0.25,True,0.5,0.075,1.0,0.0,27.25,23.57,55.26,19.79,28.66,0,1,1,0,0,ride_component_108,1,0,0.0,0,0,8.57,4.27,28.66,19.3,26.71,15.41,2.35,GHOST_TRIP_EXECUTION_PATTERN,Mau thuc thi ghost trip,"Cap nay co dau hieu thuc thi ghost trip, voi nhieu chuyen nghi ngo gia lap hoac quay dau phi thuc te.",26.71,Mau thuc thi ghost trip,KB-C_HIGH_GHOST_RATE,GHOST_TRIP_EXECUTION_PATTERN,Mau thuc thi ghost trip,"Cap nay co dau hieu thuc thi ghost trip, voi nhieu chuyen nghi ngo gia lap hoac quay dau phi thuc te.",26.71
88bb923bde6c618c,7f41624c3675297d,4,4,9,4,xanh_premium,Tỉnh Khánh Hòa,0.4444444444444444,1.0,1.0,xanh_premium|Tỉnh Khánh Hòa,5.0,0.9985,0.3333333333333333,0.5,0.4444,0.3333,0.1667,0.6712,6.0,0.2667,False,0.1119,18.16,18.16,29750.0,119000.0,13000.0,1,2026-07-24,Tỉnh Khánh Hòa,1.1666666666666667,"10 Đường Nguyễn Đình Chiểu, Phường Bắc Nha Trang, Tỉnh Khánh Hòa, Việt Nam -> Phường Bắc Nha Trang, Khánh Hòa",1,0.25,True,1.0,0.7478,1.0,0.0,72.43,48.01,26.14,39.63,36.26,0,1,0,0,0,ride_component_109,1,0,0.0,0,0,5.4,3.41,36.26,17.69,77.04,27.62,1.88,GHOST_TRIP_EXECUTION_PATTERN,Mau thuc thi ghost trip,"Cap nay co dau hieu thuc thi ghost trip, voi nhieu chuyen nghi ngo gia lap hoac quay dau phi thuc te.",77.04,Mau thuc thi ghost trip,KB-C_HIGH_GHOST_RATE,GHOST_TRIP_EXECUTION_PATTERN,Mau thuc thi ghost trip,"Cap nay co dau hieu thuc thi ghost trip, voi nhieu chuyen nghi ngo gia lap hoac quay dau phi thuc te.",77.04
353372fca9a86c2a,aa8a1e169553d044,4,4,10,4,xanh_limo_6_cho,Thành phố Hà Nội,0.4,1.0,1.0,xanh_limo_6_cho|Thành phố Hà Nội,6.961600000000544,0.9997,0.2,0.5,0.4,0.2,0.25,0.6712,6.0,0.1915,False,0.1678,17.85,17.85,157000.0,628000.0,152000.0,1,2026-07-24,Thành phố Hà Nội,1.55,"1 Đường Long Biên - Xuân Quan, Phường Bồ Đề, Thành phố Hà Nội, Việt Nam -> Đường Tô Quyền, Xã Nghĩa Trụ, Tỉnh Hưng Yên, Việt Nam",1,0.25,True,1.0,0.7388,1.0,0.0,72.16,47.72,58.07,38.72,43.56,0,0,0,0,0,ride_component_110,1,0,0.0,0,0,0.0,0.0,43.56,17.78,76.68,27.47,0.0,GHOST_TRIP_EXECUTION_PATTERN,Mau thuc thi ghost trip,"Cap nay co dau hieu thuc thi ghost trip, voi nhieu chuyen nghi ngo gia lap hoac quay dau phi thuc te.",76.68,Mau thuc thi ghost trip,KB-C_HIGH_GHOST_RATE,GHOST_TRIP_EXECUTION_PATTERN,Mau thuc thi ghost trip,"Cap nay co dau hieu thuc thi ghost trip, voi nhieu chuyen nghi ngo gia lap hoac quay dau phi thuc te.",76.68
013cc3b214ac0ee7,676c6df54ae3b202,4,3,12,4,xanh_premium,Tỉnh Trà Vinh,0.3333333333333333,1.0,0.75,xanh_premium|Tỉnh Trà Vinh,6.9734000000000265,0.9851,0.125,0.5,0.3333,0.125,0.2381,0.6712,6.0,0.1912,False,0.1598,17.39,17.39,32750.0,131000.0,0.0,1,2026-07-24,Tỉnh Trà Vinh,1.5666666666666667,"516 Nguyễn Thiện Thành, Phường Duyên Hải, Tỉnh Vĩnh Long, Việt Nam -> Thị xã Duyên Hải, Tỉnh Trà Vinh, VNM",1,0.25,True,0.75,0.7384,0.5,0.0956,61.57,41.69,20.1,34.44,30.85,0,0,1,0,0,ride_component_111,1,0,0.0,0,0,5.4,3.22,30.85,17.3,66.04,25.75,1.77,GHOST_TRIP_EXECUTION_PATTERN,Mau thuc thi ghost trip,"Cap nay co dau hieu thuc thi ghost trip, voi nhieu chuyen nghi ngo gia lap hoac quay dau phi thuc te.",66.04,Mau thuc thi ghost trip,KB-C_HIGH_GHOST_RATE,GHOST_TRIP_EXECUTION_PATTERN,Mau thuc thi ghost trip,"Cap nay co dau hieu thuc thi ghost trip, voi nhieu chuyen nghi ngo gia lap hoac quay dau phi thuc te.",66.04
f4975d194d4366ce,ba0715ada91a20ca,4,2,19,6,xanh_premium,Tỉnh Bà Rịa - Vũng Tàu,0.21052631578947367,0.6666666666666666,0.5,xanh_premium|Tỉnh Bà Rịa - Vũng Tàu,5.805900000000065,0.9985,0.0625,0.25,0.2105,0.0625,0.1579,0.6712,6.0,0.2297,False,0.106,16.17,16.17,53750.0,215000.0,13000.0,1,2026-07-24,Tỉnh Bà Rịa - Vũng Tàu,33.65,"44 Đường Vi Vi Ba, Phường Vũng Tàu, Thành phố Hồ Chí Minh, Việt Nam -> Phường Vũng Tàu, Thành phố Hồ Chí Minh, Việt Nam",1,0.25,True,0.5,0.075,1.0,0.0,27.25,22.26,29.26,23.72,25.1,0,0,1,1,1,ride_component_17,3,2,0.6667,3,1,59.35,28.98,25.1,15.8,26.71,15.12,40.11,GHOST_TRIP_EXECUTION_PATTERN,Mau thuc thi ghost trip,"Cap nay co dau hieu thuc thi ghost trip, voi nhieu chuyen nghi ngo gia lap hoac quay dau phi thuc te.",26.71,Mau thuc thi ghost trip,KB-C_HIGH_GHOST_RATE,GHOST_TRIP_EXECUTION_PATTERN,Mau thuc thi ghost trip,"Cap nay co dau hieu thuc thi ghost trip, voi nhieu chuyen nghi ngo gia lap hoac quay dau phi thuc te.",26.71
fbb5fad6a1615aa3,d99f5d7d24e2d881,34,34,34,34,xanhsm_bike_hn,Tỉnh Đồng Nai,1.0,1.0,1.0,xanhsm_bike_hn|Tỉnh Đồng Nai,12.787000000011176,1.0,0.5,0.5,1.0,0.5,1.0,1.0,6.0,0.8863,True,1.0,94.88,94.88,15176.470588235294,516000.0,67000.0,1,2026-07-25,Tỉnh Đồng Nai,0.65,"Đồng Nai -> Xã Dầu Giây, Tỉnh Đồng Nai, Việt Nam",18,0.5294117647058824,True,1.0,0.8437,1.0,0.0,75.31,84.12,68.4,68.65,68.59,0,1,1,0,0,ride_component_1,1,0,0.0,0,0,8.57,7.78,68.59,95.22,80.83,70.22,4.28,REPEATED_LOCKED_PAIR,Cap lap lai va phu thuoc bat thuong,Tai xe va khach hang di voi nhau nhieu lan va co muc do phu thuoc bat thuong so voi hanh vi thong thuong.,95.22,Cap lap lai va phu thuoc bat thuong | Mau thuc thi ghost trip,KB-C_EXTREME_VOLUME | KB-C_TIGHT_PAIR_SHARE | KB-C_HIGH_GHOST_RATE | KB-C_SUPERFAST_GAP,REPEATED_LOCKED_PAIR,Cap lap lai va phu thuoc bat thuong,Tai xe va khach hang di voi nhau nhieu lan va co muc do phu thuoc bat thuong so voi hanh vi thong thuong.,95.22
f5d16c59104fbed7,790a7c79085e1cdc,16,16,19,16,xanhsm_bike_hn,Thành phố Hà Nội,0.8421052631578947,1.0,1.0,xanhsm_bike_hn|Thành phố Hà Nội,3.0,1.0,0.2,0.5,0.8421,0.2,0.8026,1.0,6.0,1.0,True,0.8026,89.14,89.14,15500.0,248000.0,45000.0,1,2026-07-25,Thành phố Hà Nội,0.5666666666666667,"1 Ngõ 229 Thôn Vĩnh Thanh, Tuyến 3, Thôn Vĩnh Thanh, Xã Vĩnh Thanh, Thành Phố Hà Nội, Việt Nam -> Xã Vĩnh Thanh, Thành Phố Hà Nội, Việt Nam",4,0.25,True,1.0,0.7618,0.625,0.375,80.35,84.31,55.08,79.56,73.44,0,0,2,1,1,ride_component_2,3,3,1.0,3,2,67.55,61.0,73.44,88.55,82.46,52.36,63.55,REPEATED_LOCKED_PAIR,Cap lap lai va phu thuoc bat thuong,Tai xe va khach hang di voi nhau nhieu lan va co muc do phu thuoc bat thuong so voi hanh vi thong thuong.,88.55,Cap lap lai va phu thuoc bat thuong | Mau lien ket theo mang | Mau thuc thi ghost trip,KB-C_EXTREME_VOLUME | KB-C_TIGHT_PAIR_SHARE | KB-C_SUSPICIOUS_COMPONENT | KB-C_HIGH_GHOST_RATE | KB-C_SUPERFAST_GAP,REPEATED_LOCKED_PAIR,Cap lap lai va phu thuoc bat thuong,Tai xe va khach hang di voi nhau nhieu lan va co muc do phu thuoc bat thuong so voi hanh vi thong thuong.,88.55
7c0b132411b37fa6,190ac40c60535ce9,21,0,22,21,xanh_car,Tỉnh Thanh Hóa,0.9545454545454546,1.0,0.0,xanh_car|Tỉnh Thanh Hóa,9.261000000006788,1.0,0.3333333333333333,0.5,0.9545,0.3333,0.9318,1.0,6.0,0.7559,True,0.9318,85.26,85.26,18000.0,378000.0,21000.0,1,2026-07-25,Tỉnh Thanh Hóa,1.6166666666666667,"Phường Hạc Thành, Tỉnh Thanh Hóa, Việt Nam -> Phường Hạc Thành, Tỉnh Thanh Hóa, Việt Nam",3,0.14285714285714285,False,0.0,0.7051,0.5,0.378,28.71,54.16,49.32,51.94,51.28,0,1,1,2,1,ride_component_3,2,1,1.0,3,1,62.51,45.92,51.28,85.79,32.76,34.75,52.76,REPEATED_LOCKED_PAIR,Cap lap lai va phu thuoc bat thuong,Tai xe va khach hang di voi nhau nhieu lan va co muc do phu thuoc bat thuong so voi hanh vi thong thuong.,85.79,Cap lap lai va phu thuoc bat thuong,KB-C_EXTREME_VOLUME | KB-C_TIGHT_PAIR_SHARE,REPEATED_LOCKED_PAIR,Cap lap lai va phu thuoc bat thuong,Tai xe va khach hang di voi nhau nhieu lan va co muc do phu thuoc bat thuong so voi hanh vi thong thuong.,85.79
c32a443c0ff7531a,86db076eb345568d,11,2,12,11,xanh_premium,Thành phố Hồ Chí Minh,0.9166666666666666,1.0,0.18181818181818182,xanh_premium|Thành phố Hồ Chí Minh,6.0,1.0,0.3333333333333333,0.5,0.9167,0.3333,0.875,1.0,6.0,0.6111,True,0.875,75.62,75.62,37000.0,407000.0,47000.0,1,2026-07-25,Thành phố Hồ Chí Minh,1.1166666666666667,"Phường Bình Trị Đông, Thành Phố Hồ Chí Minh, Việt Nam -> Phường Bình Trị Đông, Thành Phố Hồ Chí Minh, Việt Nam",3,0.2727272727272727,False,0.1818,0.7558,0.3333,0.4074,39.91,55.98,52.39,45.22,47.01,0,1,0,0,0,ride_component_4,1,0,0.0,0,0,5.4,3.97,47.01,76.41,43.78,43.28,2.18,REPEATED_LOCKED_PAIR,Cap lap lai va phu thuoc bat thuong,Tai xe va khach hang di voi nhau nhieu lan va co muc do phu thuoc bat thuong so voi hanh vi thong thuong.,76.41,Cap lap lai va phu thuoc bat thuong,KB-C_EXTREME_VOLUME | KB-C_TIGHT_PAIR_SHARE,REPEATED_LOCKED_PAIR,Cap lap lai va phu thuoc bat thuong,Tai xe va khach hang di voi nhau nhieu lan va co muc do phu thuoc bat thuong so voi hanh vi thong thuong.,76.41
5f4fa4b5dc96fc17,5e63a8c46f1dfd09,17,0,17,17,xanh_limo_6_cho,Tỉnh Bình Dương,1.0,1.0,0.0,xanh_limo_6_cho|Tỉnh Bình Dương,13.061600000000908,1.0,0.5,0.5,1.0,0.5,1.0,1.0,6.0,0.4338,True,1.0,74.52,74.52,40000.0,680000.0,26000.0,1,2026-07-25,Tỉnh Bình Dương,4.316666666666666,"Phường Hòa Lợi, Thành phố Hồ Chí Minh -> Phường Hòa Lợi, Thành phố Hồ Chí Minh",2,0.11764705882352941,False,0.0,0.6346,1.0,0.0,19.04,44.0,50.1,35.37,39.05,0,0,0,1,0,ride_component_5,1,0,0.0,0,0,5.4,3.61,39.05,76.22,25.07,30.34,1.99,REPEATED_LOCKED_PAIR,Cap lap lai va phu thuoc bat thuong,Tai xe va khach hang di voi nhau nhieu lan va co muc do phu thuoc bat thuong so voi hanh vi thong thuong.,76.22,Cap lap lai va phu thuoc bat thuong,KB-C_EXTREME_VOLUME | KB-C_TIGHT_PAIR_SHARE,REPEATED_LOCKED_PAIR,Cap lap lai va phu thuoc bat thuong,Tai xe va khach hang di voi nhau nhieu lan va co muc do phu thuoc bat thuong so voi hanh vi thong thuong.,76.22
031d6b289f9fd963,2c7192581a1b6e85,20,20,25,35,xanhsm_bike_hn,Thành phố Hà Nội,0.8,0.5714285714285714,1.0,xanhsm_bike_hn|Thành phố Hà Nội,3.0,1.0,0.14285714285714285,0.3333333333333333,0.5714,0.1429,0.5,1.0,6.0,1.0,True,0.5,72.5,72.5,15000.0,300000.0,60000.0,1,2026-07-25,Thành phố Hà Nội,0.5666666666666667,"1 Ngõ 229 Thôn Vĩnh Thanh, Tuyến 3, Thôn Vĩnh Thanh, Xã Vĩnh Thanh, Thành Phố Hà Nội, Việt Nam -> Xóm 4, Thôn Vĩnh Thanh, Xã Vĩnh Thanh, Thành Phố Hà Nội, Việt Nam",11,0.55,True,1.0,0.8518,0.5,0.5,85.55,79.68,60.42,77.96,73.58,0,1,2,4,4,ride_component_2,3,3,1.0,4,2,81.88,70.45,73.58,71.0,87.64,68.16,73.75,GHOST_TRIP_EXECUTION_PATTERN,Mau thuc thi ghost trip,"Cap nay co dau hieu thuc thi ghost trip, voi nhieu chuyen nghi ngo gia lap hoac quay dau phi thuc te.",87.64,Cap lap lai va phu thuoc bat thuong | Mau lien ket theo mang | Mau thuc thi ghost trip,KB-C_EXTREME_VOLUME | KB-C_SUSPICIOUS_COMPONENT | KB-C_HIGH_GHOST_RATE | KB-C_SUPERFAST_GAP,GHOST_TRIP_EXECUTION_PATTERN,Mau thuc thi ghost trip,"Cap nay co dau hieu thuc thi ghost trip, voi nhieu chuyen nghi ngo gia lap hoac quay dau phi thuc te.",87.64
7d584c3e7b7e796b,e7a3731679e524cc,8,0,8,8,xanh_premium,Thành phố Hà Nội,1.0,1.0,0.0,xanh_premium|Thành phố Hà Nội,6.0,1.0,0.5,0.5,1.0,0.5,1.0,0.9163,6.0,0.4444,True,0.9163,70.39,70.39,265750.0,2126000.0,333000.0,1,2026-07-25,Thành phố Hà Nội,65.15,"2 Đường Trịnh Văn Bô, Phường Xuân Phương, Thành phố Hà Nội, Việt Nam -> Phường Đống Đa, Thành Phố Hà Nội, Việt Nam",1,0.125,False,0.0,0.0375,1.0,0.0,1.12,32.29,88.3,25.79,41.42,0,0,1,0,0,ride_component_6,1,0,0.0,0,0,5.4,3.24,41.42,71.81,1.48,18.18,1.78,REPEATED_LOCKED_PAIR,Cap lap lai va phu thuoc bat thuong,Tai xe va khach hang di voi nhau nhieu lan va co muc do phu thuoc bat thuong so voi hanh vi thong thuong.,71.81,Cap lap lai va phu thuoc bat thuong,KB-C_EXTREME_VOLUME | KB-C_TIGHT_PAIR_SHARE,REPEATED_LOCKED_PAIR,Cap lap lai va phu thuoc bat thuong,Tai xe va khach hang di voi nhau nhieu lan va co muc do phu thuoc bat thuong so voi hanh vi thong thuong.,71.81
6db042c5dd3c1ac2,cd4eb772a03a76c9,11,0,11,11,xanh_premium,Tỉnh Quảng Ngãi,1.0,1.0,0.0,xanh_premium|Tỉnh Quảng Ngãi,10.790300000000116,1.0,0.5,0.5,1.0,0.5,1.0,1.0,6.0,0.3398,True,1.0,70.29,70.29,22727.272727272728,250000.0,0.0,1,2026-07-25,Tỉnh Quảng Ngãi,1.7833333333333334,"Xã Đông Sơn, Tỉnh Quảng Ngãi, Việt Nam -> Xã Đông Sơn, Tỉnh Quảng Ngãi, Việt Nam",4,0.36363636363636365,False,0.0,0.7675,1.0,0.0,23.02,44.29,28.94,34.96,33.46,0,0,0,0,0,ride_component_7,1,0,0.0,0,0,0.0,0.0,33.46,72.27,30.31,45.89,0.0,REPEATED_LOCKED_PAIR,Cap lap lai va phu thuoc bat thuong,Tai xe va khach hang di voi nhau nhieu lan va co muc do phu thuoc bat thuong so voi hanh vi thong thuong.,72.27,Cap lap lai va phu thuoc bat thuong,KB-C_EXTREME_VOLUME | KB-C_TIGHT_PAIR_SHARE,REPEATED_LOCKED_PAIR,Cap lap lai va phu thuoc bat thuong,Tai xe va khach hang di voi nhau nhieu lan va co muc do phu thuoc bat thuong so voi hanh vi thong thuong.,72.27
9292c8471f83af23,2e75c4d7e1521fbd,17,0,19,17,xanhsm_bike_hn,Thành phố Cần Thơ,0.8947368421052632,1.0,0.0,xanhsm_bike_hn|Thành phố Cần Thơ,10.669200000003912,1.0,0.3333333333333333,0.5,0.8947,0.3333,0.8421,1.0,6.0,0.5311,True,0.8421,70.22,70.22,14000.0,238000.0,34000.0,1,2026-07-25,Thành phố Cần Thơ,3.9166666666666665,"127C Đường Lê Bình, Phường Tân An, Thành phố Cần Thơ, Việt Nam -> 164-166C Đường 3 Tháng 2, Phường Tân An, Thành phố Cần Thơ, Việt Nam",1,0.058823529411764705,False,0.0,0.6263,1.0,0.0,18.79,41.93,42.85,39.79,40.56,0,1,1,1,0,ride_component_8,2,1,1.0,2,1,51.85,33.81,40.56,71.15,24.74,26.29,41.1,REPEATED_LOCKED_PAIR,Cap lap lai va phu thuoc bat thuong,Tai xe va khach hang di voi nhau nhieu lan va co muc do phu thuoc bat thuong so voi hanh vi thong thuong.,71.15,Cap lap lai va phu thuoc bat thuong,KB-C_EXTREME_VOLUME | KB-C_TIGHT_PAIR_SHARE,REPEATED_LOCKED_PAIR,Cap lap lai va phu thuoc bat thuong,Tai xe va khach hang di voi nhau nhieu lan va co muc do phu thuoc bat thuong so voi hanh vi thong thuong.,71.15
ef0d05e0be322302,8654a01e08c63472,7,0,7,7,xanh_car,Thành phố Hà Nội,1.0,1.0,0.0,xanh_car|Thành phố Hà Nội,5.0,1.0,0.5,0.5,1.0,0.5,1.0,0.8672,6.0,0.4667,True,0.8672,68.7,68.7,112000.0,784000.0,48000.0,1,2026-07-25,Thành phố Hà Nội,21.116666666666667,"2 Phố Bế Văn Đàn, Phường Hà Đông, Thành Phố Hà Nội, Việt Nam -> Phường Phú Lương, Thành Phố Hà Nội, Việt Nam",1,0.14285714285714285,False,0.0,0.2501,0.5714,0.2,11.5,37.24,58.7,29.89,37.09,0,1,0,0,0,ride_component_9,1,0,0.0,0,0,5.4,3.37,37.09,69.9,12.48,23.16,1.85,REPEATED_LOCKED_PAIR,Cap lap lai va phu thuoc bat thuong,Tai xe va khach hang di voi nhau nhieu lan va co muc do phu thuoc bat thuong so voi hanh vi thong thuong.,69.9,,,,,,
8f3fdcaba9cd227e,fc93cbfb75bd312b,9,0,9,9,xanh_car_meter,Tỉnh Quảng Bình,1.0,1.0,0.0,xanh_car_meter|Tỉnh Quảng Bình,8.925600000000031,1.0,0.5,0.5,1.0,0.5,1.0,0.9603,6.0,0.3361,True,0.9603,67.94,67.94,76666.66666666667,690000.0,0.0,1,2026-07-25,Tỉnh Quảng Bình,7.966666666666667,"Gần Agribank - PGD Thị Trấn Kiến Giang, Nguyễn Tất Thành, Huyện Lệ Thủy, Tỉnh Quảng Bình -> location_address_display (0.000000, 0.000000)",1,0.1111111111111111,False,0.0,0.5474,1.0,0.0,16.42,39.61,40.34,31.86,33.98,0,0,0,1,0,ride_component_10,1,0,0.0,0,0,5.4,3.44,33.98,69.81,21.62,27.25,1.89,REPEATED_LOCKED_PAIR,Cap lap lai va phu thuoc bat thuong,Tai xe va khach hang di voi nhau nhieu lan va co muc do phu thuoc bat thuong so voi hanh vi thong thuong.,69.81,Cap lap lai va phu thuoc bat thuong,KB-C_EXTREME_VOLUME | KB-C_TIGHT_PAIR_SHARE,REPEATED_LOCKED_PAIR,Cap lap lai va phu thuoc bat thuong,Tai xe va khach hang di voi nhau nhieu lan va co muc do phu thuoc bat thuong so voi hanh vi thong thuong.,69.81
9021a24fdf156353,ce2a687d7f1b8677,8,0,8,8,xanh_car,Tỉnh Tây Ninh,1.0,1.0,0.0,xanh_car|Tỉnh Tây Ninh,7.257999999999811,1.0,0.5,0.5,1.0,0.5,1.0,0.9163,6.0,0.3674,True,0.9163,66.93,66.93,177625.0,1421000.0,195000.0,1,2026-07-25,Tỉnh Tây Ninh,27.9,"Tây Ninh -> 82 Đường Phạm Văn Đồng, Phường Thanh Điền, Tỉnh Tây Ninh, Việt Nam",1,0.125,False,0.0,0.0865,0.5,0.1837,6.27,33.57,82.81,27.55,41.36,0,1,1,1,0,ride_component_11,1,0,0.0,0,0,10.81,6.52,41.36,68.58,5.81,18.64,3.59,REPEATED_LOCKED_PAIR,Cap lap lai va phu thuoc bat thuong,Tai xe va khach hang di voi nhau nhieu lan va co muc do phu thuoc bat thuong so voi hanh vi thong thuong.,68.58,Cap lap lai va phu thuoc bat thuong,KB-C_EXTREME_VOLUME | KB-C_TIGHT_PAIR_SHARE,REPEATED_LOCKED_PAIR,Cap lap lai va phu thuoc bat thuong,Tai xe va khach hang di voi nhau nhieu lan va co muc do phu thuoc bat thuong so voi hanh vi thong thuong.,68.58
53cc6d5844c1dc86,80390c0393c4f064,8,0,8,8,xanh_car,Tỉnh Nam Định,1.0,1.0,0.0,xanh_car|Tỉnh Nam Định,7.310999999999694,1.0,0.5,0.5,1.0,0.5,1.0,0.9163,6.0,0.3647,True,0.9163,66.81,66.81,122625.0,981000.0,67000.0,1,2026-07-25,Tỉnh Nam Định,30.633333333333333,"321 Quốc lộ 21, Tổ Dân phố 3, Xã Hải Hậu, Tỉnh Ninh Bình, Việt Nam -> Hải Hậu, Nam Định",1,0.125,False,0.0,0.0375,1.0,0.0,1.12,30.68,67.67,24.52,35.31,0,1,0,0,0,ride_component_12,1,0,0.0,0,0,5.4,3.17,35.31,68.46,1.48,17.65,1.74,REPEATED_LOCKED_PAIR,Cap lap lai va phu thuoc bat thuong,Tai xe va khach hang di voi nhau nhieu lan va co muc do phu thuoc bat thuong so voi hanh vi thong thuong.,68.46,Cap lap lai va phu thuoc bat thuong,KB-C_EXTREME_VOLUME | KB-C_TIGHT_PAIR_SHARE,REPEATED_LOCKED_PAIR,Cap lap lai va phu thuoc bat thuong,Tai xe va khach hang di voi nhau nhieu lan va co muc do phu thuoc bat thuong so voi hanh vi thong thuong.,68.46
2297c9cc70d7e503,77dce633650be58b,8,0,9,8,xanh_car,Thành phố Hồ Chí Minh,0.8888888888888888,1.0,0.0,xanh_car|Thành phố Hồ Chí Minh,5.0,1.0,0.3333333333333333,0.5,0.8889,0.3333,0.8333,0.9163,6.0,0.5333,True,0.7636,66.0,66.0,52375.0,419000.0,50000.0,1,2026-07-25,Thành phố Hồ Chí Minh,4.366666666666666,"208 Đường Nguyễn Hữu Cảnh, Phường Thạnh Mỹ Tây, Thành phố Hồ Chí Minh, Việt Nam -> 720A Đường Điện Biên Phủ, Phường Thạnh Mỹ Tây, Thành phố Hồ Chí Minh, Việt Nam",1,0.125,False,0.0,0.6356,0.2222,0.4148,27.36,44.75,53.31,36.13,40.43,0,1,0,0,0,ride_component_13,1,0,0.0,0,0,5.4,3.58,40.43,66.69,30.5,29.49,1.97,REPEATED_LOCKED_PAIR,Cap lap lai va phu thuoc bat thuong,Tai xe va khach hang di voi nhau nhieu lan va co muc do phu thuoc bat thuong so voi hanh vi thong thuong.,66.69,Cap lap lai va phu thuoc bat thuong,KB-C_EXTREME_VOLUME | KB-C_TIGHT_PAIR_SHARE,REPEATED_LOCKED_PAIR,Cap lap lai va phu thuoc bat thuong,Tai xe va khach hang di voi nhau nhieu lan va co muc do phu thuoc bat thuong so voi hanh vi thong thuong.,66.69
61ed7b3348db32e2,2c7192581a1b6e85,15,15,21,35,xanhsm_bike_hn,Thành phố Hà Nội,0.7142857142857143,0.42857142857142855,1.0,xanhsm_bike_hn|Thành phố Hà Nội,3.0,1.0,0.125,0.3333333333333333,0.4286,0.125,0.3469,1.0,6.0,1.0,True,0.3469,64.08,64.08,15000.0,225000.0,45000.0,1,2026-07-25,Thành phố Hà Nội,0.5166666666666667,"1 Ngõ 229 Thôn Vĩnh Thanh, Tuyến 3, Thôn Vĩnh Thanh, Xã Vĩnh Thanh, Thành Phố Hà Nội, Việt Nam -> 30A Ngõ 2, Thôn Đoài, Xã Vĩnh Thanh, Thành Phố Hà Nội, Việt Nam",7,0.4666666666666667,True,1.0,0.8279,0.5,0.5,84.84,75.5,53.91,74.07,69.03,0,1,1,4,4,ride_component_2,3,3,1.0,4,2,81.2,67.3,69.03,62.12,86.7,61.84,72.02,GHOST_TRIP_EXECUTION_PATTERN,Mau thuc thi ghost trip,"Cap nay co dau hieu thuc thi ghost trip, voi nhieu chuyen nghi ngo gia lap hoac quay dau phi thuc te.",86.7,Cap lap lai va phu thuoc bat thuong | Mau lien ket theo mang | Mau thuc thi ghost trip,KB-C_EXTREME_VOLUME | KB-C_SUSPICIOUS_COMPONENT | KB-C_HIGH_GHOST_RATE | KB-C_SUPERFAST_GAP,GHOST_TRIP_EXECUTION_PATTERN,Mau thuc thi ghost trip,"Cap nay co dau hieu thuc thi ghost trip, voi nhieu chuyen nghi ngo gia lap hoac quay dau phi thuc te.",86.7
e6226a83e74cde2c,31e9d70f116f13a0,8,0,14,8,xanhsm_bike_sg,Thành phố Hồ Chí Minh,0.5714285714285714,1.0,0.0,xanhsm_bike_sg|Thành phố Hồ Chí Minh,3.0,1.0,0.25,0.5,0.5714,0.25,0.4286,0.9163,6.0,0.8889,True,0.3927,61.6,61.6,12375.0,99000.0,17000.0,1,2026-07-25,Thành phố Hồ Chí Minh,5.883333333333334,"Xã Bình Mỹ, Thành phố Hồ Chí Minh, Việt Nam -> Xã Bình Mỹ, Thành phố Hồ Chí Minh, Việt Nam",4,0.5,False,0.0,0.7127,0.5,0.4444,30.27,44.37,36.98,35.18,35.63,0,0,0,0,0,ride_component_14,1,0,0.0,0,0,0.0,0.0,35.63,60.11,33.93,50.99,0.0,REPEATED_LOCKED_PAIR,Cap lap lai va phu thuoc bat thuong,Tai xe va khach hang di voi nhau nhieu lan va co muc do phu thuoc bat thuong so voi hanh vi thong thuong.,60.11,Cap lap lai va phu thuoc bat thuong,KB-C_EXTREME_VOLUME,REPEATED_LOCKED_PAIR,Cap lap lai va phu thuoc bat thuong,Tai xe va khach hang di voi nhau nhieu lan va co muc do phu thuoc bat thuong so voi hanh vi thong thuong.,60.11
92f702e5a686b9c4,8db2e31deb571a3d,22,22,47,22,xanhsm_bike_hn,Thành phố Hà Nội,0.46808510638297873,1.0,1.0,xanhsm_bike_hn|Thành phố Hà Nội,3.0,1.0,0.25,0.5,0.4681,0.25,0.2908,1.0,6.0,1.0,True,0.2908,60.99,60.99,23454.545454545456,516000.0,0.0,1,2026-07-25,Thành phố Hà Nội,0.5333333333333333,"Phường Việt Hưng, Thành Phố Hà Nội, Việt Nam -> 27 Cổ Linh, Phường Long Biên, Thành Phố Hà Nội, Việt Nam",4,0.18181818181818182,True,1.0,0.7421,0.875,0.125,74.76,68.57,49.5,67.07,62.68,0,0,4,5,1,ride_component_15,5,4,0.4,3,3,76.67,60.4,62.68,58.86,78.44,43.99,59.72,GHOST_TRIP_EXECUTION_PATTERN,Mau thuc thi ghost trip,"Cap nay co dau hieu thuc thi ghost trip, voi nhieu chuyen nghi ngo gia lap hoac quay dau phi thuc te.",78.44,Cap lap lai va phu thuoc bat thuong | Mau lien ket theo mang | Mau thuc thi ghost trip,KB-C_EXTREME_VOLUME | KB-C_SUSPICIOUS_COMPONENT | KB-C_HIGH_GHOST_RATE | KB-C_SUPERFAST_GAP,GHOST_TRIP_EXECUTION_PATTERN,Mau thuc thi ghost trip,"Cap nay co dau hieu thuc thi ghost trip, voi nhieu chuyen nghi ngo gia lap hoac quay dau phi thuc te.",78.44
ba1d56f7a69fa168,00439b9754480c93,6,0,6,6,xanh_premium,Tỉnh Lào Cai,1.0,1.0,0.0,xanh_premium|Tỉnh Lào Cai,5.949799999999982,1.0,0.5,0.5,1.0,0.5,1.0,0.8115,6.0,0.3361,True,0.8115,59.76,59.76,162166.66666666666,973000.0,93000.0,1,2026-07-25,Tỉnh Lào Cai,12.9,"36F2+CHJ, Xã Văn Bàn, Tỉnh Lào Cai, Việt Nam -> Lào Cai",1,0.16666666666666666,False,0.0,0.449,1.0,0.0,13.47,34.3,69.83,28.27,38.66,0,3,0,0,0,ride_component_16,1,0,0.0,0,0,10.81,6.48,38.66,61.18,17.74,27.11,3.56,REPEATED_LOCKED_PAIR,Cap lap lai va phu thuoc bat thuong,Tai xe va khach hang di voi nhau nhieu lan va co muc do phu thuoc bat thuong so voi hanh vi thong thuong.,61.18,,,,,,
1e4737f08bc6973b,97b643afb51ff31a,6,0,6,6,xanh_premium,Tỉnh Tây Ninh,1.0,1.0,0.0,xanh_premium|Tỉnh Tây Ninh,6.0,1.0,0.5,0.5,1.0,0.5,1.0,0.8115,6.0,0.3333,True,0.8115,59.63,59.63,36833.333333333336,221000.0,20000.0,1,2026-07-25,Tỉnh Tây Ninh,6.9,"Cẩm Giàng, Gò Dầu, Tây Ninh -> Xã Thạnh Đức, Tỉnh Tây Ninh, Việt Nam",1,0.16666666666666666,False,0.0,0.589,1.0,0.0,17.67,36.55,34.23,29.87,30.96,0,1,1,0,0,ride_component_17,1,0,0.0,0,0,8.57,5.24,30.96,61.07,23.27,29.89,2.88,REPEATED_LOCKED_PAIR,Cap lap lai va phu thuoc bat thuong,Tai xe va khach hang di voi nhau nhieu lan va co muc do phu thuoc bat thuong so voi hanh vi thong thuong.,61.07,,,,,,
4c743e88cf802adf,9aa4a0ccccf9e4d3,6,0,6,6,xanh_car,Tỉnh Bến Tre,1.0,1.0,0.0,xanh_car|Tỉnh Bến Tre,6.0,1.0,0.5,0.5,1.0,0.5,1.0,0.8115,6.0,0.3333,True,0.8115,59.63,59.63,153166.66666666666,919000.0,63000.0,1,2026-07-25,Tỉnh Bến Tre,21.633333333333333,"57C QL. 57C, Xã Tiên Thủy, Tỉnh Vĩnh Long, Việt Nam -> Quốc lộ 57B, Xã Tân Phú, Tỉnh Vĩnh Long, Việt Nam",1,0.16666666666666666,False,0.0,0.2452,1.0,0.0,7.36,30.88,62.63,24.81,34.26,0,1,0,0,0,ride_component_18,1,0,0.0,0,0,5.4,3.14,34.26,61.07,9.69,23.02,1.73,REPEATED_LOCKED_PAIR,Cap lap lai va phu thuoc bat thuong,Tai xe va khach hang di voi nhau nhieu lan va co muc do phu thuoc bat thuong so voi hanh vi thong thuong.,61.07,,,,,,
845edc919dee8d2e,d0dba09514e71a2b,6,0,6,6,xanh_limo_6_cho,Thành phố Hồ Chí Minh,1.0,1.0,0.0,xanh_limo_6_cho|Thành phố Hồ Chí Minh,6.0,1.0,0.5,0.5,1.0,0.5,1.0,0.8115,6.0,0.3333,True,0.8115,59.63,59.63,197500.0,1185000.0,145000.0,1,2026-07-25,Thành phố Hồ Chí Minh,40.46666666666667,"24, Phường Cát Lái, Thành phố Hồ Chí Minh, Việt Nam -> Phường Long Bình, Thành phố Hồ Chí Minh, Việt Nam",1,0.16666666666666666,False,0.0,0.05,1.0,0.0,1.5,27.66,78.68,22.15,36.28,0,1,0,0,0,ride_component_19,1,0,0.0,0,0,5.4,3.04,36.28,61.07,1.98,19.11,1.67,REPEATED_LOCKED_PAIR,Cap lap lai va phu thuoc bat thuong,Tai xe va khach hang di voi nhau nhieu lan va co muc do phu thuoc bat thuong so voi hanh vi thong thuong.,61.07,,,,,,
9c93e0c8cc8a3817,2f16d5c12ed95d2f,6,0,6,6,xanh_premium,Tỉnh Tây Ninh,1.0,1.0,0.0,xanh_premium|Tỉnh Tây Ninh,6.0,1.0,0.5,0.5,1.0,0.5,1.0,0.8115,6.0,0.3333,True,0.8115,59.63,59.63,34000.0,204000.0,0.0,1,2026-07-25,Tỉnh Tây Ninh,7.95,"795B Đường DNTN Trường Phát, Xã Tân Hòa, Tỉnh Tây Ninh, Việt Nam -> 795B Quán Ăn Quỳnh Anh, Xã Tân Hòa, Tỉnh Tây Ninh, Việt Nam",1,0.16666666666666666,False,0.0,0.5645,0.5,0.1666,20.27,37.98,25.87,30.66,29.46,0,0,0,1,0,ride_component_20,1,0,0.0,0,0,5.4,3.35,29.46,61.07,24.47,29.4,1.84,REPEATED_LOCKED_PAIR,Cap lap lai va phu thuoc bat thuong,Tai xe va khach hang di voi nhau nhieu lan va co muc do phu thuoc bat thuong so voi hanh vi thong thuong.,61.07,,,,,,
92f702e5a686b9c4,be5cc6d64ed50de0,20,20,47,20,xanhsm_bike_hn,Thành phố Hà Nội,0.425531914893617,1.0,1.0,xanhsm_bike_hn|Thành phố Hà Nội,3.0,1.0,0.25,0.5,0.4255,0.25,0.234,1.0,6.0,1.0,True,0.234,57.87,57.87,17100.0,342000.0,19000.0,1,2026-07-25,Thành phố Hà Nội,0.4666666666666667,"Phường Việt Hưng, Thành Phố Hà Nội, Việt Nam -> Phường Việt Hưng, Thành Phố Hà Nội, Việt Nam",7,0.35,True,1.0,0.7941,0.75,0.25,78.82,69.39,51.6,66.98,63.14,0,1,3,3,2,ride_component_15,5,4,0.4,3,2,71.35,56.3,63.14,55.57,82.12,53.81,54.97,GHOST_TRIP_EXECUTION_PATTERN,Mau thuc thi ghost trip,"Cap nay co dau hieu thuc thi ghost trip, voi nhieu chuyen nghi ngo gia lap hoac quay dau phi thuc te.",82.12,Cap lap lai va phu thuoc bat thuong | Mau lien ket theo mang | Mau thuc thi ghost trip,KB-C_EXTREME_VOLUME | KB-C_SUSPICIOUS_COMPONENT | KB-C_HIGH_GHOST_RATE | KB-C_SUPERFAST_GAP,GHOST_TRIP_EXECUTION_PATTERN,Mau thuc thi ghost trip,"Cap nay co dau hieu thuc thi ghost trip, voi nhieu chuyen nghi ngo gia lap hoac quay dau phi thuc te.",82.12
11e4996e955e9754,c74aa8d733e635a5,19,1,26,19,xanh_premium,Tỉnh Quảng Ninh,0.7307692307692307,1.0,0.05263157894736842,xanh_premium|Tỉnh Quảng Ninh,14.923600000000079,1.0,0.1111111111111111,0.5,0.7308,0.1111,0.6971,1.0,6.0,0.4244,True,0.6971,57.44,57.44,37368.42105263158,710000.0,77000.0,1,2026-07-25,Tỉnh Quảng Ninh,2.2666666666666666,"Đặc khu Vân Đồn, Tỉnh Quảng Ninh, Việt Nam -> Đặc khu Vân Đồn, Tỉnh Quảng Ninh, Việt Nam",4,0.21052631578947367,False,0.0526,0.7103,1.0,0.0,23.94,39.01,65.0,32.44,40.58,0,1,2,1,0,ride_component_21,1,0,0.0,0,0,12.55,7.82,40.58,58.26,30.56,34.93,4.3,REPEATED_LOCKED_PAIR,Cap lap lai va phu thuoc bat thuong,Tai xe va khach hang di voi nhau nhieu lan va co muc do phu thuoc bat thuong so voi hanh vi thong thuong.,58.26,Cap lap lai va phu thuoc bat thuong,KB-C_EXTREME_VOLUME | KB-C_TIGHT_PAIR_SHARE,REPEATED_LOCKED_PAIR,Cap lap lai va phu thuoc bat thuong,Tai xe va khach hang di voi nhau nhieu lan va co muc do phu thuoc bat thuong so voi hanh vi thong thuong.,58.26
ee7d2f2cc6da651a,75ef7cb28c1d698d,7,0,8,7,xanh_car,Tỉnh Bình Dương,0.875,1.0,0.0,xanh_car|Tỉnh Bình Dương,5.641600000002654,0.9999,0.3333333333333333,0.5,0.875,0.3333,0.8125,0.8672,6.0,0.4136,True,0.7046,57.36,57.36,304428.5714285714,2131000.0,66000.0,1,2026-07-25,Tỉnh Bình Dương,16.233333333333334,"147/1 Đường Đặng Thúc Vịnh, Xã Đông Thạnh, Thành phố Hồ Chí Minh, Việt Nam -> ĐT744, Phường Tây Nam, Thành Phố Hồ Chí Minh, Việt Nam",1,0.14285714285714285,False,0.0,0.3641,1.0,0.0,10.92,31.82,73.61,25.99,37.89,0,0,2,0,0,ride_component_22,1,0,0.0,0,0,8.57,5.0,37.89,58.23,14.38,23.74,2.75,REPEATED_LOCKED_PAIR,Cap lap lai va phu thuoc bat thuong,Tai xe va khach hang di voi nhau nhieu lan va co muc do phu thuoc bat thuong so voi hanh vi thong thuong.,58.23,,,,,,
86b00492040445a8,7b650054b148d09c,5,0,5,5,green_mini_3_khach,Thành phố Hà Nội,1.0,1.0,0.0,green_mini_3_khach|Thành phố Hà Nội,4.712499999999636,0.9999,0.5,0.5,1.0,0.5,1.0,0.7472,6.0,0.3537,True,0.7472,57.01,57.01,66400.0,332000.0,0.0,1,2026-07-25,Thành phố Hà Nội,21.666666666666668,"A32 Phố Lưu Khánh Đàm, Phường Việt Hưng, Thành Phố Hà Nội, Việt Nam -> 441 Đường Bát Khối, Long Biên, Thành phố Hà Nội, Việt Nam",1,0.2,False,0.0,0.2544,1.0,0.0,7.63,29.85,30.69,30.2,30.32,0,0,1,2,1,ride_component_15,5,4,0.4,3,1,59.49,34.05,30.32,58.19,10.05,20.53,40.23,REPEATED_LOCKED_PAIR,Cap lap lai va phu thuoc bat thuong,Tai xe va khach hang di voi nhau nhieu lan va co muc do phu thuoc bat thuong so voi hanh vi thong thuong.,58.19,,,,,,
94aa5e3e1edaecf6,75557b4b149ebca8,15,15,19,15,xanh_car_just_taxi,Tỉnh Vĩnh Phúc,0.7894736842105263,1.0,1.0,xanh_car_just_taxi|Tỉnh Vĩnh Phúc,14.23489999999947,1.0,0.16666666666666666,0.5,0.7895,0.1667,0.7474,1.0,6.0,0.3512,True,0.7474,56.91,56.91,12000.0,180000.0,0.0,1,2026-07-25,Tỉnh Vĩnh Phúc,0.31666666666666665,"Đường Tỉnh 305b, Khu phố 2, Xã Bình Nguyên, Tỉnh Phú Thọ, Việt Nam -> location_address_display (0.000000, 0.000000)",10,0.6666666666666666,True,1.0,0.8926,1.0,0.0,76.78,67.84,25.34,55.31,47.82,0,0,0,1,0,ride_component_23,1,0,0.0,0,0,5.4,4.21,47.82,58.1,82.76,73.06,2.32,GHOST_TRIP_EXECUTION_PATTERN,Mau thuc thi ghost trip,"Cap nay co dau hieu thuc thi ghost trip, voi nhieu chuyen nghi ngo gia lap hoac quay dau phi thuc te.",82.76,Cap lap lai va phu thuoc bat thuong | Mau thuc thi ghost trip,KB-C_EXTREME_VOLUME | KB-C_TIGHT_PAIR_SHARE | KB-C_HIGH_GHOST_RATE | KB-C_SUPERFAST_GAP,GHOST_TRIP_EXECUTION_PATTERN,Mau thuc thi ghost trip,"Cap nay co dau hieu thuc thi ghost trip, voi nhieu chuyen nghi ngo gia lap hoac quay dau phi thuc te.",82.76
6d751100d503db41,c27c3792b4b001f1,5,0,5,5,xanh_car,Tỉnh Quảng Trị,1.0,1.0,0.0,xanh_car|Tỉnh Quảng Trị,4.7543000000000575,1.0,0.5,0.5,1.0,0.5,1.0,0.7472,6.0,0.3506,True,0.7472,56.87,56.87,138000.0,690000.0,57000.0,1,2026-07-25,Tỉnh Quảng Trị,35.78333333333333,"92 Đường Lê Lợi, Xã Khe Sanh, Tỉnh Quảng Trị, Việt Nam -> 51 Quốc lộ 9, Xã Lao Bảo, Tỉnh Quảng Trị, Việt Nam",1,0.2,False,0.0,0.06,1.0,0.0,1.8,26.58,57.26,20.71,29.85,0,0,0,0,0,ride_component_24,1,0,0.0,0,0,0.0,0.0,29.85,58.06,2.37,17.28,0.0,REPEATED_LOCKED_PAIR,Cap lap lai va phu thuoc bat thuong,Tai xe va khach hang di voi nhau nhieu lan va co muc do phu thuoc bat thuong so voi hanh vi thong thuong.,58.06,,,,,,
394dfaf1a226cd50,be192b8458b80ded,5,0,5,5,xanh_premium,Tỉnh Gia Lai,1.0,1.0,0.0,xanh_premium|Tỉnh Gia Lai,4.886099999999942,1.0,0.5,0.5,1.0,0.5,1.0,0.7472,6.0,0.3411,True,0.7472,56.45,56.45,24000.0,120000.0,0.0,1,2026-07-25,Tỉnh Gia Lai,1.4833333333333334,"Xã Phú Thiện, Tỉnh Gia Lai, Việt Nam -> Xã Chư A Thai, Tỉnh Gia Lai, Việt Nam",3,0.6,False,0.0,0.8454,1.0,0.0,25.36,39.35,21.91,31.17,28.86,0,0,0,0,0,ride_component_25,1,0,0.0,0,0,0.0,0.0,28.86,57.67,33.39,48.65,0.0,REPEATED_LOCKED_PAIR,Cap lap lai va phu thuoc bat thuong,Tai xe va khach hang di voi nhau nhieu lan va co muc do phu thuoc bat thuong so voi hanh vi thong thuong.,57.67,,,,,,
074f9586d4df4699,e86bb846ddac97d1,5,0,5,5,xanh_limo,Thành phố Hà Nội,1.0,1.0,0.0,xanh_limo|Thành phố Hà Nội,4.972199999999987,1.0,0.5,0.5,1.0,0.5,1.0,0.7472,6.0,0.3352,True,0.7472,56.18,56.18,341400.0,1707000.0,171000.0,1,2026-07-25,Thành phố Hà Nội,124.6,"Thành phố Hà Nội -> 26 Phố Hàng Thùng, Phường Hoàn Kiếm, Thành phố Hà Nội, Việt Nam",1,0.2,False,0.0,0.06,1.0,0.0,1.8,26.27,82.12,21.42,36.6,0,0,1,1,0,ride_component_26,1,0,0.0,0,0,8.57,4.73,36.6,57.42,2.37,17.19,2.6,REPEATED_LOCKED_PAIR,Cap lap lai va phu thuoc bat thuong,Tai xe va khach hang di voi nhau nhieu lan va co muc do phu thuoc bat thuong so voi hanh vi thong thuong.,57.42,,,,,,
06718a3e562c80cf,ba8e61e596228d44,5,0,5,5,xanh_car,Thành phố Hồ Chí Minh,1.0,1.0,0.0,xanh_car|Thành phố Hồ Chí Minh,5.0,0.9999,0.5,0.5,1.0,0.5,1.0,0.7472,6.0,0.3333,True,0.7472,56.09,56.09,445600.0,2228000.0,69000.0,1,2026-07-25,Thành phố Hồ Chí Minh,75.65,"24 Đường Huỳnh Thanh Mừng, Phường Long Hoa, Tỉnh Tây Ninh, Việt Nam -> Xã An Nhơn Tây, Thành phố Hồ Chí Minh, Việt Nam",1,0.2,False,0.0,0.06,1.0,0.0,1.8,26.23,74.19,21.39,34.59,0,1,1,0,0,ride_component_27,1,0,0.0,0,0,8.57,4.73,34.59,57.33,2.37,17.18,2.6,REPEATED_LOCKED_PAIR,Cap lap lai va phu thuoc bat thuong,Tai xe va khach hang di voi nhau nhieu lan va co muc do phu thuoc bat thuong so voi hanh vi thong thuong.,57.33,,,,,,
3a4aed90b82ff238,447a97981e462212,5,0,5,5,xanh_car,Tỉnh Khánh Hòa,1.0,1.0,0.0,xanh_car|Tỉnh Khánh Hòa,5.0,0.9999,0.5,0.5,1.0,0.5,1.0,0.7472,6.0,0.3333,True,0.7472,56.09,56.09,121800.0,609000.0,0.0,1,2026-07-25,Tỉnh Khánh Hòa,44.15,"Phường Nam Nha Trang, Tỉnh Khánh Hòa, Việt Nam -> 1, Phường Nha Trang, Tỉnh Khánh Hòa, Việt Nam",2,0.4,False,0.0,0.12,1.0,0.0,3.6,27.22,37.63,21.85,25.8,0,0,1,0,0,ride_component_28,1,0,0.0,0,0,5.4,3.01,25.8,57.33,4.74,27.34,1.66,REPEATED_LOCKED_PAIR,Cap lap lai va phu thuoc bat thuong,Tai xe va khach hang di voi nhau nhieu lan va co muc do phu thuoc bat thuong so voi hanh vi thong thuong.,57.33,,,,,,
78fb6eb940074087,d400656c0c8e9fda,5,0,5,5,xanh_car,Thành phố Hồ Chí Minh,1.0,1.0,0.0,xanh_car|Thành phố Hồ Chí Minh,5.0,0.9999,0.5,0.5,1.0,0.5,1.0,0.7472,6.0,0.3333,True,0.7472,56.09,56.09,194400.0,972000.0,97000.0,1,2026-07-25,Thành phố Hồ Chí Minh,29.633333333333333,"Phường An Khánh, Thành Phố Hồ Chí Minh, Việt Nam -> Phường Cầu Kiệu, Thành Phố Hồ Chí Minh, Việt Nam",1,0.2,False,0.0,0.0686,0.5556,0.1481,5.02,28.0,70.24,21.89,33.98,0,0,0,0,0,ride_component_29,1,0,0.0,0,0,0.0,0.0,33.98,57.33,4.64,17.32,0.0,REPEATED_LOCKED_PAIR,Cap lap lai va phu thuoc bat thuong,Tai xe va khach hang di voi nhau nhieu lan va co muc do phu thuoc bat thuong so voi hanh vi thong thuong.,57.33,,,,,,
8fb624c2bb3ff2ea,684e6729767b72c6,5,0,5,5,xanh_car,Thành phố Hà Nội,1.0,1.0,0.0,xanh_car|Thành phố Hà Nội,5.0,0.9999,0.5,0.5,1.0,0.5,1.0,0.7472,6.0,0.3333,True,0.7472,56.09,56.09,134400.0,672000.0,104000.0,1,2026-07-25,Thành phố Hà Nội,27.483333333333334,"427B Đường tỉnh 427, Xã Thường Tín, Thành phố Hà Nội, Việt Nam -> Khu Cầu Dừa, Xã Thường Tín, Thành phố Hà Nội, Việt Nam",1,0.2,False,0.0,0.1187,0.7143,0.0952,5.47,28.25,64.82,22.09,32.77,0,0,0,0,0,ride_component_30,1,0,0.0,0,0,0.0,0.0,32.77,57.33,5.93,18.16,0.0,REPEATED_LOCKED_PAIR,Cap lap lai va phu thuoc bat thuong,Tai xe va khach hang di voi nhau nhieu lan va co muc do phu thuoc bat thuong so voi hanh vi thong thuong.,57.33,,,,,,
97e064518e105a83,65cc0724efd3100e,5,0,5,5,xanh_car,Tỉnh Bình Phước,1.0,1.0,0.0,xanh_car|Tỉnh Bình Phước,5.0,1.0,0.5,0.5,1.0,0.5,1.0,0.7472,6.0,0.3333,True,0.7472,56.09,56.09,287200.0,1436000.0,109000.0,1,2026-07-25,Tỉnh Bình Phước,188.83333333333334,"Thôn 4, Xã Bù Đăng, Tỉnh Đồng Nai, Việt Nam -> Đường Phú Riềng Đỏ, Phường Bình Phước, Tỉnh Đồng Nai, Việt Nam",1,0.2,False,0.0,0.06,1.0,0.0,1.8,26.23,77.13,21.83,35.66,0,2,1,1,0,ride_component_31,1,0,0.0,0,0,12.55,6.92,35.66,57.33,2.37,17.18,3.81,REPEATED_LOCKED_PAIR,Cap lap lai va phu thuoc bat thuong,Tai xe va khach hang di voi nhau nhieu lan va co muc do phu thuoc bat thuong so voi hanh vi thong thuong.,57.33,,,,,,
a0c412cd21df1b81,6665d84c1b184600,5,2,5,5,xanh_car,Thành phố Hà Nội,1.0,1.0,0.4,xanh_car|Thành phố Hà Nội,5.0,0.9999,0.5,0.5,1.0,0.5,1.0,0.7472,6.0,0.3333,True,0.7472,56.09,56.09,29800.0,149000.0,16000.0,1,2026-07-25,Thành phố Hà Nội,3.966666666666667,"35 Đường Tân Mai, Phường Tương Mai, Thành Phố Hà Nội, Việt Nam -> Phường Hoàng Mai, Thành Phố Hà Nội, Việt Nam",1,0.2,False,0.4,0.6674,0.1429,0.2857,45.74,50.4,28.43,47.3,42.58,0,0,1,2,0,ride_component_32,2,1,1.0,2,1,51.85,35.44,42.58,57.33,49.08,30.63,41.99,REPEATED_LOCKED_PAIR,Cap lap lai va phu thuoc bat thuong,Tai xe va khach hang di voi nhau nhieu lan va co muc do phu thuoc bat thuong so voi hanh vi thong thuong.,57.33,,,,,,
bf4edf19baaeff47,d390de801deea400,5,4,5,5,xanh_car,Thành phố Hồ Chí Minh,1.0,1.0,0.8,xanh_car|Thành phố Hồ Chí Minh,5.0,0.9999,0.5,0.5,1.0,0.5,1.0,0.7472,6.0,0.3333,True,0.7472,56.09,56.09,209600.0,1048000.0,120000.0,1,2026-07-25,Thành phố Hồ Chí Minh,0.6666666666666666,"Đường Tô Hiến Thành, Phường Hòa Hưng, Thành phố Hồ Chí Minh, Việt Nam -> 92-94 nam kỳ khởi nghĩa, Phường Sài Gòn, Thành phố Hồ Chí Minh",4,0.8,True,0.8,0.9244,0.6667,0.1111,69.96,63.72,75.03,52.41,58.06,0,1,0,1,0,ride_component_33,1,0,0.0,0,0,8.57,6.48,58.06,57.33,75.96,65.75,3.56,GHOST_TRIP_EXECUTION_PATTERN,Mau thuc thi ghost trip,"Cap nay co dau hieu thuc thi ghost trip, voi nhieu chuyen nghi ngo gia lap hoac quay dau phi thuc te.",75.96,Mau thuc thi ghost trip,KB-C_HIGH_GHOST_RATE,GHOST_TRIP_EXECUTION_PATTERN,Mau thuc thi ghost trip,"Cap nay co dau hieu thuc thi ghost trip, voi nhieu chuyen nghi ngo gia lap hoac quay dau phi thuc te.",75.96
dcb2640e29d8f5a8,99bd1393f204bc20,5,0,5,5,xanh_car,Thành phố Hồ Chí Minh,1.0,1.0,0.0,xanh_car|Thành phố Hồ Chí Minh,5.0,0.9999,0.5,0.5,1.0,0.5,1.0,0.7472,6.0,0.3333,True,0.7472,56.09,56.09,250200.0,1251000.0,264000.0,1,2026-07-25,Thành phố Hồ Chí Minh,109.76666666666667,"304A Quang Trung, Phường Thông Tây Hội, Thành phố Hồ Chí Minh -> Đường Huỳnh Tấn Phát, Xã Nhà Bè, Thành phố Hồ Chí Minh, Việt Nam",1,0.2,False,0.0,0.06,0.7778,0.0741,3.28,27.05,81.62,21.11,36.24,0,0,0,0,0,ride_component_34,1,0,0.0,0,0,0.0,0.0,36.24,57.33,3.33,17.18,0.0,REPEATED_LOCKED_PAIR,Cap lap lai va phu thuoc bat thuong,Tai xe va khach hang di voi nhau nhieu lan va co muc do phu thuoc bat thuong so voi hanh vi thong thuong.,57.33,,,,,,
eb8c41f66161961b,b7dd56ceaf413ae5,5,0,5,5,xanh_limo_6_cho,Tỉnh Đồng Nai,1.0,1.0,0.0,xanh_limo_6_cho|Tỉnh Đồng Nai,5.0,1.0,0.5,0.5,1.0,0.5,1.0,0.7472,6.0,0.3333,True,0.7472,56.09,56.09,194400.0,972000.0,188000.0,1,2026-07-25,Tỉnh Đồng Nai,18.3,"Xã Nhơn Trạch, Tỉnh Đồng Nai, Việt Nam -> 1141 Đường Lý Thái Tổ, Xã Nhơn Trạch, Tỉnh Đồng Nai, Việt Nam",1,0.2,False,0.0,0.333,1.0,0.0,9.99,30.74,77.04,24.75,37.82,0,0,0,1,0,ride_component_35,1,0,0.0,0,0,5.4,3.11,37.82,57.33,13.15,21.73,1.71,REPEATED_LOCKED_PAIR,Cap lap lai va phu thuoc bat thuong,Tai xe va khach hang di voi nhau nhieu lan va co muc do phu thuoc bat thuong so voi hanh vi thong thuong.,57.33,,,,,,
ff2aab389ff893f1,8eaca646a9a3c452,5,2,5,5,xanh_car,Tỉnh Phú Yên,1.0,1.0,0.4,xanh_car|Tỉnh Phú Yên,5.0,1.0,0.5,0.5,1.0,0.5,1.0,0.7472,6.0,0.3333,True,0.7472,56.09,56.09,91000.0,455000.0,67000.0,1,2026-07-25,Tỉnh Phú Yên,49.63333333333333,"673P+H74, Gia sơn, Road, Xã Tuy An Nam, Tỉnh Đắk Lắk, Việt Nam -> Thôn Long Thủy, Phường Bình Kiến, Tỉnh Đắk Lắk, Việt Nam",2,0.4,False,0.4,0.12,1.0,0.0,23.6,38.22,56.16,30.25,36.73,0,0,0,0,0,ride_component_36,1,0,0.0,0,0,0.0,0.0,36.73,57.33,23.74,30.68,0.0,REPEATED_LOCKED_PAIR,Cap lap lai va phu thuoc bat thuong,Tai xe va khach hang di voi nhau nhieu lan va co muc do phu thuoc bat thuong so voi hanh vi thong thuong.,57.33,,,,,,
b050dcf14f1ea16b,67f5534bf105be4c,5,1,6,5,xanhsm_bike_sg,Thành phố Hồ Chí Minh,0.8333333333333334,1.0,0.2,xanhsm_bike_sg|Thành phố Hồ Chí Minh,3.0,1.0,0.3333333333333333,0.5,0.8333,0.3333,0.75,0.7472,6.0,0.5556,True,0.5604,55.82,55.82,21200.0,106000.0,18000.0,1,2026-07-25,Thành phố Hồ Chí Minh,2.0166666666666666,"tổ 72, khu phố 6, Phường Đông Hưng Thuận, Thành phố Hồ Chí Minh, Việt Nam -> 52-54 Đường Tây Thạnh, Phường Tây Thạnh, Thành phố Hồ Chí Minh, Việt Nam",2,0.4,False,0.2,0.7729,0.6667,0.1852,36.89,45.41,32.04,37.26,35.96,0,1,1,0,0,ride_component_37,1,0,0.0,0,0,8.57,5.62,35.96,55.84,42.44,39.86,3.09,REPEATED_LOCKED_PAIR,Cap lap lai va phu thuoc bat thuong,Tai xe va khach hang di voi nhau nhieu lan va co muc do phu thuoc bat thuong so voi hanh vi thong thuong.,55.84,,,,,,
d0cbd5169a6537fb,96d32eba1a11ea52,7,4,7,8,xanh_car,Tỉnh Thừa Thiên Huế,1.0,0.875,0.5714285714285714,xanh_car|Tỉnh Thừa Thiên Huế,6.203000000000429,1.0,0.5,0.3333333333333333,0.875,0.3333,0.8125,0.8672,6.0,0.3762,True,0.7046,55.68,55.68,148428.57142857142,1039000.0,122000.0,1,2026-07-25,Tỉnh Thừa Thiên Huế,32.983333333333334,"Phong Điền, Thừa Thiên Huế -> Quốc Lộ 1A, Phường Phong Thái, Thành phố Huế, Việt Nam",1,0.14285714285714285,True,0.5714,0.0429,1.0,0.0,29.86,41.48,76.35,33.61,44.3,0,1,0,0,0,ride_component_38,1,0,0.0,0,0,5.4,3.43,44.3,56.67,28.84,22.78,1.89,GHOST_TRIP_EXECUTION_PATTERN,Mau thuc thi ghost trip,"Cap nay co dau hieu thuc thi ghost trip, voi nhieu chuyen nghi ngo gia lap hoac quay dau phi thuc te.",28.84,Mau thuc thi ghost trip,KB-C_HIGH_GHOST_RATE,GHOST_TRIP_EXECUTION_PATTERN,Mau thuc thi ghost trip,"Cap nay co dau hieu thuc thi ghost trip, voi nhieu chuyen nghi ngo gia lap hoac quay dau phi thuc te.",28.84
20e8caf803a6664b,0f1e67036bd750aa,7,0,9,7,xanh_car,Thành phố Hà Nội,0.7777777777777778,1.0,0.0,xanh_car|Thành phố Hà Nội,5.0,1.0,0.25,0.5,0.7778,0.25,0.7037,0.8672,6.0,0.4667,True,0.6102,54.56,54.56,109428.57142857143,766000.0,80000.0,1,2026-07-25,Thành phố Hà Nội,37.71666666666667,"16 Đường làng, Xã Ngọc Hồi, Thành Phố Hà Nội, Việt Nam -> Km 2500 Đường Phan Trọng Tuệ, Phường Thanh Liệt, Thành Phố Hà Nội, Việt Nam",1,0.14285714285714285,False,0.0,0.0429,0.4286,0.2667,6.62,28.19,67.11,22.68,33.79,0,1,0,0,0,ride_component_39,1,0,0.0,0,0,5.4,3.03,33.79,54.99,5.16,16.9,1.67,REPEATED_LOCKED_PAIR,Cap lap lai va phu thuoc bat thuong,Tai xe va khach hang di voi nhau nhieu lan va co muc do phu thuoc bat thuong so voi hanh vi thong thuong.,54.99,,,,,,
2a4e33baa4d7b717,aa780d10917e10db,10,0,13,11,xanh_premium,Tỉnh Thừa Thiên Huế,0.7692307692307693,0.9090909090909091,0.0,xanh_premium|Tỉnh Thừa Thiên Huế,9.766399999999976,1.0,0.2,0.3333333333333333,0.7692,0.2,0.7115,1.0,6.0,0.3413,True,0.7115,54.49,54.49,147500.0,1475000.0,178000.0,1,2026-07-25,Tỉnh Thừa Thiên Huế,23.833333333333332,"8 Đường Võ Nguyên Giáp, Phường An Cựu, Thành Phố Huế, Việt Nam -> H. Phú Vang, P.Thuận An, TP.Huế, 49000, Vietnam",1,0.1,False,0.0,0.1739,1.0,0.0,5.22,27.39,82.12,22.02,37.04,0,1,0,0,0,ride_component_40,1,0,0.0,0,0,5.4,3.0,37.04,55.6,6.87,17.15,1.65,REPEATED_LOCKED_PAIR,Cap lap lai va phu thuoc bat thuong,Tai xe va khach hang di voi nhau nhieu lan va co muc do phu thuoc bat thuong so voi hanh vi thong thuong.,55.6,Cap lap lai va phu thuoc bat thuong,KB-C_EXTREME_VOLUME | KB-C_TIGHT_PAIR_SHARE,REPEATED_LOCKED_PAIR,Cap lap lai va phu thuoc bat thuong,Tai xe va khach hang di voi nhau nhieu lan va co muc do phu thuoc bat thuong so voi hanh vi thong thuong.,55.6
7e81267e27eedf95,27e1e70114f032c9,7,0,8,7,xanh_premium,Tỉnh Ninh Bình,0.875,1.0,0.0,xanh_premium|Tỉnh Ninh Bình,6.919099999999958,1.0,0.3333333333333333,0.5,0.875,0.3333,0.8125,0.8672,6.0,0.3372,True,0.7046,53.93,53.93,30000.0,210000.0,18000.0,1,2026-07-25,Tỉnh Ninh Bình,40.71666666666667,"Phường Tam Điệp, Tỉnh Ninh Bình, Việt Nam -> Phường Trung Sơn, Tỉnh Ninh Bình, Việt Nam",3,0.42857142857142855,False,0.0,0.1286,1.0,0.0,3.86,26.39,32.96,21.8,24.59,0,2,1,0,0,ride_component_41,1,0,0.0,0,0,10.81,5.95,24.59,55.03,5.08,34.23,3.27,REPEATED_LOCKED_PAIR,Cap lap lai va phu thuoc bat thuong,Tai xe va khach hang di voi nhau nhieu lan va co muc do phu thuoc bat thuong so voi hanh vi thong thuong.,55.03,,,,,,
026fa1df0400381e,2f529746d2487190,6,0,7,6,xanh_car,Thành phố Hà Nội,0.8571428571428571,1.0,0.0,xanh_car|Thành phố Hà Nội,5.0,1.0,0.3333333333333333,0.5,0.8571,0.3333,0.7857,0.8115,6.0,0.4,True,0.6376,53.07,53.07,232833.33333333334,1397000.0,110000.0,1,2026-07-25,Thành phố Hà Nội,89.83333333333333,"18 Ngõ 879 Đường La Thành, Phường Láng, Thành phố Hà Nội, Việt Nam -> Dt 419, Xã Thạch Thất, Thành phố Hà Nội, Việt Nam",1,0.16666666666666666,False,0.0,0.05,1.0,0.0,1.5,24.71,78.25,19.83,34.44,0,1,0,0,0,ride_component_42,1,0,0.0,0,0,5.4,2.92,34.44,53.78,1.98,18.13,1.61,REPEATED_LOCKED_PAIR,Cap lap lai va phu thuoc bat thuong,Tai xe va khach hang di voi nhau nhieu lan va co muc do phu thuoc bat thuong so voi hanh vi thong thuong.,53.78,,,,,,
70682167ad9e5e85,647ad38bdd7f41c9,11,0,15,11,xanh_premium,Tỉnh Bình Phước,0.7333333333333333,1.0,0.0,xanh_premium|Tỉnh Bình Phước,10.728799999999865,1.0,0.16666666666666666,0.5,0.7333,0.1667,0.68,1.0,6.0,0.3418,True,0.68,52.78,52.78,83181.81818181818,915000.0,84000.0,1,2026-07-25,Tỉnh Bình Phước,3.55,"JJW9+P2F, Huỳnh Thúc Kháng, An Lộc, Phường Bình Long, Tỉnh Đồng Nai, Việt Nam -> 361 Đường Nguyễn Huệ, Phường Bình Long, Tỉnh Đồng Nai, Việt Nam",1,0.09090909090909091,False,0.0,0.6444,0.8,0.0684,20.7,35.14,67.42,35.39,43.4,0,1,1,3,1,ride_component_43,2,1,1.0,3,1,63.71,38.02,43.4,53.8,26.34,25.8,48.41,REPEATED_LOCKED_PAIR,Cap lap lai va phu thuoc bat thuong,Tai xe va khach hang di voi nhau nhieu lan va co muc do phu thuoc bat thuong so voi hanh vi thong thuong.,53.8,Cap lap lai va phu thuoc bat thuong,KB-C_EXTREME_VOLUME | KB-C_TIGHT_PAIR_SHARE,REPEATED_LOCKED_PAIR,Cap lap lai va phu thuoc bat thuong,Tai xe va khach hang di voi nhau nhieu lan va co muc do phu thuoc bat thuong so voi hanh vi thong thuong.,53.8
7bb07e94d0706fca,d5e6a4de2d95b199,8,0,10,8,xanh_premium,Tỉnh Quảng Nam,0.8,1.0,0.0,xanh_premium|Tỉnh Quảng Nam,7.665200000000141,1.0,0.25,0.5,0.8,0.25,0.7333,0.9163,6.0,0.3479,True,0.672,52.62,52.62,94250.0,754000.0,117000.0,1,2026-07-25,Tỉnh Quảng Nam,16.216666666666665,Thành phố Đà Nẵng -> Thành phố Đà Nẵng,3,0.375,False,0.0,0.4341,1.0,0.0,13.02,30.84,69.35,24.28,35.55,0,0,0,0,0,ride_component_44,1,0,0.0,0,0,0.0,0.0,35.55,53.59,17.14,37.2,0.0,REPEATED_LOCKED_PAIR,Cap lap lai va phu thuoc bat thuong,Tai xe va khach hang di voi nhau nhieu lan va co muc do phu thuoc bat thuong so voi hanh vi thong thuong.,53.59,Cap lap lai va phu thuoc bat thuong,KB-C_EXTREME_VOLUME | KB-C_TIGHT_PAIR_SHARE,REPEATED_LOCKED_PAIR,Cap lap lai va phu thuoc bat thuong,Tai xe va khach hang di voi nhau nhieu lan va co muc do phu thuoc bat thuong so voi hanh vi thong thuong.,53.59
3a3c0eb1926d9e65,e9395bd45deffea8,9,0,12,9,xanh_premium,Thành phố Cần Thơ,0.75,1.0,0.0,xanh_premium|Thành phố Cần Thơ,8.344000000000051,1.0,0.2,0.5,0.75,0.2,0.6875,0.9603,6.0,0.3595,True,0.6602,52.49,52.49,107466.66666666667,967200.0,65000.0,1,2026-07-25,Thành phố Cần Thơ,7.8,"026, Phường Hưng Phú, Thành phố Cần Thơ, Việt Nam -> Phường An Phú, Quận Ninh Kiều, Thành phố Cần Thơ, Việt Nam",1,0.1111111111111111,False,0.0,0.5513,0.5,0.1798,20.14,34.69,64.5,33.8,41.47,0,1,1,2,0,ride_component_8,2,1,1.0,2,1,53.59,31.84,41.47,53.39,24.12,25.01,40.01,REPEATED_LOCKED_PAIR,Cap lap lai va phu thuoc bat thuong,Tai xe va khach hang di voi nhau nhieu lan va co muc do phu thuoc bat thuong so voi hanh vi thong thuong.,53.39,Cap lap lai va phu thuoc bat thuong,KB-C_EXTREME_VOLUME | KB-C_TIGHT_PAIR_SHARE,REPEATED_LOCKED_PAIR,Cap lap lai va phu thuoc bat thuong,Tai xe va khach hang di voi nhau nhieu lan va co muc do phu thuoc bat thuong so voi hanh vi thong thuong.,53.39
05de029412260725,56d2956b78b15434,4,0,4,4,xanh_limo_6_cho,Tỉnh Thanh Hóa,1.0,1.0,0.0,xanh_limo_6_cho|Tỉnh Thanh Hóa,3.888200000000097,1.0,0.5,0.5,1.0,0.5,1.0,0.6712,6.0,0.3429,True,0.6712,52.35,52.35,25000.0,100000.0,0.0,1,2026-07-25,Tỉnh Thanh Hóa,4.083333333333333,"Phường Hạc Thành, Tỉnh Thanh Hóa, Việt Nam -> P. Ba Đình, Thanh Hóa, Việt Nam",1,0.25,False,0.0,0.6797,1.0,0.0,20.39,34.77,21.06,34.55,31.18,0,0,1,1,1,ride_component_3,2,1,1.0,3,1,59.35,35.28,31.18,53.33,26.85,23.46,46.9,REPEATED_LOCKED_PAIR,Cap lap lai va phu thuoc bat thuong,Tai xe va khach hang di voi nhau nhieu lan va co muc do phu thuoc bat thuong so voi hanh vi thong thuong.,53.33,,,,,,
7afd4c3507395b2f,b235143704083232,4,0,4,4,xanh_premium,Tỉnh Hòa Bình,1.0,1.0,0.0,xanh_premium|Tỉnh Hòa Bình,3.9723000000000184,1.0,0.5,0.5,1.0,0.5,1.0,0.6712,6.0,0.3357,True,0.6712,52.02,52.02,19000.0,76000.0,0.0,1,2026-07-25,Tỉnh Hòa Bình,2.8833333333333333,"Xã Mai Châu, Tỉnh Phú Thọ, Việt Nam -> Quốc lộ 15, Xã Mai Châu, Tỉnh Phú Thọ, Việt Nam",2,0.5,False,0.0,0.7827,1.0,0.0,23.48,36.32,19.74,28.77,26.51,0,0,0,0,0,ride_component_45,1,0,0.0,0,0,0.0,0.0,26.51,53.03,30.92,33.97,0.0,REPEATED_LOCKED_PAIR,Cap lap lai va phu thuoc bat thuong,Tai xe va khach hang di voi nhau nhieu lan va co muc do phu thuoc bat thuong so voi hanh vi thong thuong.,53.03,,,,,,
0d898a9ca555ba40,3da9e6d556f739a8,4,0,4,4,service_xanh_premium_car_long-distance_one_way,Tỉnh Hải Dương,1.0,1.0,0.0,service_xanh_premium_car_long-distance_one_way|Tỉnh Hải Dương,3.9993,1.0,0.5,0.5,1.0,0.5,1.0,0.6712,6.0,0.3334,True,0.6712,51.92,51.92,386750.0,1547000.0,0.0,1,2026-07-25,Tỉnh Hải Dương,147.31666666666666,"Cơ Khí Khánh Minh, Ngách 7 Ngõ 100 Đường Nguyễn Bỉnh Khiêm, Phường Đằng Lâm, Quận Hải An, Thành phố Hải Phòng, Việt Nam(UTC+7) -> Chợ Đọ, Ứng Hòe, Ninh Giang, Hải Dương, Việt Nam",1,0.25,False,0.0,0.075,1.0,0.0,2.25,24.6,50.87,19.18,27.1,0,0,0,0,0,ride_component_46,1,0,0.0,0,0,0.0,0.0,27.1,52.93,2.96,15.36,0.0,REPEATED_LOCKED_PAIR,Cap lap lai va phu thuoc bat thuong,Tai xe va khach hang di voi nhau nhieu lan va co muc do phu thuoc bat thuong so voi hanh vi thong thuong.,52.93,,,,,,
1f8e872b216ce0ae,83fdc59c5686db7a,4,0,4,4,xanh_car,Tỉnh Tiền Giang,1.0,1.0,0.0,xanh_car|Tỉnh Tiền Giang,4.0,1.0,0.5,0.5,1.0,0.5,1.0,0.6712,6.0,0.3333,True,0.6712,51.91,51.91,449000.0,1796000.0,92000.0,1,2026-07-25,Tỉnh Tiền Giang,105.61666666666666,"KCN Tân Hương, Xã Tân Hương, Tỉnh Đồng Tháp, Việt Nam -> Xã Hậu Mỹ, Tỉnh Đồng Tháp, Việt Nam",1,0.25,False,0.0,0.075,1.0,0.0,2.25,24.6,75.57,19.76,33.71,0,1,0,0,0,ride_component_47,1,0,0.0,0,0,5.4,2.91,33.71,52.93,2.96,15.36,1.6,REPEATED_LOCKED_PAIR,Cap lap lai va phu thuoc bat thuong,Tai xe va khach hang di voi nhau nhieu lan va co muc do phu thuoc bat thuong so voi hanh vi thong thuong.,52.93,,,,,,
ffd67b6926dfc9ee,59cb048c3cad499a,4,0,4,4,xanh_limo_6_cho,Thành phố Hà Nội,1.0,1.0,0.0,xanh_limo_6_cho|Thành phố Hà Nội,4.0,0.9999,0.5,0.5,1.0,0.5,1.0,0.6712,6.0,0.3333,True,0.6712,51.91,51.91,388250.0,1553000.0,0.0,1,2026-07-25,Thành phố Hà Nội,98.81666666666666,"Hoa Lac Residence, Lot 01A-RD02 Thang Long Boulevard, Km29, Xã Hòa Lạc, Thành Phố Hà Nội, Việt Nam -> 34 Đình Thôn, Phường Từ Liêm, Thành Phố Hà Nội, Việt Nam",1,0.25,False,0.0,0.075,1.0,0.0,2.25,24.6,51.16,19.18,27.17,0,0,0,0,0,ride_component_48,1,0,0.0,0,0,0.0,0.0,27.17,52.93,2.96,15.36,0.0,REPEATED_LOCKED_PAIR,Cap lap lai va phu thuoc bat thuong,Tai xe va khach hang di voi nhau nhieu lan va co muc do phu thuoc bat thuong so voi hanh vi thong thuong.,52.93,,,,,,
d0494ff2789a736f,f161a0e2c931e5d7,8,0,11,8,xanh_car,Tỉnh Bà Rịa - Vũng Tàu,0.7272727272727273,1.0,0.0,xanh_car|Tỉnh Bà Rịa - Vũng Tàu,6.447900000001027,1.0,0.2,0.5,0.7273,0.2,0.6591,0.9163,6.0,0.4136,True,0.6039,51.83,51.83,61500.0,492000.0,49000.0,1,2026-07-25,Tỉnh Bà Rịa - Vũng Tàu,11.816666666666666,"2439, Phường Phú Mỹ, Thành Phố Hồ Chí Minh, Việt Nam -> Phường Phú Mỹ, Thành Phố Hồ Chí Minh, Việt Nam",1,0.125,False,0.0,0.4618,0.1667,0.3447,20.75,34.73,51.55,28.76,34.46,0,2,1,0,0,ride_component_49,1,0,0.0,0,0,10.81,6.42,34.46,52.4,22.72,23.89,3.53,REPEATED_LOCKED_PAIR,Cap lap lai va phu thuoc bat thuong,Tai xe va khach hang di voi nhau nhieu lan va co muc do phu thuoc bat thuong so voi hanh vi thong thuong.,52.4,Cap lap lai va phu thuoc bat thuong,KB-C_EXTREME_VOLUME | KB-C_TIGHT_PAIR_SHARE,REPEATED_LOCKED_PAIR,Cap lap lai va phu thuoc bat thuong,Tai xe va khach hang di voi nhau nhieu lan va co muc do phu thuoc bat thuong so voi hanh vi thong thuong.,52.4
ee9a55ea5e7b6316,6e7a2cfe8823aaa2,7,0,7,10,xanh_car,Thành phố Hà Nội,1.0,0.7,0.0,xanh_car|Thành phố Hà Nội,5.0,1.0,0.5,0.2,0.7,0.2,0.625,0.8672,6.0,0.4667,True,0.542,50.81,50.81,154285.7142857143,1080000.0,104000.0,1,2026-07-25,Thành phố Hà Nội,25.116666666666667,"Khu Trại Giống Lúa, Xã Thường Tín, Thành Phố Hà Nội, Việt Nam -> Đường Tỉnh 427, Thôn Vĩnh Lộc, Xã Hồng Vân, Thành phố Hà Nội, Việt Nam",1,0.14285714285714285,False,0.0,0.1568,0.8571,0.0667,6.04,26.19,76.31,20.5,34.45,0,0,0,0,0,ride_component_50,1,0,0.0,0,0,0.0,0.0,34.45,51.04,7.06,18.61,0.0,REPEATED_LOCKED_PAIR,Cap lap lai va phu thuoc bat thuong,Tai xe va khach hang di voi nhau nhieu lan va co muc do phu thuoc bat thuong so voi hanh vi thong thuong.,51.04,,,,,,
23de61111fc9ec37,9963d4a1b813402b,5,0,7,6,xanhsm_bike_sg,Thành phố Hồ Chí Minh,0.7142857142857143,0.8333333333333334,0.0,xanhsm_bike_sg|Thành phố Hồ Chí Minh,3.0,1.0,0.25,0.3333333333333333,0.7143,0.25,0.619,0.7472,6.0,0.5556,True,0.4626,50.45,50.45,23600.0,118000.0,0.0,1,2026-07-25,Thành phố Hồ Chí Minh,2.55,"32 Tân Hiệp, Xã Hóc Môn, Thành phố Hồ Chí Minh, Việt Nam -> Tân Hiệp, Hóc Môn, Hồ Chí Minh",1,0.2,False,0.0,0.7005,0.8333,0.0926,22.87,35.28,25.9,28.59,27.92,0,0,0,1,0,ride_component_51,1,0,0.0,0,0,5.4,3.21,27.92,50.17,28.88,27.15,1.77,REPEATED_LOCKED_PAIR,Cap lap lai va phu thuoc bat thuong,Tai xe va khach hang di voi nhau nhieu lan va co muc do phu thuoc bat thuong so voi hanh vi thong thuong.,50.17,,,,,,
8c892532d38ba577,39c991ff5639a3e9,5,2,7,6,xanhsm_bike_sg,Thành phố Hồ Chí Minh,0.7142857142857143,0.8333333333333334,0.4,xanhsm_bike_sg|Thành phố Hồ Chí Minh,3.0,1.0,0.25,0.3333333333333333,0.7143,0.25,0.619,0.7472,6.0,0.5556,True,0.4626,50.45,50.45,161800.0,809000.0,0.0,1,2026-07-25,Thành phố Hồ Chí Minh,29.183333333333334,"272 Đường Lê Thị Hà, Xã Hóc Môn, Thành phố Hồ Chí Minh, Việt Nam -> Phường Bến Cát, Thành Phố Hồ Chí Minh, Việt Nam",1,0.2,False,0.4,0.0791,1.0,0.0,22.37,35.01,47.08,28.37,33.05,0,0,0,1,0,ride_component_52,1,0,0.0,0,0,5.4,3.21,33.05,50.17,22.12,20.12,1.77,REPEATED_LOCKED_PAIR,Cap lap lai va phu thuoc bat thuong,Tai xe va khach hang di voi nhau nhieu lan va co muc do phu thuoc bat thuong so voi hanh vi thong thuong.,50.17,,,,,,
0a977205db9cf63c,6110f5c1481e2a84,6,0,7,6,xanh_car,Tỉnh Long An,0.8571428571428571,1.0,0.0,xanh_car|Tỉnh Long An,6.0,1.0,0.3333333333333333,0.5,0.8571,0.3333,0.7857,0.8115,6.0,0.3333,True,0.6376,50.07,50.07,33000.0,198000.0,0.0,1,2026-07-25,Tỉnh Long An,13.066666666666666,"Xã Hậu Mỹ, Tỉnh Đồng Tháp, Việt Nam -> Cái Bè, Tiền Giang",1,0.16666666666666666,False,0.0,0.4451,1.0,0.0,13.35,29.88,25.28,23.53,23.97,0,0,0,0,0,ride_component_53,1,0,0.0,0,0,0.0,0.0,23.97,50.98,17.58,25.58,0.0,REPEATED_LOCKED_PAIR,Cap lap lai va phu thuoc bat thuong,Tai xe va khach hang di voi nhau nhieu lan va co muc do phu thuoc bat thuong so voi hanh vi thong thuong.,50.98,,,,,,
51b6261c937701ca,acc20797cf030675,4,2,4,4,xanh_car,Thành phố Hồ Chí Minh,1.0,1.0,0.5,xanh_car|Thành phố Hồ Chí Minh,5.0,0.9998,0.5,0.5,1.0,0.5,1.0,0.6712,6.0,0.2667,False,0.6712,48.92,48.92,282250.0,1129000.0,0.0,1,2026-07-25,Thành phố Hồ Chí Minh,2.933333333333333,"47 Đường D10, Khu dân cư Chánh Nghĩa, Phường Thủ Dầu Một, Thành phố Hồ Chí Minh, Việt Nam -> Binh Chanh District, Ho Chi Minh, 70000, Vietnam",1,0.25,True,0.5,0.7066,0.8889,0.0296,46.79,47.75,47.18,38.89,40.96,0,0,1,0,0,ride_component_54,1,0,0.0,0,0,5.4,3.57,40.96,50.13,52.05,26.81,1.96,GHOST_TRIP_EXECUTION_PATTERN,Mau thuc thi ghost trip,"Cap nay co dau hieu thuc thi ghost trip, voi nhieu chuyen nghi ngo gia lap hoac quay dau phi thuc te.",52.05,Mau thuc thi ghost trip,KB-C_HIGH_GHOST_RATE,GHOST_TRIP_EXECUTION_PATTERN,Mau thuc thi ghost trip,"Cap nay co dau hieu thuc thi ghost trip, voi nhieu chuyen nghi ngo gia lap hoac quay dau phi thuc te.",52.05
d2a356488a6d7005,67b19ffa85ba28c1,4,2,4,4,xanh_car,Thành phố Hà Nội,1.0,1.0,0.5,xanh_car|Thành phố Hà Nội,5.0,0.9998,0.5,0.5,1.0,0.5,1.0,0.6712,6.0,0.2667,False,0.6712,48.92,48.92,30250.0,121000.0,0.0,1,2026-07-25,Thành phố Hà Nội,2.316666666666667,"Xã Tiến Thắng, Thành phố Hà Nội -> Xã Tiến Thắng, Thành phố Hà Nội",2,0.5,True,0.5,0.7959,0.2857,0.1905,52.69,50.99,20.71,41.57,36.36,0,0,1,0,0,ride_component_55,1,0,0.0,0,0,5.4,3.67,36.36,50.13,57.67,37.17,2.02,GHOST_TRIP_EXECUTION_PATTERN,Mau thuc thi ghost trip,"Cap nay co dau hieu thuc thi ghost trip, voi nhieu chuyen nghi ngo gia lap hoac quay dau phi thuc te.",57.67,Mau thuc thi ghost trip,KB-C_HIGH_GHOST_RATE,GHOST_TRIP_EXECUTION_PATTERN,Mau thuc thi ghost trip,"Cap nay co dau hieu thuc thi ghost trip, voi nhieu chuyen nghi ngo gia lap hoac quay dau phi thuc te.",57.67
fb0fe62b752f3ad7,a65263bf7eda4b01,4,2,4,4,xanh_premium,Thành phố Hồ Chí Minh,1.0,1.0,0.5,xanh_premium|Thành phố Hồ Chí Minh,6.0,0.9996,0.5,0.5,1.0,0.5,1.0,0.6712,6.0,0.2222,False,0.6712,46.92,46.92,245500.0,982000.0,121000.0,1,2026-07-25,Thành phố Hồ Chí Minh,15.316666666666666,"12/1 Đường Số 9, Khu phố 3, Phường Linh Xuân, Thành phố Hồ Chí Minh, Việt Nam -> Phường Tân Sơn, Thành phố Hồ Chí Minh, VNM",2,0.5,True,0.5,0.4926,1.0,0.0,39.78,42.99,72.3,34.32,43.82,0,0,0,0,0,ride_component_56,1,0,0.0,0,0,0.0,0.0,43.82,48.26,43.21,32.93,0.0,GHOST_TRIP_EXECUTION_PATTERN,Mau thuc thi ghost trip,"Cap nay co dau hieu thuc thi ghost trip, voi nhieu chuyen nghi ngo gia lap hoac quay dau phi thuc te.",43.21,Mau thuc thi ghost trip,KB-C_HIGH_GHOST_RATE,GHOST_TRIP_EXECUTION_PATTERN,Mau thuc thi ghost trip,"Cap nay co dau hieu thuc thi ghost trip, voi nhieu chuyen nghi ngo gia lap hoac quay dau phi thuc te.",43.21
ecd4dca6a4d928bc,b24cf3b36f8bb904,5,4,6,5,xanh_car,Tỉnh Bình Phước,0.8333333333333334,1.0,0.8,xanh_car|Tỉnh Bình Phước,5.0,1.0,0.3333333333333333,0.5,0.8333,0.3333,0.75,0.7472,6.0,0.3333,True,0.5604,45.82,45.82,184200.0,921000.0,32000.0,1,2026-07-25,Tỉnh Bình Phước,114.31666666666666,"Huyện Lộc Ninh, Tỉnh Bình Phước -> Xã Lộc Ninh, Tỉnh Đồng Nai, Việt Nam",1,0.2,True,0.8,0.06,0.75,0.0833,43.47,44.53,54.99,36.7,41.27,0,1,1,0,0,ride_component_57,1,0,0.0,0,0,8.57,5.49,41.27,46.5,41.46,22.56,3.02,GHOST_TRIP_EXECUTION_PATTERN,Mau thuc thi ghost trip,"Cap nay co dau hieu thuc thi ghost trip, voi nhieu chuyen nghi ngo gia lap hoac quay dau phi thuc te.",41.46,Mau thuc thi ghost trip,KB-C_HIGH_GHOST_RATE,GHOST_TRIP_EXECUTION_PATTERN,Mau thuc thi ghost trip,"Cap nay co dau hieu thuc thi ghost trip, voi nhieu chuyen nghi ngo gia lap hoac quay dau phi thuc te.",41.46
e519ca0ae4a5831c,2972abb186d590d2,7,7,10,7,xanh_premium,Tỉnh Bến Tre,0.7,1.0,1.0,xanh_premium|Tỉnh Bến Tre,6.942999999999984,1.0,0.2,0.5,0.7,0.2,0.625,0.8672,6.0,0.3361,True,0.542,44.93,44.93,33285.71428571428,233000.0,0.0,1,2026-07-25,Tỉnh Bến Tre,0.6333333333333333,"Đường 173, Phường Phú Tân, Tỉnh Vĩnh Long, Việt Nam -> Cửa hàng KP.4, Phường Phú Tân, Tỉnh Vĩnh Long, Việt Nam",5,0.7142857142857143,True,1.0,0.8995,1.0,0.0,76.99,62.56,27.69,50.37,44.7,0,0,0,0,0,ride_component_58,1,0,0.0,0,0,0.0,0.0,44.7,45.55,83.03,74.02,0.0,GHOST_TRIP_EXECUTION_PATTERN,Mau thuc thi ghost trip,"Cap nay co dau hieu thuc thi ghost trip, voi nhieu chuyen nghi ngo gia lap hoac quay dau phi thuc te.",83.03,Mau thuc thi ghost trip,KB-C_HIGH_GHOST_RATE | KB-C_SUPERFAST_GAP,GHOST_TRIP_EXECUTION_PATTERN,Mau thuc thi ghost trip,"Cap nay co dau hieu thuc thi ghost trip, voi nhieu chuyen nghi ngo gia lap hoac quay dau phi thuc te.",83.03
2925a473306beb6b,54b70fa8d58978dd,4,4,4,4,xanh_car,Tỉnh Gia Lai,1.0,1.0,1.0,xanh_car|Tỉnh Gia Lai,7.885600000001432,0.9997,0.5,0.5,1.0,0.5,1.0,0.6712,6.0,0.1691,False,0.6712,44.53,44.53,156000.0,624000.0,108000.0,1,2026-07-25,Tỉnh Gia Lai,47.016666666666666,"21 Đường Cách Mạng Tháng 8, Phường Pleiku, Tỉnh Gia Lai, Việt Nam -> Phú Hòa, Xã Chư Păh, Tỉnh Gia Lai, Việt Nam",1,0.25,True,1.0,0.075,1.0,0.0,52.25,48.78,61.41,39.81,45.21,0,1,0,0,0,ride_component_59,1,0,0.0,0,0,5.4,3.58,45.21,46.03,50.46,21.29,1.97,GHOST_TRIP_EXECUTION_PATTERN,Mau thuc thi ghost trip,"Cap nay co dau hieu thuc thi ghost trip, voi nhieu chuyen nghi ngo gia lap hoac quay dau phi thuc te.",50.46,Mau thuc thi ghost trip,KB-C_HIGH_GHOST_RATE,GHOST_TRIP_EXECUTION_PATTERN,Mau thuc thi ghost trip,"Cap nay co dau hieu thuc thi ghost trip, voi nhieu chuyen nghi ngo gia lap hoac quay dau phi thuc te.",50.46
9cab892ccb1cd9f6,58efadb936d67148,9,6,16,9,xanh_limo_6_cho,Thành phố Hồ Chí Minh,0.5625,1.0,0.6666666666666666,xanh_limo_6_cho|Thành phố Hồ Chí Minh,6.0,1.0,0.25,0.5,0.5625,0.25,0.4167,0.9603,6.0,0.5,True,0.4001,44.51,44.51,120000.0,1080000.0,270000.0,1,2026-07-25,Thành phố Hồ Chí Minh,0.4166666666666667,"92-94 nam kỳ khởi nghĩa, Phường Sài Gòn, Thành phố Hồ Chí Minh -> 30 Đường Số 26, Xã Bình Hưng, Thành phố Hồ Chí Minh, Việt Nam",9,1.0,True,0.6667,0.9903,0.75,0.125,65.54,56.08,84.92,54.91,62.41,1,1,1,1,1,ride_component_60,2,1,1.0,4,1,70.01,49.18,62.41,44.21,72.41,88.15,59.55,ROUTE_FARMING_PATTERN,Mau farming theo tuyen,"Cap nay lap lai cung mot kieu tuyen duong voi mat do dang nghi, giong hanh vi farming hon la di chuyen tu nhien.",88.15,Cap lap lai va phu thuoc bat thuong | Mau thuc thi ghost trip | Mau farming theo tuyen,KB-C_EXTREME_VOLUME | KB-C_HIGH_GHOST_RATE | KB-C_SUPERFAST_GAP | KB-C_ROUTE_LOOP,ROUTE_FARMING_PATTERN,Mau farming theo tuyen,"Cap nay lap lai cung mot kieu tuyen duong voi mat do dang nghi, giong hanh vi farming hon la di chuyen tu nhien.",88.15
e0b74e9fda5b1515,7068e1e8b3e6f712,9,9,20,9,xanh_car,Thành phố Hồ Chí Minh,0.45,1.0,1.0,xanh_car|Thành phố Hồ Chí Minh,5.0,1.0,0.2,0.5,0.45,0.2,0.3125,0.9603,6.0,0.6,True,0.3001,43.51,43.51,120333.33333333333,1083000.0,270000.0,1,2026-07-25,Thành phố Hồ Chí Minh,0.3333333333333333,"267 Đường Nguyễn Sơn, Phường Phú Thạnh, Thành phố Hồ Chí Minh, Việt Nam -> 65 Lê Lợi, Phường Sài Gòn, Thành phố Hồ Chí Minh",6,0.6666666666666666,True,1.0,0.8922,0.4444,0.3333,83.43,65.47,87.21,54.06,62.35,0,1,0,1,0,ride_component_61,1,0,0.0,0,0,8.57,6.45,62.35,42.61,87.07,71.04,3.55,GHOST_TRIP_EXECUTION_PATTERN,Mau thuc thi ghost trip,"Cap nay co dau hieu thuc thi ghost trip, voi nhieu chuyen nghi ngo gia lap hoac quay dau phi thuc te.",87.07,Cap lap lai va phu thuoc bat thuong | Mau thuc thi ghost trip,KB-C_EXTREME_VOLUME | KB-C_HIGH_GHOST_RATE | KB-C_SUPERFAST_GAP,GHOST_TRIP_EXECUTION_PATTERN,Mau thuc thi ghost trip,"Cap nay co dau hieu thuc thi ghost trip, voi nhieu chuyen nghi ngo gia lap hoac quay dau phi thuc te.",87.07
e0b74e9fda5b1515,965fd6007ee10078,9,8,20,9,xanh_car,Thành phố Hồ Chí Minh,0.45,1.0,0.8888888888888888,xanh_car|Thành phố Hồ Chí Minh,5.0,1.0,0.2,0.5,0.45,0.2,0.3125,0.9603,6.0,0.6,True,0.3001,43.51,43.51,120000.0,1080000.0,270000.0,1,2026-07-25,Thành phố Hồ Chí Minh,0.4,"363 Đường Nguyễn Sơn, Phường Phú Thạnh, Thành phố Hồ Chí Minh, Việt Nam -> 65 Lê Lợi, Phường Sài Gòn, Thành phố Hồ Chí Minh",9,1.0,True,0.8889,0.9907,0.3333,0.4,82.16,64.77,86.92,53.48,61.84,0,1,0,1,0,ride_component_62,1,0,0.0,0,0,8.57,6.42,61.84,42.61,86.55,90.23,3.53,ROUTE_FARMING_PATTERN,Mau farming theo tuyen,"Cap nay lap lai cung mot kieu tuyen duong voi mat do dang nghi, giong hanh vi farming hon la di chuyen tu nhien.",90.23,Cap lap lai va phu thuoc bat thuong | Mau thuc thi ghost trip | Mau farming theo tuyen,KB-C_EXTREME_VOLUME | KB-C_HIGH_GHOST_RATE | KB-C_SUPERFAST_GAP | KB-C_ROUTE_LOOP,ROUTE_FARMING_PATTERN,Mau farming theo tuyen,"Cap nay lap lai cung mot kieu tuyen duong voi mat do dang nghi, giong hanh vi farming hon la di chuyen tu nhien.",90.23
bd9d5bd6a837d6e9,3ac1b109549cc988,7,4,21,7,xanhsm_bike_hn,Thành phố Đà Nẵng,0.3333333333333333,1.0,0.5714285714285714,xanhsm_bike_hn|Thành phố Đà Nẵng,3.537499999998545,1.0,0.07142857142857142,0.5,0.3333,0.0714,0.2821,0.8672,6.0,0.6596,True,0.2446,43.14,43.14,12428.57142857143,87000.0,7000.0,1,2026-07-25,Thành phố Đà Nẵng,7.5,"248/8 Đường Cách Mạng Tháng 8, Phường Cẩm Lệ, Thành phố Đà Nẵng, Việt Nam -> Phường Cẩm Lệ, Thành phố Đà Nẵng, Việt Nam",4,0.5714285714285714,True,0.5714,0.6964,1.0,0.0,49.46,46.62,28.02,37.36,35.02,0,0,0,0,0,ride_component_63,1,0,0.0,0,0,0.0,0.0,35.02,41.89,54.65,57.54,0.0,GHOST_TRIP_EXECUTION_PATTERN,Mau thuc thi ghost trip,"Cap nay co dau hieu thuc thi ghost trip, voi nhieu chuyen nghi ngo gia lap hoac quay dau phi thuc te.",54.65,Mau thuc thi ghost trip,KB-C_HIGH_GHOST_RATE,GHOST_TRIP_EXECUTION_PATTERN,Mau thuc thi ghost trip,"Cap nay co dau hieu thuc thi ghost trip, voi nhieu chuyen nghi ngo gia lap hoac quay dau phi thuc te.",54.65
1ac9221ab7e3ec50,96de786bb909daa2,6,6,10,6,xanh_premium,Thành phố Hà Nội,0.6,1.0,1.0,xanh_premium|Thành phố Hà Nội,6.0,1.0,0.16666666666666666,0.5,0.6,0.1667,0.52,0.8115,6.0,0.3333,True,0.422,38.21,38.21,166500.0,999000.0,107000.0,1,2026-07-25,Thành phố Hà Nội,36.36666666666667,"2 Đường Bế Văn Đàn, Phường Hà Đông, Thành Phố Hà Nội, Việt Nam -> Xóm 3, Xã Thanh Oai, Thành phố Hà Nội, Việt Nam",1,0.16666666666666666,True,1.0,0.05,0.5,0.1666,54.83,47.35,72.55,38.75,47.2,0,1,0,0,0,ride_component_64,1,0,0.0,0,0,5.4,3.5,47.2,38.48,51.64,25.9,1.93,GHOST_TRIP_EXECUTION_PATTERN,Mau thuc thi ghost trip,"Cap nay co dau hieu thuc thi ghost trip, voi nhieu chuyen nghi ngo gia lap hoac quay dau phi thuc te.",51.64,Mau thuc thi ghost trip,KB-C_HIGH_GHOST_RATE,GHOST_TRIP_EXECUTION_PATTERN,Mau thuc thi ghost trip,"Cap nay co dau hieu thuc thi ghost trip, voi nhieu chuyen nghi ngo gia lap hoac quay dau phi thuc te.",51.64
50bc1b26b1430ed3,863b2404c215d8f3,5,5,12,5,xanhsm_bike_sg,Thành phố Hồ Chí Minh,0.4166666666666667,1.0,1.0,xanhsm_bike_sg|Thành phố Hồ Chí Minh,3.0,1.0,0.14285714285714285,0.5,0.4167,0.1429,0.3194,0.7472,6.0,0.5556,True,0.2387,38.13,38.13,12000.0,60000.0,0.0,1,2026-07-25,Thành phố Hồ Chí Minh,0.7,"Phường Bình Đông, Thành Phố Hồ Chí Minh, Việt Nam -> bông sao, Phường Bình Đông, Thành phố Hồ Chí Minh",5,1.0,True,1.0,0.9837,0.3333,0.3704,86.92,64.96,22.96,52.46,45.08,0,0,0,0,0,ride_component_65,1,0,0.0,0,0,0.0,0.0,45.08,37.18,91.17,75.33,0.0,GHOST_TRIP_EXECUTION_PATTERN,Mau thuc thi ghost trip,"Cap nay co dau hieu thuc thi ghost trip, voi nhieu chuyen nghi ngo gia lap hoac quay dau phi thuc te.",91.17,Mau thuc thi ghost trip,KB-C_HIGH_GHOST_RATE,GHOST_TRIP_EXECUTION_PATTERN,Mau thuc thi ghost trip,"Cap nay co dau hieu thuc thi ghost trip, voi nhieu chuyen nghi ngo gia lap hoac quay dau phi thuc te.",91.17
839b2baeda98c857,1cec7fbe2ec4c178,4,2,5,4,xanh_car,Tỉnh Bình Phước,0.8,1.0,0.5,xanh_car|Tỉnh Bình Phước,5.0,0.9986,0.3333333333333333,0.5,0.8,0.3333,0.7,0.6712,6.0,0.2667,False,0.4698,37.84,37.84,31000.0,124000.0,8000.0,1,2026-07-25,Tỉnh Bình Phước,0.5166666666666667,"Huyện Lộc Ninh, Tỉnh Bình Phước -> Đồng Nai",2,0.5,True,0.5,0.8379,0.25,0.2,54.14,46.8,24.16,39.41,35.6,0,1,2,1,1,ride_component_66,1,0,0.0,0,0,13.97,9.01,35.6,38.45,59.45,36.62,4.96,GHOST_TRIP_EXECUTION_PATTERN,Mau thuc thi ghost trip,"Cap nay co dau hieu thuc thi ghost trip, voi nhieu chuyen nghi ngo gia lap hoac quay dau phi thuc te.",59.45,Mau thuc thi ghost trip,KB-C_HIGH_GHOST_RATE,GHOST_TRIP_EXECUTION_PATTERN,Mau thuc thi ghost trip,"Cap nay co dau hieu thuc thi ghost trip, voi nhieu chuyen nghi ngo gia lap hoac quay dau phi thuc te.",59.45
07b48acb0c535a99,89cb3800ad24bd8a,5,4,7,6,xanh_premium,Thành phố Hồ Chí Minh,0.7142857142857143,0.8333333333333334,0.8,xanh_premium|Thành phố Hồ Chí Minh,6.0,0.9998,0.3333333333333333,0.3333333333333333,0.7143,0.3333,0.5714,0.7472,6.0,0.2778,False,0.427,35.99,35.99,112000.0,560000.0,140000.0,1,2026-07-25,Thành phố Hồ Chí Minh,0.5,"Ấp 5, Xã Bình Hưng, Thành phố Hồ Chí Minh, Việt Nam -> 92-94 nam kỳ khởi nghĩa, Phường Sài Gòn, Thành phố Hồ Chí Minh",4,0.8,True,0.8,0.9283,0.8333,0.0463,68.78,54.02,65.43,44.72,49.9,0,1,0,1,0,ride_component_67,1,0,0.0,0,0,8.57,5.85,49.9,36.44,75.27,63.3,3.22,GHOST_TRIP_EXECUTION_PATTERN,Mau thuc thi ghost trip,"Cap nay co dau hieu thuc thi ghost trip, voi nhieu chuyen nghi ngo gia lap hoac quay dau phi thuc te.",75.27,Mau thuc thi ghost trip,KB-C_HIGH_GHOST_RATE,GHOST_TRIP_EXECUTION_PATTERN,Mau thuc thi ghost trip,"Cap nay co dau hieu thuc thi ghost trip, voi nhieu chuyen nghi ngo gia lap hoac quay dau phi thuc te.",75.27
4d394a3bb49d4dda,c370c0563e6904a5,4,2,6,4,bach_dai_dung_service_name,Tỉnh Hà Tĩnh,0.6666666666666666,1.0,0.5,bach_dai_dung_service_name|Tỉnh Hà Tĩnh,4.0,1.0,0.25,0.5,0.6667,0.25,0.5556,0.6712,6.0,0.3333,True,0.3729,35.51,35.51,92500.0,370000.0,16000.0,1,2026-07-25,Tỉnh Hà Tĩnh,102.25,"Lô CN 4-4 Nguyễn Trãi, Phường Hoành Sơn, Hà Tĩnh, VNM -> Tỉnh Hà Tĩnh",2,0.5,True,0.5,0.15,1.0,0.0,29.5,32.2,37.55,31.29,32.86,1,1,0,0,0,ride_component_68,2,1,1.0,2,1,49.61,27.92,32.86,35.63,29.68,27.22,37.86,GHOST_TRIP_EXECUTION_PATTERN,Mau thuc thi ghost trip,"Cap nay co dau hieu thuc thi ghost trip, voi nhieu chuyen nghi ngo gia lap hoac quay dau phi thuc te.",29.68,Mau thuc thi ghost trip,KB-C_HIGH_GHOST_RATE,GHOST_TRIP_EXECUTION_PATTERN,Mau thuc thi ghost trip,"Cap nay co dau hieu thuc thi ghost trip, voi nhieu chuyen nghi ngo gia lap hoac quay dau phi thuc te.",29.68
cb3daa6bb65ccff0,86630318aeef2b56,5,4,8,5,xanh_premium,Tỉnh Thái Bình,0.625,1.0,0.8,xanh_premium|Tỉnh Thái Bình,5.954600000000028,0.9978,0.2,0.5,0.625,0.2,0.5312,0.7472,6.0,0.2799,False,0.397,34.43,34.43,109200.0,546000.0,52000.0,1,2026-07-25,Tỉnh Thái Bình,24.45,"Hưng Yên -> Phường Trần Lãm, Tỉnh Hưng Yên, Việt Nam",1,0.2,True,0.8,0.1895,1.0,0.0,45.68,40.62,51.56,33.26,37.84,0,1,0,0,0,ride_component_69,1,0,0.0,0,0,5.4,3.28,37.84,34.78,45.48,23.3,1.8,GHOST_TRIP_EXECUTION_PATTERN,Mau thuc thi ghost trip,"Cap nay co dau hieu thuc thi ghost trip, voi nhieu chuyen nghi ngo gia lap hoac quay dau phi thuc te.",45.48,Mau thuc thi ghost trip,KB-C_HIGH_GHOST_RATE,GHOST_TRIP_EXECUTION_PATTERN,Mau thuc thi ghost trip,"Cap nay co dau hieu thuc thi ghost trip, voi nhieu chuyen nghi ngo gia lap hoac quay dau phi thuc te.",45.48
c9ce03ce680b2fd7,811569850e7fcfe3,5,5,8,5,xanh_limo_6_cho,Thành phố Hồ Chí Minh,0.625,1.0,1.0,xanh_limo_6_cho|Thành phố Hồ Chí Minh,6.0,0.9998,0.25,0.5,0.625,0.25,0.5,0.7472,6.0,0.2778,False,0.3736,33.05,33.05,120000.0,600000.0,150000.0,1,2026-07-25,Thành phố Hồ Chí Minh,0.45,"26 Đường Số 10, Phường An Khánh, Thành phố Hồ Chí Minh, Việt Nam -> Đường Nam Kỳ Khởi Nghĩa, Phường Bến Thành, Thành phố Hồ Chí Minh, Việt Nam",5,1.0,True,1.0,0.9895,0.75,0.0694,81.07,59.46,66.48,49.26,53.56,1,1,0,0,0,ride_component_70,1,0,0.0,0,0,8.57,6.08,53.56,33.34,87.49,74.79,3.34,GHOST_TRIP_EXECUTION_PATTERN,Mau thuc thi ghost trip,"Cap nay co dau hieu thuc thi ghost trip, voi nhieu chuyen nghi ngo gia lap hoac quay dau phi thuc te.",87.49,Mau thuc thi ghost trip,KB-C_HIGH_GHOST_RATE,GHOST_TRIP_EXECUTION_PATTERN,Mau thuc thi ghost trip,"Cap nay co dau hieu thuc thi ghost trip, voi nhieu chuyen nghi ngo gia lap hoac quay dau phi thuc te.",87.49
8a4ea0267985976c,cd029ab3bf90981a,5,5,15,5,xanhsm_bike_hn,Thành phố Đà Nẵng,0.3333333333333333,1.0,1.0,xanhsm_bike_hn|Thành phố Đà Nẵng,3.537499999998545,1.0,0.08333333333333333,0.5,0.3333,0.0833,0.2727,0.7472,6.0,0.4711,True,0.2038,32.41,32.41,12400.0,62000.0,5000.0,1,2026-07-25,Thành phố Đà Nẵng,1.5833333333333333,"P.Liên Chiểu, TP.Đà Nẵng, 50000, Vietnam -> Phường Hòa Khánh, Thành phố Đà Nẵng, Việt Nam",1,0.2,True,1.0,0.7231,0.5,0.2356,76.4,56.61,22.32,45.72,39.87,0,0,0,0,0,ride_component_71,1,0,0.0,0,0,0.0,0.0,39.87,31.61,79.12,33.6,0.0,GHOST_TRIP_EXECUTION_PATTERN,Mau thuc thi ghost trip,"Cap nay co dau hieu thuc thi ghost trip, voi nhieu chuyen nghi ngo gia lap hoac quay dau phi thuc te.",79.12,Mau thuc thi ghost trip,KB-C_HIGH_GHOST_RATE,GHOST_TRIP_EXECUTION_PATTERN,Mau thuc thi ghost trip,"Cap nay co dau hieu thuc thi ghost trip, voi nhieu chuyen nghi ngo gia lap hoac quay dau phi thuc te.",79.12
650e55d8a93e7afa,6018142ad7cd7f3b,5,4,23,5,xanhsm_bike_sg,Thành phố Hồ Chí Minh,0.21739130434782608,1.0,0.8,xanhsm_bike_sg|Thành phố Hồ Chí Minh,3.0,1.0,0.05,0.5,0.2174,0.05,0.1762,0.7472,6.0,0.5556,True,0.1317,32.25,32.25,11000.0,55000.0,0.0,1,2026-07-25,Thành phố Hồ Chí Minh,0.6833333333333333,"Đường Phạm Ngọc Thảo, Phường Tây Thạnh, Thành phố Hồ Chí Minh, Việt Nam -> Phường Tây Thạnh, Thành phố Hồ Chí Minh, Việt Nam",5,1.0,True,0.8,0.9841,0.1667,0.463,78.78,57.84,22.37,46.74,40.65,0,0,0,0,0,ride_component_72,1,0,0.0,0,0,0.0,0.0,40.65,30.98,82.89,72.93,0.0,GHOST_TRIP_EXECUTION_PATTERN,Mau thuc thi ghost trip,"Cap nay co dau hieu thuc thi ghost trip, voi nhieu chuyen nghi ngo gia lap hoac quay dau phi thuc te.",82.89,Mau thuc thi ghost trip,KB-C_HIGH_GHOST_RATE,GHOST_TRIP_EXECUTION_PATTERN,Mau thuc thi ghost trip,"Cap nay co dau hieu thuc thi ghost trip, voi nhieu chuyen nghi ngo gia lap hoac quay dau phi thuc te.",82.89
3608f79b217db647,3b886f868e376578,5,5,11,5,xanh_car,Tỉnh Hải Dương,0.45454545454545453,1.0,1.0,xanh_car|Tỉnh Hải Dương,4.653000000000247,1.0,0.125,0.5,0.4545,0.125,0.3766,0.7472,6.0,0.3582,True,0.2814,31.6,31.6,98200.0,491000.0,31000.0,1,2026-07-25,Tỉnh Hải Dương,1.5833333333333333,"226 Đường Trần Hưng Đạo, Phường Kinh Môn, Thành phố Hải Phòng, Việt Nam -> Phường Phạm Sư Mạnh, Thành phố Hải Phòng",1,0.2,True,1.0,0.7231,1.0,0.0,71.69,53.65,45.23,44.48,44.67,0,2,0,0,0,ride_component_73,1,0,0.0,0,0,8.57,5.79,44.67,31.37,76.06,33.5,3.18,GHOST_TRIP_EXECUTION_PATTERN,Mau thuc thi ghost trip,"Cap nay co dau hieu thuc thi ghost trip, voi nhieu chuyen nghi ngo gia lap hoac quay dau phi thuc te.",76.06,Mau thuc thi ghost trip,KB-C_HIGH_GHOST_RATE,GHOST_TRIP_EXECUTION_PATTERN,Mau thuc thi ghost trip,"Cap nay co dau hieu thuc thi ghost trip, voi nhieu chuyen nghi ngo gia lap hoac quay dau phi thuc te.",76.06
5e1375169a59617b,365a757f0665cb3d,5,5,18,5,xanhsm_bike_hn,Thành phố Hà Nội,0.2777777777777778,1.0,1.0,xanhsm_bike_hn|Thành phố Hà Nội,3.0,1.0,0.14285714285714285,0.5,0.2778,0.1429,0.1574,0.7472,6.0,0.5556,True,0.1176,31.47,31.47,15000.0,75000.0,0.0,1,2026-07-25,Thành phố Hà Nội,1.3,"Phường Xuân Đỉnh, Thành Phố Hà Nội, Việt Nam -> Phường Nghĩa Đô, Thành Phố Hà Nội, Việt Nam",5,1.0,True,1.0,0.9697,0.5,0.2778,84.65,60.72,23.84,49.88,43.37,0,0,0,1,0,ride_component_74,1,0,0.0,0,0,5.4,3.86,43.37,30.16,89.42,74.26,2.12,GHOST_TRIP_EXECUTION_PATTERN,Mau thuc thi ghost trip,"Cap nay co dau hieu thuc thi ghost trip, voi nhieu chuyen nghi ngo gia lap hoac quay dau phi thuc te.",89.42,Mau thuc thi ghost trip,KB-C_HIGH_GHOST_RATE,GHOST_TRIP_EXECUTION_PATTERN,Mau thuc thi ghost trip,"Cap nay co dau hieu thuc thi ghost trip, voi nhieu chuyen nghi ngo gia lap hoac quay dau phi thuc te.",89.42
0d71419e5f6de996,1ca5953353d014a3,9,9,42,9,xanh_premium,Thành phố Hồ Chí Minh,0.21428571428571427,1.0,1.0,xanh_premium|Thành phố Hồ Chí Minh,6.0,1.0,0.05555555555555555,0.5,0.2143,0.0556,0.1681,0.9603,6.0,0.5,True,0.1614,31.38,31.38,37666.666666666664,339000.0,32000.0,1,2026-07-25,Thành phố Hồ Chí Minh,1.3,"312 Đường Nguyễn Thượng Hiền, Phường Đức Nhuận, Thành phố Hồ Chí Minh -> 36 Đường Phan Đăng Lưu, Phường Cầu Kiệu, Thành Phố Hồ Chí Minh, Việt Nam",1,0.1111111111111111,True,1.0,0.703,0.6667,0.1667,74.42,55.05,45.08,54.2,51.92,0,1,1,3,1,ride_component_75,3,2,0.6667,4,1,71.21,48.64,51.92,30.36,77.43,34.88,55.92,GHOST_TRIP_EXECUTION_PATTERN,Mau thuc thi ghost trip,"Cap nay co dau hieu thuc thi ghost trip, voi nhieu chuyen nghi ngo gia lap hoac quay dau phi thuc te.",77.43,Cap lap lai va phu thuoc bat thuong | Mau thuc thi ghost trip,KB-C_EXTREME_VOLUME | KB-C_HIGH_GHOST_RATE | KB-C_SUPERFAST_GAP,GHOST_TRIP_EXECUTION_PATTERN,Mau thuc thi ghost trip,"Cap nay co dau hieu thuc thi ghost trip, voi nhieu chuyen nghi ngo gia lap hoac quay dau phi thuc te.",77.43
0d71419e5f6de996,41ec058e53587f91,9,9,42,9,xanh_premium,Thành phố Hồ Chí Minh,0.21428571428571427,1.0,1.0,xanh_premium|Thành phố Hồ Chí Minh,6.0,1.0,0.05555555555555555,0.5,0.2143,0.0556,0.1681,0.9603,6.0,0.5,True,0.1614,31.38,31.38,37666.666666666664,339000.0,44000.0,1,2026-07-25,Thành phố Hồ Chí Minh,1.0333333333333334,"338 Đường Nguyễn Thượng Hiền, Phường Đức Nhuận, Thành phố Hồ Chí Minh, Việt Nam -> Phường Đức Nhuận, Thành phố Hồ Chí Minh, Việt Nam",2,0.2222222222222222,True,1.0,0.7426,0.6667,0.1667,75.61,55.71,46.97,54.93,52.94,0,2,2,2,1,ride_component_75,3,2,0.6667,4,1,72.26,49.62,52.94,30.36,79.0,41.78,56.46,GHOST_TRIP_EXECUTION_PATTERN,Mau thuc thi ghost trip,"Cap nay co dau hieu thuc thi ghost trip, voi nhieu chuyen nghi ngo gia lap hoac quay dau phi thuc te.",79.0,Cap lap lai va phu thuoc bat thuong | Mau thuc thi ghost trip,KB-C_EXTREME_VOLUME | KB-C_HIGH_GHOST_RATE | KB-C_SUPERFAST_GAP,GHOST_TRIP_EXECUTION_PATTERN,Mau thuc thi ghost trip,"Cap nay co dau hieu thuc thi ghost trip, voi nhieu chuyen nghi ngo gia lap hoac quay dau phi thuc te.",79.0
0d71419e5f6de996,d1a87cbf4353791c,9,7,42,9,xanh_premium,Thành phố Hồ Chí Minh,0.21428571428571427,1.0,0.7777777777777778,xanh_premium|Thành phố Hồ Chí Minh,6.0,1.0,0.05555555555555555,0.5,0.2143,0.0556,0.1681,0.9603,6.0,0.5,True,0.1614,31.38,31.38,37000.0,333000.0,41000.0,1,2026-07-25,Thành phố Hồ Chí Minh,0.6833333333333333,"338 Đường Nguyễn Thượng Hiền, Phường Đức Nhuận, Thành phố Hồ Chí Minh, Việt Nam -> 239 Đường Nguyễn Thượng Hiền, Phường Bình Lợi Trung, Thành Phố Hồ Chí Minh, Việt Nam",1,0.1111111111111111,True,0.7778,0.7174,0.3333,0.3333,67.08,51.01,46.01,51.9,50.43,0,3,3,2,2,ride_component_75,3,2,0.6667,4,2,81.2,53.68,50.43,30.36,69.62,32.94,61.19,GHOST_TRIP_EXECUTION_PATTERN,Mau thuc thi ghost trip,"Cap nay co dau hieu thuc thi ghost trip, voi nhieu chuyen nghi ngo gia lap hoac quay dau phi thuc te.",69.62,Cap lap lai va phu thuoc bat thuong | Mau lien ket theo mang | Mau thuc thi ghost trip,KB-C_EXTREME_VOLUME | KB-C_SUSPICIOUS_COMPONENT | KB-C_HIGH_GHOST_RATE | KB-C_SUPERFAST_GAP,GHOST_TRIP_EXECUTION_PATTERN,Mau thuc thi ghost trip,"Cap nay co dau hieu thuc thi ghost trip, voi nhieu chuyen nghi ngo gia lap hoac quay dau phi thuc te.",69.62
0eb014626268be21,d4ecb18ef3356fc2,4,4,6,4,xanh_car,Tỉnh Bình Dương,0.6666666666666666,1.0,1.0,xanh_car|Tỉnh Bình Dương,5.641600000002654,0.9996,0.25,0.5,0.6667,0.25,0.5556,0.6712,6.0,0.2363,False,0.3729,31.14,31.14,30500.0,122000.0,0.0,1,2026-07-25,Tỉnh Bình Dương,1.0833333333333333,"Quốc lộ 13, Khu phố Cây Sắn, Xã Bàu Bàng, Thành Phố Hồ Chí Minh, Việt Nam -> Xã Bàu Bàng, Thành Phố Hồ Chí Minh, Việt Nam",2,0.5,True,1.0,0.8247,0.3333,0.1575,77.89,56.85,20.69,45.95,39.64,0,0,0,0,0,ride_component_76,1,0,0.0,0,0,0.0,0.0,39.64,31.55,82.12,39.11,0.0,GHOST_TRIP_EXECUTION_PATTERN,Mau thuc thi ghost trip,"Cap nay co dau hieu thuc thi ghost trip, voi nhieu chuyen nghi ngo gia lap hoac quay dau phi thuc te.",82.12,Mau thuc thi ghost trip,KB-C_HIGH_GHOST_RATE,GHOST_TRIP_EXECUTION_PATTERN,Mau thuc thi ghost trip,"Cap nay co dau hieu thuc thi ghost trip, voi nhieu chuyen nghi ngo gia lap hoac quay dau phi thuc te.",82.12
eaecf5c60f82251d,60355c9e67fbaa7c,7,4,18,7,xanh_premium,Tỉnh Hải Dương,0.3888888888888889,1.0,0.5714285714285714,xanh_premium|Tỉnh Hải Dương,6.930100000000039,1.0,0.08333333333333333,0.5,0.3889,0.0833,0.3333,0.8672,6.0,0.3367,True,0.2891,31.05,31.05,91571.42857142857,641000.0,60000.0,1,2026-07-25,Tỉnh Hải Dương,25.166666666666668,"Thành phố Hải Phòng -> Thôn Lôi Xá, Xã Tuệ Tĩnh, Thành phố Hải Phòng, Việt Nam",2,0.2857142857142857,True,0.5714,0.1985,1.0,0.0,34.53,32.96,56.27,27.37,34.6,0,2,0,0,0,ride_component_77,1,0,0.0,0,0,8.57,4.82,34.6,30.91,34.99,30.06,2.65,GHOST_TRIP_EXECUTION_PATTERN,Mau thuc thi ghost trip,"Cap nay co dau hieu thuc thi ghost trip, voi nhieu chuyen nghi ngo gia lap hoac quay dau phi thuc te.",34.99,Mau thuc thi ghost trip,KB-C_HIGH_GHOST_RATE,GHOST_TRIP_EXECUTION_PATTERN,Mau thuc thi ghost trip,"Cap nay co dau hieu thuc thi ghost trip, voi nhieu chuyen nghi ngo gia lap hoac quay dau phi thuc te.",34.99
8159f7f453b20f97,b8af171a442f4edb,4,3,8,5,xanh_car_just_taxi,Tỉnh Đồng Nai,0.5,0.8,0.75,xanh_car_just_taxi|Tỉnh Đồng Nai,3.963200000000029,1.0,0.16666666666666666,0.3333333333333333,0.5,0.1667,0.4,0.6712,6.0,0.3364,True,0.2685,29.91,29.91,30500.0,122000.0,0.0,1,2026-07-25,,0.6166666666666667,"17B5, Ấp Thanh Thọ 2, Xã Phú Lâm, Tỉnh Đồng Nai, Việt Nam -> location_address_display (0.000000, 0.000000)",2,0.5,True,0.75,0.8356,1.0,0.0,62.57,47.87,22.69,39.32,35.16,0,0,0,1,0,ride_component_78,1,0,0.0,0,0,5.4,3.47,35.16,29.7,68.63,37.47,1.91,GHOST_TRIP_EXECUTION_PATTERN,Mau thuc thi ghost trip,"Cap nay co dau hieu thuc thi ghost trip, voi nhieu chuyen nghi ngo gia lap hoac quay dau phi thuc te.",68.63,Mau thuc thi ghost trip,KB-C_HIGH_GHOST_RATE,GHOST_TRIP_EXECUTION_PATTERN,Mau thuc thi ghost trip,"Cap nay co dau hieu thuc thi ghost trip, voi nhieu chuyen nghi ngo gia lap hoac quay dau phi thuc te.",68.63
ff8e3740de51b04e,235a93a52ccdbc41,4,4,6,4,xanh_premium,Tỉnh Đồng Nai,0.6666666666666666,1.0,1.0,xanh_premium|Tỉnh Đồng Nai,6.599500000000262,0.9973,0.25,0.5,0.6667,0.25,0.5556,0.6712,6.0,0.202,False,0.3729,29.6,29.6,91750.0,367000.0,35000.0,1,2026-07-25,Tỉnh Đồng Nai,29.8,"Tỉnh lộ 763, Xã Xuân Lộc, Tỉnh Đồng Nai, Việt Nam -> 2856 Quốc lộ 1, Xã Xuân Lộc, Tỉnh Đồng Nai, Việt Nam",1,0.25,True,1.0,0.0797,1.0,0.0,52.39,42.13,41.06,34.6,36.22,0,1,0,0,0,ride_component_79,1,0,0.0,0,0,5.4,3.3,36.22,30.11,50.65,19.86,1.82,GHOST_TRIP_EXECUTION_PATTERN,Mau thuc thi ghost trip,"Cap nay co dau hieu thuc thi ghost trip, voi nhieu chuyen nghi ngo gia lap hoac quay dau phi thuc te.",50.65,Mau thuc thi ghost trip,KB-C_HIGH_GHOST_RATE,GHOST_TRIP_EXECUTION_PATTERN,Mau thuc thi ghost trip,"Cap nay co dau hieu thuc thi ghost trip, voi nhieu chuyen nghi ngo gia lap hoac quay dau phi thuc te.",50.65
78283aec611fa5de,f8227a389fc20425,4,2,6,4,xanh_car,Tỉnh Quảng Nam,0.6666666666666666,1.0,0.5,xanh_car|Tỉnh Quảng Nam,6.641999999999825,0.9986,0.25,0.5,0.6667,0.25,0.5556,0.6712,6.0,0.2007,False,0.3729,29.54,29.54,52000.0,208000.0,30000.0,1,2026-07-25,Tỉnh Quảng Nam,20.383333333333333,"Phường Bàn Thạch, Thành phố Đà Nẵng -> Phường Tam Kỳ, Thành phố Đà Nẵng, Việt Nam",1,0.25,True,0.5,0.2994,0.5,0.1004,35.99,33.09,32.59,27.5,28.77,1,1,0,0,0,ride_component_80,1,0,0.0,0,0,8.57,4.81,28.77,30.06,36.88,19.45,2.65,GHOST_TRIP_EXECUTION_PATTERN,Mau thuc thi ghost trip,"Cap nay co dau hieu thuc thi ghost trip, voi nhieu chuyen nghi ngo gia lap hoac quay dau phi thuc te.",36.88,Mau thuc thi ghost trip,KB-C_HIGH_GHOST_RATE,GHOST_TRIP_EXECUTION_PATTERN,Mau thuc thi ghost trip,"Cap nay co dau hieu thuc thi ghost trip, voi nhieu chuyen nghi ngo gia lap hoac quay dau phi thuc te.",36.88
e9891eba8f1c5b20,1e3ad0f8ddf700e8,9,9,18,9,xanh_limo_6_cho,Tỉnh Bắc Ninh,0.5,1.0,1.0,xanh_limo_6_cho|Tỉnh Bắc Ninh,9.0,1.0,0.3333333333333333,0.5,0.5,0.3333,0.25,0.9603,6.0,0.3333,True,0.2401,28.2,28.2,38666.666666666664,348000.0,0.0,1,2026-07-25,Tỉnh Bắc Ninh,0.6666666666666666,"Phường Võ Cường, Tỉnh Bắc Ninh, Việt Nam -> 175 Đường Trần Hưng Đạo, Phường Võ Cường, Tỉnh Bắc Ninh, Việt Nam",2,0.2222222222222222,True,1.0,0.7511,0.5,0.1666,75.87,54.42,31.75,53.01,47.7,0,0,3,5,1,ride_component_81,2,1,1.0,3,1,66.5,44.97,47.7,27.92,79.34,41.47,52.23,GHOST_TRIP_EXECUTION_PATTERN,Mau thuc thi ghost trip,"Cap nay co dau hieu thuc thi ghost trip, voi nhieu chuyen nghi ngo gia lap hoac quay dau phi thuc te.",79.34,Cap lap lai va phu thuoc bat thuong | Mau thuc thi ghost trip,KB-C_EXTREME_VOLUME | KB-C_HIGH_GHOST_RATE | KB-C_SUPERFAST_GAP,GHOST_TRIP_EXECUTION_PATTERN,Mau thuc thi ghost trip,"Cap nay co dau hieu thuc thi ghost trip, voi nhieu chuyen nghi ngo gia lap hoac quay dau phi thuc te.",79.34
e9891eba8f1c5b20,a3b605e8ec38399f,9,9,18,9,xanh_limo_6_cho,Tỉnh Bắc Ninh,0.5,1.0,1.0,xanh_limo_6_cho|Tỉnh Bắc Ninh,9.0,1.0,0.3333333333333333,0.5,0.5,0.3333,0.25,0.9603,6.0,0.3333,True,0.2401,28.2,28.2,38888.88888888889,350000.0,0.0,1,2026-07-25,Tỉnh Bắc Ninh,1.0666666666666667,"Bắc Ninh -> Xã Quế Võ, Huyện Bằng An, Phường Vũ Ninh, Tỉnh Bắc Ninh, Việt Nam",1,0.1111111111111111,True,1.0,0.7084,1.0,0.0,71.25,51.88,32.04,50.74,46.06,0,0,3,5,1,ride_component_81,2,1,1.0,3,1,66.5,44.05,46.06,27.92,75.48,34.51,51.73,GHOST_TRIP_EXECUTION_PATTERN,Mau thuc thi ghost trip,"Cap nay co dau hieu thuc thi ghost trip, voi nhieu chuyen nghi ngo gia lap hoac quay dau phi thuc te.",75.48,Cap lap lai va phu thuoc bat thuong | Mau thuc thi ghost trip,KB-C_EXTREME_VOLUME | KB-C_HIGH_GHOST_RATE | KB-C_SUPERFAST_GAP,GHOST_TRIP_EXECUTION_PATTERN,Mau thuc thi ghost trip,"Cap nay co dau hieu thuc thi ghost trip, voi nhieu chuyen nghi ngo gia lap hoac quay dau phi thuc te.",75.48
5907b98adff09e21,ab92d2e058097e3c,5,4,9,5,xanh_premium,Thành phố Cần Thơ,0.5555555555555556,1.0,0.8,xanh_premium|Thành phố Cần Thơ,8.344000000000051,0.9994,0.16666666666666666,0.5,0.5556,0.1667,0.4667,0.7472,6.0,0.1997,False,0.3487,28.17,28.17,163600.0,818000.0,74000.0,1,2026-07-25,Thành phố Cần Thơ,103.9,"218 Đường Võ Văn Kiệt, Phường Bình Thủy, Thành phố Cần Thơ, Việt Nam -> Phường Bình Thủy, Thành phố Cần Thơ",1,0.2,True,0.8,0.06,1.0,0.0,41.8,35.67,62.48,29.65,37.86,0,2,0,0,0,ride_component_82,1,0,0.0,0,0,8.57,4.92,37.86,28.62,40.37,20.35,2.71,GHOST_TRIP_EXECUTION_PATTERN,Mau thuc thi ghost trip,"Cap nay co dau hieu thuc thi ghost trip, voi nhieu chuyen nghi ngo gia lap hoac quay dau phi thuc te.",40.37,Mau thuc thi ghost trip,KB-C_HIGH_GHOST_RATE,GHOST_TRIP_EXECUTION_PATTERN,Mau thuc thi ghost trip,"Cap nay co dau hieu thuc thi ghost trip, voi nhieu chuyen nghi ngo gia lap hoac quay dau phi thuc te.",40.37
04bf4f8bb7341ea1,fecd6c6d418a8e00,4,4,8,4,xanh_car,Tỉnh Kiên Giang,0.5,1.0,1.0,xanh_car|Tỉnh Kiên Giang,4.635999999999967,0.9997,0.16666666666666666,0.5,0.5,0.1667,0.4,0.6712,6.0,0.2876,False,0.2685,27.71,27.71,24500.0,98000.0,0.0,1,2026-07-25,Tỉnh Kiên Giang,1.8833333333333333,"Đặc khu Phú Quốc, Tỉnh An Giang, Việt Nam -> Đặc khu Phú Quốc, Tỉnh An Giang, Việt Nam",2,0.5,True,1.0,0.8061,1.0,0.0,74.18,53.27,19.37,43.08,37.15,0,0,0,0,0,ride_component_83,1,0,0.0,0,0,0.0,0.0,37.15,27.65,79.34,38.52,0.0,GHOST_TRIP_EXECUTION_PATTERN,Mau thuc thi ghost trip,"Cap nay co dau hieu thuc thi ghost trip, voi nhieu chuyen nghi ngo gia lap hoac quay dau phi thuc te.",79.34,Mau thuc thi ghost trip,KB-C_HIGH_GHOST_RATE,GHOST_TRIP_EXECUTION_PATTERN,Mau thuc thi ghost trip,"Cap nay co dau hieu thuc thi ghost trip, voi nhieu chuyen nghi ngo gia lap hoac quay dau phi thuc te.",79.34
81133825b6933420,8039bb522ef81566,4,2,7,4,xanh_premium,Thành phố Hà Nội,0.5714285714285714,1.0,0.5,xanh_premium|Thành phố Hà Nội,6.0,0.9994,0.2,0.5,0.5714,0.2,0.4643,0.6712,6.0,0.2222,False,0.3116,27.14,27.14,185750.0,743000.0,64000.0,1,2026-07-25,Thành phố Hà Nội,20.65,"27 Cổ Linh, Phường Long Biên, Thành Phố Hà Nội, Việt Nam -> Ngõ 202 Cổ Linh, Phường Long Biên, Thành Phố Hà Nội, Việt Nam",1,0.25,True,0.5,0.2932,0.75,0.0556,34.91,31.41,57.85,30.49,37.33,0,0,1,1,0,ride_component_15,5,4,0.4,2,1,48.0,26.39,37.33,27.41,36.06,19.12,31.01,GHOST_TRIP_EXECUTION_PATTERN,Mau thuc thi ghost trip,"Cap nay co dau hieu thuc thi ghost trip, voi nhieu chuyen nghi ngo gia lap hoac quay dau phi thuc te.",36.06,Mau thuc thi ghost trip,KB-C_HIGH_GHOST_RATE,GHOST_TRIP_EXECUTION_PATTERN,Mau thuc thi ghost trip,"Cap nay co dau hieu thuc thi ghost trip, voi nhieu chuyen nghi ngo gia lap hoac quay dau phi thuc te.",36.06
4e731d75525f9b30,226f72abc1c3df96,4,2,7,4,xanh_car,Tỉnh Quảng Nam,0.5714285714285714,1.0,0.5,xanh_car|Tỉnh Quảng Nam,6.641999999999825,0.9986,0.2,0.5,0.5714,0.2,0.4643,0.6712,6.0,0.2007,False,0.3116,26.17,26.17,60250.0,241000.0,18000.0,1,2026-07-25,Tỉnh Quảng Nam,23.633333333333333,"10B Trần Hưng Đạo, Phường Hội An, Thành Phố Đà Nẵng, Việt Nam -> 432 Đường Cửa Đại, Phường Hội An Đông, Thành phố Đà Nẵng, Việt Nam",1,0.25,True,0.5,0.2236,1.0,0.0,31.71,29.22,32.0,24.01,26.01,0,1,0,0,0,ride_component_84,1,0,0.0,0,0,5.4,2.9,26.01,26.5,32.58,18.1,1.6,GHOST_TRIP_EXECUTION_PATTERN,Mau thuc thi ghost trip,"Cap nay co dau hieu thuc thi ghost trip, voi nhieu chuyen nghi ngo gia lap hoac quay dau phi thuc te.",32.58,Mau thuc thi ghost trip,KB-C_HIGH_GHOST_RATE,GHOST_TRIP_EXECUTION_PATTERN,Mau thuc thi ghost trip,"Cap nay co dau hieu thuc thi ghost trip, voi nhieu chuyen nghi ngo gia lap hoac quay dau phi thuc te.",32.58
f9b924fee4f5c8f4,e304bfb9dc9d3663,4,2,21,4,xanh_sm_bike_premium,Thành phố Hà Nội,0.19047619047619047,1.0,0.5,xanh_sm_bike_premium|Thành phố Hà Nội,2.853499999999258,1.0,0.06666666666666667,0.5,0.1905,0.0667,0.1327,0.6712,6.0,0.4673,True,0.089,25.92,25.92,16500.0,66000.0,7000.0,1,2026-07-25,Thành phố Hà Nội,2.85,"Khu đô thị Louis City, 19, Phường Hoàng Mai, Thành Phố Hà Nội, Việt Nam -> L11-45 Đường Louis XI, Hoàng Mai, Thành phố Hà Nội, Việt Nam",2,0.5,True,0.5,0.7835,1.0,0.0,48.5,38.34,23.3,31.53,29.47,0,1,0,0,0,ride_component_85,1,0,0.0,0,0,5.4,3.17,29.47,24.79,54.69,34.71,1.74,GHOST_TRIP_EXECUTION_PATTERN,Mau thuc thi ghost trip,"Cap nay co dau hieu thuc thi ghost trip, voi nhieu chuyen nghi ngo gia lap hoac quay dau phi thuc te.",54.69,Mau thuc thi ghost trip,KB-C_HIGH_GHOST_RATE,GHOST_TRIP_EXECUTION_PATTERN,Mau thuc thi ghost trip,"Cap nay co dau hieu thuc thi ghost trip, voi nhieu chuyen nghi ngo gia lap hoac quay dau phi thuc te.",54.69
b9bc6a0e28c86d43,efdcc15b81e20466,5,4,10,6,xanh_car,Tỉnh Thanh Hóa,0.5,0.8333333333333334,0.8,xanh_car|Tỉnh Thanh Hóa,9.261000000006788,0.9996,0.14285714285714285,0.3333333333333333,0.5,0.1429,0.4167,0.7472,6.0,0.18,False,0.3113,25.22,25.22,61400.0,307000.0,13000.0,1,2026-07-25,Tỉnh Thanh Hóa,122.71666666666667,"Thanh Hóa -> Đường Tỉnh 513, Phường Nghi Sơn, Tỉnh Thanh Hóa, Việt Nam",2,0.4,True,0.8,0.12,1.0,0.0,43.6,35.33,30.32,34.55,33.49,1,1,1,1,0,ride_component_68,2,1,1.0,2,1,53.59,30.5,33.49,25.61,42.74,30.15,39.28,GHOST_TRIP_EXECUTION_PATTERN,Mau thuc thi ghost trip,"Cap nay co dau hieu thuc thi ghost trip, voi nhieu chuyen nghi ngo gia lap hoac quay dau phi thuc te.",42.74,Mau thuc thi ghost trip,KB-C_HIGH_GHOST_RATE,GHOST_TRIP_EXECUTION_PATTERN,Mau thuc thi ghost trip,"Cap nay co dau hieu thuc thi ghost trip, voi nhieu chuyen nghi ngo gia lap hoac quay dau phi thuc te.",42.74
2a46589950169223,403c018cb0a7e445,6,4,22,6,xanh_premium,Thành phố Hà Nội,0.2727272727272727,1.0,0.6666666666666666,xanh_premium|Thành phố Hà Nội,6.0,1.0,0.058823529411764705,0.5,0.2727,0.0588,0.2273,0.8115,6.0,0.3333,True,0.1844,25.14,25.14,44833.333333333336,269000.0,13000.0,1,2026-07-25,Thành phố Hà Nội,22.216666666666665,"202 Đường Giáp Nhị, Phường Hoàng Mai, Thành Phố Hà Nội, Việt Nam -> Đường Giải Phóng, Phường Hoàng Mai, Thành Phố Hà Nội, Việt Nam",1,0.16666666666666666,True,0.6667,0.2316,0.25,0.25,45.28,36.22,32.51,29.18,30.01,0,0,0,0,0,ride_component_86,1,0,0.0,0,0,0.0,0.0,30.01,24.69,44.06,24.24,0.0,GHOST_TRIP_EXECUTION_PATTERN,Mau thuc thi ghost trip,"Cap nay co dau hieu thuc thi ghost trip, voi nhieu chuyen nghi ngo gia lap hoac quay dau phi thuc te.",44.06,Mau thuc thi ghost trip,KB-C_HIGH_GHOST_RATE,GHOST_TRIP_EXECUTION_PATTERN,Mau thuc thi ghost trip,"Cap nay co dau hieu thuc thi ghost trip, voi nhieu chuyen nghi ngo gia lap hoac quay dau phi thuc te.",44.06
92f702e5a686b9c4,bc3a67bb70146486,5,5,47,5,xanhsm_bike_hn,Thành phố Hà Nội,0.10638297872340426,1.0,1.0,xanhsm_bike_hn|Thành phố Hà Nội,3.0,1.0,0.25,0.5,0.1064,0.25,0.0,0.7472,6.0,0.5556,True,0.0,25.0,25.0,24600.0,123000.0,14000.0,1,2026-07-25,Thành phố Hà Nội,0.5333333333333333,"70 Phố Việt Hưng, Phường Việt Hưng, Thành Phố Hà Nội, Việt Nam -> Hoa Lâm, Phường Việt Hưng, Thành Phố Hà Nội, Việt Nam",1,0.2,True,1.0,0.7476,1.0,0.0,72.43,51.08,31.15,48.15,43.9,0,0,2,2,0,ride_component_15,5,4,0.4,2,1,51.99,34.04,43.9,23.33,77.03,33.09,35.22,GHOST_TRIP_EXECUTION_PATTERN,Mau thuc thi ghost trip,"Cap nay co dau hieu thuc thi ghost trip, voi nhieu chuyen nghi ngo gia lap hoac quay dau phi thuc te.",77.03,Mau thuc thi ghost trip,KB-C_HIGH_GHOST_RATE,GHOST_TRIP_EXECUTION_PATTERN,Mau thuc thi ghost trip,"Cap nay co dau hieu thuc thi ghost trip, voi nhieu chuyen nghi ngo gia lap hoac quay dau phi thuc te.",77.03
2f1221365f793f13,8b42950d71ed4241,4,2,6,9,xanh_premium,Tỉnh Hà Nam,0.6666666666666666,0.4444444444444444,0.5,xanh_premium|Tỉnh Hà Nam,5.0,0.9964,0.25,0.14285714285714285,0.4444,0.1429,0.3519,0.6712,6.0,0.2667,False,0.2362,24.99,24.99,324000.0,1296000.0,62000.0,1,2026-07-25,Tỉnh Hà Nam,27.016666666666666,"Lô J, KCN Đồng Văn 2, Phường Đồng Văn, Tỉnh Ninh Bình, Việt Nam -> KCN Quang Châu, Phường Nếnh, Tỉnh Bắc Ninh, Việt Nam",1,0.25,True,0.5,0.1446,1.0,0.0,29.34,27.38,66.22,22.52,33.44,1,0,0,0,0,ride_component_87,1,0,0.0,0,0,5.4,2.84,33.44,24.9,29.46,16.93,1.56,GHOST_TRIP_EXECUTION_PATTERN,Mau thuc thi ghost trip,"Cap nay co dau hieu thuc thi ghost trip, voi nhieu chuyen nghi ngo gia lap hoac quay dau phi thuc te.",29.46,Mau thuc thi ghost trip,KB-C_HIGH_GHOST_RATE,GHOST_TRIP_EXECUTION_PATTERN,Mau thuc thi ghost trip,"Cap nay co dau hieu thuc thi ghost trip, voi nhieu chuyen nghi ngo gia lap hoac quay dau phi thuc te.",29.46
f9b924fee4f5c8f4,06ec40ceaaaa3cf5,4,2,21,4,xanhsm_bike_hn,Thành phố Hà Nội,0.19047619047619047,1.0,0.5,xanhsm_bike_hn|Thành phố Hà Nội,3.0,0.9999,0.06666666666666667,0.5,0.1905,0.0667,0.1327,0.6712,6.0,0.4444,True,0.089,24.89,24.89,15000.0,60000.0,8000.0,1,2026-07-25,Thành phố Hà Nội,2.2666666666666666,"78 Đường Giảng Võ, Phường Giảng Võ, Thành Phố Hà Nội, Việt Nam -> Phường Giảng Võ, Thành Phố Hà Nội, Việt Nam",1,0.25,True,0.5,0.7221,0.5,0.2222,51.11,39.31,23.01,38.04,34.28,0,1,1,2,0,ride_component_32,2,1,1.0,2,1,53.59,31.64,34.28,23.82,55.16,24.62,39.9,GHOST_TRIP_EXECUTION_PATTERN,Mau thuc thi ghost trip,"Cap nay co dau hieu thuc thi ghost trip, voi nhieu chuyen nghi ngo gia lap hoac quay dau phi thuc te.",55.16,Mau thuc thi ghost trip,KB-C_HIGH_GHOST_RATE,GHOST_TRIP_EXECUTION_PATTERN,Mau thuc thi ghost trip,"Cap nay co dau hieu thuc thi ghost trip, voi nhieu chuyen nghi ngo gia lap hoac quay dau phi thuc te.",55.16
88f273294e0f8aac,af27cb60984cf34a,5,3,11,5,xanh_car,Tỉnh Bà Rịa - Vũng Tàu,0.45454545454545453,1.0,0.6,xanh_car|Tỉnh Bà Rịa - Vũng Tàu,6.447900000001027,0.9996,0.2,0.5,0.4545,0.2,0.3182,0.7472,6.0,0.2585,False,0.2378,24.71,24.71,136600.0,683000.0,32000.0,1,2026-07-25,Tỉnh Bà Rịa - Vũng Tàu,32.46666666666667,"2A Đường Lý Thường Kiệt, Phường Bà Rịa, Thành phố Hồ Chí Minh, Việt Nam -> ĐT 44A, Xã Phước Hải, Thành Phố Hồ Chí Minh, Việt Nam",1,0.2,True,0.6,0.06,0.6667,0.0862,33.52,29.56,48.78,24.89,30.86,0,1,1,1,0,ride_component_88,1,0,0.0,0,0,10.81,5.81,30.86,24.65,31.99,18.26,3.2,GHOST_TRIP_EXECUTION_PATTERN,Mau thuc thi ghost trip,"Cap nay co dau hieu thuc thi ghost trip, voi nhieu chuyen nghi ngo gia lap hoac quay dau phi thuc te.",31.99,Mau thuc thi ghost trip,KB-C_HIGH_GHOST_RATE,GHOST_TRIP_EXECUTION_PATTERN,Mau thuc thi ghost trip,"Cap nay co dau hieu thuc thi ghost trip, voi nhieu chuyen nghi ngo gia lap hoac quay dau phi thuc te.",31.99
3a473ac805735757,1eff0d6ce3c8c29f,4,2,9,5,xanh_car,Tỉnh Bình Dương,0.4444444444444444,0.8,0.5,xanh_car|Tỉnh Bình Dương,5.641600000002654,0.9996,0.14285714285714285,0.3333333333333333,0.4444,0.1429,0.3519,0.6712,6.0,0.2363,False,0.2362,23.62,23.62,54500.0,218000.0,9000.0,1,2026-07-25,Tỉnh Bình Dương,23.4,"200 Đường Thích Quảng Đức, Phường Thủ Dầu Một, Thành phố Hồ Chí Minh, Việt Nam -> Số 129 Đường Thích Quảng Đức, Phường Thủ Dầu Một, Thành phố Hồ Chí Minh, Việt Nam",1,0.25,True,0.5,0.229,0.6667,0.0788,33.45,29.02,27.46,23.32,24.36,0,0,0,0,0,ride_component_89,1,0,0.0,0,0,0.0,0.0,24.36,23.62,33.82,17.92,0.0,GHOST_TRIP_EXECUTION_PATTERN,Mau thuc thi ghost trip,"Cap nay co dau hieu thuc thi ghost trip, voi nhieu chuyen nghi ngo gia lap hoac quay dau phi thuc te.",33.82,Mau thuc thi ghost trip,KB-C_HIGH_GHOST_RATE,GHOST_TRIP_EXECUTION_PATTERN,Mau thuc thi ghost trip,"Cap nay co dau hieu thuc thi ghost trip, voi nhieu chuyen nghi ngo gia lap hoac quay dau phi thuc te.",33.82
be535317d119f036,6e8cf43e7f4300f8,4,2,14,4,xanh_premium_just_taxi,Tỉnh Hưng Yên,0.2857142857142857,1.0,0.5,xanh_premium_just_taxi|Tỉnh Hưng Yên,3.980400000000003,1.0,0.08333333333333333,0.5,0.2857,0.0833,0.2208,0.6712,6.0,0.335,True,0.1482,23.23,23.23,157450.0,629800.0,50000.0,1,2026-07-25,Tỉnh Hưng Yên,16.916666666666668,"Hưng Yên, Đường Số 179, Thôn Hạ, Xã Phụng Công, Tỉnh Hưng Yên, Việt Nam ->  Đường Tỉnh 179, Xã Cửu Cao, Huyện Văn Giang, Tỉnh Hưng Yên, Việt Nam",1,0.25,True,0.5,0.3803,1.0,0.0,36.41,30.48,54.05,25.44,32.59,0,1,0,1,0,ride_component_90,1,0,0.0,0,0,8.57,4.63,32.59,22.67,38.77,19.89,2.55,GHOST_TRIP_EXECUTION_PATTERN,Mau thuc thi ghost trip,"Cap nay co dau hieu thuc thi ghost trip, voi nhieu chuyen nghi ngo gia lap hoac quay dau phi thuc te.",38.77,Mau thuc thi ghost trip,KB-C_HIGH_GHOST_RATE,GHOST_TRIP_EXECUTION_PATTERN,Mau thuc thi ghost trip,"Cap nay co dau hieu thuc thi ghost trip, voi nhieu chuyen nghi ngo gia lap hoac quay dau phi thuc te.",38.77
24ab3b2d4383bf19,8ca8435bc939559b,4,3,10,4,xanh_car,Tỉnh Bình Phước,0.4,1.0,0.75,xanh_car|Tỉnh Bình Phước,5.0,0.9986,0.14285714285714285,0.5,0.4,0.1429,0.3,0.6712,6.0,0.2667,False,0.2014,23.08,23.08,108000.0,432000.0,23000.0,1,2026-07-25,Tỉnh Bình Phước,92.75,"134, 136 - 138 Nguyễn Huệ, KP, Phường Bình Long, Tỉnh Đồng Nai, Việt Nam -> Hớn Quản, Bình Phước",1,0.25,True,0.75,0.075,0.5,0.1334,42.42,33.72,41.38,34.14,35.95,0,1,1,2,1,ride_component_43,2,1,1.0,3,1,62.51,34.88,35.95,22.88,40.32,17.47,46.68,GHOST_TRIP_EXECUTION_PATTERN,Mau thuc thi ghost trip,"Cap nay co dau hieu thuc thi ghost trip, voi nhieu chuyen nghi ngo gia lap hoac quay dau phi thuc te.",40.32,Mau thuc thi ghost trip,KB-C_HIGH_GHOST_RATE,GHOST_TRIP_EXECUTION_PATTERN,Mau thuc thi ghost trip,"Cap nay co dau hieu thuc thi ghost trip, voi nhieu chuyen nghi ngo gia lap hoac quay dau phi thuc te.",40.32
ec29e93c0df1b8a7,a35d363299085372,7,4,18,7,xanh_premium,Tỉnh Bình Phước,0.3888888888888889,1.0,0.5714285714285714,xanh_premium|Tỉnh Bình Phước,10.728799999999865,0.9978,0.16666666666666666,0.5,0.3889,0.1667,0.2667,0.8672,6.0,0.2175,False,0.2313,22.51,22.51,116285.71428571429,814000.0,140000.0,1,2026-07-25,Tỉnh Bình Phước,0.85,"Phường Chơn Thành, Tỉnh Đồng Nai, Việt Nam -> Đường Nguyễn Văn Linh, Phường Minh Hưng, Tỉnh Đồng Nai, Việt Nam",4,0.5714285714285714,True,0.5714,0.8516,1.0,0.0,54.12,39.9,70.11,33.51,42.66,0,1,1,1,0,ride_component_91,1,0,0.0,0,0,10.81,6.39,42.66,22.55,60.78,57.55,3.51,GHOST_TRIP_EXECUTION_PATTERN,Mau thuc thi ghost trip,"Cap nay co dau hieu thuc thi ghost trip, voi nhieu chuyen nghi ngo gia lap hoac quay dau phi thuc te.",60.78,Mau thuc thi ghost trip,KB-C_HIGH_GHOST_RATE | KB-C_SUPERFAST_GAP,GHOST_TRIP_EXECUTION_PATTERN,Mau thuc thi ghost trip,"Cap nay co dau hieu thuc thi ghost trip, voi nhieu chuyen nghi ngo gia lap hoac quay dau phi thuc te.",60.78
44ef35eb3350edd0,eac8a1e0636eb544,4,4,11,4,xanh_car,Tỉnh Quảng Ninh,0.36363636363636365,1.0,1.0,xanh_car|Tỉnh Quảng Ninh,5.0,0.9998,0.1111111111111111,0.5,0.3636,0.1111,0.2841,0.6712,6.0,0.2667,False,0.1907,22.49,22.49,106500.0,426000.0,62000.0,1,2026-07-25,Tỉnh Quảng Ninh,65.33333333333333,"334 Nhà Hàng ĐạI Dương, Đặc khu Vân Đồn, Tỉnh Quảng Ninh, Việt Nam -> Xóm 1, Đặc khu Vân Đồn, Tỉnh Quảng Ninh, Việt Nam",1,0.25,True,1.0,0.075,1.0,0.0,52.25,38.86,50.92,32.02,36.75,0,0,1,0,0,ride_component_92,1,0,0.0,0,0,5.4,3.16,36.75,22.26,50.46,19.08,1.74,GHOST_TRIP_EXECUTION_PATTERN,Mau thuc thi ghost trip,"Cap nay co dau hieu thuc thi ghost trip, voi nhieu chuyen nghi ngo gia lap hoac quay dau phi thuc te.",50.46,Mau thuc thi ghost trip,KB-C_HIGH_GHOST_RATE,GHOST_TRIP_EXECUTION_PATTERN,Mau thuc thi ghost trip,"Cap nay co dau hieu thuc thi ghost trip, voi nhieu chuyen nghi ngo gia lap hoac quay dau phi thuc te.",50.46
9cab892ccb1cd9f6,d938b03bbf02a6df,6,5,16,8,xanh_limo_6_cho,Thành phố Hồ Chí Minh,0.375,0.75,0.8333333333333334,xanh_limo_6_cho|Thành phố Hồ Chí Minh,6.0,1.0,0.25,0.3333333333333333,0.375,0.25,0.1667,0.8115,6.0,0.3333,True,0.1353,22.44,22.44,117000.0,702000.0,175000.0,1,2026-07-25,Thành phố Hồ Chí Minh,0.4666666666666667,"92-94 nam kỳ khởi nghĩa, Phường Sài Gòn, Thành phố Hồ Chí Minh -> 30 Đường Số 26, Xã Bình Hưng, Thành phố Hồ Chí Minh, Việt Nam",5,0.8333333333333334,True,0.8333,0.9391,0.25,0.25,74.84,51.26,71.58,50.49,55.76,0,1,1,1,1,ride_component_60,2,1,1.0,4,1,68.59,44.79,55.76,21.85,79.93,76.31,57.13,GHOST_TRIP_EXECUTION_PATTERN,Mau thuc thi ghost trip,"Cap nay co dau hieu thuc thi ghost trip, voi nhieu chuyen nghi ngo gia lap hoac quay dau phi thuc te.",79.93,Mau thuc thi ghost trip,KB-C_HIGH_GHOST_RATE | KB-C_SUPERFAST_GAP,GHOST_TRIP_EXECUTION_PATTERN,Mau thuc thi ghost trip,"Cap nay co dau hieu thuc thi ghost trip, voi nhieu chuyen nghi ngo gia lap hoac quay dau phi thuc te.",79.93
5782d3e87447fbe1,0f60add9fe7bb120,4,2,9,4,xanh_car,Tỉnh Bà Rịa - Vũng Tàu,0.4444444444444444,1.0,0.5,xanh_car|Tỉnh Bà Rịa - Vũng Tàu,6.447900000001027,0.9985,0.14285714285714285,0.5,0.4444,0.1429,0.3519,0.6712,6.0,0.2068,False,0.2362,22.3,22.3,132500.0,530000.0,39000.0,1,2026-07-25,Tỉnh Bà Rịa - Vũng Tàu,101.08333333333333,"686 Đường Võ Văn Kiệt, Phường Tam Long, Thành phố Hồ Chí Minh, Việt Nam -> Trà Sữa Cafe 999 - Ấp Phước HảI, Ấp Phước Hải, P.Tân Hải, TP.Hồ Chí Minh, 78000, Vietnam",1,0.25,True,0.5,0.075,0.5,0.1034,29.32,26.16,45.65,22.12,28.0,0,1,1,1,0,ride_component_93,1,0,0.0,0,0,10.81,5.58,28.0,22.39,28.06,15.73,3.07,GHOST_TRIP_EXECUTION_PATTERN,Mau thuc thi ghost trip,"Cap nay co dau hieu thuc thi ghost trip, voi nhieu chuyen nghi ngo gia lap hoac quay dau phi thuc te.",28.06,Mau thuc thi ghost trip,KB-C_HIGH_GHOST_RATE,GHOST_TRIP_EXECUTION_PATTERN,Mau thuc thi ghost trip,"Cap nay co dau hieu thuc thi ghost trip, voi nhieu chuyen nghi ngo gia lap hoac quay dau phi thuc te.",28.06
be0ca4a2493ae74f,259101fed7cd7194,4,4,8,4,xanh_car,Tỉnh Tây Ninh,0.5,1.0,1.0,xanh_car|Tỉnh Tây Ninh,7.257999999999811,0.997,0.2,0.5,0.5,0.2,0.375,0.6712,6.0,0.1837,False,0.2517,22.11,22.11,201000.0,804000.0,67000.0,1,2026-07-25,Tỉnh Tây Ninh,105.98333333333333,"500 Đường Cách Mạng Tháng Tám, Phường Tân Ninh, Tỉnh Tây Ninh, Việt Nam -> 786 Đường tỉnh 786, Xã Long Thuận, Tỉnh Tây Ninh, Việt Nam",1,0.25,True,1.0,0.075,1.0,0.0,52.25,38.69,60.52,32.25,39.32,0,1,1,0,0,ride_component_94,1,0,0.0,0,0,8.57,5.01,39.32,22.31,50.46,19.04,2.76,GHOST_TRIP_EXECUTION_PATTERN,Mau thuc thi ghost trip,"Cap nay co dau hieu thuc thi ghost trip, voi nhieu chuyen nghi ngo gia lap hoac quay dau phi thuc te.",50.46,Mau thuc thi ghost trip,KB-C_HIGH_GHOST_RATE,GHOST_TRIP_EXECUTION_PATTERN,Mau thuc thi ghost trip,"Cap nay co dau hieu thuc thi ghost trip, voi nhieu chuyen nghi ngo gia lap hoac quay dau phi thuc te.",50.46
590bdf54de4d3902,711a624edf8af675,4,4,9,4,xanh_car,Tỉnh Quảng Ngãi,0.4444444444444444,1.0,1.0,xanh_car|Tỉnh Quảng Ngãi,6.7379000000000815,0.9947,0.14285714285714285,0.5,0.4444,0.1429,0.3519,0.6712,6.0,0.1979,False,0.2362,21.9,21.9,103500.0,414000.0,57000.0,1,2026-07-25,Tỉnh Quảng Ngãi,25.866666666666667,"01 Đinh Tiên Hoàng, Nghĩa Chánh Bắc, Quảng Ngãi, Việt Nam -> Xã Ba Gia, Quảng Ngãi",1,0.25,True,1.0,0.1714,1.0,0.0,55.14,40.18,47.45,32.48,36.22,0,0,0,0,0,ride_component_95,1,0,0.0,0,0,0.0,0.0,36.22,22.01,54.27,20.31,0.0,GHOST_TRIP_EXECUTION_PATTERN,Mau thuc thi ghost trip,"Cap nay co dau hieu thuc thi ghost trip, voi nhieu chuyen nghi ngo gia lap hoac quay dau phi thuc te.",54.27,Mau thuc thi ghost trip,KB-C_HIGH_GHOST_RATE,GHOST_TRIP_EXECUTION_PATTERN,Mau thuc thi ghost trip,"Cap nay co dau hieu thuc thi ghost trip, voi nhieu chuyen nghi ngo gia lap hoac quay dau phi thuc te.",54.27
320ed8f631b13be4,8d06009465dc96b0,4,4,13,4,xanh_car,Thành phố Hồ Chí Minh,0.3076923076923077,1.0,1.0,xanh_car|Thành phố Hồ Chí Minh,5.0,0.9998,0.1,0.5,0.3077,0.1,0.2308,0.6712,6.0,0.2667,False,0.1549,20.52,20.52,37750.0,151000.0,3000.0,1,2026-07-25,Thành phố Hồ Chí Minh,1.7333333333333334,"66-70 Ðồng Khởi, Phường Sài Gòn, Thành phố Hồ Chí Minh -> Phường Sài Gòn, Thành phố Hồ Chí Minh, Việt Nam",2,0.5,True,1.0,0.8096,0.1111,0.2371,79.03,52.7,22.86,43.46,38.31,0,1,0,0,0,ride_component_96,1,0,0.0,0,0,5.4,3.56,38.31,20.18,82.56,37.85,1.96,GHOST_TRIP_EXECUTION_PATTERN,Mau thuc thi ghost trip,"Cap nay co dau hieu thuc thi ghost trip, voi nhieu chuyen nghi ngo gia lap hoac quay dau phi thuc te.",82.56,Mau thuc thi ghost trip,KB-C_HIGH_GHOST_RATE,GHOST_TRIP_EXECUTION_PATTERN,Mau thuc thi ghost trip,"Cap nay co dau hieu thuc thi ghost trip, voi nhieu chuyen nghi ngo gia lap hoac quay dau phi thuc te.",82.56
c7ab40c1165db3a7,bd30dc891d3ddf78,5,3,20,5,xanh_premium,Tỉnh Khánh Hòa,0.25,1.0,0.6,xanh_premium|Tỉnh Khánh Hòa,6.0,0.9993,0.08333333333333333,0.5,0.25,0.0833,0.1818,0.7472,6.0,0.2778,False,0.1359,19.98,19.98,30800.0,154000.0,16000.0,1,2026-07-25,Tỉnh Khánh Hòa,2.7333333333333334,"Huyện Khánh Sơn, Tỉnh Khánh Hòa -> Xã Khánh Sơn, Tỉnh Khánh Hòa, Việt Nam",2,0.4,True,0.6,0.7562,1.0,0.0,52.69,37.97,27.91,31.69,30.74,0,1,1,0,0,ride_component_97,1,0,0.0,0,0,8.57,4.95,30.74,19.55,58.37,38.43,2.72,GHOST_TRIP_EXECUTION_PATTERN,Mau thuc thi ghost trip,"Cap nay co dau hieu thuc thi ghost trip, voi nhieu chuyen nghi ngo gia lap hoac quay dau phi thuc te.",58.37,Mau thuc thi ghost trip,KB-C_HIGH_GHOST_RATE,GHOST_TRIP_EXECUTION_PATTERN,Mau thuc thi ghost trip,"Cap nay co dau hieu thuc thi ghost trip, voi nhieu chuyen nghi ngo gia lap hoac quay dau phi thuc te.",58.37
1c42f1b9543355f9,4407e8cee137bb3f,4,3,11,4,xanh_car,Tỉnh Bà Rịa - Vũng Tàu,0.36363636363636365,1.0,0.75,xanh_car|Tỉnh Bà Rịa - Vũng Tàu,6.447900000001027,0.9985,0.1111111111111111,0.5,0.3636,0.1111,0.2841,0.6712,6.0,0.2068,False,0.1907,19.79,19.79,155750.0,623000.0,96000.0,1,2026-07-25,Tỉnh Bà Rịa - Vũng Tàu,79.31666666666666,"Phường Vũng Tàu, Thành phố Hồ Chí Minh, Việt Nam -> ĐT44A, Phước Hải, Đất Đỏ, Bà Rịa - Vũng Tàu, Việt Nam",1,0.25,True,0.75,0.075,0.8333,0.0345,40.44,31.15,59.98,26.29,34.71,0,1,1,1,0,ride_component_98,1,0,0.0,0,0,10.81,5.84,34.71,19.74,39.04,17.15,3.21,GHOST_TRIP_EXECUTION_PATTERN,Mau thuc thi ghost trip,"Cap nay co dau hieu thuc thi ghost trip, voi nhieu chuyen nghi ngo gia lap hoac quay dau phi thuc te.",39.04,Mau thuc thi ghost trip,KB-C_HIGH_GHOST_RATE,GHOST_TRIP_EXECUTION_PATTERN,Mau thuc thi ghost trip,"Cap nay co dau hieu thuc thi ghost trip, voi nhieu chuyen nghi ngo gia lap hoac quay dau phi thuc te.",39.04
af0c9cd021c1ae8c,d85b923e17a1b7fb,4,4,20,4,xanh_car,Tỉnh Quảng Bình,0.2,1.0,1.0,xanh_car|Tỉnh Quảng Bình,5.0,0.9991,0.0625,0.5,0.2,0.0625,0.1467,0.6712,6.0,0.2667,False,0.0984,17.41,17.41,67750.0,271000.0,0.0,1,2026-07-25,Tỉnh Quảng Bình,16.65,"119 Đường Trương Pháp, Phường Đồng Hới, Tỉnh Quảng Trị, Việt Nam -> 09 Đường Bạch Đằng, Phường Đồng Hới, Tỉnh Quảng Trị, Việt Nam",1,0.25,True,1.0,0.3865,1.0,0.0,61.6,41.71,28.07,33.81,32.38,0,0,0,0,0,ride_component_99,1,0,0.0,0,0,0.0,0.0,32.38,16.91,62.77,22.73,0.0,GHOST_TRIP_EXECUTION_PATTERN,Mau thuc thi ghost trip,"Cap nay co dau hieu thuc thi ghost trip, voi nhieu chuyen nghi ngo gia lap hoac quay dau phi thuc te.",62.77,Mau thuc thi ghost trip,KB-C_HIGH_GHOST_RATE,GHOST_TRIP_EXECUTION_PATTERN,Mau thuc thi ghost trip,"Cap nay co dau hieu thuc thi ghost trip, voi nhieu chuyen nghi ngo gia lap hoac quay dau phi thuc te.",62.77
ec29e93c0df1b8a7,cb80e450de98c6b1,6,5,18,6,xanh_premium,Tỉnh Bình Phước,0.3333333333333333,1.0,0.8333333333333334,xanh_premium|Tỉnh Bình Phước,10.728799999999865,0.9956,0.16666666666666666,0.5,0.3333,0.1667,0.2,0.8115,6.0,0.1864,False,0.1623,17.31,17.31,34000.0,204000.0,50000.0,1,2026-07-25,Tỉnh Bình Phước,0.6833333333333333,"Đường Số 8, Phường Minh Hưng, Tỉnh Đồng Nai, Việt Nam -> Phường Minh Hưng, Tỉnh Đồng Nai, Việt Nam",3,0.5,True,0.8333,0.8341,0.6,0.0746,68.18,45.29,38.43,38.07,38.16,0,0,1,2,0,ride_component_100,1,0,0.0,0,0,10.81,6.65,38.16,17.24,73.5,55.11,3.66,GHOST_TRIP_EXECUTION_PATTERN,Mau thuc thi ghost trip,"Cap nay co dau hieu thuc thi ghost trip, voi nhieu chuyen nghi ngo gia lap hoac quay dau phi thuc te.",73.5,Mau thuc thi ghost trip,KB-C_HIGH_GHOST_RATE | KB-C_SUPERFAST_GAP,GHOST_TRIP_EXECUTION_PATTERN,Mau thuc thi ghost trip,"Cap nay co dau hieu thuc thi ghost trip, voi nhieu chuyen nghi ngo gia lap hoac quay dau phi thuc te.",73.5
8b2774ab97315ac7,80213f13fd005fb2,5,5,10,5,xanh_premium,Tỉnh Bình Phước,0.5,1.0,1.0,xanh_premium|Tỉnh Bình Phước,10.728799999999865,0.9945,0.3333333333333333,0.5,0.5,0.3333,0.25,0.7472,6.0,0.1553,False,0.1868,17.26,17.26,34000.0,170000.0,0.0,1,2026-07-25,Tỉnh Bình Phước,1.2666666666666666,Đồng Nai -> Đồng Nai,5,1.0,True,1.0,0.9704,0.6,0.0621,80.36,51.96,21.13,43.61,37.99,0,0,1,1,1,ride_component_101,1,0,0.0,0,0,10.81,7.04,37.99,17.36,86.64,72.5,3.87,GHOST_TRIP_EXECUTION_PATTERN,Mau thuc thi ghost trip,"Cap nay co dau hieu thuc thi ghost trip, voi nhieu chuyen nghi ngo gia lap hoac quay dau phi thuc te.",86.64,Mau thuc thi ghost trip,KB-C_HIGH_GHOST_RATE,GHOST_TRIP_EXECUTION_PATTERN,Mau thuc thi ghost trip,"Cap nay co dau hieu thuc thi ghost trip, voi nhieu chuyen nghi ngo gia lap hoac quay dau phi thuc te.",86.64
8b2774ab97315ac7,ab8e0a800213895f,5,4,10,5,xanh_premium,Tỉnh Bình Phước,0.5,1.0,0.8,xanh_premium|Tỉnh Bình Phước,10.728799999999865,0.9945,0.3333333333333333,0.5,0.5,0.3333,0.25,0.7472,6.0,0.1553,False,0.1868,17.26,17.26,34000.0,170000.0,0.0,1,2026-07-25,Tỉnh Bình Phước,1.6166666666666667,Đồng Nai -> Đồng Nai,5,1.0,True,0.8,0.9623,0.6,0.0621,70.11,46.33,21.13,38.93,34.48,0,0,1,1,1,ride_component_102,1,0,0.0,0,0,10.81,6.71,34.48,17.36,76.82,70.7,3.69,GHOST_TRIP_EXECUTION_PATTERN,Mau thuc thi ghost trip,"Cap nay co dau hieu thuc thi ghost trip, voi nhieu chuyen nghi ngo gia lap hoac quay dau phi thuc te.",76.82,Mau thuc thi ghost trip,KB-C_HIGH_GHOST_RATE,GHOST_TRIP_EXECUTION_PATTERN,Mau thuc thi ghost trip,"Cap nay co dau hieu thuc thi ghost trip, voi nhieu chuyen nghi ngo gia lap hoac quay dau phi thuc te.",76.82
9a8f727a306dc4ca,9fb0c43710e3197b,4,2,14,4,xanh_car,Tỉnh Bà Rịa - Vũng Tàu,0.2857142857142857,1.0,0.5,xanh_car|Tỉnh Bà Rịa - Vũng Tàu,6.447900000001027,0.9985,0.09090909090909091,0.5,0.2857,0.0909,0.2143,0.6712,6.0,0.2068,False,0.1438,17.22,17.22,211250.0,845000.0,81000.0,1,2026-07-25,Tỉnh Bà Rịa - Vũng Tàu,322.1333333333333,"KP. Phước Điền, Xã Phước Hải, Thành Phố Hồ Chí Minh, Việt Nam -> Long Hải, Long Điền, Bà Rịa-Vũng Tàu",1,0.25,True,0.5,0.075,1.0,0.0,27.25,22.74,64.05,23.7,33.79,0,3,2,0,0,ride_component_103,2,1,1.0,2,1,55.01,27.07,33.79,17.03,26.71,15.22,37.39,GHOST_TRIP_EXECUTION_PATTERN,Mau thuc thi ghost trip,"Cap nay co dau hieu thuc thi ghost trip, voi nhieu chuyen nghi ngo gia lap hoac quay dau phi thuc te.",26.71,Mau thuc thi ghost trip,KB-C_HIGH_GHOST_RATE,GHOST_TRIP_EXECUTION_PATTERN,Mau thuc thi ghost trip,"Cap nay co dau hieu thuc thi ghost trip, voi nhieu chuyen nghi ngo gia lap hoac quay dau phi thuc te.",26.71
88f273294e0f8aac,5d72a77f1baffbbb,4,3,11,4,xanh_car,Tỉnh Bà Rịa - Vũng Tàu,0.36363636363636365,1.0,0.75,xanh_car|Tỉnh Bà Rịa - Vũng Tàu,6.447900000001027,0.9985,0.2,0.5,0.3636,0.2,0.2045,0.6712,6.0,0.2068,False,0.1373,16.86,16.86,108500.0,434000.0,21000.0,1,2026-07-25,Tỉnh Bà Rịa - Vũng Tàu,59.68333333333333,"Phước Hải, Xã Phước Hải, Thành Phố Hồ Chí Minh, Việt Nam -> Võ Văn Kiệt, Xã Phước Hải, Thành Phố Hồ Chí Minh, Việt Nam",1,0.25,True,0.75,0.075,0.3333,0.1379,42.51,30.97,40.1,30.78,33.11,0,2,1,1,0,ride_component_103,2,1,1.0,2,1,53.59,28.75,33.11,16.65,40.38,16.85,38.31,GHOST_TRIP_EXECUTION_PATTERN,Mau thuc thi ghost trip,"Cap nay co dau hieu thuc thi ghost trip, voi nhieu chuyen nghi ngo gia lap hoac quay dau phi thuc te.",40.38,Mau thuc thi ghost trip,KB-C_HIGH_GHOST_RATE,GHOST_TRIP_EXECUTION_PATTERN,Mau thuc thi ghost trip,"Cap nay co dau hieu thuc thi ghost trip, voi nhieu chuyen nghi ngo gia lap hoac quay dau phi thuc te.",40.38
49d18d93c10b1bc0,9db0d2f91ffc75a6,38,38,48,38,xanhsm_bike_sg,Thành phố Hồ Chí Minh,0.7916666666666666,1.0,1.0,xanhsm_bike_sg|Thành phố Hồ Chí Minh,5.0,1.0,0.08333333333333333,0.5,0.7917,0.0833,0.7727,1.0,6.0,1.0,True,0.7727,87.5,87.5,13605.263157894737,517000.0,51000.0,1,2026-07-26,Thành phố Hồ Chí Minh,0.55,"Khu phố 7, Phường Bình Tân, Thành phố Hồ Chí Minh, Việt Nam -> Phường Bình Tân, Thành phố Hồ Chí Minh, Việt Nam",25,0.6578947368421053,True,1.0,0.8845,0.5882,0.4118,84.77,86.0,69.1,70.74,70.33,0,2,0,1,0,ride_component_1,1,0,0.0,0,0,10.81,9.84,70.33,86.82,87.79,77.0,5.41,GHOST_TRIP_EXECUTION_PATTERN,Mau thuc thi ghost trip,"Cap nay co dau hieu thuc thi ghost trip, voi nhieu chuyen nghi ngo gia lap hoac quay dau phi thuc te.",87.79,Cap lap lai va phu thuoc bat thuong | Mau thuc thi ghost trip,KB-C_EXTREME_VOLUME | KB-C_TIGHT_PAIR_SHARE | KB-C_HIGH_GHOST_RATE | KB-C_SUPERFAST_GAP,GHOST_TRIP_EXECUTION_PATTERN,Mau thuc thi ghost trip,"Cap nay co dau hieu thuc thi ghost trip, voi nhieu chuyen nghi ngo gia lap hoac quay dau phi thuc te.",87.79
f5d16c59104fbed7,790a7c79085e1cdc,51,51,67,51,xanhsm_bike_hn,Thành phố Hà Nội,0.7611940298507462,1.0,1.0,xanhsm_bike_hn|Thành phố Hà Nội,5.0,1.0,0.09090909090909091,0.5,0.7612,0.0909,0.7373,1.0,6.0,1.0,True,0.7373,85.55,85.55,17215.686274509804,878000.0,117000.0,1,2026-07-26,Thành phố Hà Nội,0.4666666666666667,"Tuyến 3, Thôn Vĩnh Thanh, Xã Vĩnh Thanh, Thành Phố Hà Nội, Việt Nam -> Xã Vĩnh Thanh, Thành Phố Hà Nội, Việt Nam",16,0.3137254901960784,True,1.0,0.7832,0.5385,0.4615,82.73,84.0,84.87,80.59,81.66,0,1,1,2,2,ride_component_2,4,6,1.0,3,3,74.76,67.11,81.66,84.76,84.44,55.75,69.41,REPEATED_LOCKED_PAIR,Cap lap lai va phu thuoc bat thuong,Tai xe va khach hang di voi nhau nhieu lan va co muc do phu thuoc bat thuong so voi hanh vi thong thuong.,84.76,Cap lap lai va phu thuoc bat thuong | Mau lien ket theo mang | Mau thuc thi ghost trip,KB-C_EXTREME_VOLUME | KB-C_TIGHT_PAIR_SHARE | KB-C_SUSPICIOUS_COMPONENT | KB-C_HIGH_GHOST_RATE | KB-C_SUPERFAST_GAP,REPEATED_LOCKED_PAIR,Cap lap lai va phu thuoc bat thuong,Tai xe va khach hang di voi nhau nhieu lan va co muc do phu thuoc bat thuong so voi hanh vi thong thuong.,84.76
e7d0b7f056509cdf,82f3af7f9355acd2,11,0,11,11,xanh_car,Tỉnh Long An,1.0,1.0,0.0,xanh_car|Tỉnh Long An,8.449500000002445,1.0,0.5,0.5,1.0,0.5,1.0,1.0,6.0,0.434,True,1.0,74.53,74.53,30000.0,330000.0,0.0,1,2026-07-26,Tỉnh Long An,2.9833333333333334,"242 Đường tỉnh 825, Tỉnh Long An, Huyện Đức Hòa, Xã Hậu Nghĩa, Tỉnh Tây Ninh, Việt Nam -> Ấp Chánh Hội, Xã Hậu Nghĩa, Tỉnh Tây Ninh, Việt Nam",1,0.09090909090909091,False,0.0,0.6577,1.0,0.0,19.73,44.39,36.75,35.69,35.96,0,0,0,1,0,ride_component_3,1,0,0.0,0,0,5.4,3.62,35.96,76.23,25.98,29.33,1.99,REPEATED_LOCKED_PAIR,Cap lap lai va phu thuoc bat thuong,Tai xe va khach hang di voi nhau nhieu lan va co muc do phu thuoc bat thuong so voi hanh vi thong thuong.,76.23,Cap lap lai va phu thuoc bat thuong,KB-C_EXTREME_VOLUME | KB-C_TIGHT_PAIR_SHARE,REPEATED_LOCKED_PAIR,Cap lap lai va phu thuoc bat thuong,Tai xe va khach hang di voi nhau nhieu lan va co muc do phu thuoc bat thuong so voi hanh vi thong thuong.,76.23
452018b3309c26e4,eebd3567fe5f9ad3,9,0,10,9,xanhsm_bike_hn,Thành phố Hà Nội,0.9,1.0,0.0,xanhsm_bike_hn|Thành phố Hà Nội,5.0,1.0,0.3333333333333333,0.5,0.9,0.3333,0.85,0.9603,6.0,0.6,True,0.8162,71.89,71.89,14777.777777777777,133000.0,0.0,1,2026-07-26,Thành phố Hà Nội,2.783333333333333,"Chu Trần, Xã Yên Lãng, Thành Phố Hà Nội, Việt Nam -> Xã Yên Lãng, Thành Phố Hà Nội, Việt Nam",1,0.1111111111111111,False,0.0,0.6684,0.0769,0.5538,31.13,49.47,32.37,47.42,43.66,0,0,1,1,1,ride_component_4,2,1,1.0,3,1,59.35,41.25,43.66,72.54,33.6,30.26,50.19,REPEATED_LOCKED_PAIR,Cap lap lai va phu thuoc bat thuong,Tai xe va khach hang di voi nhau nhieu lan va co muc do phu thuoc bat thuong so voi hanh vi thong thuong.,72.54,Cap lap lai va phu thuoc bat thuong,KB-C_EXTREME_VOLUME | KB-C_TIGHT_PAIR_SHARE,REPEATED_LOCKED_PAIR,Cap lap lai va phu thuoc bat thuong,Tai xe va khach hang di voi nhau nhieu lan va co muc do phu thuoc bat thuong so voi hanh vi thong thuong.,72.54
150ce272eb426c0f,a7b7608c07bf6998,8,1,8,8,green_mini_3_khach,Thành phố Hồ Chí Minh,1.0,1.0,0.125,green_mini_3_khach|Thành phố Hồ Chí Minh,5.663900000003196,1.0,0.5,0.5,1.0,0.5,1.0,0.9163,6.0,0.4708,True,0.9163,71.58,71.58,42375.0,339000.0,0.0,1,2026-07-26,Thành phố Hồ Chí Minh,2.0166666666666666,"111 Đường Gò Dầu, Phường Phú Thọ Hòa, Thành Phố Hồ Chí Minh, Việt Nam -> Phường Tân Sơn Nhì, Thành phố Hồ Chí Minh, Việt Nam",1,0.125,False,0.125,0.6904,0.5,0.2354,31.67,49.63,38.18,47.85,45.43,1,0,2,2,0,ride_component_5,3,2,0.6667,2,2,61.47,42.75,45.43,72.92,36.27,32.67,45.18,REPEATED_LOCKED_PAIR,Cap lap lai va phu thuoc bat thuong,Tai xe va khach hang di voi nhau nhieu lan va co muc do phu thuoc bat thuong so voi hanh vi thong thuong.,72.92,Cap lap lai va phu thuoc bat thuong | Mau lien ket theo mang,KB-C_EXTREME_VOLUME | KB-C_TIGHT_PAIR_SHARE | KB-C_SUSPICIOUS_COMPONENT,REPEATED_LOCKED_PAIR,Cap lap lai va phu thuoc bat thuong,Tai xe va khach hang di voi nhau nhieu lan va co muc do phu thuoc bat thuong so voi hanh vi thong thuong.,72.92
7707f835175da80c,93cfa84a47fae88f,11,0,11,11,xanh_premium,Tỉnh Tây Ninh,1.0,1.0,0.0,xanh_premium|Tỉnh Tây Ninh,10.646000000000186,1.0,0.5,0.5,1.0,0.5,1.0,1.0,6.0,0.3444,True,1.0,70.5,70.5,34090.90909090909,375000.0,33000.0,1,2026-07-26,Tỉnh Tây Ninh,2.433333333333333,"787 Đường , Xã Hưng Thuận, Tỉnh Tây Ninh, Việt Nam -> Tây Ninh",1,0.09090909090909091,False,0.0,0.6705,1.0,0.0,20.11,42.79,49.42,34.85,38.49,0,1,0,1,0,ride_component_6,1,0,0.0,0,0,8.57,5.63,38.49,72.47,26.48,28.98,3.1,REPEATED_LOCKED_PAIR,Cap lap lai va phu thuoc bat thuong,Tai xe va khach hang di voi nhau nhieu lan va co muc do phu thuoc bat thuong so voi hanh vi thong thuong.,72.47,Cap lap lai va phu thuoc bat thuong,KB-C_EXTREME_VOLUME | KB-C_TIGHT_PAIR_SHARE,REPEATED_LOCKED_PAIR,Cap lap lai va phu thuoc bat thuong,Tai xe va khach hang di voi nhau nhieu lan va co muc do phu thuoc bat thuong so voi hanh vi thong thuong.,72.47
1022107caf8a8fbc,03bd319415f1ce3f,18,18,18,18,xanh_car,Tỉnh Đồng Tháp,1.0,1.0,1.0,xanh_car|Tỉnh Đồng Tháp,17.486999999999853,1.0,0.5,0.5,1.0,0.5,1.0,1.0,6.0,0.3431,True,1.0,70.44,70.44,25000.0,450000.0,0.0,1,2026-07-26,Tỉnh Đồng Tháp,0.36666666666666664,"QLN2B, Xã Mỹ An Hưng, Tỉnh Đồng Tháp, Việt Nam -> Xã Mỹ An Hưng, Đồng Tháp",18,1.0,True,1.0,0.9914,1.0,0.0,79.74,75.56,38.2,60.54,54.96,0,0,0,0,0,ride_component_7,1,0,0.0,0,0,0.0,0.0,54.96,72.41,86.66,95.39,0.0,ROUTE_FARMING_PATTERN,Mau farming theo tuyen,"Cap nay lap lai cung mot kieu tuyen duong voi mat do dang nghi, giong hanh vi farming hon la di chuyen tu nhien.",95.39,Cap lap lai va phu thuoc bat thuong | Mau thuc thi ghost trip | Mau farming theo tuyen,KB-C_EXTREME_VOLUME | KB-C_TIGHT_PAIR_SHARE | KB-C_HIGH_GHOST_RATE | KB-C_SUPERFAST_GAP | KB-C_ROUTE_LOOP,ROUTE_FARMING_PATTERN,Mau farming theo tuyen,"Cap nay lap lai cung mot kieu tuyen duong voi mat do dang nghi, giong hanh vi farming hon la di chuyen tu nhien.",95.39
031d6b289f9fd963,2c7192581a1b6e85,46,46,55,90,xanhsm_bike_hn,Thành phố Hà Nội,0.8363636363636363,0.5111111111111111,1.0,xanhsm_bike_hn|Thành phố Hà Nội,5.0,1.0,0.09090909090909091,0.25,0.5111,0.0909,0.4622,1.0,6.0,1.0,True,0.4622,70.42,70.42,15000.0,690000.0,138000.0,1,2026-07-26,Thành phố Hà Nội,0.5333333333333333,"1 Ngõ 229 Thôn Vĩnh Thanh, Tuyến 3, Thôn Vĩnh Thanh, Xã Vĩnh Thanh, Thành Phố Hà Nội, Việt Nam -> 30A Ngõ 2, Thôn Đoài, Xã Vĩnh Thanh, Thành Phố Hà Nội, Việt Nam",20,0.43478260869565216,True,1.0,0.818,0.1538,0.8462,91.46,81.99,83.7,80.74,81.48,0,1,1,4,4,ride_component_2,4,6,1.0,4,3,85.78,74.7,81.48,68.81,90.81,60.84,78.59,GHOST_TRIP_EXECUTION_PATTERN,Mau thuc thi ghost trip,"Cap nay co dau hieu thuc thi ghost trip, voi nhieu chuyen nghi ngo gia lap hoac quay dau phi thuc te.",90.81,Cap lap lai va phu thuoc bat thuong | Mau lien ket theo mang | Mau thuc thi ghost trip,KB-C_EXTREME_VOLUME | KB-C_SUSPICIOUS_COMPONENT | KB-C_HIGH_GHOST_RATE | KB-C_SUPERFAST_GAP,GHOST_TRIP_EXECUTION_PATTERN,Mau thuc thi ghost trip,"Cap nay co dau hieu thuc thi ghost trip, voi nhieu chuyen nghi ngo gia lap hoac quay dau phi thuc te.",90.81
6a241aebe901869f,51c376e84788f860,8,0,8,8,xanh_car,Thành phố Hồ Chí Minh,1.0,1.0,0.0,xanh_car|Thành phố Hồ Chí Minh,6.0,1.0,0.5,0.5,1.0,0.5,1.0,0.9163,6.0,0.4444,True,0.9163,70.39,70.39,75125.0,601000.0,21000.0,1,2026-07-26,Thành phố Hồ Chí Minh,23.55,"52 Đường Dương Thị Mười, Phường Trung Mỹ Tây, Thành phố Hồ Chí Minh, Việt Nam -> Phường Tân Sơn Nhì, Thành phố Hồ Chí Minh, Việt Nam",2,0.25,False,0.0,0.2255,0.4444,0.2469,11.7,38.11,54.82,36.45,41.04,0,1,1,1,0,ride_component_5,3,2,0.6667,2,1,51.85,32.74,41.04,71.81,12.12,28.82,37.17,REPEATED_LOCKED_PAIR,Cap lap lai va phu thuoc bat thuong,Tai xe va khach hang di voi nhau nhieu lan va co muc do phu thuoc bat thuong so voi hanh vi thong thuong.,71.81,Cap lap lai va phu thuoc bat thuong,KB-C_EXTREME_VOLUME | KB-C_TIGHT_PAIR_SHARE,REPEATED_LOCKED_PAIR,Cap lap lai va phu thuoc bat thuong,Tai xe va khach hang di voi nhau nhieu lan va co muc do phu thuoc bat thuong so voi hanh vi thong thuong.,71.81
1ada822335f31052,cb8e150676c6cf7f,9,9,10,9,xanh_car,Thành phố Hồ Chí Minh,0.9,1.0,1.0,xanh_car|Thành phố Hồ Chí Minh,6.0,1.0,0.3333333333333333,0.5,0.9,0.3333,0.85,0.9603,6.0,0.5,True,0.8162,67.39,67.39,117666.66666666667,1059000.0,261000.0,1,2026-07-26,Thành phố Hồ Chí Minh,0.36666666666666664,"Phường Tây Thạnh, Thành phố Hồ Chí Minh, Việt Nam -> 65 Lê Lợi, Phường Sài Gòn, Thành phố Hồ Chí Minh",6,0.6666666666666666,True,1.0,0.8914,0.6667,0.1667,80.08,74.37,83.43,61.41,66.91,0,1,1,1,0,ride_component_8,1,0,0.0,0,0,10.81,8.93,66.91,68.34,84.88,74.6,4.91,GHOST_TRIP_EXECUTION_PATTERN,Mau thuc thi ghost trip,"Cap nay co dau hieu thuc thi ghost trip, voi nhieu chuyen nghi ngo gia lap hoac quay dau phi thuc te.",84.88,Cap lap lai va phu thuoc bat thuong | Mau thuc thi ghost trip,KB-C_EXTREME_VOLUME | KB-C_TIGHT_PAIR_SHARE | KB-C_HIGH_GHOST_RATE | KB-C_SUPERFAST_GAP,GHOST_TRIP_EXECUTION_PATTERN,Mau thuc thi ghost trip,"Cap nay co dau hieu thuc thi ghost trip, voi nhieu chuyen nghi ngo gia lap hoac quay dau phi thuc te.",84.88
80483aeb4a2d0c56,8893a5e877f003ae,16,14,18,16,xanh_car,Tỉnh Quảng Nam,0.8888888888888888,1.0,0.875,xanh_car|Tỉnh Quảng Nam,12.949900000002344,1.0,0.25,0.5,0.8889,0.25,0.8519,1.0,6.0,0.4118,True,0.8519,65.39,65.39,30000.0,480000.0,0.0,1,2026-07-26,Tỉnh Quảng Nam,0.7,"Thành phố Đà Nẵng -> Phường Hương Trà, Thành phố Đà Nẵng, Việt Nam",5,0.3125,True,0.875,0.7774,1.0,0.0,67.07,66.32,40.5,53.91,50.56,0,0,1,0,0,ride_component_9,1,0,0.0,0,0,5.4,4.21,50.56,66.71,72.27,51.29,2.32,GHOST_TRIP_EXECUTION_PATTERN,Mau thuc thi ghost trip,"Cap nay co dau hieu thuc thi ghost trip, voi nhieu chuyen nghi ngo gia lap hoac quay dau phi thuc te.",72.27,Cap lap lai va phu thuoc bat thuong | Mau thuc thi ghost trip,KB-C_EXTREME_VOLUME | KB-C_TIGHT_PAIR_SHARE | KB-C_HIGH_GHOST_RATE | KB-C_SUPERFAST_GAP,GHOST_TRIP_EXECUTION_PATTERN,Mau thuc thi ghost trip,"Cap nay co dau hieu thuc thi ghost trip, voi nhieu chuyen nghi ngo gia lap hoac quay dau phi thuc te.",72.27
dc6dfd83ba5cd9fe,1dee5772213d988e,12,12,12,12,xanh_car,Tỉnh Đồng Tháp,1.0,1.0,1.0,xanh_car|Tỉnh Đồng Tháp,17.486999999999853,0.9988,0.5,0.5,1.0,0.5,1.0,1.0,6.0,0.2287,False,1.0,65.29,65.29,25000.0,300000.0,0.0,1,2026-07-26,Tỉnh Đồng Tháp,0.43333333333333335,"1 Lê Thị Riêng, Phường Cao Lãnh, Đồng Tháp -> Phường Cao Lãnh, Tỉnh Đồng Tháp, Việt Nam",12,1.0,True,1.0,0.9899,1.0,0.0,79.7,73.21,31.47,58.72,51.91,0,0,0,0,0,ride_component_10,1,0,0.0,0,0,0.0,0.0,51.91,67.6,86.6,94.59,0.0,ROUTE_FARMING_PATTERN,Mau farming theo tuyen,"Cap nay lap lai cung mot kieu tuyen duong voi mat do dang nghi, giong hanh vi farming hon la di chuyen tu nhien.",94.59,Cap lap lai va phu thuoc bat thuong | Mau thuc thi ghost trip | Mau farming theo tuyen,KB-C_TIGHT_PAIR_SHARE | KB-C_HIGH_GHOST_RATE | KB-C_SUPERFAST_GAP | KB-C_ROUTE_LOOP,ROUTE_FARMING_PATTERN,Mau farming theo tuyen,"Cap nay lap lai cung mot kieu tuyen duong voi mat do dang nghi, giong hanh vi farming hon la di chuyen tu nhien.",94.59
61ed7b3348db32e2,2c7192581a1b6e85,36,36,48,90,xanhsm_bike_hn,Thành phố Hà Nội,0.75,0.4,1.0,xanhsm_bike_hn|Thành phố Hà Nội,5.0,1.0,0.07142857142857142,0.25,0.4,0.0714,0.3538,1.0,6.0,1.0,True,0.3538,64.46,64.46,16833.333333333332,606000.0,121000.0,1,2026-07-26,Thành phố Hà Nội,0.5333333333333333,"1 Ngõ 229 Thôn Vĩnh Thanh, Tuyến 3, Thôn Vĩnh Thanh, Xã Vĩnh Thanh, Thành Phố Hà Nội, Việt Nam -> Xóm 4, Thôn Vĩnh Thanh, Xã Vĩnh Thanh, Thành Phố Hà Nội, Việt Nam",10,0.2777777777777778,True,1.0,0.7709,0.4615,0.5385,83.9,75.15,80.5,74.72,76.16,0,1,1,6,5,ride_component_2,4,6,1.0,4,3,87.08,72.04,76.16,62.52,84.95,50.36,77.12,GHOST_TRIP_EXECUTION_PATTERN,Mau thuc thi ghost trip,"Cap nay co dau hieu thuc thi ghost trip, voi nhieu chuyen nghi ngo gia lap hoac quay dau phi thuc te.",84.95,Cap lap lai va phu thuoc bat thuong | Mau lien ket theo mang | Mau thuc thi ghost trip,KB-C_EXTREME_VOLUME | KB-C_SUSPICIOUS_COMPONENT | KB-C_HIGH_GHOST_RATE | KB-C_SUPERFAST_GAP,GHOST_TRIP_EXECUTION_PATTERN,Mau thuc thi ghost trip,"Cap nay co dau hieu thuc thi ghost trip, voi nhieu chuyen nghi ngo gia lap hoac quay dau phi thuc te.",84.95
839b2baeda98c857,1cec7fbe2ec4c178,7,3,7,7,xanh_car,Tỉnh Bình Phước,1.0,1.0,0.42857142857142855,xanh_car|Tỉnh Bình Phước,6.746099999999842,1.0,0.5,0.5,1.0,0.5,1.0,0.8672,6.0,0.3459,True,0.8672,63.26,63.26,31000.0,217000.0,12000.0,1,2026-07-26,Tỉnh Bình Phước,0.6166666666666667,Đồng Nai -> Đồng Nai,4,0.5714285714285714,True,0.4286,0.857,1.0,0.0,47.14,54.39,39.05,44.9,43.44,0,1,1,1,0,ride_component_11,1,0,0.0,0,0,10.81,7.71,43.44,64.82,54.21,62.34,4.24,GHOST_TRIP_EXECUTION_PATTERN,Mau thuc thi ghost trip,"Cap nay co dau hieu thuc thi ghost trip, voi nhieu chuyen nghi ngo gia lap hoac quay dau phi thuc te.",54.21,Mau thuc thi ghost trip,KB-C_SUPERFAST_GAP,GHOST_TRIP_EXECUTION_PATTERN,Mau thuc thi ghost trip,"Cap nay co dau hieu thuc thi ghost trip, voi nhieu chuyen nghi ngo gia lap hoac quay dau phi thuc te.",54.21
7afd4c3507395b2f,b235143704083232,7,0,7,7,xanh_premium,Tỉnh Hòa Bình,1.0,1.0,0.0,xanh_premium|Tỉnh Hòa Bình,6.921700000000044,1.0,0.5,0.5,1.0,0.5,1.0,0.8672,6.0,0.3371,True,0.8672,62.87,62.87,19000.0,133000.0,0.0,1,2026-07-26,Tỉnh Hòa Bình,3.5833333333333335,"Khu 1, Xã Mai Châu, Tỉnh Phú Thọ, Việt Nam -> Quốc lộ 15, Xã Mai Châu, Tỉnh Phú Thọ, Việt Nam",2,0.2857142857142857,False,0.0,0.7021,1.0,0.0,21.06,39.88,27.11,31.48,30.39,0,0,0,0,0,ride_component_12,1,0,0.0,0,0,0.0,0.0,30.39,64.46,27.73,39.19,0.0,REPEATED_LOCKED_PAIR,Cap lap lai va phu thuoc bat thuong,Tai xe va khach hang di voi nhau nhieu lan va co muc do phu thuoc bat thuong so voi hanh vi thong thuong.,64.46,,,,,,
5d06622cce833761,bda43ff79f51172e,10,0,11,12,lado_service_name,Tỉnh Lâm Đồng,0.9090909090909091,0.8333333333333334,0.0,lado_service_name|Tỉnh Lâm Đồng,7.8804000000004635,1.0,0.3333333333333333,0.25,0.8333,0.25,0.7778,1.0,6.0,0.423,True,0.7778,61.81,61.81,49200.0,492000.0,19000.0,1,2026-07-26,Tỉnh Lâm Đồng,3.8666666666666667,"Thôn Phi Nôm, Xã Hiệp Thạnh, Tỉnh Lâm Đồng, Việt Nam -> Xã Hiệp Thạnh, Tỉnh Lâm Đồng, Việt Nam",2,0.2,False,0.0,0.6698,1.0,0.0,20.09,38.87,51.46,36.89,40.53,1,1,0,0,0,ride_component_13,2,1,1.0,2,1,49.61,31.09,40.53,62.88,26.45,33.67,39.6,REPEATED_LOCKED_PAIR,Cap lap lai va phu thuoc bat thuong,Tai xe va khach hang di voi nhau nhieu lan va co muc do phu thuoc bat thuong so voi hanh vi thong thuong.,62.88,Cap lap lai va phu thuoc bat thuong,KB-C_EXTREME_VOLUME | KB-C_TIGHT_PAIR_SHARE,REPEATED_LOCKED_PAIR,Cap lap lai va phu thuoc bat thuong,Tai xe va khach hang di voi nhau nhieu lan va co muc do phu thuoc bat thuong so voi hanh vi thong thuong.,62.88
47a30f36f173b99a,83902b5fae41ed28,6,2,6,6,xanh_car,Tỉnh Ninh Bình,1.0,1.0,0.3333333333333333,xanh_car|Tỉnh Ninh Bình,5.668700000000172,1.0,0.5,0.5,1.0,0.5,1.0,0.8115,6.0,0.3528,True,0.8115,60.51,60.51,219166.66666666666,1315000.0,130000.0,1,2026-07-26,Tỉnh Ninh Bình,51.81666666666667,"Bệnh viện Đa khoa Tỉnh Ninh Bình, Đường Tuệ Tĩnh, Phường Hoa Lư, Tỉnh Ninh Bình, Việt Nam(UTC+7) -> Xã Kim Sơn, Tỉnh Ninh Bình, Việt Nam",1,0.16666666666666666,False,0.3333,0.05,1.0,0.0,18.17,37.22,78.56,30.02,42.16,0,0,0,1,0,ride_component_14,1,0,0.0,0,0,5.4,3.33,42.16,61.89,17.81,22.58,1.83,REPEATED_LOCKED_PAIR,Cap lap lai va phu thuoc bat thuong,Tai xe va khach hang di voi nhau nhieu lan va co muc do phu thuoc bat thuong so voi hanh vi thong thuong.,61.89,,,,,,
4fd03fb810fcd3c3,91f7d6b428016139,9,1,10,9,xanh_car,Tỉnh Nam Định,0.9,1.0,0.1111111111111111,xanh_car|Tỉnh Nam Định,8.662499999999909,1.0,0.3333333333333333,0.5,0.9,0.3333,0.85,0.9603,6.0,0.3463,True,0.8162,60.47,60.47,105888.88888888889,953000.0,90000.0,1,2026-07-26,Tỉnh Nam Định,18.0,Ninh Bình -> Ninh Bình,2,0.2222222222222222,False,0.1111,0.3467,1.0,0.0,15.96,35.99,69.49,34.67,43.38,0,1,1,1,0,ride_component_15,2,1,1.0,2,1,51.85,31.6,43.38,61.88,18.97,29.34,39.88,REPEATED_LOCKED_PAIR,Cap lap lai va phu thuoc bat thuong,Tai xe va khach hang di voi nhau nhieu lan va co muc do phu thuoc bat thuong so voi hanh vi thong thuong.,61.88,Cap lap lai va phu thuoc bat thuong,KB-C_EXTREME_VOLUME | KB-C_TIGHT_PAIR_SHARE,REPEATED_LOCKED_PAIR,Cap lap lai va phu thuoc bat thuong,Tai xe va khach hang di voi nhau nhieu lan va co muc do phu thuoc bat thuong so voi hanh vi thong thuong.,61.88
86c55b2bf0ec2f11,3da4ab2e1cfd4017,6,0,6,6,xanh_limo_6_cho,Tỉnh Bà Rịa - Vũng Tàu,1.0,1.0,0.0,xanh_limo_6_cho|Tỉnh Bà Rịa - Vũng Tàu,6.0,1.0,0.5,0.5,1.0,0.5,1.0,0.8115,6.0,0.3333,True,0.8115,59.63,59.63,99166.66666666667,595000.0,83000.0,1,2026-07-26,Tỉnh Bà Rịa - Vũng Tàu,14.783333333333333,"Phường Bà Rịa, Thành Phố Hồ Chí Minh, Việt Nam -> Phường Long Hương, Thành phố Hồ Chí Minh",1,0.16666666666666666,False,0.0,0.4051,1.0,0.0,12.15,33.52,61.97,26.98,35.73,0,0,1,0,0,ride_component_16,1,0,0.0,0,0,5.4,3.21,35.73,61.07,16.0,26.21,1.77,REPEATED_LOCKED_PAIR,Cap lap lai va phu thuoc bat thuong,Tai xe va khach hang di voi nhau nhieu lan va co muc do phu thuoc bat thuong so voi hanh vi thong thuong.,61.07,,,,,,
e5639b40333338ac,484c4a31efe34f93,6,2,6,6,xanh_car,Thành phố Hà Nội,1.0,1.0,0.3333333333333333,xanh_car|Thành phố Hà Nội,6.0,1.0,0.5,0.5,1.0,0.5,1.0,0.8115,6.0,0.3333,True,0.8115,59.63,59.63,201333.33333333334,1208000.0,127000.0,1,2026-07-26,Thành phố Hà Nội,71.35,"55-57 Đường La Thành, Phường Sơn Tây, Thành phố Hà Nội, Việt Nam -> Xã Phúc Thọ, Thành phố Hà Nội, Việt Nam",1,0.16666666666666666,False,0.3333,0.05,0.875,0.0417,19.0,37.28,76.63,30.97,42.38,0,2,1,1,0,ride_component_17,1,0,0.0,0,0,12.55,7.73,42.38,61.07,18.35,22.44,4.25,REPEATED_LOCKED_PAIR,Cap lap lai va phu thuoc bat thuong,Tai xe va khach hang di voi nhau nhieu lan va co muc do phu thuoc bat thuong so voi hanh vi thong thuong.,61.07,,,,,,
5bfcc769835bc616,49b8504ff44a6f3d,11,8,21,12,xanhsm_bike_sg,Thành phố Hồ Chí Minh,0.5238095238095238,0.9166666666666666,0.7272727272727273,xanhsm_bike_sg|Thành phố Hồ Chí Minh,5.0,1.0,0.08333333333333333,0.3333333333333333,0.5238,0.0833,0.4805,1.0,6.0,0.7333,True,0.4805,59.43,59.43,19454.545454545456,214000.0,5000.0,1,2026-07-26,Thành phố Hồ Chí Minh,0.6,"Phường Bình Tân, Thành phố Hồ Chí Minh, Việt Nam -> 188 Quốc lộ 1A, Phường Bình Tân, Thành phố Hồ Chí Minh, Việt Nam",3,0.2727272727272727,True,0.7273,0.7678,0.7059,0.2157,63.71,61.78,41.77,50.75,48.5,0,2,0,0,0,ride_component_18,1,0,0.0,0,0,8.57,6.42,48.5,58.67,67.68,46.54,3.53,GHOST_TRIP_EXECUTION_PATTERN,Mau thuc thi ghost trip,"Cap nay co dau hieu thuc thi ghost trip, voi nhieu chuyen nghi ngo gia lap hoac quay dau phi thuc te.",67.68,Cap lap lai va phu thuoc bat thuong | Mau thuc thi ghost trip,KB-C_EXTREME_VOLUME | KB-C_HIGH_GHOST_RATE | KB-C_SUPERFAST_GAP,GHOST_TRIP_EXECUTION_PATTERN,Mau thuc thi ghost trip,"Cap nay co dau hieu thuc thi ghost trip, voi nhieu chuyen nghi ngo gia lap hoac quay dau phi thuc te.",67.68
5a53b9681461213b,3744551dfcea9858,8,0,10,8,green_mini_3_khach,Thành phố Hồ Chí Minh,0.8,1.0,0.0,green_mini_3_khach|Thành phố Hồ Chí Minh,5.663900000003196,1.0,0.25,0.5,0.8,0.25,0.7333,0.9163,6.0,0.4708,True,0.672,58.15,58.15,51375.0,411000.0,0.0,1,2026-07-26,Thành phố Hồ Chí Minh,5.65,"10 Đường Nguyễn Oanh, Phường Gò Vấp, Thành phố Hồ Chí Minh, Việt Nam -> 20 Đường Cộng Hòa, Phường Bảy Hiền, Thành phố Hồ Chí Minh, Việt Nam",1,0.125,False,0.0,0.6057,1.0,0.0,18.17,36.16,40.28,28.53,31.47,0,0,0,0,0,ride_component_19,1,0,0.0,0,0,0.0,0.0,31.47,58.75,23.92,27.71,0.0,REPEATED_LOCKED_PAIR,Cap lap lai va phu thuoc bat thuong,Tai xe va khach hang di voi nhau nhieu lan va co muc do phu thuoc bat thuong so voi hanh vi thong thuong.,58.75,Cap lap lai va phu thuoc bat thuong,KB-C_EXTREME_VOLUME | KB-C_TIGHT_PAIR_SHARE,REPEATED_LOCKED_PAIR,Cap lap lai va phu thuoc bat thuong,Tai xe va khach hang di voi nhau nhieu lan va co muc do phu thuoc bat thuong so voi hanh vi thong thuong.,58.75
ac5ad23248702f61,7a529c8033873ce1,26,17,94,26,xanhsm_bike_sg,Thành phố Hồ Chí Minh,0.2765957446808511,1.0,0.6538461538461539,xanhsm_bike_sg|Thành phố Hồ Chí Minh,5.0,1.0,0.058823529411764705,0.5,0.2766,0.0588,0.2314,1.0,6.0,1.0,True,0.2314,57.73,57.73,12076.923076923076,314000.0,33000.0,1,2026-07-26,Thành phố Hồ Chí Minh,0.95,"Phường Tân Sơn Nhất, Thành phố Hồ Chí Minh, Việt Nam -> Phường Tân Sơn Nhất, Thành phố Hồ Chí Minh, Việt Nam",11,0.4230769230769231,True,0.6538,0.8048,0.3529,0.6471,69.78,64.36,60.2,65.41,64.11,0,4,3,4,5,ride_component_20,5,8,0.8,4,4,90.64,69.01,64.11,55.42,71.26,54.56,75.96,COORDINATED_NETWORK_PATTERN,Mau lien ket theo mang,Cap nay khong dung mot minh ma nam trong mot nhom lien ket voi cac cap dang nghi khac.,75.96,Cap lap lai va phu thuoc bat thuong | Mau lien ket theo mang | Mau thuc thi ghost trip,KB-C_EXTREME_VOLUME | KB-C_SUSPICIOUS_COMPONENT | KB-C_HIGH_GHOST_RATE | KB-C_SUPERFAST_GAP,COORDINATED_NETWORK_PATTERN,Mau lien ket theo mang,Cap nay khong dung mot minh ma nam trong mot nhom lien ket voi cac cap dang nghi khac.,75.96
dd3838900e0306af,b635baa02c2d07b0,11,0,14,11,xanh_premium,Tỉnh Bắc Ninh,0.7857142857142857,1.0,0.0,xanh_premium|Tỉnh Bắc Ninh,9.505400000000009,1.0,0.2,0.5,0.7857,0.2,0.7321,1.0,6.0,0.3857,True,0.7321,57.62,57.62,176545.45454545456,1942000.0,173000.0,1,2026-07-26,Tỉnh Bắc Ninh,8.133333333333333,"45 ĐT295, Phường Đồng Nguyên, Tỉnh Bắc Ninh, Việt Nam -> 89 Đường Ngô Gia Tự, Phường Tam Sơn, Tỉnh Bắc Ninh, Việt Nam",6,0.5454545454545454,False,0.0,0.6739,1.0,0.0,20.22,37.05,83.35,30.59,43.78,0,2,0,1,0,ride_component_21,1,0,0.0,0,0,10.81,6.62,43.78,58.66,26.62,52.12,3.64,REPEATED_LOCKED_PAIR,Cap lap lai va phu thuoc bat thuong,Tai xe va khach hang di voi nhau nhieu lan va co muc do phu thuoc bat thuong so voi hanh vi thong thuong.,58.66,Cap lap lai va phu thuoc bat thuong,KB-C_EXTREME_VOLUME | KB-C_TIGHT_PAIR_SHARE,REPEATED_LOCKED_PAIR,Cap lap lai va phu thuoc bat thuong,Tai xe va khach hang di voi nhau nhieu lan va co muc do phu thuoc bat thuong so voi hanh vi thong thuong.,58.66
ac5ad23248702f61,9cba5e1709f5e9c7,25,25,94,25,xanhsm_bike_sg,Thành phố Hồ Chí Minh,0.26595744680851063,1.0,1.0,xanhsm_bike_sg|Thành phố Hồ Chí Minh,5.0,1.0,0.058823529411764705,0.5,0.266,0.0588,0.2201,1.0,6.0,1.0,True,0.2201,57.11,57.11,11000.0,275000.0,4000.0,1,2026-07-26,Thành phố Hồ Chí Minh,0.6,"Phường Tân Sơn Nhất, Thành phố Hồ Chí Minh, Việt Nam -> Phường Tân Sơn Nhất, Thành phố Hồ Chí Minh, Việt Nam",22,0.88,True,1.0,0.95,0.0588,0.9412,97.32,79.23,48.07,77.81,70.38,0,2,1,2,2,ride_component_20,5,8,0.8,4,3,83.3,70.13,70.38,54.77,97.26,85.97,74.07,GHOST_TRIP_EXECUTION_PATTERN,Mau thuc thi ghost trip,"Cap nay co dau hieu thuc thi ghost trip, voi nhieu chuyen nghi ngo gia lap hoac quay dau phi thuc te.",97.26,Cap lap lai va phu thuoc bat thuong | Mau lien ket theo mang | Mau thuc thi ghost trip | Mau farming theo tuyen,KB-C_EXTREME_VOLUME | KB-C_SUSPICIOUS_COMPONENT | KB-C_HIGH_GHOST_RATE | KB-C_SUPERFAST_GAP | KB-C_ROUTE_LOOP,GHOST_TRIP_EXECUTION_PATTERN,Mau thuc thi ghost trip,"Cap nay co dau hieu thuc thi ghost trip, voi nhieu chuyen nghi ngo gia lap hoac quay dau phi thuc te.",97.26
70e074f8d39b1fa4,0693ffe64c790f5b,4,0,4,4,xanh_sm_bike_premium,Thành phố Hồ Chí Minh,1.0,1.0,0.0,xanh_sm_bike_premium|Thành phố Hồ Chí Minh,3.0,1.0,0.5,0.5,1.0,0.5,1.0,0.6712,6.0,0.4444,True,0.6712,56.91,56.91,65500.0,262000.0,0.0,1,2026-07-26,Thành phố Hồ Chí Minh,19.4,"Phường An Phú Đông, Thành phố Hồ Chí Minh, Việt Nam -> Phường Tân Bình, Thành phố Hồ Chí Minh, Việt Nam",1,0.25,False,0.0,0.3223,1.0,0.0,9.67,30.93,34.39,30.01,31.1,0,0,1,1,0,ride_component_5,3,2,0.6667,2,1,49.61,28.68,31.1,57.59,12.73,19.15,34.94,REPEATED_LOCKED_PAIR,Cap lap lai va phu thuoc bat thuong,Tai xe va khach hang di voi nhau nhieu lan va co muc do phu thuoc bat thuong so voi hanh vi thong thuong.,57.59,,,,,,
b19d7ba8ee0cdd68,f14ecb532ab90766,9,0,11,9,xanh_premium,Tỉnh Đồng Nai,0.8181818181818182,1.0,0.0,xanh_premium|Tỉnh Đồng Nai,8.13379999999961,1.0,0.25,0.5,0.8182,0.25,0.7576,0.9603,6.0,0.3688,True,0.7275,56.61,56.61,146000.0,1314000.0,169000.0,1,2026-07-26,Tỉnh Đồng Nai,37.18333333333333,"105B Đường Hà Huy Giáp, Phường Trấn Biên, Tỉnh Đồng Nai, Việt Nam -> Phường Tân Triều, Thành phố Đồng Nai, Việt Nam",1,0.1111111111111111,False,0.0,0.0333,1.0,0.0,1.0,26.02,80.14,21.46,36.13,0,1,1,1,0,ride_component_22,1,0,0.0,0,0,10.81,5.96,36.13,57.69,1.32,15.27,3.28,REPEATED_LOCKED_PAIR,Cap lap lai va phu thuoc bat thuong,Tai xe va khach hang di voi nhau nhieu lan va co muc do phu thuoc bat thuong so voi hanh vi thong thuong.,57.69,Cap lap lai va phu thuoc bat thuong,KB-C_EXTREME_VOLUME | KB-C_TIGHT_PAIR_SHARE,REPEATED_LOCKED_PAIR,Cap lap lai va phu thuoc bat thuong,Tai xe va khach hang di voi nhau nhieu lan va co muc do phu thuoc bat thuong so voi hanh vi thong thuong.,57.69
53a5908ceb804d7e,75fbbe844b6f9f2b,5,5,5,5,xanhsm_bike_sg,Tỉnh Đắk Lắk,1.0,1.0,1.0,xanhsm_bike_sg|Tỉnh Đắk Lắk,4.844000000000051,1.0,0.5,0.5,1.0,0.5,1.0,0.7472,6.0,0.3441,True,0.7472,56.58,56.58,14000.0,70000.0,11000.0,1,2026-07-26,Tỉnh Đắk Lắk,1.4,"128, Phường Ea Kao, Tỉnh Đắk Lắk, Việt Nam -> 567 Lê Duẩn, Phường Ea Kao, Đắk Lắk",2,0.4,True,1.0,0.7873,1.0,0.0,73.62,65.95,29.48,52.93,47.07,0,0,0,0,0,ride_component_23,1,0,0.0,0,0,0.0,0.0,47.07,57.79,78.6,46.86,0.0,GHOST_TRIP_EXECUTION_PATTERN,Mau thuc thi ghost trip,"Cap nay co dau hieu thuc thi ghost trip, voi nhieu chuyen nghi ngo gia lap hoac quay dau phi thuc te.",78.6,Mau thuc thi ghost trip,KB-C_HIGH_GHOST_RATE,GHOST_TRIP_EXECUTION_PATTERN,Mau thuc thi ghost trip,"Cap nay co dau hieu thuc thi ghost trip, voi nhieu chuyen nghi ngo gia lap hoac quay dau phi thuc te.",78.6
cedef60a5d5514e5,6e1beab08494ec90,5,0,5,5,gf_vip,Thành phố Hồ Chí Minh,1.0,1.0,0.0,gf_vip|Thành phố Hồ Chí Minh,4.873000000000047,1.0,0.5,0.5,1.0,0.5,1.0,0.7472,6.0,0.342,True,0.7472,56.49,56.49,72000.0,360000.0,0.0,1,2026-07-26,Thành phố Hồ Chí Minh,4.616666666666666,"167 Đường Đông Thạnh 2-3, Xã Đông Thạnh, Thành phố Hồ Chí Minh, Việt Nam -> 3/13 Đường Nguyễn Thị Điệp, Xã Đông Thạnh, Thành phố Hồ Chí Minh, Việt Nam",1,0.2,False,0.0,0.6523,1.0,0.0,19.57,36.18,36.31,28.58,30.51,0,0,0,0,0,ride_component_24,1,0,0.0,0,0,0.0,0.0,30.51,57.7,25.77,27.1,0.0,REPEATED_LOCKED_PAIR,Cap lap lai va phu thuoc bat thuong,Tai xe va khach hang di voi nhau nhieu lan va co muc do phu thuoc bat thuong so voi hanh vi thong thuong.,57.7,,,,,,
0539a81b56b7960e,7db6a84fcac2a668,5,0,5,5,xanh_premium,Tỉnh Bến Tre,1.0,1.0,0.0,xanh_premium|Tỉnh Bến Tre,4.963799999999992,1.0,0.5,0.5,1.0,0.5,1.0,0.7472,6.0,0.3358,True,0.7472,56.21,56.21,208400.0,1042000.0,102000.0,1,2026-07-26,Tỉnh Bến Tre,90.61666666666666,"Phường An Hội, Tỉnh Vĩnh Long, Việt Nam -> Xã Phú Túc, Tỉnh Vĩnh Long, Việt Nam",1,0.2,False,0.0,0.06,1.0,0.0,1.8,26.28,72.72,21.08,33.99,0,1,0,0,0,ride_component_25,1,0,0.0,0,0,5.4,2.98,33.99,57.44,2.37,17.19,1.64,REPEATED_LOCKED_PAIR,Cap lap lai va phu thuoc bat thuong,Tai xe va khach hang di voi nhau nhieu lan va co muc do phu thuoc bat thuong so voi hanh vi thong thuong.,57.44,,,,,,
5f8cacc1d793584a,f0adabe9eec383b5,5,4,5,5,xanhsm_bike_sg,Thành phố Hồ Chí Minh,1.0,1.0,0.8,xanhsm_bike_sg|Thành phố Hồ Chí Minh,5.0,1.0,0.5,0.5,1.0,0.5,1.0,0.7472,6.0,0.3333,True,0.7472,56.09,56.09,13000.0,65000.0,4000.0,1,2026-07-26,Thành phố Hồ Chí Minh,1.0666666666666667,"44, Đường Số 21, KP.4, Phường Hiệp Bình, Thành phố Hồ Chí Minh, Việt Nam -> Phường Hiệp Bình, Thành phố Hồ Chí Minh, Việt Nam",3,0.6,True,0.8,0.8551,0.4706,0.1765,69.18,63.29,24.0,58.84,50.13,0,2,1,1,0,ride_component_26,2,1,1.0,2,1,53.59,40.4,50.13,57.33,74.07,55.43,44.72,GHOST_TRIP_EXECUTION_PATTERN,Mau thuc thi ghost trip,"Cap nay co dau hieu thuc thi ghost trip, voi nhieu chuyen nghi ngo gia lap hoac quay dau phi thuc te.",74.07,Mau thuc thi ghost trip,KB-C_HIGH_GHOST_RATE,GHOST_TRIP_EXECUTION_PATTERN,Mau thuc thi ghost trip,"Cap nay co dau hieu thuc thi ghost trip, voi nhieu chuyen nghi ngo gia lap hoac quay dau phi thuc te.",74.07
661e3d75e226c2f9,3c6eee5bb9240bad,5,0,5,5,xanh_premium,Thành phố Cần Thơ,1.0,1.0,0.0,xanh_premium|Thành phố Cần Thơ,5.0,1.0,0.5,0.5,1.0,0.5,1.0,0.7472,6.0,0.3333,True,0.7472,56.09,56.09,195600.0,978000.0,153000.0,1,2026-07-26,Thành phố Cần Thơ,54.5,"Thành phố Cần Thơ -> Xã Thạnh Xuân, Thành phố Cần Thơ, Việt Nam",1,0.2,False,0.0,0.06,1.0,0.0,1.8,26.23,74.87,21.04,34.5,0,0,0,1,0,ride_component_27,1,0,0.0,0,0,5.4,2.98,34.5,57.33,2.37,17.18,1.64,REPEATED_LOCKED_PAIR,Cap lap lai va phu thuoc bat thuong,Tai xe va khach hang di voi nhau nhieu lan va co muc do phu thuoc bat thuong so voi hanh vi thong thuong.,57.33,,,,,,
cc835977f85b1328,7e0e35ea9b0133a2,5,5,5,5,xanh_car,Tỉnh Hà Nam,1.0,1.0,1.0,xanh_car|Tỉnh Hà Nam,5.0,1.0,0.5,0.5,1.0,0.5,1.0,0.7472,6.0,0.3333,True,0.7472,56.09,56.09,30000.0,150000.0,0.0,1,2026-07-26,Tỉnh Hà Nam,0.3,"Phường Châu Sơn, Tỉnh Ninh Bình, Việt Nam -> Phường Châu Sơn, Tỉnh Ninh Bình, Việt Nam",4,0.8,True,1.0,0.933,1.0,0.0,77.99,68.14,27.73,54.73,47.98,0,0,0,0,0,ride_component_28,1,0,0.0,0,0,0.0,0.0,47.98,57.33,84.35,67.56,0.0,GHOST_TRIP_EXECUTION_PATTERN,Mau thuc thi ghost trip,"Cap nay co dau hieu thuc thi ghost trip, voi nhieu chuyen nghi ngo gia lap hoac quay dau phi thuc te.",84.35,Mau thuc thi ghost trip,KB-C_HIGH_GHOST_RATE,GHOST_TRIP_EXECUTION_PATTERN,Mau thuc thi ghost trip,"Cap nay co dau hieu thuc thi ghost trip, voi nhieu chuyen nghi ngo gia lap hoac quay dau phi thuc te.",84.35
d77a75a1a829d3e1,cb60a44059fb051e,5,1,5,5,xanh_car,Tỉnh Tiền Giang,1.0,1.0,0.2,xanh_car|Tỉnh Tiền Giang,5.0,1.0,0.5,0.5,1.0,0.5,1.0,0.7472,6.0,0.3333,True,0.7472,56.09,56.09,269800.0,1349000.0,4000.0,1,2026-07-26,Tỉnh Tiền Giang,57.68333333333333,"Xã Hậu Mỹ, Tỉnh Đồng Tháp, Việt Nam -> Xã Hậu Mỹ, Tỉnh Đồng Tháp, Việt Nam",1,0.2,False,0.2,0.06,1.0,0.0,11.8,31.73,54.33,24.94,32.29,0,0,0,0,0,ride_component_29,1,0,0.0,0,0,0.0,0.0,32.29,57.33,11.87,18.84,0.0,REPEATED_LOCKED_PAIR,Cap lap lai va phu thuoc bat thuong,Tai xe va khach hang di voi nhau nhieu lan va co muc do phu thuoc bat thuong so voi hanh vi thong thuong.,57.33,,,,,,
2621150d9eadf4ca,dbb4059c3f90667f,7,0,8,7,xanh_car,Tỉnh Đồng Nai,0.875,1.0,0.0,xanh_car|Tỉnh Đồng Nai,6.704200000000128,0.9999,0.3333333333333333,0.5,0.875,0.3333,0.8125,0.8672,6.0,0.348,True,0.7046,54.41,54.41,145857.14285714287,1021000.0,78000.0,1,2026-07-26,Tỉnh Đồng Nai,28.75,"Huyện Cẩm Mỹ, Tỉnh Đồng Nai ->  Huyện Cẩm Mỹ, Tỉnh Đồng Nai",1,0.14285714285714285,False,0.0,0.072,0.5,0.174,5.64,27.59,68.36,22.54,34.0,0,1,0,1,0,ride_component_30,1,0,0.0,0,0,8.57,4.78,34.0,55.48,5.11,17.46,2.63,REPEATED_LOCKED_PAIR,Cap lap lai va phu thuoc bat thuong,Tai xe va khach hang di voi nhau nhieu lan va co muc do phu thuoc bat thuong so voi hanh vi thong thuong.,55.48,,,,,,
1690b4ce10059cd2,a1bf60d87af232c7,5,5,5,5,xanh_premium,Thành phố Hà Nội,1.0,1.0,1.0,xanh_premium|Thành phố Hà Nội,6.0,0.9998,0.5,0.5,1.0,0.5,1.0,0.7472,6.0,0.2778,False,0.7472,53.6,53.6,36800.0,184000.0,18000.0,1,2026-07-26,Thành phố Hà Nội,1.55,"Xã Yên Xuân, Thành phố Hà Nội, Việt Nam -> Xã Yên Xuân, Thành phố Hà Nội, Việt Nam",5,1.0,True,1.0,0.9638,1.0,0.0,78.92,67.52,37.92,55.11,50.81,0,1,0,0,0,ride_component_31,1,0,0.0,0,0,5.4,4.18,50.81,55.01,85.57,76.93,2.3,GHOST_TRIP_EXECUTION_PATTERN,Mau thuc thi ghost trip,"Cap nay co dau hieu thuc thi ghost trip, voi nhieu chuyen nghi ngo gia lap hoac quay dau phi thuc te.",85.57,Mau thuc thi ghost trip,KB-C_HIGH_GHOST_RATE,GHOST_TRIP_EXECUTION_PATTERN,Mau thuc thi ghost trip,"Cap nay co dau hieu thuc thi ghost trip, voi nhieu chuyen nghi ngo gia lap hoac quay dau phi thuc te.",85.57
45014c567e9dfb6b,200c2cc542106e1b,5,5,5,5,xanh_car,Thành phố Hồ Chí Minh,1.0,1.0,1.0,xanh_car|Thành phố Hồ Chí Minh,6.0,0.9999,0.5,0.5,1.0,0.5,1.0,0.7472,6.0,0.2778,False,0.7472,53.6,53.6,104200.0,521000.0,61000.0,1,2026-07-26,Thành phố Hồ Chí Minh,16.533333333333335,"387 Đường Lê Văn Việt, Phường Tăng Nhơn Phú, Thành phố Hồ Chí Minh -> Phường Hiệp Bình, Thành phố Hồ Chí Minh, Việt Nam",1,0.2,True,1.0,0.3742,0.5556,0.1235,63.7,59.15,56.69,55.24,55.6,0,2,1,1,0,ride_component_26,2,1,1.0,2,1,53.59,39.05,55.6,55.01,63.89,30.44,43.98,GHOST_TRIP_EXECUTION_PATTERN,Mau thuc thi ghost trip,"Cap nay co dau hieu thuc thi ghost trip, voi nhieu chuyen nghi ngo gia lap hoac quay dau phi thuc te.",63.89,Mau thuc thi ghost trip,KB-C_HIGH_GHOST_RATE,GHOST_TRIP_EXECUTION_PATTERN,Mau thuc thi ghost trip,"Cap nay co dau hieu thuc thi ghost trip, voi nhieu chuyen nghi ngo gia lap hoac quay dau phi thuc te.",63.89
63a96cf1e3eea839,1b84d9e6e71b3ff6,10,0,17,10,xanh_car,Tỉnh Bình Dương,0.5882352941176471,1.0,0.0,xanh_car|Tỉnh Bình Dương,6.362999999999374,1.0,0.1111111111111111,0.5,0.5882,0.1111,0.5368,1.0,6.0,0.5239,True,0.5368,53.1,53.1,28800.0,288000.0,0.0,1,2026-07-26,Tỉnh Bình Dương,2.0833333333333335,"29/25A Đường 2 Tháng 9, Khu phố 1A, Phường Chánh Phú Hòa, Thành phố Hồ Chí Minh, Việt Nam -> NE3, Phường Chánh Phú Hòa, Thành phố Hồ Chí Minh, Việt Nam",1,0.1,False,0.0,0.6814,0.5,0.262,25.68,38.02,36.91,30.14,31.83,0,0,0,0,0,ride_component_32,1,0,0.0,0,0,0.0,0.0,31.83,53.14,30.32,27.09,0.0,REPEATED_LOCKED_PAIR,Cap lap lai va phu thuoc bat thuong,Tai xe va khach hang di voi nhau nhieu lan va co muc do phu thuoc bat thuong so voi hanh vi thong thuong.,53.14,Cap lap lai va phu thuoc bat thuong,KB-C_EXTREME_VOLUME,REPEATED_LOCKED_PAIR,Cap lap lai va phu thuoc bat thuong,Tai xe va khach hang di voi nhau nhieu lan va co muc do phu thuoc bat thuong so voi hanh vi thong thuong.,53.14
ac5ad23248702f61,243ea0e71a4e1e1e,18,13,94,18,xanhsm_bike_sg,Thành phố Hồ Chí Minh,0.19148936170212766,1.0,0.7222222222222222,xanhsm_bike_sg|Thành phố Hồ Chí Minh,5.0,1.0,0.058823529411764705,0.5,0.1915,0.0588,0.141,1.0,6.0,1.0,True,0.141,52.76,52.76,12722.222222222223,229000.0,29000.0,1,2026-07-26,Thành phố Hồ Chí Minh,0.6666666666666666,"191 Đường Bành Văn Trân, Phường Tân Sơn Nhất, Thành phố Hồ Chí Minh, Việt Nam -> Phường Tân Sơn Nhất, Thành phố Hồ Chí Minh, Việt Nam",2,0.1111111111111111,True,0.7222,0.7178,0.4118,0.5882,69.41,61.92,56.8,63.17,61.58,0,5,4,4,3,ride_component_20,5,8,0.8,4,4,90.64,67.34,61.58,50.18,70.31,35.6,75.04,COORDINATED_NETWORK_PATTERN,Mau lien ket theo mang,Cap nay khong dung mot minh ma nam trong mot nhom lien ket voi cac cap dang nghi khac.,75.04,Cap lap lai va phu thuoc bat thuong | Mau lien ket theo mang | Mau thuc thi ghost trip,KB-C_EXTREME_VOLUME | KB-C_SUSPICIOUS_COMPONENT | KB-C_HIGH_GHOST_RATE | KB-C_SUPERFAST_GAP,COORDINATED_NETWORK_PATTERN,Mau lien ket theo mang,Cap nay khong dung mot minh ma nam trong mot nhom lien ket voi cac cap dang nghi khac.,75.04
d16001e216748caf,475c8dafea88d299,6,0,7,6,xanh_car,Tỉnh Hưng Yên,0.8571428571428571,1.0,0.0,xanh_car|Tỉnh Hưng Yên,5.272700000000441,1.0,0.3333333333333333,0.5,0.8571,0.3333,0.7857,0.8115,6.0,0.3793,True,0.6376,52.14,52.14,154166.66666666666,925000.0,190000.0,1,2026-07-26,Tỉnh Hưng Yên,39.416666666666664,"179 Đường , Xã Phụng Công, Tỉnh Hưng Yên, Việt Nam -> Xã Mễ Sở, Tỉnh Hưng Yên, Việt Nam",1,0.16666666666666666,False,0.0,0.05,1.0,0.0,1.5,24.29,76.59,19.84,34.03,0,1,0,1,0,ride_component_33,1,0,0.0,0,0,8.57,4.6,34.03,52.91,1.98,17.99,2.53,REPEATED_LOCKED_PAIR,Cap lap lai va phu thuoc bat thuong,Tai xe va khach hang di voi nhau nhieu lan va co muc do phu thuoc bat thuong so voi hanh vi thong thuong.,52.91,,,,,,
1828570effc4cc32,aa24dc2e6c02b356,8,1,10,8,xanh_premium,Tỉnh Quảng Trị,0.8,1.0,0.125,xanh_premium|Tỉnh Quảng Trị,7.923800000000028,1.0,0.25,0.5,0.8,0.25,0.7333,0.9163,6.0,0.3365,True,0.672,52.1,52.1,153750.0,1230000.0,128000.0,1,2026-07-26,Tỉnh Quảng Trị,21.766666666666666,"Phường Nam Đông Hà, Tỉnh Quảng Trị, Việt Nam -> Thôn An Trú, Xã Triệu Cơ, Tỉnh Quảng Trị, Việt Nam",1,0.125,False,0.125,0.2296,1.0,0.0,13.14,30.67,77.23,25.13,38.16,0,2,0,0,0,ride_component_34,1,0,0.0,0,0,8.57,4.9,38.16,53.11,15.01,20.53,2.7,REPEATED_LOCKED_PAIR,Cap lap lai va phu thuoc bat thuong,Tai xe va khach hang di voi nhau nhieu lan va co muc do phu thuoc bat thuong so voi hanh vi thong thuong.,53.11,Cap lap lai va phu thuoc bat thuong,KB-C_EXTREME_VOLUME | KB-C_TIGHT_PAIR_SHARE,REPEATED_LOCKED_PAIR,Cap lap lai va phu thuoc bat thuong,Tai xe va khach hang di voi nhau nhieu lan va co muc do phu thuoc bat thuong so voi hanh vi thong thuong.,53.11
8f3fdcaba9cd227e,fc93cbfb75bd312b,4,0,4,4,xanh_car_meter,Tỉnh Quảng Bình,1.0,1.0,0.0,xanh_car_meter|Tỉnh Quảng Bình,3.989599999999996,1.0,0.5,0.5,1.0,0.5,1.0,0.6712,6.0,0.3342,True,0.6712,51.96,51.96,189500.0,758000.0,0.0,1,2026-07-26,Tỉnh Quảng Bình,163.05,"14 Đường Nguyễn Tất Thành, Thị trấn Kiến Giang, Huyện Lệ Thủy, Tỉnh Quảng Bình, Việt Nam ->  Bắc Phú Hòa Bá Đạo, X.Phú Thủy, H.Lệ Thủy, Quảng Bình, 47000, Vietnam",1,0.25,False,0.0,0.075,1.0,0.0,2.25,24.62,44.55,19.78,25.97,0,0,0,1,0,ride_component_35,1,0,0.0,0,0,5.4,2.91,25.97,52.97,2.96,15.36,1.6,REPEATED_LOCKED_PAIR,Cap lap lai va phu thuoc bat thuong,Tai xe va khach hang di voi nhau nhieu lan va co muc do phu thuoc bat thuong so voi hanh vi thong thuong.,52.97,,,,,,
2b1569dd9086bfce,383af94b5d9ae7f2,4,0,4,4,service_xanh_tour_car_long-distance_one_way,Tỉnh Hải Dương,1.0,1.0,0.0,service_xanh_tour_car_long-distance_one_way|Tỉnh Hải Dương,3.991799999999998,1.0,0.5,0.5,1.0,0.5,1.0,0.6712,6.0,0.334,True,0.6712,51.95,51.95,258500.0,1034000.0,0.0,1,2026-07-26,Tỉnh Hải Dương,92.08333333333333,"81 Đường Trần Văn Giáp, Phường Thanh Bình, Thành phố Hải Dương, Tỉnh Hải Dương, Việt Nam -> location_address_display (0.000000, 0.000000)",1,0.25,False,0.0,0.075,1.0,0.0,2.25,24.62,48.51,19.78,26.96,0,0,0,1,0,ride_component_36,1,0,0.0,0,0,5.4,2.91,26.96,52.96,2.96,15.36,1.6,REPEATED_LOCKED_PAIR,Cap lap lai va phu thuoc bat thuong,Tai xe va khach hang di voi nhau nhieu lan va co muc do phu thuoc bat thuong so voi hanh vi thong thuong.,52.96,,,,,,
9bbb47d9d1a4f1ea,fb66cb5ad70138f1,4,0,4,4,service_xanh_tour_car_long-distance_one_way,Tỉnh Thái Bình,1.0,1.0,0.0,service_xanh_tour_car_long-distance_one_way|Tỉnh Thái Bình,3.9928000000000026,1.0,0.5,0.5,1.0,0.5,1.0,0.6712,6.0,0.3339,True,0.6712,51.94,51.94,397000.0,1588000.0,99000.0,1,2026-07-26,Tỉnh Thái Bình,139.75,"7 Tam Cốc, Phường Nam Hoa Lư, Tỉnh Ninh Bình, Việt Nam -> ĐT224, Hùng Dũng, Hưng Hà, Thái Bình, Việt Nam",1,0.25,False,0.0,0.075,1.0,0.0,2.25,24.61,77.04,19.77,34.09,0,0,0,1,0,ride_component_37,1,0,0.0,0,0,5.4,2.91,34.09,52.95,2.96,15.36,1.6,REPEATED_LOCKED_PAIR,Cap lap lai va phu thuoc bat thuong,Tai xe va khach hang di voi nhau nhieu lan va co muc do phu thuoc bat thuong so voi hanh vi thong thuong.,52.95,,,,,,
3569be3b45eb45c4,0c5eea179cc51214,4,0,4,4,service_xanh_premium_car_long-distance_one_way,Tỉnh Gia Lai,1.0,1.0,0.0,service_xanh_premium_car_long-distance_one_way|Tỉnh Gia Lai,3.9975999999999985,1.0,0.5,0.5,1.0,0.5,1.0,0.6712,6.0,0.3335,True,0.6712,51.92,51.92,203750.0,815000.0,0.0,1,2026-07-26,Tỉnh Gia Lai,53.53333333333333,"Barkery Đại Phú 34 Cách Mạng Tháng 8, Phường Pleiku, Tỉnh Gia Lai, Việt Nam(UTC+7) -> Huyện Ia Grai, Tỉnh Gia Lai",1,0.25,False,0.0,0.075,1.0,0.0,2.25,24.6,45.94,19.77,26.31,0,0,0,1,0,ride_component_38,1,0,0.0,0,0,5.4,2.91,26.31,52.93,2.96,15.36,1.6,REPEATED_LOCKED_PAIR,Cap lap lai va phu thuoc bat thuong,Tai xe va khach hang di voi nhau nhieu lan va co muc do phu thuoc bat thuong so voi hanh vi thong thuong.,52.93,,,,,,
f7f8f87869137322,0eb54c20c6ffe0d4,4,0,4,4,service_xanh_premium_car_long-distance_one_way,Tỉnh Hòa Bình,1.0,1.0,0.0,service_xanh_premium_car_long-distance_one_way|Tỉnh Hòa Bình,3.998000000000001,1.0,0.5,0.5,1.0,0.5,1.0,0.6712,6.0,0.3335,True,0.6712,51.92,51.92,322750.0,1291000.0,44000.0,1,2026-07-26,Thành phố Hà Nội,160.93333333333334,"30 Đường Huỳnh Thúc Kháng, Phường Thành Công, Quận Ba Đình, Thành phố Hà Nội, Việt Nam -> Gần 11 Ngõ 3 Đường Âu Cơ, Xã Lương Sơn, Phú Thọ, Việt Nam",1,0.25,False,0.0,0.075,1.0,0.0,2.25,24.6,66.6,20.11,31.73,0,1,0,1,0,ride_component_39,1,0,0.0,0,0,8.57,4.61,31.73,52.93,2.96,15.36,2.54,REPEATED_LOCKED_PAIR,Cap lap lai va phu thuoc bat thuong,Tai xe va khach hang di voi nhau nhieu lan va co muc do phu thuoc bat thuong so voi hanh vi thong thuong.,52.93,,,,,,
2bd895e3efd1649f,3960bb6a2274ef6b,4,0,4,4,xanh_premium,Tỉnh Hà Nam,1.0,1.0,0.0,xanh_premium|Tỉnh Hà Nam,4.0,1.0,0.5,0.5,1.0,0.5,1.0,0.6712,6.0,0.3333,True,0.6712,51.91,51.91,336000.0,1344000.0,116000.0,1,2026-07-26,Thành phố Hà Nội,104.8,"Ninh Bình -> Xã Gia Trấn, Tỉnh Ninh Bình, Việt Nam",1,0.25,False,0.0,0.075,0.3333,0.2222,6.69,27.04,76.6,27.25,39.59,0,3,1,1,0,ride_component_15,2,1,1.0,2,1,55.01,30.35,39.59,52.93,5.85,15.36,39.19,REPEATED_LOCKED_PAIR,Cap lap lai va phu thuoc bat thuong,Tai xe va khach hang di voi nhau nhieu lan va co muc do phu thuoc bat thuong so voi hanh vi thong thuong.,52.93,,,,,,
3976bb4868ce3fcf,f2bf77f9fb9a7b84,4,0,4,4,xanh_car,Tỉnh Kon Tum,1.0,1.0,0.0,xanh_car|Tỉnh Kon Tum,4.0,1.0,0.5,0.5,1.0,0.5,1.0,0.6712,6.0,0.3333,True,0.6712,51.91,51.91,70000.0,280000.0,46000.0,1,2026-07-26,Tỉnh Kon Tum,67.63333333333334,"233/4, Phường Kon Tum, Tỉnh Quảng Ngãi, Việt Nam -> Phường Kon Tum, Tỉnh Quảng Ngãi, Việt Nam",1,0.25,False,0.0,0.075,1.0,0.0,2.25,24.6,48.47,20.34,27.37,0,2,0,1,0,ride_component_40,1,0,0.0,0,0,10.81,5.82,27.37,52.93,2.96,15.36,3.2,REPEATED_LOCKED_PAIR,Cap lap lai va phu thuoc bat thuong,Tai xe va khach hang di voi nhau nhieu lan va co muc do phu thuoc bat thuong so voi hanh vi thong thuong.,52.93,,,,,,
44bd8f1cd40f7982,07fc21970cd5eb35,4,1,4,4,xanh_premium,Tỉnh Hà Nam,1.0,1.0,0.25,xanh_premium|Tỉnh Hà Nam,4.0,1.0,0.5,0.5,1.0,0.5,1.0,0.6712,6.0,0.3333,True,0.6712,51.91,51.91,488500.0,1954000.0,80000.0,1,2026-07-26,Tỉnh Hà Nam,133.23333333333332,"CN-08, Khu công nghiệp Đồng Văn I, Thị trấn Đồng Văn, Đồng Văn, hị trấn Đồng Văn, Huyện Duy Tiên, Hà Nam -> 46 Phố Nguyễn Công Hoan, Phường Đồng Văn, Tỉnh Ninh Bình, Việt Nam",1,0.25,False,0.25,0.075,0.6667,0.1111,16.97,32.69,74.73,27.06,38.98,1,1,0,1,0,ride_component_41,1,0,0.0,0,0,10.81,6.3,38.98,52.93,16.28,17.02,3.46,REPEATED_LOCKED_PAIR,Cap lap lai va phu thuoc bat thuong,Tai xe va khach hang di voi nhau nhieu lan va co muc do phu thuoc bat thuong so voi hanh vi thong thuong.,52.93,,,,,,
855ce9e7be6bfdd0,7945872242757809,4,0,4,4,xanh_premium,Tỉnh Hưng Yên,1.0,1.0,0.0,xanh_premium|Tỉnh Hưng Yên,4.0,1.0,0.5,0.5,1.0,0.5,1.0,0.6712,6.0,0.3333,True,0.6712,51.91,51.91,259500.0,1038000.0,28000.0,1,2026-07-26,Tỉnh Hưng Yên,11.8,"Bệnh viện Đa khoa Phương Đông, 9 Phố Viên, Phường Cổ Nhuế 2, Quận Bắc Từ Liêm, Thành phố Hà Nội, Việt Nam(UTC+7) -> Thị xã Mỹ Hào, Tỉnh Hưng Yên",1,0.25,False,0.0,0.4997,1.0,0.0,14.99,31.6,60.43,26.16,34.73,0,1,1,1,0,ride_component_42,1,0,0.0,0,0,10.81,6.23,34.73,52.93,19.74,21.02,3.43,REPEATED_LOCKED_PAIR,Cap lap lai va phu thuoc bat thuong,Tai xe va khach hang di voi nhau nhieu lan va co muc do phu thuoc bat thuong so voi hanh vi thong thuong.,52.93,,,,,,
8dec1612b02307e7,a75855291e5fc922,4,0,4,4,xanh_premium,Tỉnh Hải Dương,1.0,1.0,0.0,xanh_premium|Tỉnh Hải Dương,4.0,1.0,0.5,0.5,1.0,0.5,1.0,0.6712,6.0,0.3333,True,0.6712,51.91,51.91,385500.0,1542000.0,251000.0,1,2026-07-26,Tỉnh Hải Dương,64.05,"17, Phù Nội, Xã Thanh Miện, Thành Phố Hải Phòng, Việt Nam -> Hương Lộ 80, Xã Nam Thanh Miện, Thành phố Hải Phòng, Việt Nam",1,0.25,False,0.0,0.075,1.0,0.0,2.25,24.6,83.7,20.1,36.0,0,0,0,2,0,ride_component_43,1,0,0.0,0,0,8.57,4.61,36.0,52.93,2.96,15.36,2.54,REPEATED_LOCKED_PAIR,Cap lap lai va phu thuoc bat thuong,Tai xe va khach hang di voi nhau nhieu lan va co muc do phu thuoc bat thuong so voi hanh vi thong thuong.,52.93,,,,,,
b7b01139b8f7e77a,c7ecd9a53adc9a28,4,0,4,4,xanh_car_just_taxi,Tỉnh Đồng Tháp,1.0,1.0,0.0,xanh_car_just_taxi|Tỉnh Đồng Tháp,4.0,1.0,0.5,0.5,1.0,0.5,1.0,0.6712,6.0,0.3333,True,0.6712,51.91,51.91,25000.0,100000.0,0.0,1,2026-07-26,,6.816666666666666,"Tt.Thanh Bình, H.Thanh Bình, Đồng Tháp, Vietnam -> location_address_display (0.000000, 0.000000)",1,0.25,False,0.0,0.6159,1.0,0.0,18.48,33.52,24.47,27.12,26.46,0,0,0,1,0,ride_component_44,1,0,0.0,0,0,5.4,3.17,26.46,52.93,24.33,22.57,1.74,REPEATED_LOCKED_PAIR,Cap lap lai va phu thuoc bat thuong,Tai xe va khach hang di voi nhau nhieu lan va co muc do phu thuoc bat thuong so voi hanh vi thong thuong.,52.93,,,,,,
e9d73783535c76f6,2e2b22a4aedb65e4,4,0,4,4,xanh_premium,Tỉnh Hà Nam,1.0,1.0,0.0,xanh_premium|Tỉnh Hà Nam,4.0,1.0,0.5,0.5,1.0,0.5,1.0,0.6712,6.0,0.3333,True,0.6712,51.91,51.91,740000.0,2960000.0,0.0,1,2026-07-26,Thành phố Hà Nội,79.1,"Duy Tiên, Hà Nam -> 18 Đường Phạm Hùng, Phường Từ Liêm, Thành Phố Hà Nội, Việt Nam",1,0.25,False,0.0,0.075,1.0,0.0,2.25,24.6,54.57,19.76,28.46,1,0,0,0,0,ride_component_45,1,0,0.0,0,0,5.4,2.91,28.46,52.93,2.96,15.36,1.6,REPEATED_LOCKED_PAIR,Cap lap lai va phu thuoc bat thuong,Tai xe va khach hang di voi nhau nhieu lan va co muc do phu thuoc bat thuong so voi hanh vi thong thuong.,52.93,,,,,,
48c0ddaede901287,8bf85b2bc837724f,12,0,27,12,xanhsm_bike_hn,Thành phố Đà Nẵng,0.4444444444444444,1.0,0.0,xanhsm_bike_hn|Thành phố Đà Nẵng,6.0,1.0,0.08333333333333333,0.5,0.4444,0.0833,0.3939,1.0,6.0,0.6667,True,0.3939,51.67,51.67,12916.666666666666,155000.0,0.0,1,2026-07-26,Thành phố Đà Nẵng,2.1666666666666665,"274 Đường Trần Cao Vân, Phường Thanh Khê, Thành phố Đà Nẵng, Việt Nam -> 24 Đường Trần Cao Vân, Phường Thanh Khê, Thành phố Đà Nẵng, Việt Nam",1,0.08333333333333333,False,0.0,0.6744,1.0,0.0,20.23,34.38,34.63,33.7,33.93,0,2,1,2,0,ride_component_46,2,1,1.0,2,1,55.01,32.54,33.93,50.85,26.64,25.82,40.4,REPEATED_LOCKED_PAIR,Cap lap lai va phu thuoc bat thuong,Tai xe va khach hang di voi nhau nhieu lan va co muc do phu thuoc bat thuong so voi hanh vi thong thuong.,50.85,Cap lap lai va phu thuoc bat thuong,KB-C_EXTREME_VOLUME,REPEATED_LOCKED_PAIR,Cap lap lai va phu thuoc bat thuong,Tai xe va khach hang di voi nhau nhieu lan va co muc do phu thuoc bat thuong so voi hanh vi thong thuong.,50.85
efd9f546041d3c96,951bec360caf3eab,7,0,9,7,xanh_car,Thành phố Hồ Chí Minh,0.7777777777777778,1.0,0.0,xanh_car|Thành phố Hồ Chí Minh,6.0,0.9999,0.25,0.5,0.7778,0.25,0.7037,0.8672,6.0,0.3889,True,0.6102,51.06,51.06,35142.857142857145,246000.0,25000.0,1,2026-07-26,Thành phố Hồ Chí Minh,4.083333333333333,"Xã Tân Nhựt, Thành Phố Hồ Chí Minh, Việt Nam -> Xã Tân Nhựt, Thành Phố Hồ Chí Minh, Việt Nam",3,0.42857142857142855,False,0.0,0.7333,0.2222,0.3025,28.05,38.4,44.21,30.49,33.92,0,0,0,0,0,ride_component_47,1,0,0.0,0,0,0.0,0.0,33.92,51.72,32.9,45.9,0.0,REPEATED_LOCKED_PAIR,Cap lap lai va phu thuoc bat thuong,Tai xe va khach hang di voi nhau nhieu lan va co muc do phu thuoc bat thuong so voi hanh vi thong thuong.,51.72,,,,,,
9cab892ccb1cd9f6,70b7492cc2373735,9,9,10,12,xanh_limo_6_cho,Thành phố Hồ Chí Minh,0.9,0.75,1.0,xanh_limo_6_cho|Thành phố Hồ Chí Minh,7.669399999998859,1.0,0.3333333333333333,0.3333333333333333,0.75,0.3333,0.625,0.9603,6.0,0.3912,True,0.6002,50.62,50.62,111111.11111111111,1000000.0,250000.0,1,2026-07-26,Thành phố Hồ Chí Minh,0.3333333333333333,"103 Dương Quảng Hàm, Phường Hạnh Thông, Thành phố Hồ Chí Minh -> 92-94 nam kỳ khởi nghĩa, Phường Sài Gòn, Thành phố Hồ Chí Minh",5,0.5555555555555556,True,1.0,0.8589,0.4,0.2347,80.46,67.03,78.96,64.47,68.09,0,1,1,1,1,ride_component_48,2,1,1.0,4,1,68.59,52.71,68.09,51.24,84.48,65.33,61.49,GHOST_TRIP_EXECUTION_PATTERN,Mau thuc thi ghost trip,"Cap nay co dau hieu thuc thi ghost trip, voi nhieu chuyen nghi ngo gia lap hoac quay dau phi thuc te.",84.48,Cap lap lai va phu thuoc bat thuong | Mau thuc thi ghost trip,KB-C_EXTREME_VOLUME | KB-C_TIGHT_PAIR_SHARE | KB-C_HIGH_GHOST_RATE | KB-C_SUPERFAST_GAP,GHOST_TRIP_EXECUTION_PATTERN,Mau thuc thi ghost trip,"Cap nay co dau hieu thuc thi ghost trip, voi nhieu chuyen nghi ngo gia lap hoac quay dau phi thuc te.",84.48
180e389dc9e916ba,45d8462070fb8452,8,3,11,8,xanhsm_bike_hn,Thành phố Cần Thơ,0.7272727272727273,1.0,0.375,xanhsm_bike_hn|Thành phố Cần Thơ,6.904399999999441,1.0,0.2,0.5,0.7273,0.2,0.6591,0.9163,6.0,0.3862,True,0.6039,50.59,50.59,14250.0,114000.0,7000.0,1,2026-07-26,Thành phố Cần Thơ,5.75,"206A Đường Trần Hưng Đạo, Phường Cái Răng, Thành phố Cần Thơ, Việt Nam -> Đường Trần Hưng Đạo, Phường Cái Răng, Thành phố Cần Thơ, Việt Nam",1,0.125,False,0.375,0.6033,1.0,0.0,36.85,43.03,31.46,34.98,34.1,0,0,0,1,0,ride_component_49,1,0,0.0,0,0,5.4,3.44,34.1,51.24,41.64,30.28,1.89,REPEATED_LOCKED_PAIR,Cap lap lai va phu thuoc bat thuong,Tai xe va khach hang di voi nhau nhieu lan va co muc do phu thuoc bat thuong so voi hanh vi thong thuong.,51.24,Cap lap lai va phu thuoc bat thuong,KB-C_EXTREME_VOLUME | KB-C_TIGHT_PAIR_SHARE,REPEATED_LOCKED_PAIR,Cap lap lai va phu thuoc bat thuong,Tai xe va khach hang di voi nhau nhieu lan va co muc do phu thuoc bat thuong so voi hanh vi thong thuong.,51.24
ff6991f732e05132,3c65ed70e9e2ce05,6,0,7,6,xanh_premium_just_taxi,Tỉnh Ninh Bình,0.8571428571428571,1.0,0.0,xanh_premium_just_taxi|Tỉnh Ninh Bình,5.982000000000006,1.0,0.3333333333333333,0.5,0.8571,0.3333,0.7857,0.8115,6.0,0.3343,True,0.6376,50.11,50.11,91266.66666666667,547600.0,34000.0,1,2026-07-26,Tỉnh Ninh Bình,53.6,"Xã Yên Khánh, Tỉnh Ninh Bình, Việt Nam -> location_address_display (0.000000, 0.000000)",3,0.5,False,0.0,0.15,1.0,0.0,4.5,25.02,54.32,20.49,28.95,0,1,0,1,0,ride_component_50,1,0,0.0,0,0,8.57,4.62,28.95,51.02,5.92,38.02,2.54,REPEATED_LOCKED_PAIR,Cap lap lai va phu thuoc bat thuong,Tai xe va khach hang di voi nhau nhieu lan va co muc do phu thuoc bat thuong so voi hanh vi thong thuong.,51.02,,,,,,
0612e65f86ec01a6,aae908dd793c0e18,6,0,7,6,xanh_car,Tỉnh Bà Rịa - Vũng Tàu,0.8571428571428571,1.0,0.0,xanh_car|Tỉnh Bà Rịa - Vũng Tàu,6.0,1.0,0.3333333333333333,0.5,0.8571,0.3333,0.7857,0.8115,6.0,0.3333,True,0.6376,50.07,50.07,236333.33333333334,1418000.0,89000.0,1,2026-07-26,Tỉnh Bà Rịa - Vũng Tàu,16.45,"KP. Vạn Hạnh, Phường Phú Mỹ, Thành phố Hồ Chí Minh, Việt Nam -> Đường Hùng Vương, Phường Phú Mỹ, Thành phố Hồ Chí Minh, Việt Nam",1,0.16666666666666666,False,0.0,0.3662,0.8571,0.0476,11.94,29.1,74.3,24.31,36.81,0,3,1,0,0,ride_component_51,1,0,0.0,0,0,12.55,7.04,36.81,50.98,15.08,24.0,3.87,REPEATED_LOCKED_PAIR,Cap lap lai va phu thuoc bat thuong,Tai xe va khach hang di voi nhau nhieu lan va co muc do phu thuoc bat thuong so voi hanh vi thong thuong.,50.98,,,,,,
26cba052effbf0e3,f45ded2c24cce763,6,0,7,6,xanh_car,Thành phố Hà Nội,0.8571428571428571,1.0,0.0,xanh_car|Thành phố Hà Nội,6.0,1.0,0.3333333333333333,0.5,0.8571,0.3333,0.7857,0.8115,6.0,0.3333,True,0.6376,50.07,50.07,129333.33333333333,776000.0,71000.0,1,2026-07-26,Thành phố Hà Nội,107.21666666666667,"69 Ngõ 8 Cầu Bưu, Xã Đại Thanh, Thành Phố Hà Nội, Việt Nam -> Xã Tam Hưng, Thành phố Hà Nội, Việt Nam",1,0.16666666666666666,False,0.0,0.05,0.75,0.0833,3.17,24.27,64.2,18.95,30.26,0,0,0,0,0,ride_component_52,1,0,0.0,0,0,0.0,0.0,30.26,50.98,3.06,17.68,0.0,REPEATED_LOCKED_PAIR,Cap lap lai va phu thuoc bat thuong,Tai xe va khach hang di voi nhau nhieu lan va co muc do phu thuoc bat thuong so voi hanh vi thong thuong.,50.98,,,,,,
6c018249bafd3035,451bd718a37f4a38,6,0,6,7,xanh_car,Thành phố Hồ Chí Minh,1.0,0.8571428571428571,0.0,xanh_car|Thành phố Hồ Chí Minh,6.0,0.9999,0.5,0.3333333333333333,0.8571,0.3333,0.7857,0.8115,6.0,0.3333,True,0.6376,50.07,50.07,45333.333333333336,272000.0,37000.0,1,2026-07-26,Thành phố Hồ Chí Minh,14.783333333333333,"179A Đường Tô Ngọc Vân, Phường Hiệp Bình, Thành Phố Hồ Chí Minh, Việt Nam -> Phường Thủ Đức, Thành phố Hồ Chí Minh, Việt Nam",1,0.16666666666666666,False,0.0,0.4051,0.3333,0.2222,16.6,31.66,46.5,25.98,31.11,1,1,0,0,0,ride_component_53,1,0,0.0,0,0,8.57,4.93,31.11,50.98,18.89,24.78,2.71,REPEATED_LOCKED_PAIR,Cap lap lai va phu thuoc bat thuong,Tai xe va khach hang di voi nhau nhieu lan va co muc do phu thuoc bat thuong so voi hanh vi thong thuong.,50.98,,,,,,
875f7558903ca6a7,e37c1c635113bf58,6,0,7,6,xanh_car,Tỉnh Bà Rịa - Vũng Tàu,0.8571428571428571,1.0,0.0,xanh_car|Tỉnh Bà Rịa - Vũng Tàu,6.0,1.0,0.3333333333333333,0.5,0.8571,0.3333,0.7857,0.8115,6.0,0.3333,True,0.6376,50.07,50.07,265666.6666666667,1594000.0,196000.0,1,2026-07-26,Tỉnh Bà Rịa - Vũng Tàu,55.9,"Huyện Xuyên Mộc, Tỉnh Bà Rịa - Vũng Tàu -> Thành phố Hồ Chí Minh",1,0.16666666666666666,False,0.0,0.05,1.0,0.0,1.5,23.36,82.97,19.35,35.26,0,1,1,1,0,ride_component_54,1,0,0.0,0,0,10.81,5.73,35.26,50.98,1.98,17.68,3.15,REPEATED_LOCKED_PAIR,Cap lap lai va phu thuoc bat thuong,Tai xe va khach hang di voi nhau nhieu lan va co muc do phu thuoc bat thuong so voi hanh vi thong thuong.,50.98,,,,,,
a7df70523542a9ea,200c1bb696d74f48,6,0,7,6,xanh_car,Thành phố Hà Nội,0.8571428571428571,1.0,0.0,xanh_car|Thành phố Hà Nội,6.0,1.0,0.3333333333333333,0.5,0.8571,0.3333,0.7857,0.8115,6.0,0.3333,True,0.6376,50.07,50.07,100666.66666666667,604000.0,92000.0,1,2026-07-26,Thành phố Hà Nội,19.866666666666667,"Xã Tây Phương, Thành Phố Hà Nội, Việt Nam -> Xã Thạch Thất, Thành phố Hà Nội, Việt Nam",2,0.3333333333333333,False,0.0,0.3364,0.375,0.2083,14.26,30.37,64.53,23.94,34.09,0,0,0,0,0,ride_component_55,1,0,0.0,0,0,0.0,0.0,34.09,50.98,16.0,32.57,0.0,REPEATED_LOCKED_PAIR,Cap lap lai va phu thuoc bat thuong,Tai xe va khach hang di voi nhau nhieu lan va co muc do phu thuoc bat thuong so voi hanh vi thong thuong.,50.98,,,,,,
d56b626d33a0d43d,cc430521692ef529,6,5,7,6,xanhsm_bike_hn,Thành phố Hải Phòng,0.8571428571428571,1.0,0.8333333333333334,xanhsm_bike_hn|Thành phố Hải Phòng,6.0,1.0,0.3333333333333333,0.5,0.8571,0.3333,0.7857,0.8115,6.0,0.3333,True,0.6376,50.07,50.07,19833.333333333332,119000.0,0.0,1,2026-07-26,Thành phố Hải Phòng,0.3,"Phường Gia Viên, Thành phố Hải Phòng, Việt Nam -> 10 Đường Võ Nguyên Giáp, Phường Lê Chân, Thành phố Hải Phòng, Việt Nam",6,1.0,True,0.8333,0.993,1.0,0.0,71.46,61.83,25.4,49.68,43.61,0,0,0,0,0,ride_component_56,1,0,0.0,0,0,0.0,0.0,43.61,50.98,78.81,90.7,0.0,GHOST_TRIP_EXECUTION_PATTERN,Mau thuc thi ghost trip,"Cap nay co dau hieu thuc thi ghost trip, voi nhieu chuyen nghi ngo gia lap hoac quay dau phi thuc te.",78.81,Mau thuc thi ghost trip,KB-C_HIGH_GHOST_RATE | KB-C_SUPERFAST_GAP,GHOST_TRIP_EXECUTION_PATTERN,Mau thuc thi ghost trip,"Cap nay co dau hieu thuc thi ghost trip, voi nhieu chuyen nghi ngo gia lap hoac quay dau phi thuc te.",78.81
e814e9d8a830d051,66ff95f87416f96d,6,2,7,6,xanh_car,Thành phố Hà Nội,0.8571428571428571,1.0,0.3333333333333333,xanh_car|Thành phố Hà Nội,6.0,1.0,0.3333333333333333,0.5,0.8571,0.3333,0.7857,0.8115,6.0,0.3333,True,0.6376,50.07,50.07,109000.0,654000.0,73000.0,1,2026-07-26,Thành phố Hà Nội,49.71666666666667,"7-9 Đường Nguyễn Văn Linh, Phường Việt Hưng, Thành Phố Hà Nội, Việt Nam -> Thành phố Hà Nội",1,0.16666666666666666,False,0.3333,0.05,0.5,0.1666,21.5,34.36,62.4,28.21,36.76,0,1,0,1,0,ride_component_57,1,0,0.0,0,0,8.57,5.05,36.76,50.98,19.98,21.01,2.78,REPEATED_LOCKED_PAIR,Cap lap lai va phu thuoc bat thuong,Tai xe va khach hang di voi nhau nhieu lan va co muc do phu thuoc bat thuong so voi hanh vi thong thuong.,50.98,,,,,,
82b2cc73405e8687,cbd055fc57409cb9,5,5,5,5,xanh_limo_6_cho,Tỉnh Bắc Ninh,1.0,1.0,1.0,xanh_limo_6_cho|Tỉnh Bắc Ninh,9.0,0.9979,0.5,0.5,1.0,0.5,1.0,0.7472,6.0,0.1852,False,0.7472,49.43,49.43,38000.0,190000.0,0.0,1,2026-07-26,Tỉnh Bắc Ninh,0.5166666666666667,"Phường Kinh Bắc, Tỉnh Bắc Ninh, Việt Nam -> Phường Kinh Bắc, Tỉnh Bắc Ninh, Việt Nam",2,0.4,True,1.0,0.8079,1.0,0.0,74.24,63.07,26.87,51.51,45.35,0,0,0,1,0,ride_component_58,1,0,0.0,0,0,5.4,4.03,45.35,51.12,79.41,46.31,2.22,GHOST_TRIP_EXECUTION_PATTERN,Mau thuc thi ghost trip,"Cap nay co dau hieu thuc thi ghost trip, voi nhieu chuyen nghi ngo gia lap hoac quay dau phi thuc te.",79.41,Mau thuc thi ghost trip,KB-C_HIGH_GHOST_RATE,GHOST_TRIP_EXECUTION_PATTERN,Mau thuc thi ghost trip,"Cap nay co dau hieu thuc thi ghost trip, voi nhieu chuyen nghi ngo gia lap hoac quay dau phi thuc te.",79.41
3410c6bd309215bc,2ca010925e5b431b,4,2,4,4,xanhsm_bike_sg,Thành phố Hồ Chí Minh,1.0,1.0,0.5,xanhsm_bike_sg|Thành phố Hồ Chí Minh,5.0,0.9999,0.5,0.5,1.0,0.5,1.0,0.6712,6.0,0.2667,False,0.6712,48.92,48.92,103750.0,415000.0,19000.0,1,2026-07-26,Thành phố Hồ Chí Minh,4.316666666666666,"Khu dân cư Vĩnh Lộc, Khu phố 4, Phường Bình Tân, Thành phố Hồ Chí Minh, Việt Nam -> Phường Bình Hưng Hòa, Thành phố Hồ Chí Minh, Việt Nam",1,0.25,True,0.5,0.6743,0.8824,0.0314,45.86,47.23,46.93,38.89,40.9,0,1,0,1,0,ride_component_59,1,0,0.0,0,0,8.57,5.65,40.9,50.13,50.8,26.38,3.11,GHOST_TRIP_EXECUTION_PATTERN,Mau thuc thi ghost trip,"Cap nay co dau hieu thuc thi ghost trip, voi nhieu chuyen nghi ngo gia lap hoac quay dau phi thuc te.",50.8,Mau thuc thi ghost trip,KB-C_HIGH_GHOST_RATE,GHOST_TRIP_EXECUTION_PATTERN,Mau thuc thi ghost trip,"Cap nay co dau hieu thuc thi ghost trip, voi nhieu chuyen nghi ngo gia lap hoac quay dau phi thuc te.",50.8
9720a597806a7794,59690487731cf5a2,4,4,4,4,xanh_premium,Tỉnh Khánh Hòa,1.0,1.0,1.0,xanh_premium|Tỉnh Khánh Hòa,5.710100000000239,0.9983,0.5,0.5,1.0,0.5,1.0,0.6712,6.0,0.2335,False,0.6712,47.42,47.42,30000.0,120000.0,12000.0,1,2026-07-26,Tỉnh Khánh Hòa,0.95,"Phường Tây Nha Trang, Tỉnh Khánh Hòa, Việt Nam -> Phường Tây Nha Trang, Tỉnh Khánh Hòa, Việt Nam",3,0.75,True,1.0,0.9028,0.5,0.1168,79.42,65.02,31.44,53.15,47.72,0,1,0,0,0,ride_component_60,1,0,0.0,0,0,5.4,4.07,47.72,48.73,84.68,50.95,2.24,GHOST_TRIP_EXECUTION_PATTERN,Mau thuc thi ghost trip,"Cap nay co dau hieu thuc thi ghost trip, voi nhieu chuyen nghi ngo gia lap hoac quay dau phi thuc te.",84.68,Mau thuc thi ghost trip,KB-C_HIGH_GHOST_RATE,GHOST_TRIP_EXECUTION_PATTERN,Mau thuc thi ghost trip,"Cap nay co dau hieu thuc thi ghost trip, voi nhieu chuyen nghi ngo gia lap hoac quay dau phi thuc te.",84.68
0f2aea22548ff1dd,0912db1a6ebf8c8f,7,4,10,7,xanh_premium,Tỉnh Lào Cai,0.7,1.0,0.5714285714285714,xanh_premium|Tỉnh Lào Cai,6.871900000000096,1.0,0.2,0.5,0.7,0.2,0.625,0.8672,6.0,0.3395,True,0.542,45.09,45.09,162428.57142857142,1137000.0,162000.0,1,2026-07-26,Tỉnh Lào Cai,29.45,"Phường Lào Cai, Lào Cai -> Lào Cai",2,0.2857142857142857,True,0.5714,0.0985,1.0,0.0,31.53,37.63,78.09,29.97,42.0,0,0,0,0,0,ride_component_61,1,0,0.0,0,0,0.0,0.0,42.0,45.7,31.04,30.16,0.0,GHOST_TRIP_EXECUTION_PATTERN,Mau thuc thi ghost trip,"Cap nay co dau hieu thuc thi ghost trip, voi nhieu chuyen nghi ngo gia lap hoac quay dau phi thuc te.",31.04,Mau thuc thi ghost trip,KB-C_HIGH_GHOST_RATE,GHOST_TRIP_EXECUTION_PATTERN,Mau thuc thi ghost trip,"Cap nay co dau hieu thuc thi ghost trip, voi nhieu chuyen nghi ngo gia lap hoac quay dau phi thuc te.",31.04
7befb7ce8e219542,73ff5ba45a062901,6,4,8,6,xanh_premium,Tỉnh Thanh Hóa,0.75,1.0,0.6666666666666666,xanh_premium|Tỉnh Thanh Hóa,6.0,1.0,0.25,0.5,0.75,0.25,0.6667,0.8115,6.0,0.3333,True,0.541,44.75,44.75,55000.0,330000.0,54000.0,1,2026-07-26,Tỉnh Thanh Hóa,1.4333333333333333,"Thanh Hóa -> Thôn Bản Thành, Xã Hoằng Sơn, Tỉnh Thanh Hóa, Việt Nam",1,0.16666666666666666,True,0.6667,0.7166,0.5,0.1666,58.16,52.13,51.53,43.74,45.69,0,3,1,1,0,ride_component_62,1,0,0.0,0,0,13.97,9.52,45.69,45.37,62.14,36.88,5.24,GHOST_TRIP_EXECUTION_PATTERN,Mau thuc thi ghost trip,"Cap nay co dau hieu thuc thi ghost trip, voi nhieu chuyen nghi ngo gia lap hoac quay dau phi thuc te.",62.14,Mau thuc thi ghost trip,KB-C_HIGH_GHOST_RATE | KB-C_SUPERFAST_GAP,GHOST_TRIP_EXECUTION_PATTERN,Mau thuc thi ghost trip,"Cap nay co dau hieu thuc thi ghost trip, voi nhieu chuyen nghi ngo gia lap hoac quay dau phi thuc te.",62.14
55f6cbec94c120f3,7009fd6e556d1eca,5,4,6,5,xanh_limo_6_cho,Thành phố Đà Nẵng,0.8333333333333334,1.0,0.8,xanh_limo_6_cho|Thành phố Đà Nẵng,6.0,0.9995,0.3333333333333333,0.5,0.8333,0.3333,0.75,0.7472,6.0,0.2778,False,0.5604,43.32,43.32,273400.0,1367000.0,299000.0,1,2026-07-26,Thành phố Đà Nẵng,58.95,"Hòa Vang, Đà Nẵng -> Đường Lê Thạch, Phường Hòa Khánh, Thành phố Đà Nẵng, Việt Nam",1,0.2,True,0.8,0.06,1.0,0.0,41.8,42.48,83.46,40.69,51.38,0,1,2,1,0,ride_component_46,2,1,1.0,2,1,53.59,33.6,51.38,44.17,40.37,22.25,40.98,GHOST_TRIP_EXECUTION_PATTERN,Mau thuc thi ghost trip,"Cap nay co dau hieu thuc thi ghost trip, voi nhieu chuyen nghi ngo gia lap hoac quay dau phi thuc te.",40.37,Mau thuc thi ghost trip,KB-C_HIGH_GHOST_RATE,GHOST_TRIP_EXECUTION_PATTERN,Mau thuc thi ghost trip,"Cap nay co dau hieu thuc thi ghost trip, voi nhieu chuyen nghi ngo gia lap hoac quay dau phi thuc te.",40.37
bc240b893b468922,f4c8b319248db3da,6,3,9,6,xanh_limo_6_cho,Tỉnh Bình Dương,0.6666666666666666,1.0,0.5,xanh_limo_6_cho|Tỉnh Bình Dương,5.6426000000001295,1.0,0.2,0.5,0.6667,0.2,0.5833,0.8115,6.0,0.3544,True,0.4734,41.98,41.98,108000.0,648000.0,70000.0,1,2026-07-26,Tỉnh Bình Phước,3.1333333333333333,"Thị trấn Lai Uyên, Huyện Bàu Bàng, Tỉnh Bình Dương -> location_address_display (0.000000, 0.000000)",3,0.5,True,0.5,0.7769,1.0,0.0,48.31,45.46,61.99,37.13,43.35,0,0,0,1,0,ride_component_63,1,0,0.0,0,0,5.4,3.47,43.35,42.34,54.44,54.34,1.91,GHOST_TRIP_EXECUTION_PATTERN,Mau thuc thi ghost trip,"Cap nay co dau hieu thuc thi ghost trip, voi nhieu chuyen nghi ngo gia lap hoac quay dau phi thuc te.",54.44,Mau thuc thi ghost trip,KB-C_HIGH_GHOST_RATE,GHOST_TRIP_EXECUTION_PATTERN,Mau thuc thi ghost trip,"Cap nay co dau hieu thuc thi ghost trip, voi nhieu chuyen nghi ngo gia lap hoac quay dau phi thuc te.",54.44
e1971c9d6276d445,70493717aae4412c,9,6,16,9,xanh_premium,Tỉnh Tiền Giang,0.5625,1.0,0.6666666666666666,xanh_premium|Tỉnh Tiền Giang,8.805200000000013,1.0,0.16666666666666666,0.5,0.5625,0.1667,0.475,0.9603,6.0,0.3407,True,0.4561,40.42,40.42,29000.0,261000.0,6000.0,1,2026-07-26,Tỉnh Tiền Giang,0.6666666666666666,"Quốc lộ 1, Ấp Tân Thạnh, Xã Tân Hương, Tỉnh Đồng Tháp, Việt Nam -> Ấp Tân Thạnh, Xã Tân Hương, Tỉnh Đồng Tháp, Việt Nam",1,0.1111111111111111,True,0.6667,0.7178,1.0,0.0,54.87,48.37,36.58,48.18,45.28,0,1,1,2,2,ride_component_64,2,1,1.0,4,1,71.21,46.72,45.28,40.76,60.02,33.2,58.2,GHOST_TRIP_EXECUTION_PATTERN,Mau thuc thi ghost trip,"Cap nay co dau hieu thuc thi ghost trip, voi nhieu chuyen nghi ngo gia lap hoac quay dau phi thuc te.",60.02,Cap lap lai va phu thuoc bat thuong | Mau thuc thi ghost trip,KB-C_EXTREME_VOLUME | KB-C_HIGH_GHOST_RATE | KB-C_SUPERFAST_GAP,GHOST_TRIP_EXECUTION_PATTERN,Mau thuc thi ghost trip,"Cap nay co dau hieu thuc thi ghost trip, voi nhieu chuyen nghi ngo gia lap hoac quay dau phi thuc te.",60.02
f767385f9c652aab,f4af4ba8d85f8d39,5,3,7,5,xanh_car,Tỉnh Phú Yên,0.7142857142857143,1.0,0.6,xanh_car|Tỉnh Phú Yên,5.792699999999968,0.9995,0.25,0.5,0.7143,0.25,0.619,0.7472,6.0,0.2877,False,0.4626,38.39,38.39,91600.0,458000.0,55000.0,1,2026-07-26,Tỉnh Phú Yên,55.43333333333333,"227 Đường Nguyễn Tất Thành, Phường Tuy Hòa, Tỉnh Đắk Lắk, Việt Nam -> Đắk Lắk",1,0.2,True,0.6,0.06,0.5,0.1438,34.68,36.35,54.42,29.04,35.39,0,0,0,0,0,ride_component_65,1,0,0.0,0,0,0.0,0.0,35.39,38.91,32.74,19.97,0.0,GHOST_TRIP_EXECUTION_PATTERN,Mau thuc thi ghost trip,"Cap nay co dau hieu thuc thi ghost trip, voi nhieu chuyen nghi ngo gia lap hoac quay dau phi thuc te.",32.74,Mau thuc thi ghost trip,KB-C_HIGH_GHOST_RATE,GHOST_TRIP_EXECUTION_PATTERN,Mau thuc thi ghost trip,"Cap nay co dau hieu thuc thi ghost trip, voi nhieu chuyen nghi ngo gia lap hoac quay dau phi thuc te.",32.74
8be83b9357318a45,d512ca4274834fd0,4,3,4,5,xanhsm_bike_sg,Thành phố Hồ Chí Minh,1.0,0.8,0.75,xanhsm_bike_sg|Thành phố Hồ Chí Minh,5.0,0.9999,0.5,0.3333333333333333,0.8,0.3333,0.7,0.6712,6.0,0.2667,False,0.4698,37.84,37.84,96750.0,387000.0,18000.0,1,2026-07-26,Thành phố Hồ Chí Minh,1.0333333333333334,"230 Hẻm 230, Phường Tăng Nhơn Phú, Thành phố Hồ Chí Minh, Việt Nam -> 395 Đường Kinh Dương Vương, Phường An Lạc, Thành phố Hồ Chí Minh, Việt Nam",3,0.75,True,0.75,0.9009,0.8235,0.0471,65.47,53.04,45.4,43.44,43.93,0,1,0,0,0,ride_component_66,1,0,0.0,0,0,5.4,3.67,43.93,38.45,71.82,48.3,2.02,GHOST_TRIP_EXECUTION_PATTERN,Mau thuc thi ghost trip,"Cap nay co dau hieu thuc thi ghost trip, voi nhieu chuyen nghi ngo gia lap hoac quay dau phi thuc te.",71.82,Mau thuc thi ghost trip,KB-C_HIGH_GHOST_RATE,GHOST_TRIP_EXECUTION_PATTERN,Mau thuc thi ghost trip,"Cap nay co dau hieu thuc thi ghost trip, voi nhieu chuyen nghi ngo gia lap hoac quay dau phi thuc te.",71.82
b20ad4e56695ceef,87d774e87011ec04,4,4,4,5,xanh_premium,Tỉnh Quảng Nam,1.0,0.8,1.0,xanh_premium|Tỉnh Quảng Nam,5.0,0.9981,0.5,0.3333333333333333,0.8,0.3333,0.7,0.6712,6.0,0.2667,False,0.4698,37.84,37.84,214750.0,859000.0,126000.0,1,2026-07-26,Tỉnh Quảng Nam,18.1,"Phường Hội An, Thành phố Đà Nẵng, VNM -> 99 Đường Mẹ Thứ, Phường Hòa Xuân, Thành phố Đà Nẵng, Việt Nam",1,0.25,True,1.0,0.3527,1.0,0.0,60.58,50.35,70.57,41.22,48.56,0,0,0,1,0,ride_component_67,1,0,0.0,0,0,5.4,3.59,48.56,38.45,61.43,24.32,1.97,GHOST_TRIP_EXECUTION_PATTERN,Mau thuc thi ghost trip,"Cap nay co dau hieu thuc thi ghost trip, voi nhieu chuyen nghi ngo gia lap hoac quay dau phi thuc te.",61.43,Mau thuc thi ghost trip,KB-C_HIGH_GHOST_RATE,GHOST_TRIP_EXECUTION_PATTERN,Mau thuc thi ghost trip,"Cap nay co dau hieu thuc thi ghost trip, voi nhieu chuyen nghi ngo gia lap hoac quay dau phi thuc te.",61.43
baecb43006dd6035,9e9be59e543f339e,4,4,5,5,xanhsm_bike_sg,Thành phố Hồ Chí Minh,0.8,0.8,1.0,xanhsm_bike_sg|Thành phố Hồ Chí Minh,5.0,0.9999,0.3333333333333333,0.3333333333333333,0.8,0.3333,0.7,0.6712,6.0,0.2667,False,0.4698,37.84,37.84,196500.0,786000.0,0.0,1,2026-07-26,Tỉnh Bình Dương,0.65,"96/29/10/9 Đường Nguyễn, Xã Nhà Bè, Thành phố Hồ Chí Minh, Việt Nam -> 1 Đại lộ Bình Dương, Phường Thuận Giao, Thành phố Hồ Chí Minh, Việt Nam",2,0.5,True,1.0,0.8348,1.0,0.0,75.04,58.3,44.13,47.01,46.29,0,0,0,0,0,ride_component_68,1,0,0.0,0,0,0.0,0.0,46.29,38.45,80.47,39.91,0.0,GHOST_TRIP_EXECUTION_PATTERN,Mau thuc thi ghost trip,"Cap nay co dau hieu thuc thi ghost trip, voi nhieu chuyen nghi ngo gia lap hoac quay dau phi thuc te.",80.47,Mau thuc thi ghost trip,KB-C_HIGH_GHOST_RATE,GHOST_TRIP_EXECUTION_PATTERN,Mau thuc thi ghost trip,"Cap nay co dau hieu thuc thi ghost trip, voi nhieu chuyen nghi ngo gia lap hoac quay dau phi thuc te.",80.47
c9ce03ce680b2fd7,0ec9b24ee8567597,7,7,10,11,xanh_premium,Thành phố Hồ Chí Minh,0.7,0.6363636363636364,1.0,xanh_premium|Thành phố Hồ Chí Minh,9.0,0.9998,0.3333333333333333,0.25,0.6364,0.25,0.5152,0.8672,6.0,0.2593,False,0.4467,36.24,36.24,110571.42857142857,774000.0,189000.0,1,2026-07-26,Thành phố Hồ Chí Minh,0.36666666666666664,"Phường Bình Lợi Trung, Thành phố Hồ Chí Minh, Việt Nam -> 92-94 nam kỳ khởi nghĩa, Phường Sài Gòn, Thành phố Hồ Chí Minh",7,1.0,True,1.0,0.9914,1.0,0.0,79.74,60.17,71.79,58.39,61.74,0,1,1,1,1,ride_component_48,2,1,1.0,4,1,68.59,49.11,61.74,36.8,86.66,90.26,59.51,GHOST_TRIP_EXECUTION_PATTERN,Mau thuc thi ghost trip,"Cap nay co dau hieu thuc thi ghost trip, voi nhieu chuyen nghi ngo gia lap hoac quay dau phi thuc te.",86.66,Mau thuc thi ghost trip,KB-C_HIGH_GHOST_RATE | KB-C_SUPERFAST_GAP,GHOST_TRIP_EXECUTION_PATTERN,Mau thuc thi ghost trip,"Cap nay co dau hieu thuc thi ghost trip, voi nhieu chuyen nghi ngo gia lap hoac quay dau phi thuc te.",86.66
27837776ac87752e,6d48e8ccc6b73a1b,4,3,5,5,xanh_premium,Tỉnh Quảng Ninh,0.8,0.8,0.75,xanh_premium|Tỉnh Quảng Ninh,6.0,0.9991,0.3333333333333333,0.3333333333333333,0.8,0.3333,0.7,0.6712,6.0,0.2222,False,0.4698,35.84,35.84,254750.0,1019000.0,66000.0,1,2026-07-26,Tỉnh Quảng Ninh,51.75,"Phường Móng Cái 1, Tỉnh Quảng Ninh, Việt Nam -> 43 Đại lộ Hòa Bình, Phường Móng Cái 1, Tỉnh Quảng Ninh, Việt Nam",1,0.25,True,0.75,0.075,1.0,0.0,39.75,37.99,64.11,30.43,38.85,0,0,0,0,0,ride_component_69,1,0,0.0,0,0,0.0,0.0,38.85,36.58,38.59,18.75,0.0,GHOST_TRIP_EXECUTION_PATTERN,Mau thuc thi ghost trip,"Cap nay co dau hieu thuc thi ghost trip, voi nhieu chuyen nghi ngo gia lap hoac quay dau phi thuc te.",38.59,Mau thuc thi ghost trip,KB-C_HIGH_GHOST_RATE,GHOST_TRIP_EXECUTION_PATTERN,Mau thuc thi ghost trip,"Cap nay co dau hieu thuc thi ghost trip, voi nhieu chuyen nghi ngo gia lap hoac quay dau phi thuc te.",38.59
62c82f8e6d8fc224,98e38e5ae3021b0b,4,2,5,5,xanh_limo_6_cho,Tỉnh Bà Rịa - Vũng Tàu,0.8,0.8,0.5,xanh_limo_6_cho|Tỉnh Bà Rịa - Vũng Tàu,6.0,0.9978,0.3333333333333333,0.3333333333333333,0.8,0.3333,0.7,0.6712,6.0,0.2222,False,0.4698,35.84,35.84,99000.0,396000.0,38000.0,1,2026-07-26,Tỉnh Bà Rịa - Vũng Tàu,24.033333333333335,"9 Ô 3/1 Đường Võ Thị Sáu, Xã Phước Hải, Thành Phố Hồ Chí Minh, Việt Nam -> Bãi tắm, Phước Hải, Hồ Chí Minh 70000, Việt Nam",1,0.25,True,0.5,0.2142,0.5,0.1111,33.65,34.63,49.24,28.31,33.54,0,0,1,0,0,ride_component_70,1,0,0.0,0,0,5.4,3.11,33.54,36.58,33.66,18.94,1.71,GHOST_TRIP_EXECUTION_PATTERN,Mau thuc thi ghost trip,"Cap nay co dau hieu thuc thi ghost trip, voi nhieu chuyen nghi ngo gia lap hoac quay dau phi thuc te.",33.66,Mau thuc thi ghost trip,KB-C_HIGH_GHOST_RATE,GHOST_TRIP_EXECUTION_PATTERN,Mau thuc thi ghost trip,"Cap nay co dau hieu thuc thi ghost trip, voi nhieu chuyen nghi ngo gia lap hoac quay dau phi thuc te.",33.66
28d18b5006fb2cdd,e9893b8c86ca92b8,8,4,14,8,xanh_premium,Thành phố Hồ Chí Minh,0.5714285714285714,1.0,0.5,xanh_premium|Thành phố Hồ Chí Minh,9.0,0.9999,0.25,0.5,0.5714,0.25,0.4286,0.9163,6.0,0.2963,False,0.3927,34.93,34.93,36500.0,292000.0,34000.0,1,2026-07-26,Thành phố Hồ Chí Minh,3.55,", Xã Nhà Bè, Thành phố Hồ Chí Minh, Việt Nam -> Xã Nhà Bè, Thành phố Hồ Chí Minh, Việt Nam",1,0.125,True,0.5,0.6547,0.5,0.1482,47.6,41.9,46.09,34.7,37.55,0,2,0,0,0,ride_component_71,1,0,0.0,0,0,8.57,5.27,37.55,35.22,51.53,30.21,2.9,GHOST_TRIP_EXECUTION_PATTERN,Mau thuc thi ghost trip,"Cap nay co dau hieu thuc thi ghost trip, voi nhieu chuyen nghi ngo gia lap hoac quay dau phi thuc te.",51.53,Mau thuc thi ghost trip,KB-C_HIGH_GHOST_RATE,GHOST_TRIP_EXECUTION_PATTERN,Mau thuc thi ghost trip,"Cap nay co dau hieu thuc thi ghost trip, voi nhieu chuyen nghi ngo gia lap hoac quay dau phi thuc te.",51.53
c6963e8e70b25ecd,92f5b10955f7b62e,4,3,5,4,xanh_car,Tỉnh Quảng Ngãi,0.8,1.0,0.75,xanh_car|Tỉnh Quảng Ngãi,6.774400000000242,0.9925,0.3333333333333333,0.5,0.8,0.3333,0.7,0.6712,6.0,0.1968,False,0.4698,34.7,34.7,197000.0,788000.0,114000.0,1,2026-07-26,Tỉnh Quảng Ngãi,75.15,"Phường Cẩm Thành, Tỉnh Quảng Ngãi, Việt Nam -> Quốc lộ 1A, Xã Đông Sơn, Tỉnh Quảng Ngãi, Việt Nam",1,0.25,True,0.75,0.075,1.0,0.0,39.75,37.48,67.27,30.67,39.82,0,0,0,1,0,ride_component_72,1,0,0.0,0,0,5.4,3.19,39.82,35.52,38.59,18.64,1.75,GHOST_TRIP_EXECUTION_PATTERN,Mau thuc thi ghost trip,"Cap nay co dau hieu thuc thi ghost trip, voi nhieu chuyen nghi ngo gia lap hoac quay dau phi thuc te.",38.59,Mau thuc thi ghost trip,KB-C_HIGH_GHOST_RATE,GHOST_TRIP_EXECUTION_PATTERN,Mau thuc thi ghost trip,"Cap nay co dau hieu thuc thi ghost trip, voi nhieu chuyen nghi ngo gia lap hoac quay dau phi thuc te.",38.59
320ed8f631b13be4,71253be7724a5347,5,4,8,5,xanh_car,Thành phố Hồ Chí Minh,0.625,1.0,0.8,xanh_car|Thành phố Hồ Chí Minh,6.0,0.9999,0.2,0.5,0.625,0.2,0.5312,0.7472,6.0,0.2778,False,0.397,34.34,34.34,32000.0,160000.0,3000.0,1,2026-07-26,Thành phố Hồ Chí Minh,0.7166666666666667,"Phường Thông Tây Hội, Thành phố Hồ Chí Minh, Việt Nam -> 78/41 Đường Nguyễn Văn Khối, Phường Thông Tây Hội, Thành phố Hồ Chí Minh, Việt Nam",2,0.4,True,0.8,0.8033,0.1111,0.2469,69.04,53.42,28.46,43.82,39.98,0,0,1,0,0,ride_component_73,1,0,0.0,0,0,5.4,3.66,39.98,34.7,72.94,42.68,2.01,GHOST_TRIP_EXECUTION_PATTERN,Mau thuc thi ghost trip,"Cap nay co dau hieu thuc thi ghost trip, voi nhieu chuyen nghi ngo gia lap hoac quay dau phi thuc te.",72.94,Mau thuc thi ghost trip,KB-C_HIGH_GHOST_RATE,GHOST_TRIP_EXECUTION_PATTERN,Mau thuc thi ghost trip,"Cap nay co dau hieu thuc thi ghost trip, voi nhieu chuyen nghi ngo gia lap hoac quay dau phi thuc te.",72.94
8af83f94c769bedf,a9533a4ae581f5dc,5,4,9,5,xanhsm_bike_hn,Thành phố Hà Nội,0.5555555555555556,1.0,0.8,xanhsm_bike_hn|Thành phố Hà Nội,5.0,1.0,0.16666666666666666,0.5,0.5556,0.1667,0.4667,0.7472,6.0,0.3333,True,0.3487,34.18,34.18,15400.0,77000.0,0.0,1,2026-07-26,Thành phố Hà Nội,1.5666666666666667,"46A Đường Nguyễn Chánh, Phường Yên Hòa, Thành Phố Hà Nội, Việt Nam -> Phường Yên Hòa, Thành Phố Hà Nội, Việt Nam",1,0.2,True,0.8,0.7234,0.3077,0.2307,66.32,51.86,23.3,42.53,37.72,0,1,0,0,0,ride_component_74,1,0,0.0,0,0,5.4,3.61,37.72,34.22,69.58,32.16,1.99,GHOST_TRIP_EXECUTION_PATTERN,Mau thuc thi ghost trip,"Cap nay co dau hieu thuc thi ghost trip, voi nhieu chuyen nghi ngo gia lap hoac quay dau phi thuc te.",69.58,Mau thuc thi ghost trip,KB-C_HIGH_GHOST_RATE,GHOST_TRIP_EXECUTION_PATTERN,Mau thuc thi ghost trip,"Cap nay co dau hieu thuc thi ghost trip, voi nhieu chuyen nghi ngo gia lap hoac quay dau phi thuc te.",69.58
fcee5fa093850ac9,47785727387fb744,5,5,9,6,xanhsm_bike_sg,Thành phố Hồ Chí Minh,0.5555555555555556,0.8333333333333334,1.0,xanhsm_bike_sg|Thành phố Hồ Chí Minh,5.0,1.0,0.16666666666666666,0.3333333333333333,0.5556,0.1667,0.4667,0.7472,6.0,0.3333,True,0.3487,34.18,34.18,12000.0,60000.0,5000.0,1,2026-07-26,Thành phố Hồ Chí Minh,0.55,"Phường An Khánh, Thành phố Hồ Chí Minh, Việt Nam -> Phường An Khánh, Thành phố Hồ Chí Minh, Việt Nam",5,1.0,True,1.0,0.9872,0.2941,0.2353,84.32,61.76,23.97,49.91,43.42,0,0,0,0,0,ride_component_75,1,0,0.0,0,0,0.0,0.0,43.42,34.22,89.55,74.89,0.0,GHOST_TRIP_EXECUTION_PATTERN,Mau thuc thi ghost trip,"Cap nay co dau hieu thuc thi ghost trip, voi nhieu chuyen nghi ngo gia lap hoac quay dau phi thuc te.",89.55,Mau thuc thi ghost trip,KB-C_HIGH_GHOST_RATE,GHOST_TRIP_EXECUTION_PATTERN,Mau thuc thi ghost trip,"Cap nay co dau hieu thuc thi ghost trip, voi nhieu chuyen nghi ngo gia lap hoac quay dau phi thuc te.",89.55
5828b7e28d77245d,fad2dbe4e38702c5,7,4,18,7,xanh_car,Thành phố Hà Nội,0.3888888888888889,1.0,0.5714285714285714,xanh_car|Thành phố Hà Nội,6.0,1.0,0.07692307692307693,0.5,0.3889,0.0769,0.338,0.8672,6.0,0.3889,True,0.2931,33.62,33.62,43571.42857142857,305000.0,8000.0,1,2026-07-26,Thành phố Hà Nội,14.35,"Thành phố Hà Nội -> Huyện Ứng Hòa, Thành phố Hà Nội, VNM",2,0.2857142857142857,True,0.5714,0.4509,0.25,0.2917,47.93,41.49,41.21,40.59,40.75,0,0,1,1,1,ride_component_4,2,1,1.0,3,1,59.35,36.29,40.75,33.33,48.74,35.49,47.46,GHOST_TRIP_EXECUTION_PATTERN,Mau thuc thi ghost trip,"Cap nay co dau hieu thuc thi ghost trip, voi nhieu chuyen nghi ngo gia lap hoac quay dau phi thuc te.",48.74,Mau thuc thi ghost trip,KB-C_HIGH_GHOST_RATE,GHOST_TRIP_EXECUTION_PATTERN,Mau thuc thi ghost trip,"Cap nay co dau hieu thuc thi ghost trip, voi nhieu chuyen nghi ngo gia lap hoac quay dau phi thuc te.",48.74
07b48acb0c535a99,58efadb936d67148,9,9,19,9,xanh_limo_6_cho,Thành phố Hồ Chí Minh,0.47368421052631576,1.0,1.0,xanh_limo_6_cho|Thành phố Hồ Chí Minh,7.669399999998859,1.0,0.25,0.5,0.4737,0.25,0.2982,0.9603,6.0,0.3912,True,0.2864,33.36,33.36,120000.0,1080000.0,270000.0,1,2026-07-26,Thành phố Hồ Chí Minh,0.3333333333333333,"Xã Bình Hưng, Thành phố Hồ Chí Minh -> 92-94 nam kỳ khởi nghĩa, Phường Sài Gòn, Thành phố Hồ Chí Minh",8,0.8888888888888888,True,1.0,0.9589,0.8,0.0782,80.33,59.19,82.86,49.04,57.5,0,1,0,1,0,ride_component_76,1,0,0.0,0,0,8.57,6.07,57.5,33.04,86.39,83.07,3.34,GHOST_TRIP_EXECUTION_PATTERN,Mau thuc thi ghost trip,"Cap nay co dau hieu thuc thi ghost trip, voi nhieu chuyen nghi ngo gia lap hoac quay dau phi thuc te.",86.39,Cap lap lai va phu thuoc bat thuong | Mau thuc thi ghost trip | Mau farming theo tuyen,KB-C_EXTREME_VOLUME | KB-C_HIGH_GHOST_RATE | KB-C_SUPERFAST_GAP | KB-C_ROUTE_LOOP,GHOST_TRIP_EXECUTION_PATTERN,Mau thuc thi ghost trip,"Cap nay co dau hieu thuc thi ghost trip, voi nhieu chuyen nghi ngo gia lap hoac quay dau phi thuc te.",86.39
bd9d5bd6a837d6e9,3ac1b109549cc988,8,5,27,8,xanhsm_bike_hn,Thành phố Đà Nẵng,0.2962962962962963,1.0,0.625,xanhsm_bike_hn|Thành phố Đà Nẵng,6.0,1.0,0.047619047619047616,0.5,0.2963,0.0476,0.2611,0.9163,6.0,0.4444,True,0.2393,33.16,33.16,12125.0,97000.0,6000.0,1,2026-07-26,Thành phố Đà Nẵng,15.983333333333333,"248/8 Đường Cách Mạng Tháng 8, Phường Cẩm Lệ, Thành phố Đà Nẵng, Việt Nam -> Phường Cẩm Lệ, Thành phố Đà Nẵng, Việt Nam",4,0.5,True,0.625,0.4771,0.6,0.1778,49.12,41.94,30.95,35.7,34.51,0,3,2,2,0,ride_component_77,1,0,0.0,0,0,16.21,9.94,34.51,32.54,50.85,48.27,5.47,GHOST_TRIP_EXECUTION_PATTERN,Mau thuc thi ghost trip,"Cap nay co dau hieu thuc thi ghost trip, voi nhieu chuyen nghi ngo gia lap hoac quay dau phi thuc te.",50.85,Cap lap lai va phu thuoc bat thuong | Mau thuc thi ghost trip,KB-C_EXTREME_VOLUME | KB-C_HIGH_GHOST_RATE,GHOST_TRIP_EXECUTION_PATTERN,Mau thuc thi ghost trip,"Cap nay co dau hieu thuc thi ghost trip, voi nhieu chuyen nghi ngo gia lap hoac quay dau phi thuc te.",50.85
3fa15346fa7aedcf,2cf9c76ec3e2c163,5,5,9,5,xanhsm_bike_hn,Thành phố Hải Phòng,0.5555555555555556,1.0,1.0,xanhsm_bike_hn|Thành phố Hải Phòng,6.0,0.9995,0.16666666666666666,0.5,0.5556,0.1667,0.4667,0.7472,6.0,0.2778,False,0.3487,31.68,31.68,17200.0,86000.0,0.0,1,2026-07-26,Thành phố Hải Phòng,0.4666666666666667,"Phường An Dương, Thành Phố Hải Phòng, Việt Nam -> Phường An Dương, Thành Phố Hải Phòng, Việt Nam",4,0.8,True,1.0,0.9291,0.5,0.1389,80.65,58.61,22.42,48.58,42.04,0,0,0,2,0,ride_component_78,1,0,0.0,0,0,8.57,6.02,42.04,31.89,86.0,64.45,3.31,GHOST_TRIP_EXECUTION_PATTERN,Mau thuc thi ghost trip,"Cap nay co dau hieu thuc thi ghost trip, voi nhieu chuyen nghi ngo gia lap hoac quay dau phi thuc te.",86.0,Mau thuc thi ghost trip,KB-C_HIGH_GHOST_RATE,GHOST_TRIP_EXECUTION_PATTERN,Mau thuc thi ghost trip,"Cap nay co dau hieu thuc thi ghost trip, voi nhieu chuyen nghi ngo gia lap hoac quay dau phi thuc te.",86.0
2e2017c070161bf9,e3e370da87d02b22,6,6,14,6,xanh_limo_6_cho,Thành phố Đà Nẵng,0.42857142857142855,1.0,1.0,xanh_limo_6_cho|Thành phố Đà Nẵng,6.0,1.0,0.1,0.5,0.4286,0.1,0.3651,0.8115,6.0,0.3333,True,0.2963,31.3,31.3,36333.333333333336,218000.0,0.0,1,2026-07-26,Thành phố Đà Nẵng,0.7,"Tú Mỡ, Phường Hòa Khánh, Thành phố Đà Nẵng, Việt Nam -> 119 Nguyễn Đình Tứ, Phường An Khê, Thành phố Đà Nẵng",2,0.3333333333333333,True,1.0,0.7837,0.5,0.1666,76.84,56.35,31.23,45.53,41.96,0,0,0,0,0,ride_component_79,1,0,0.0,0,0,0.0,0.0,41.96,31.19,80.62,48.7,0.0,GHOST_TRIP_EXECUTION_PATTERN,Mau thuc thi ghost trip,"Cap nay co dau hieu thuc thi ghost trip, voi nhieu chuyen nghi ngo gia lap hoac quay dau phi thuc te.",80.62,Mau thuc thi ghost trip,KB-C_HIGH_GHOST_RATE | KB-C_SUPERFAST_GAP,GHOST_TRIP_EXECUTION_PATTERN,Mau thuc thi ghost trip,"Cap nay co dau hieu thuc thi ghost trip, voi nhieu chuyen nghi ngo gia lap hoac quay dau phi thuc te.",80.62
0d71419e5f6de996,87cee4fc91662b98,9,9,30,9,xanh_limo_6_cho,Thành phố Hồ Chí Minh,0.3,1.0,1.0,xanh_limo_6_cho|Thành phố Hồ Chí Minh,7.669399999998859,1.0,0.06666666666666667,0.5,0.3,0.0667,0.25,0.9603,6.0,0.3912,True,0.2401,30.81,30.81,38666.666666666664,348000.0,53000.0,1,2026-07-26,Thành phố Hồ Chí Minh,1.1166666666666667,"190 Đường Quang Trung, Phường Gò Vấp, Thành phố Hồ Chí Minh, Việt Nam -> 9D6 Đường Quang Trung, Phường Gò Vấp, Gò Vấp, Thành phố Hồ Chí Minh, Việt Nam",4,0.4444444444444444,True,1.0,0.8073,0.2,0.313,80.48,58.13,53.56,47.0,48.64,0,0,0,0,0,ride_component_80,1,0,0.0,0,0,0.0,0.0,48.64,30.36,83.46,55.21,0.0,GHOST_TRIP_EXECUTION_PATTERN,Mau thuc thi ghost trip,"Cap nay co dau hieu thuc thi ghost trip, voi nhieu chuyen nghi ngo gia lap hoac quay dau phi thuc te.",83.46,Cap lap lai va phu thuoc bat thuong | Mau thuc thi ghost trip,KB-C_EXTREME_VOLUME | KB-C_HIGH_GHOST_RATE | KB-C_SUPERFAST_GAP,GHOST_TRIP_EXECUTION_PATTERN,Mau thuc thi ghost trip,"Cap nay co dau hieu thuc thi ghost trip, voi nhieu chuyen nghi ngo gia lap hoac quay dau phi thuc te.",83.46
13d99a33c043d7fc,a54a3306d1080fa7,4,2,6,4,gf_vip,Thành phố Hà Nội,0.6666666666666666,1.0,0.5,gf_vip|Thành phố Hà Nội,5.892800000000079,0.9972,0.25,0.5,0.6667,0.25,0.5556,0.6712,6.0,0.2263,False,0.3729,30.69,30.69,136000.0,544000.0,0.0,1,2026-07-26,Thành phố Hà Nội,68.6,"1 Ngõ 5 Phố Từ Hoa, Phường Tây Hồ, Thành Phố Hà Nội, Việt Nam -> Linh Lang Street, Ngoc Ha Ward, Ha Noi City, Vietnam",1,0.25,True,0.5,0.075,1.0,0.0,27.25,28.8,38.19,23.0,26.8,0,0,0,0,0,ride_component_81,1,0,0.0,0,0,0.0,0.0,26.8,31.13,26.71,16.57,0.0,GHOST_TRIP_EXECUTION_PATTERN,Mau thuc thi ghost trip,"Cap nay co dau hieu thuc thi ghost trip, voi nhieu chuyen nghi ngo gia lap hoac quay dau phi thuc te.",26.71,Mau thuc thi ghost trip,KB-C_HIGH_GHOST_RATE,GHOST_TRIP_EXECUTION_PATTERN,Mau thuc thi ghost trip,"Cap nay co dau hieu thuc thi ghost trip, voi nhieu chuyen nghi ngo gia lap hoac quay dau phi thuc te.",26.71
53879acaa83f2792,eac8a1e0636eb544,5,5,10,5,xanh_car,Tỉnh Quảng Ninh,0.5,1.0,1.0,xanh_car|Tỉnh Quảng Ninh,5.533999999999651,0.9999,0.14285714285714285,0.5,0.5,0.1429,0.4167,0.7472,6.0,0.3012,False,0.3113,30.68,30.68,94600.0,473000.0,68000.0,1,2026-07-26,Tỉnh Quảng Ninh,1.9333333333333333,"Đặc khu Vân Đồn, Tỉnh Quảng Ninh, Việt Nam -> Đặc khu Vân Đồn, Tỉnh Quảng Ninh, Việt Nam",2,0.4,True,1.0,0.7749,1.0,0.0,73.25,54.09,56.66,43.7,46.94,0,0,0,0,0,ride_component_82,1,0,0.0,0,0,0.0,0.0,46.94,30.71,78.11,43.42,0.0,GHOST_TRIP_EXECUTION_PATTERN,Mau thuc thi ghost trip,"Cap nay co dau hieu thuc thi ghost trip, voi nhieu chuyen nghi ngo gia lap hoac quay dau phi thuc te.",78.11,Mau thuc thi ghost trip,KB-C_HIGH_GHOST_RATE,GHOST_TRIP_EXECUTION_PATTERN,Mau thuc thi ghost trip,"Cap nay co dau hieu thuc thi ghost trip, voi nhieu chuyen nghi ngo gia lap hoac quay dau phi thuc te.",78.11
e0b74e9fda5b1515,2debc1899b44b856,9,9,28,9,xanh_car,Thành phố Hồ Chí Minh,0.32142857142857145,1.0,1.0,xanh_car|Thành phố Hồ Chí Minh,6.0,1.0,0.2,0.5,0.3214,0.2,0.1518,0.9603,6.0,0.5,True,0.1458,30.52,30.52,120000.0,1080000.0,270000.0,1,2026-07-26,Thành phố Hồ Chí Minh,0.3333333333333333,"78 Đường Thạch Lam, Phường Phú Thạnh, Thành phố Hồ Chí Minh, Việt Nam -> 65 Lê Lợi, Phường Sài Gòn, Thành phố Hồ Chí Minh",7,0.7777777777777778,True,1.0,0.9256,0.8889,0.0556,78.88,57.12,85.03,47.37,56.78,0,1,0,1,0,ride_component_83,1,0,0.0,0,0,8.57,5.94,56.78,29.46,84.78,75.87,3.27,GHOST_TRIP_EXECUTION_PATTERN,Mau thuc thi ghost trip,"Cap nay co dau hieu thuc thi ghost trip, voi nhieu chuyen nghi ngo gia lap hoac quay dau phi thuc te.",84.78,Cap lap lai va phu thuoc bat thuong | Mau thuc thi ghost trip | Mau farming theo tuyen,KB-C_EXTREME_VOLUME | KB-C_HIGH_GHOST_RATE | KB-C_SUPERFAST_GAP | KB-C_ROUTE_LOOP,GHOST_TRIP_EXECUTION_PATTERN,Mau thuc thi ghost trip,"Cap nay co dau hieu thuc thi ghost trip, voi nhieu chuyen nghi ngo gia lap hoac quay dau phi thuc te.",84.78
e0b74e9fda5b1515,965fd6007ee10078,9,9,28,9,xanh_car,Thành phố Hồ Chí Minh,0.32142857142857145,1.0,1.0,xanh_car|Thành phố Hồ Chí Minh,6.0,1.0,0.2,0.5,0.3214,0.2,0.1518,0.9603,6.0,0.5,True,0.1458,30.52,30.52,120444.44444444444,1084000.0,270000.0,1,2026-07-26,Thành phố Hồ Chí Minh,0.36666666666666664,"Phường Phú Thạnh, Thành phố Hồ Chí Minh, Việt Nam -> 65 Lê Lợi, Phường Sài Gòn, Thành phố Hồ Chí Minh",5,0.5555555555555556,True,1.0,0.8581,1.0,0.0,75.74,55.39,85.27,46.24,56.0,0,1,1,1,0,ride_component_84,1,0,0.0,0,0,10.81,7.39,56.0,29.46,81.39,62.3,4.06,GHOST_TRIP_EXECUTION_PATTERN,Mau thuc thi ghost trip,"Cap nay co dau hieu thuc thi ghost trip, voi nhieu chuyen nghi ngo gia lap hoac quay dau phi thuc te.",81.39,Cap lap lai va phu thuoc bat thuong | Mau thuc thi ghost trip,KB-C_EXTREME_VOLUME | KB-C_HIGH_GHOST_RATE | KB-C_SUPERFAST_GAP,GHOST_TRIP_EXECUTION_PATTERN,Mau thuc thi ghost trip,"Cap nay co dau hieu thuc thi ghost trip, voi nhieu chuyen nghi ngo gia lap hoac quay dau phi thuc te.",81.39
e0b74e9fda5b1515,a19523ae8b17153c,9,9,28,9,xanh_car,Thành phố Hồ Chí Minh,0.32142857142857145,1.0,1.0,xanh_car|Thành phố Hồ Chí Minh,6.0,1.0,0.2,0.5,0.3214,0.2,0.1518,0.9603,6.0,0.5,True,0.1458,30.52,30.52,119000.0,1071000.0,261000.0,1,2026-07-26,Thành phố Hồ Chí Minh,0.35,"Phường Phú Thạnh, Thành phố Hồ Chí Minh, Việt Nam -> Đường Pasteur, Phường Sài Gòn, Thành phố Hồ Chí Minh, Việt Nam",9,1.0,True,1.0,0.9918,0.7778,0.1111,81.98,58.82,83.67,48.78,57.5,0,1,1,0,0,ride_component_85,1,0,0.0,0,0,8.57,6.02,57.5,29.46,88.12,89.41,3.31,ROUTE_FARMING_PATTERN,Mau farming theo tuyen,"Cap nay lap lai cung mot kieu tuyen duong voi mat do dang nghi, giong hanh vi farming hon la di chuyen tu nhien.",89.41,Cap lap lai va phu thuoc bat thuong | Mau thuc thi ghost trip | Mau farming theo tuyen,KB-C_EXTREME_VOLUME | KB-C_HIGH_GHOST_RATE | KB-C_SUPERFAST_GAP | KB-C_ROUTE_LOOP,ROUTE_FARMING_PATTERN,Mau farming theo tuyen,"Cap nay lap lai cung mot kieu tuyen duong voi mat do dang nghi, giong hanh vi farming hon la di chuyen tu nhien.",89.41
b6b7363ef981f1ad,17ad35f156c90372,4,4,6,4,xanh_premium,Tỉnh Thanh Hóa,0.6666666666666666,1.0,1.0,xanh_premium|Tỉnh Thanh Hóa,6.0,0.9985,0.25,0.5,0.6667,0.25,0.5556,0.6712,6.0,0.2222,False,0.3729,30.51,30.51,237750.0,951000.0,135000.0,1,2026-07-26,Tỉnh Thanh Hóa,52.43333333333333,"Lô A15 Khu đô thị và công nghiệp Hoàng Long, Phường Nguyệt Viên, Tỉnh Thanh Hóa, Việt Nam -> VJW5+WV6, Xã Thiệu Toán, Tỉnh Thanh Hóa, Việt Nam",1,0.25,True,1.0,0.075,1.0,0.0,52.25,42.47,71.58,34.19,43.54,0,0,0,0,0,ride_component_86,1,0,0.0,0,0,0.0,0.0,43.54,30.96,50.46,19.88,0.0,GHOST_TRIP_EXECUTION_PATTERN,Mau thuc thi ghost trip,"Cap nay co dau hieu thuc thi ghost trip, voi nhieu chuyen nghi ngo gia lap hoac quay dau phi thuc te.",50.46,Mau thuc thi ghost trip,KB-C_HIGH_GHOST_RATE,GHOST_TRIP_EXECUTION_PATTERN,Mau thuc thi ghost trip,"Cap nay co dau hieu thuc thi ghost trip, voi nhieu chuyen nghi ngo gia lap hoac quay dau phi thuc te.",50.46
0eb014626268be21,fb0b4b696b44498d,4,3,6,4,xanh_car,Tỉnh Bình Dương,0.6666666666666666,1.0,0.75,xanh_car|Tỉnh Bình Dương,6.362999999999374,0.9989,0.25,0.5,0.6667,0.25,0.5556,0.6712,6.0,0.2095,False,0.3729,29.94,29.94,29750.0,119000.0,0.0,1,2026-07-26,Tỉnh Bình Dương,1.3833333333333333,"Phường Thuận Giao, Thành phố Hồ Chí Minh, Việt Nam -> Phường Thuận An, Thành phố Hồ Chí Minh, Việt Nam",1,0.25,True,0.75,0.7427,1.0,0.0,59.78,46.35,22.92,38.47,34.58,0,0,2,0,0,ride_component_87,1,0,0.0,0,0,8.57,5.43,34.58,30.43,64.96,27.06,2.99,GHOST_TRIP_EXECUTION_PATTERN,Mau thuc thi ghost trip,"Cap nay co dau hieu thuc thi ghost trip, voi nhieu chuyen nghi ngo gia lap hoac quay dau phi thuc te.",64.96,Mau thuc thi ghost trip,KB-C_HIGH_GHOST_RATE,GHOST_TRIP_EXECUTION_PATTERN,Mau thuc thi ghost trip,"Cap nay co dau hieu thuc thi ghost trip, voi nhieu chuyen nghi ngo gia lap hoac quay dau phi thuc te.",64.96
ac9a3fe431e3512a,2592432b38283b59,6,5,16,6,xanhsm_bike_hn,Thành phố Đà Nẵng,0.375,1.0,0.8333333333333334,xanhsm_bike_hn|Thành phố Đà Nẵng,6.0,0.9999,0.08333333333333333,0.5,0.375,0.0833,0.3182,0.8115,6.0,0.3333,True,0.2582,29.2,29.2,12000.0,72000.0,8000.0,1,2026-07-26,Thành phố Đà Nẵng,0.5833333333333334,"Phường Thanh Khê, Thành phố Đà Nẵng, Việt Nam -> 46 Đường Điện Biên Phủ, Thanh Khê, Thành phố Đà Nẵng, Việt Nam",4,0.6666666666666666,True,0.8333,0.8864,0.4,0.2,72.26,52.88,29.13,43.46,39.88,0,0,1,0,0,ride_component_88,1,0,0.0,0,0,5.4,3.61,39.88,28.97,77.2,67.11,1.99,GHOST_TRIP_EXECUTION_PATTERN,Mau thuc thi ghost trip,"Cap nay co dau hieu thuc thi ghost trip, voi nhieu chuyen nghi ngo gia lap hoac quay dau phi thuc te.",77.2,Mau thuc thi ghost trip,KB-C_HIGH_GHOST_RATE | KB-C_SUPERFAST_GAP,GHOST_TRIP_EXECUTION_PATTERN,Mau thuc thi ghost trip,"Cap nay co dau hieu thuc thi ghost trip, voi nhieu chuyen nghi ngo gia lap hoac quay dau phi thuc te.",77.2
1703db13b0d32d42,4748de6f3846d823,6,3,17,6,xanh_premium,Tỉnh Quảng Ninh,0.35294117647058826,1.0,0.5,xanh_premium|Tỉnh Quảng Ninh,6.0,1.0,0.07692307692307693,0.5,0.3529,0.0769,0.299,0.8115,6.0,0.3333,True,0.2427,28.35,28.35,104333.33333333333,626000.0,80000.0,1,2026-07-26,Tỉnh Quảng Ninh,67.51666666666667,"3 Phan Chu Trinh, Phường Bãi Cháy, Tỉnh Quảng Ninh, Việt Nam -> Khu B, Phường Bãi Cháy, Tỉnh Quảng Ninh, Việt Nam",1,0.16666666666666666,True,0.5,0.05,0.5,0.1666,29.83,29.17,62.6,23.93,33.6,0,1,0,0,0,ride_component_89,1,0,0.0,0,0,5.4,2.91,33.6,28.08,27.89,19.42,1.6,GHOST_TRIP_EXECUTION_PATTERN,Mau thuc thi ghost trip,"Cap nay co dau hieu thuc thi ghost trip, voi nhieu chuyen nghi ngo gia lap hoac quay dau phi thuc te.",27.89,Mau thuc thi ghost trip,KB-C_HIGH_GHOST_RATE,GHOST_TRIP_EXECUTION_PATTERN,Mau thuc thi ghost trip,"Cap nay co dau hieu thuc thi ghost trip, voi nhieu chuyen nghi ngo gia lap hoac quay dau phi thuc te.",27.89
ae82720bffc0e63b,123db36b75b96262,4,2,6,5,xanh_premium,Tỉnh Bình Phước,0.6666666666666666,0.8,0.5,xanh_premium|Tỉnh Bình Phước,7.783399999999801,0.9917,0.25,0.3333333333333333,0.6667,0.25,0.5556,0.6712,6.0,0.1713,False,0.3729,28.22,28.22,380000.0,1520000.0,97000.0,1,2026-07-26,Tỉnh Bình Phước,71.73333333333333,"Phường Bình Phước, Tỉnh Đồng Nai, Việt Nam -> 742 Đường tỉnh 742, Phường Vĩnh Tân, Thành phố Hồ Chí Minh, Việt Nam",1,0.25,True,0.5,0.075,1.0,0.0,27.25,27.69,73.03,23.29,35.72,0,1,1,1,0,ride_component_90,1,0,0.0,0,0,10.81,5.73,35.72,28.82,26.71,16.32,3.15,GHOST_TRIP_EXECUTION_PATTERN,Mau thuc thi ghost trip,"Cap nay co dau hieu thuc thi ghost trip, voi nhieu chuyen nghi ngo gia lap hoac quay dau phi thuc te.",26.71,Mau thuc thi ghost trip,KB-C_HIGH_GHOST_RATE,GHOST_TRIP_EXECUTION_PATTERN,Mau thuc thi ghost trip,"Cap nay co dau hieu thuc thi ghost trip, voi nhieu chuyen nghi ngo gia lap hoac quay dau phi thuc te.",26.71
ed270be12955b977,3156bab8d95b884e,4,4,6,4,xanh_premium,Tỉnh Thừa Thiên Huế,0.6666666666666666,1.0,1.0,xanh_premium|Tỉnh Thừa Thiên Huế,7.782799999999952,0.994,0.25,0.5,0.6667,0.25,0.5556,0.6712,6.0,0.1713,False,0.3729,28.22,28.22,92000.0,368000.0,34000.0,1,2026-07-26,Tỉnh Thừa Thiên Huế,28.45,"Phường An Cựu, Thành Phố Huế, Việt Nam -> Phường Thanh Thủy, Thành phố Huế, Việt Nam",1,0.25,True,1.0,0.1112,0.5,0.0856,55.05,42.98,46.63,41.02,42.42,0,1,1,1,0,ride_component_91,2,1,1.0,2,1,51.85,31.83,42.42,28.82,53.01,20.14,40.01,GHOST_TRIP_EXECUTION_PATTERN,Mau thuc thi ghost trip,"Cap nay co dau hieu thuc thi ghost trip, voi nhieu chuyen nghi ngo gia lap hoac quay dau phi thuc te.",53.01,Mau thuc thi ghost trip,KB-C_HIGH_GHOST_RATE,GHOST_TRIP_EXECUTION_PATTERN,Mau thuc thi ghost trip,"Cap nay co dau hieu thuc thi ghost trip, voi nhieu chuyen nghi ngo gia lap hoac quay dau phi thuc te.",53.01
e9891eba8f1c5b20,1e3ad0f8ddf700e8,9,9,18,9,xanh_limo_6_cho,Tỉnh Bắc Ninh,0.5,1.0,1.0,xanh_limo_6_cho|Tỉnh Bắc Ninh,9.0,1.0,0.3333333333333333,0.5,0.5,0.3333,0.25,0.9603,6.0,0.3333,True,0.2401,28.2,28.2,37000.0,333000.0,0.0,1,2026-07-26,Tỉnh Bắc Ninh,0.8666666666666667,"Phường Vũ Ninh, Bắc Ninh -> Phường Vũ Ninh, Tỉnh Bắc Ninh, Việt Nam",4,0.4444444444444444,True,1.0,0.8131,0.6667,0.1111,76.62,54.83,35.2,53.14,48.66,0,0,2,2,3,ride_component_92,2,1,1.0,3,1,64.76,43.94,48.66,27.92,81.07,54.94,51.67,GHOST_TRIP_EXECUTION_PATTERN,Mau thuc thi ghost trip,"Cap nay co dau hieu thuc thi ghost trip, voi nhieu chuyen nghi ngo gia lap hoac quay dau phi thuc te.",81.07,Cap lap lai va phu thuoc bat thuong | Mau thuc thi ghost trip,KB-C_EXTREME_VOLUME | KB-C_HIGH_GHOST_RATE | KB-C_SUPERFAST_GAP,GHOST_TRIP_EXECUTION_PATTERN,Mau thuc thi ghost trip,"Cap nay co dau hieu thuc thi ghost trip, voi nhieu chuyen nghi ngo gia lap hoac quay dau phi thuc te.",81.07
e9891eba8f1c5b20,a3b605e8ec38399f,9,9,18,9,xanh_limo_6_cho,Tỉnh Bắc Ninh,0.5,1.0,1.0,xanh_limo_6_cho|Tỉnh Bắc Ninh,9.0,1.0,0.3333333333333333,0.5,0.5,0.3333,0.25,0.9603,6.0,0.3333,True,0.2401,28.2,28.2,37000.0,333000.0,0.0,1,2026-07-26,Tỉnh Bắc Ninh,0.85,"Phường Vũ Ninh, Bắc Ninh -> Phường Vũ Ninh, Tỉnh Bắc Ninh, Việt Nam",3,0.3333333333333333,True,1.0,0.7802,0.6667,0.1111,75.63,54.28,35.2,52.65,48.29,0,0,2,2,3,ride_component_92,2,1,1.0,3,1,64.76,43.75,48.29,27.92,79.76,48.17,51.56,GHOST_TRIP_EXECUTION_PATTERN,Mau thuc thi ghost trip,"Cap nay co dau hieu thuc thi ghost trip, voi nhieu chuyen nghi ngo gia lap hoac quay dau phi thuc te.",79.76,Cap lap lai va phu thuoc bat thuong | Mau thuc thi ghost trip,KB-C_EXTREME_VOLUME | KB-C_HIGH_GHOST_RATE | KB-C_SUPERFAST_GAP,GHOST_TRIP_EXECUTION_PATTERN,Mau thuc thi ghost trip,"Cap nay co dau hieu thuc thi ghost trip, voi nhieu chuyen nghi ngo gia lap hoac quay dau phi thuc te.",79.76
22234742840f5168,5f9a3e7a7d69c9cd,4,3,7,4,xanhsm_bike_hn,Tỉnh Bình Dương,0.5714285714285714,1.0,0.75,xanhsm_bike_hn|Tỉnh Bình Dương,4.0,1.0,0.3333333333333333,0.5,0.5714,0.3333,0.3571,0.6712,6.0,0.3333,True,0.2397,28.18,28.18,196500.0,786000.0,56000.0,1,2026-07-26,Tỉnh Bình Dương,55.9,"54B Đường Chòm Sao, Phường Thuận An, Thành phố Hồ Chí Minh, Việt Nam -> Nguyễn Hữu Trí, Xã Bến Lức, Tỉnh Tây Ninh, Việt Nam",1,0.25,True,0.75,0.075,1.0,0.0,39.75,34.54,62.87,28.36,36.99,0,1,0,0,0,ride_component_93,1,0,0.0,0,0,5.4,3.07,36.99,27.9,38.59,17.98,1.69,GHOST_TRIP_EXECUTION_PATTERN,Mau thuc thi ghost trip,"Cap nay co dau hieu thuc thi ghost trip, voi nhieu chuyen nghi ngo gia lap hoac quay dau phi thuc te.",38.59,Mau thuc thi ghost trip,KB-C_HIGH_GHOST_RATE,GHOST_TRIP_EXECUTION_PATTERN,Mau thuc thi ghost trip,"Cap nay co dau hieu thuc thi ghost trip, voi nhieu chuyen nghi ngo gia lap hoac quay dau phi thuc te.",38.59
6c6f744ff92fe7f4,18e8747bef4275ef,4,2,7,5,xanh_car,Tỉnh Phú Yên,0.5714285714285714,0.8,0.5,xanh_car|Tỉnh Phú Yên,5.792699999999968,0.9966,0.2,0.3333333333333333,0.5714,0.2,0.4643,0.6712,6.0,0.2302,False,0.3116,27.5,27.5,156750.0,627000.0,88000.0,1,2026-07-26,Tỉnh Phú Yên,67.0,"KP. 3, Phường Đông Hòa, Tỉnh Đắk Lắk, Việt Nam -> Hòa Phú, Tây Hòa, Phú Yên, Việt Nam",1,0.25,True,0.5,0.075,1.0,0.0,27.25,27.36,61.67,21.89,31.84,0,0,0,0,0,ride_component_94,1,0,0.0,0,0,0.0,0.0,31.84,27.74,26.71,16.25,0.0,GHOST_TRIP_EXECUTION_PATTERN,Mau thuc thi ghost trip,"Cap nay co dau hieu thuc thi ghost trip, voi nhieu chuyen nghi ngo gia lap hoac quay dau phi thuc te.",26.71,Mau thuc thi ghost trip,KB-C_HIGH_GHOST_RATE,GHOST_TRIP_EXECUTION_PATTERN,Mau thuc thi ghost trip,"Cap nay co dau hieu thuc thi ghost trip, voi nhieu chuyen nghi ngo gia lap hoac quay dau phi thuc te.",26.71
b2a5979055cf48d1,98dd3819f0d454b8,4,4,6,4,xanh_car,Tỉnh Đồng Nai,0.6666666666666666,1.0,1.0,xanh_car|Tỉnh Đồng Nai,6.704200000000128,0.9978,0.3333333333333333,0.5,0.6667,0.3333,0.5,0.6712,6.0,0.1989,False,0.3356,27.41,27.41,169500.0,678000.0,39000.0,1,2026-07-26,Tỉnh Đồng Nai,0.8333333333333334,"Tổ 21, Ấp Cầu Hang, Phường Biên Hòa, Tỉnh Đồng Nai, Việt Nam -> 1096 Đường Phạm Văn Thuận, Phường Tam Hiệp, Tỉnh Đồng Nai, Việt Nam",1,0.25,True,1.0,0.7556,1.0,0.0,72.67,52.3,55.14,43.43,46.36,0,1,0,1,0,ride_component_95,1,0,0.0,0,0,8.57,5.69,46.36,27.82,77.35,28.65,3.13,GHOST_TRIP_EXECUTION_PATTERN,Mau thuc thi ghost trip,"Cap nay co dau hieu thuc thi ghost trip, voi nhieu chuyen nghi ngo gia lap hoac quay dau phi thuc te.",77.35,Mau thuc thi ghost trip,KB-C_HIGH_GHOST_RATE,GHOST_TRIP_EXECUTION_PATTERN,Mau thuc thi ghost trip,"Cap nay co dau hieu thuc thi ghost trip, voi nhieu chuyen nghi ngo gia lap hoac quay dau phi thuc te.",77.35
56996bf7015e93b3,c6441daa9813748c,4,2,9,6,xanhsm_bike_hn,Tỉnh Bình Dương,0.4444444444444444,0.6666666666666666,0.5,xanhsm_bike_hn|Tỉnh Bình Dương,4.0,1.0,0.16666666666666666,0.25,0.4444,0.1667,0.3333,0.6712,6.0,0.3333,True,0.2237,27.3,27.3,16750.0,67000.0,0.0,1,2026-07-26,Tỉnh Bình Dương,2.566666666666667,"D10/4A Đường D8, Phường Thuận Giao, Thành phố Hồ Chí Minh, Việt Nam -> Đường D8, Khu phố Bình Thuận 2, Phường Thuận Giao, Thành phố Hồ Chí Minh, Việt Nam",1,0.25,True,0.5,0.7151,0.5,0.1666,49.79,39.67,22.13,32.98,30.27,0,1,1,0,0,ride_component_96,1,0,0.0,0,0,8.57,5.1,30.27,26.97,54.17,24.76,2.8,GHOST_TRIP_EXECUTION_PATTERN,Mau thuc thi ghost trip,"Cap nay co dau hieu thuc thi ghost trip, voi nhieu chuyen nghi ngo gia lap hoac quay dau phi thuc te.",54.17,Mau thuc thi ghost trip,KB-C_HIGH_GHOST_RATE,GHOST_TRIP_EXECUTION_PATTERN,Mau thuc thi ghost trip,"Cap nay co dau hieu thuc thi ghost trip, voi nhieu chuyen nghi ngo gia lap hoac quay dau phi thuc te.",54.17
d23642cbf133016d,62b13022faadb738,5,5,13,5,xanh_car,Tỉnh Hưng Yên,0.38461538461538464,1.0,1.0,xanh_car|Tỉnh Hưng Yên,5.272700000000441,0.9999,0.125,0.5,0.3846,0.125,0.2967,0.7472,6.0,0.3161,False,0.2217,26.42,26.42,27800.0,139000.0,6000.0,1,2026-07-26,Tỉnh Hưng Yên,0.6833333333333333,"Đường tỉnh 376, Xã Yên Mỹ, Tỉnh Hưng Yên, Việt Nam -> tt. Yên Mỹ, Thanh Long, Yên Mỹ, Hưng Yên, Việt Nam",5,1.0,True,1.0,0.9841,0.3333,0.2107,83.74,57.94,31.42,46.93,43.05,0,0,0,0,0,ride_component_97,1,0,0.0,0,0,0.0,0.0,43.05,26.14,89.11,73.87,0.0,GHOST_TRIP_EXECUTION_PATTERN,Mau thuc thi ghost trip,"Cap nay co dau hieu thuc thi ghost trip, voi nhieu chuyen nghi ngo gia lap hoac quay dau phi thuc te.",89.11,Mau thuc thi ghost trip,KB-C_HIGH_GHOST_RATE,GHOST_TRIP_EXECUTION_PATTERN,Mau thuc thi ghost trip,"Cap nay co dau hieu thuc thi ghost trip, voi nhieu chuyen nghi ngo gia lap hoac quay dau phi thuc te.",89.11
88f273294e0f8aac,f953ea6da8fc32ab,5,4,10,5,xanh_car,Tỉnh Bà Rịa - Vũng Tàu,0.5,1.0,0.8,xanh_car|Tỉnh Bà Rịa - Vũng Tàu,6.0,0.9998,0.25,0.5,0.5,0.25,0.3333,0.7472,6.0,0.2778,False,0.2491,26.2,26.2,109000.0,545000.0,16000.0,1,2026-07-26,Tỉnh Bà Rịa - Vũng Tàu,22.183333333333334,"Huyện Xuyên Mộc, Tỉnh Bà Rịa - Vũng Tàu -> Láng DàI, Long Mỹ, Xã Phước Hải, Thành Phố Hồ Chí Minh, Việt Nam",1,0.2,True,0.8,0.2424,0.4286,0.1587,50.45,39.54,48.16,33.36,37.06,0,1,2,1,0,ride_component_98,1,0,0.0,0,0,12.55,7.44,37.06,26.11,49.64,23.15,4.09,GHOST_TRIP_EXECUTION_PATTERN,Mau thuc thi ghost trip,"Cap nay co dau hieu thuc thi ghost trip, voi nhieu chuyen nghi ngo gia lap hoac quay dau phi thuc te.",49.64,Mau thuc thi ghost trip,KB-C_HIGH_GHOST_RATE,GHOST_TRIP_EXECUTION_PATTERN,Mau thuc thi ghost trip,"Cap nay co dau hieu thuc thi ghost trip, voi nhieu chuyen nghi ngo gia lap hoac quay dau phi thuc te.",49.64
ac5ad23248702f61,0f4911491200ddd9,8,8,94,8,xanhsm_bike_sg,Thành phố Hồ Chí Minh,0.0851063829787234,1.0,1.0,xanhsm_bike_sg|Thành phố Hồ Chí Minh,5.0,1.0,0.058823529411764705,0.5,0.0851,0.0588,0.0279,0.9163,6.0,0.5333,True,0.0256,25.41,25.41,11500.0,92000.0,7000.0,1,2026-07-26,Thành phố Hồ Chí Minh,0.7833333333333333,"Phường Tân Sơn Nhất, Thành phố Hồ Chí Minh, Việt Nam -> Phường Tân Sơn Nhất, Thành phố Hồ Chí Minh, Việt Nam",6,0.75,True,1.0,0.9067,0.1176,0.4706,86.61,59.07,33.47,59.51,53.0,0,2,1,2,2,ride_component_20,5,8,0.8,4,3,83.3,58.21,53.0,23.89,89.43,73.2,67.52,GHOST_TRIP_EXECUTION_PATTERN,Mau thuc thi ghost trip,"Cap nay co dau hieu thuc thi ghost trip, voi nhieu chuyen nghi ngo gia lap hoac quay dau phi thuc te.",89.43,Cap lap lai va phu thuoc bat thuong | Mau lien ket theo mang | Mau thuc thi ghost trip | Mau farming theo tuyen,KB-C_EXTREME_VOLUME | KB-C_SUSPICIOUS_COMPONENT | KB-C_HIGH_GHOST_RATE | KB-C_SUPERFAST_GAP | KB-C_ROUTE_LOOP,GHOST_TRIP_EXECUTION_PATTERN,Mau thuc thi ghost trip,"Cap nay co dau hieu thuc thi ghost trip, voi nhieu chuyen nghi ngo gia lap hoac quay dau phi thuc te.",89.43
001880c5f92cc942,4b51c40ae9123dbd,5,4,14,5,xanh_premium,Tỉnh Khánh Hòa,0.35714285714285715,1.0,0.8,xanh_premium|Tỉnh Khánh Hòa,5.710100000000239,0.9997,0.09090909090909091,0.5,0.3571,0.0909,0.2929,0.7472,6.0,0.2919,False,0.2188,25.17,25.17,61800.0,309000.0,7000.0,1,2026-07-26,Tỉnh Khánh Hòa,65.1,"86/4 Đường Trần Phú, Phường Nha Trang, Tỉnh Khánh Hòa, Việt Nam -> Sảnh A, Tòa nhà , 04 Đường Trần Phú, Phường Nha Trang, Tỉnh Khánh Hòa, Việt Nam",1,0.2,True,0.8,0.06,1.0,0.0,41.8,34.32,38.9,28.23,30.9,0,1,0,0,0,ride_component_99,1,0,0.0,0,0,5.4,3.04,30.9,24.95,40.37,19.98,1.67,GHOST_TRIP_EXECUTION_PATTERN,Mau thuc thi ghost trip,"Cap nay co dau hieu thuc thi ghost trip, voi nhieu chuyen nghi ngo gia lap hoac quay dau phi thuc te.",40.37,Mau thuc thi ghost trip,KB-C_HIGH_GHOST_RATE,GHOST_TRIP_EXECUTION_PATTERN,Mau thuc thi ghost trip,"Cap nay co dau hieu thuc thi ghost trip, voi nhieu chuyen nghi ngo gia lap hoac quay dau phi thuc te.",40.37
63c74791928ddc83,8c4be086c6c69727,4,2,8,4,xanh_car,Thành phố Hà Nội,0.5,1.0,0.5,xanh_car|Thành phố Hà Nội,6.0,0.9997,0.16666666666666666,0.5,0.5,0.1667,0.4,0.6712,6.0,0.2222,False,0.2685,24.77,24.77,124250.0,497000.0,64000.0,1,2026-07-26,Thành phố Hà Nội,25.45,"15, Xã Quảng Oai, Thành Phố Hà Nội, Việt Nam -> 26, Ngã Ba Vị Thủy, Phường Tùng Thiện, Thành Phố Hà Nội, Việt Nam",1,0.25,True,0.5,0.1812,0.625,0.0833,32.1,28.8,55.18,23.69,31.56,0,0,0,1,0,ride_component_100,1,0,0.0,0,0,5.4,2.88,31.56,24.91,31.99,17.39,1.58,GHOST_TRIP_EXECUTION_PATTERN,Mau thuc thi ghost trip,"Cap nay co dau hieu thuc thi ghost trip, voi nhieu chuyen nghi ngo gia lap hoac quay dau phi thuc te.",31.99,Mau thuc thi ghost trip,KB-C_HIGH_GHOST_RATE,GHOST_TRIP_EXECUTION_PATTERN,Mau thuc thi ghost trip,"Cap nay co dau hieu thuc thi ghost trip, voi nhieu chuyen nghi ngo gia lap hoac quay dau phi thuc te.",31.99
b9bc6a0e28c86d43,efdcc15b81e20466,5,5,14,6,xanh_car,Tỉnh Thanh Hóa,0.35714285714285715,0.8333333333333334,1.0,xanh_car|Tỉnh Thanh Hóa,6.0,0.9996,0.09090909090909091,0.3333333333333333,0.3571,0.0909,0.2929,0.7472,6.0,0.2778,False,0.2188,24.54,24.54,81600.0,408000.0,18000.0,1,2026-07-26,Tỉnh Thanh Hóa,26.816666666666666,"Phường Nghi Sơn, Tỉnh Thanh Hóa, Việt Nam -> Đường Tỉnh 513, Phường Nghi Sơn, Tỉnh Thanh Hóa, Việt Nam",2,0.4,True,1.0,0.1943,1.0,0.0,55.83,41.75,46.09,39.7,41.3,1,1,0,0,0,ride_component_13,2,1,1.0,2,1,49.61,29.93,41.3,24.36,55.18,32.97,38.96,GHOST_TRIP_EXECUTION_PATTERN,Mau thuc thi ghost trip,"Cap nay co dau hieu thuc thi ghost trip, voi nhieu chuyen nghi ngo gia lap hoac quay dau phi thuc te.",55.18,Mau thuc thi ghost trip,KB-C_HIGH_GHOST_RATE,GHOST_TRIP_EXECUTION_PATTERN,Mau thuc thi ghost trip,"Cap nay co dau hieu thuc thi ghost trip, voi nhieu chuyen nghi ngo gia lap hoac quay dau phi thuc te.",55.18
f5d16c59104fbed7,2c7192581a1b6e85,8,8,67,90,xanhsm_bike_hn,Thành phố Hà Nội,0.11940298507462686,0.08888888888888889,1.0,xanhsm_bike_hn|Thành phố Hà Nội,5.0,1.0,0.09090909090909091,0.25,0.0889,0.0909,0.0,0.9163,6.0,0.5333,True,0.0,24.0,24.0,24375.0,195000.0,16000.0,1,2026-07-26,Thành phố Hà Nội,0.45,"1 Ngõ 229 Thôn Vĩnh Thanh, Tuyến 3, Thôn Vĩnh Thanh, Xã Vĩnh Thanh, Thành Phố Hà Nội, Việt Nam -> Xã Vĩnh Thanh, Thành Phố Hà Nội, Việt Nam",5,0.625,True,1.0,0.877,0.6923,0.1641,79.59,54.58,42.77,54.11,51.28,0,0,1,2,2,ride_component_2,4,6,1.0,3,3,73.55,49.48,51.28,22.4,84.27,65.52,59.71,GHOST_TRIP_EXECUTION_PATTERN,Mau thuc thi ghost trip,"Cap nay co dau hieu thuc thi ghost trip, voi nhieu chuyen nghi ngo gia lap hoac quay dau phi thuc te.",84.27,Mau lien ket theo mang | Mau thuc thi ghost trip,KB-C_SUSPICIOUS_COMPONENT | KB-C_HIGH_GHOST_RATE | KB-C_SUPERFAST_GAP,GHOST_TRIP_EXECUTION_PATTERN,Mau thuc thi ghost trip,"Cap nay co dau hieu thuc thi ghost trip, voi nhieu chuyen nghi ngo gia lap hoac quay dau phi thuc te.",84.27
88f5c0e225a37d85,dd3fbb59f7d2922a,4,4,10,4,xanhsm_bike_sg,Thành phố Hồ Chí Minh,0.4,1.0,1.0,xanhsm_bike_sg|Thành phố Hồ Chí Minh,5.0,0.9999,0.125,0.5,0.4,0.125,0.3143,0.6712,6.0,0.2667,False,0.2109,23.6,23.6,140500.0,562000.0,110000.0,1,2026-07-26,Tỉnh Bình Dương,26.15,"Xã Vĩnh Lộc, Thành phố Hồ Chí Minh, Việt Nam -> Phường Dĩ An, Thành phố Hồ Chí Minh, Việt Nam",4,1.0,True,1.0,0.3898,0.9412,0.0157,62.01,44.72,63.7,36.16,43.04,0,0,0,0,0,ride_component_101,1,0,0.0,0,0,0.0,0.0,43.04,23.43,63.1,50.89,0.0,GHOST_TRIP_EXECUTION_PATTERN,Mau thuc thi ghost trip,"Cap nay co dau hieu thuc thi ghost trip, voi nhieu chuyen nghi ngo gia lap hoac quay dau phi thuc te.",63.1,Mau thuc thi ghost trip,KB-C_HIGH_GHOST_RATE,GHOST_TRIP_EXECUTION_PATTERN,Mau thuc thi ghost trip,"Cap nay co dau hieu thuc thi ghost trip, voi nhieu chuyen nghi ngo gia lap hoac quay dau phi thuc te.",63.1
ab46186f7ff9938f,febb6d39eced8b45,4,2,7,4,xanh_car,Tỉnh Thanh Hóa,0.5714285714285714,1.0,0.5,xanh_car|Tỉnh Thanh Hóa,6.0,0.9984,0.3333333333333333,0.5,0.5714,0.3333,0.3571,0.6712,6.0,0.2222,False,0.2397,23.18,23.18,36750.0,147000.0,0.0,1,2026-07-26,Tỉnh Thanh Hóa,12.383333333333333,"13, Xóm Trại, Thôn Thịnh Thôn, Xã Định Tân, Tỉnh Thanh Hóa, Việt Nam -> Xã Yên Định, Thanh Hóa, Vietnam",1,0.25,True,0.5,0.4861,0.5,0.1111,41.8,33.42,25.28,27.52,26.96,0,0,1,0,0,ride_component_102,1,0,0.0,0,0,5.4,3.01,26.96,23.23,44.39,21.3,1.66,GHOST_TRIP_EXECUTION_PATTERN,Mau thuc thi ghost trip,"Cap nay co dau hieu thuc thi ghost trip, voi nhieu chuyen nghi ngo gia lap hoac quay dau phi thuc te.",44.39,Mau thuc thi ghost trip,KB-C_HIGH_GHOST_RATE,GHOST_TRIP_EXECUTION_PATTERN,Mau thuc thi ghost trip,"Cap nay co dau hieu thuc thi ghost trip, voi nhieu chuyen nghi ngo gia lap hoac quay dau phi thuc te.",44.39
27b7bf1c4ded5525,cfd4e9a00416f998,5,4,21,5,en_vang_premium,Thành phố Hải Phòng,0.23809523809523808,1.0,0.8,en_vang_premium|Thành phố Hải Phòng,4.891399999999976,1.0,0.058823529411764705,0.5,0.2381,0.0588,0.1905,0.7472,6.0,0.3407,True,0.1423,23.16,23.16,31800.0,159000.0,0.0,1,2026-07-26,Thành phố Hải Phòng,7.716666666666667,"Đặc khu Cát Hải, Thành phố Hải Phòng, Việt Nam -> Đặc khu Cát Hải, Thành phố Hải Phòng, Việt Nam",3,0.6,True,0.8,0.6999,1.0,0.0,61.0,43.97,28.58,35.56,33.82,0,0,0,0,0,ride_component_103,1,0,0.0,0,0,0.0,0.0,33.82,22.56,65.65,48.73,0.0,GHOST_TRIP_EXECUTION_PATTERN,Mau thuc thi ghost trip,"Cap nay co dau hieu thuc thi ghost trip, voi nhieu chuyen nghi ngo gia lap hoac quay dau phi thuc te.",65.65,Mau thuc thi ghost trip,KB-C_HIGH_GHOST_RATE,GHOST_TRIP_EXECUTION_PATTERN,Mau thuc thi ghost trip,"Cap nay co dau hieu thuc thi ghost trip, voi nhieu chuyen nghi ngo gia lap hoac quay dau phi thuc te.",65.65
5782d3e87447fbe1,0f60add9fe7bb120,5,3,16,5,xanh_car,Tỉnh Bà Rịa - Vũng Tàu,0.3125,1.0,0.6,xanh_car|Tỉnh Bà Rịa - Vũng Tàu,6.0,0.9998,0.07692307692307693,0.5,0.3125,0.0769,0.2552,0.7472,6.0,0.2778,False,0.1907,22.99,22.99,102000.0,510000.0,52000.0,1,2026-07-26,Tỉnh Bà Rịa - Vũng Tàu,24.966666666666665,"2A Nguyễn Đình Chiểu, KP1, Phường Bà Rịa, Thành phố Hồ Chí Minh, VNM -> Việt Nam",1,0.2,True,0.6,0.1774,0.2857,0.1984,39.29,31.96,54.72,27.1,34.01,0,2,1,1,0,ride_component_104,1,0,0.0,0,0,12.55,6.88,34.01,22.73,38.09,20.0,3.78,GHOST_TRIP_EXECUTION_PATTERN,Mau thuc thi ghost trip,"Cap nay co dau hieu thuc thi ghost trip, voi nhieu chuyen nghi ngo gia lap hoac quay dau phi thuc te.",38.09,Mau thuc thi ghost trip,KB-C_HIGH_GHOST_RATE,GHOST_TRIP_EXECUTION_PATTERN,Mau thuc thi ghost trip,"Cap nay co dau hieu thuc thi ghost trip, voi nhieu chuyen nghi ngo gia lap hoac quay dau phi thuc te.",38.09
97dbfe21c08d1879,cde15ae0690c750a,4,4,9,4,xanh_car,Thành phố Hà Nội,0.4444444444444444,1.0,1.0,xanh_car|Thành phố Hà Nội,6.0,0.9997,0.14285714285714285,0.5,0.4444,0.1429,0.3519,0.6712,6.0,0.2222,False,0.2362,22.99,22.99,293000.0,1172000.0,92000.0,1,2026-07-26,Thành phố Hà Nội,1.0333333333333334,"KCN Cao Hòa Lạc, Xã Phú Cát, Thành Phố Hà Nội, Việt Nam -> 89A Đường Lê Đức Thọ, Phường Từ Liêm, Thành Phố Hà Nội, Việt Nam",4,1.0,True,1.0,0.9759,1.0,0.0,79.28,53.95,71.18,44.44,51.12,0,1,0,0,0,ride_component_105,1,0,0.0,0,0,5.4,3.61,51.12,23.03,86.05,58.64,1.99,GHOST_TRIP_EXECUTION_PATTERN,Mau thuc thi ghost trip,"Cap nay co dau hieu thuc thi ghost trip, voi nhieu chuyen nghi ngo gia lap hoac quay dau phi thuc te.",86.05,Mau thuc thi ghost trip,KB-C_HIGH_GHOST_RATE,GHOST_TRIP_EXECUTION_PATTERN,Mau thuc thi ghost trip,"Cap nay co dau hieu thuc thi ghost trip, voi nhieu chuyen nghi ngo gia lap hoac quay dau phi thuc te.",86.05
a1209078637dc754,d4fb7e375333b143,4,3,9,4,xanh_car,Tỉnh Bà Rịa - Vũng Tàu,0.4444444444444444,1.0,0.75,xanh_car|Tỉnh Bà Rịa - Vũng Tàu,6.0,0.9987,0.14285714285714285,0.5,0.4444,0.1429,0.3519,0.6712,6.0,0.2222,False,0.2362,22.99,22.99,177500.0,710000.0,0.0,1,2026-07-26,Tỉnh Bà Rịa - Vũng Tàu,108.01666666666667,"Khu công nghiệp Phú Mỹ 3, Phường Tân Phước, Thành phố Hồ Chí Minh, Việt Nam -> Đường Số 28, Ấp Bắc, Xã Nghĩa Thành, Thành phố Hồ Chí Minh, Việt Nam",1,0.25,True,0.75,0.075,0.7143,0.0635,41.02,32.91,41.61,27.1,30.73,0,0,1,0,0,ride_component_106,1,0,0.0,0,0,5.4,2.99,30.73,23.03,39.41,17.47,1.64,GHOST_TRIP_EXECUTION_PATTERN,Mau thuc thi ghost trip,"Cap nay co dau hieu thuc thi ghost trip, voi nhieu chuyen nghi ngo gia lap hoac quay dau phi thuc te.",39.41,Mau thuc thi ghost trip,KB-C_HIGH_GHOST_RATE,GHOST_TRIP_EXECUTION_PATTERN,Mau thuc thi ghost trip,"Cap nay co dau hieu thuc thi ghost trip, voi nhieu chuyen nghi ngo gia lap hoac quay dau phi thuc te.",39.41
e6d414c971d95500,13302187be15e7b5,4,4,8,7,xanh_premium,Tỉnh Thừa Thiên Huế,0.5,0.5714285714285714,1.0,xanh_premium|Tỉnh Thừa Thiên Huế,7.782799999999952,0.994,0.16666666666666666,0.2,0.5,0.1667,0.4,0.6712,6.0,0.1713,False,0.2685,22.48,22.48,117750.0,471000.0,44000.0,1,2026-07-26,Tỉnh Thừa Thiên Huế,44.4,"50A Đường Đống Đa, Phường Thuận Hóa, Thành Phố Huế, Việt Nam -> 8 Đường Võ Nguyên Giáp, Phường An Cựu, Thành Phố Huế, Việt Nam",1,0.25,True,1.0,0.075,1.0,0.0,52.25,38.85,50.53,32.01,36.64,0,1,0,0,0,ride_component_107,1,0,0.0,0,0,5.4,3.16,36.64,22.77,50.46,19.08,1.74,GHOST_TRIP_EXECUTION_PATTERN,Mau thuc thi ghost trip,"Cap nay co dau hieu thuc thi ghost trip, voi nhieu chuyen nghi ngo gia lap hoac quay dau phi thuc te.",50.46,Mau thuc thi ghost trip,KB-C_HIGH_GHOST_RATE,GHOST_TRIP_EXECUTION_PATTERN,Mau thuc thi ghost trip,"Cap nay co dau hieu thuc thi ghost trip, voi nhieu chuyen nghi ngo gia lap hoac quay dau phi thuc te.",50.46
52674ec479bce6cb,887235ba2818c250,4,4,10,4,xanhsm_bike_sg,Thành phố Hồ Chí Minh,0.4,1.0,1.0,xanhsm_bike_sg|Thành phố Hồ Chí Minh,5.0,0.9999,0.16666666666666666,0.5,0.4,0.1667,0.28,0.6712,6.0,0.2667,False,0.1879,22.34,22.34,14750.0,59000.0,0.0,1,2026-07-26,Thành phố Hồ Chí Minh,2.533333333333333,"Ấp 1, Xã Vĩnh Lộc, Thành phố Hồ Chí Minh, Việt Nam -> Ấp 1, Xã Vĩnh Lộc, Thành phố Hồ Chí Minh, Việt Nam",2,0.5,True,1.0,0.7909,0.6471,0.0941,75.61,51.64,18.93,42.55,36.64,0,1,0,0,0,ride_component_108,1,0,0.0,0,0,5.4,3.54,36.64,22.1,79.96,37.78,1.95,GHOST_TRIP_EXECUTION_PATTERN,Mau thuc thi ghost trip,"Cap nay co dau hieu thuc thi ghost trip, voi nhieu chuyen nghi ngo gia lap hoac quay dau phi thuc te.",79.96,Mau thuc thi ghost trip,KB-C_HIGH_GHOST_RATE,GHOST_TRIP_EXECUTION_PATTERN,Mau thuc thi ghost trip,"Cap nay co dau hieu thuc thi ghost trip, voi nhieu chuyen nghi ngo gia lap hoac quay dau phi thuc te.",79.96
a03d37d4ee2034c1,9f10aa904cbd17a6,4,2,11,4,xanh_premium,Tỉnh Quảng Nam,0.36363636363636365,1.0,0.5,xanh_premium|Tỉnh Quảng Nam,5.0,0.9981,0.125,0.5,0.3636,0.125,0.2727,0.6712,6.0,0.2667,False,0.1831,22.07,22.07,184250.0,737000.0,88000.0,1,2026-07-26,Tỉnh Quảng Nam,158.31666666666666,"255-257 Hùng Vương, Khu Thương Mại Vĩnh Trung, Phường Thanh Khê, Thành phố Đà Nẵng, VNM -> Đường Võ Nguyên Giáp, Phường Điện Bàn Đông, Thành phố Đà Nẵng, Việt Nam",1,0.25,True,0.5,0.075,0.5,0.1334,29.92,26.39,64.03,22.31,32.74,0,2,0,1,0,ride_component_109,1,0,0.0,0,0,10.81,5.59,32.74,21.82,28.45,15.71,3.07,GHOST_TRIP_EXECUTION_PATTERN,Mau thuc thi ghost trip,"Cap nay co dau hieu thuc thi ghost trip, voi nhieu chuyen nghi ngo gia lap hoac quay dau phi thuc te.",28.45,Mau thuc thi ghost trip,KB-C_HIGH_GHOST_RATE,GHOST_TRIP_EXECUTION_PATTERN,Mau thuc thi ghost trip,"Cap nay co dau hieu thuc thi ghost trip, voi nhieu chuyen nghi ngo gia lap hoac quay dau phi thuc te.",28.45
650e55d8a93e7afa,d6f9e28555ec2d87,5,5,24,5,xanhsm_bike_sg,Thành phố Hồ Chí Minh,0.20833333333333334,1.0,1.0,xanhsm_bike_sg|Thành phố Hồ Chí Minh,5.0,1.0,0.047619047619047616,0.5,0.2083,0.0476,0.1688,0.7472,6.0,0.3333,True,0.1261,21.93,21.93,12000.0,60000.0,0.0,1,2026-07-26,Thành phố Hồ Chí Minh,1.25,"Phường Tây Thạnh, Thành phố Hồ Chí Minh, Việt Nam -> Phường Tây Thạnh, Thành phố Hồ Chí Minh, Việt Nam",5,1.0,True,1.0,0.9708,0.2941,0.2353,83.83,55.98,20.97,46.13,39.84,0,0,1,0,0,ride_component_110,1,0,0.0,0,0,5.4,3.66,39.84,21.31,88.91,73.09,2.01,GHOST_TRIP_EXECUTION_PATTERN,Mau thuc thi ghost trip,"Cap nay co dau hieu thuc thi ghost trip, voi nhieu chuyen nghi ngo gia lap hoac quay dau phi thuc te.",88.91,Mau thuc thi ghost trip,KB-C_HIGH_GHOST_RATE,GHOST_TRIP_EXECUTION_PATTERN,Mau thuc thi ghost trip,"Cap nay co dau hieu thuc thi ghost trip, voi nhieu chuyen nghi ngo gia lap hoac quay dau phi thuc te.",88.91
07b48acb0c535a99,d938b03bbf02a6df,7,7,19,8,xanh_limo_6_cho,Thành phố Hồ Chí Minh,0.3684210526315789,0.875,1.0,xanh_limo_6_cho|Thành phố Hồ Chí Minh,7.669399999998859,0.9999,0.25,0.3333333333333333,0.3684,0.25,0.1579,0.8672,6.0,0.3042,False,0.1369,21.22,21.22,120000.0,840000.0,210000.0,1,2026-07-26,Thành phố Hồ Chí Minh,0.3,"Khu dân cư T30, Xã Bình Hưng, Thành phố Hồ Chí Minh, Việt Nam -> 92-94 nam kỳ khởi nghĩa, Phường Sài Gòn, Thành phố Hồ Chí Minh",7,1.0,True,1.0,0.993,0.8,0.0608,81.01,54.1,75.28,45.03,52.59,0,1,0,1,0,ride_component_111,1,0,0.0,0,0,8.57,5.72,52.59,20.72,87.52,88.04,3.15,GHOST_TRIP_EXECUTION_PATTERN,Mau thuc thi ghost trip,"Cap nay co dau hieu thuc thi ghost trip, voi nhieu chuyen nghi ngo gia lap hoac quay dau phi thuc te.",87.52,Mau thuc thi ghost trip,KB-C_HIGH_GHOST_RATE | KB-C_SUPERFAST_GAP,GHOST_TRIP_EXECUTION_PATTERN,Mau thuc thi ghost trip,"Cap nay co dau hieu thuc thi ghost trip, voi nhieu chuyen nghi ngo gia lap hoac quay dau phi thuc te.",87.52
44c406702a975f8f,1ce733d3ff563aa6,4,2,19,4,xanh_sm_bike_premium,Thành phố Đà Nẵng,0.21052631578947367,1.0,0.5,xanh_sm_bike_premium|Thành phố Đà Nẵng,4.0,1.0,0.058823529411764705,0.5,0.2105,0.0588,0.1612,0.6712,6.0,0.3333,True,0.1082,20.95,20.95,13000.0,52000.0,1000.0,1,2026-07-26,Thành phố Đà Nẵng,1.1166666666666667,"Cẩm Lệ, Đà Nẵng -> Phường Hòa Cường, Thành phố Đà Nẵng, Việt Nam",1,0.25,True,0.5,0.7489,1.0,0.0,47.47,35.54,20.1,29.92,27.47,0,1,1,1,0,ride_component_112,1,0,0.0,0,0,10.81,6.12,27.47,20.27,53.33,24.58,3.37,GHOST_TRIP_EXECUTION_PATTERN,Mau thuc thi ghost trip,"Cap nay co dau hieu thuc thi ghost trip, voi nhieu chuyen nghi ngo gia lap hoac quay dau phi thuc te.",53.33,Mau thuc thi ghost trip,KB-C_HIGH_GHOST_RATE,GHOST_TRIP_EXECUTION_PATTERN,Mau thuc thi ghost trip,"Cap nay co dau hieu thuc thi ghost trip, voi nhieu chuyen nghi ngo gia lap hoac quay dau phi thuc te.",53.33
0969db394a8db64a,f80f33e8017be640,5,4,30,5,xanhsm_bike_hn,Thành phố Hà Nội,0.16666666666666666,1.0,0.8,xanhsm_bike_hn|Thành phố Hà Nội,5.0,1.0,0.041666666666666664,0.5,0.1667,0.0417,0.1304,0.7472,6.0,0.3333,True,0.0975,20.36,20.36,15200.0,76000.0,5000.0,1,2026-07-26,Thành phố Hà Nội,1.8833333333333333,"Phường Định Công, Thành Phố Hà Nội, Việt Nam -> Phường Định Công, Thành Phố Hà Nội, Việt Nam",2,0.4,True,0.8,0.7761,0.2308,0.2564,68.41,46.79,26.07,44.41,39.82,0,0,1,2,0,ride_component_113,2,1,1.0,2,1,51.85,32.48,39.82,19.65,71.99,40.48,40.36,GHOST_TRIP_EXECUTION_PATTERN,Mau thuc thi ghost trip,"Cap nay co dau hieu thuc thi ghost trip, voi nhieu chuyen nghi ngo gia lap hoac quay dau phi thuc te.",71.99,Mau thuc thi ghost trip,KB-C_HIGH_GHOST_RATE,GHOST_TRIP_EXECUTION_PATTERN,Mau thuc thi ghost trip,"Cap nay co dau hieu thuc thi ghost trip, voi nhieu chuyen nghi ngo gia lap hoac quay dau phi thuc te.",71.99
c72e430443632fa2,288c83674287968f,4,2,14,7,xanhsm_bike_sg,Thành phố Hồ Chí Minh,0.2857142857142857,0.5714285714285714,0.5,xanhsm_bike_sg|Thành phố Hồ Chí Minh,5.0,0.9999,0.09090909090909091,0.2,0.2857,0.0909,0.2143,0.6712,6.0,0.2667,False,0.1438,19.91,19.91,47000.0,188000.0,6000.0,1,2026-07-26,Thành phố Hồ Chí Minh,0.9666666666666667,"BE7 Đường Rodeo2, Phường Long Bình, Thành phố Hồ Chí Minh, Việt Nam -> Khu The Oasis, KĐT Vinhomes Grand Park, Phường Long Bình, Thành phố Hồ Chí Minh, Việt Nam",1,0.25,True,0.5,0.7524,0.7647,0.0628,48.83,35.82,32.77,29.55,30.36,0,1,0,0,0,ride_component_114,1,0,0.0,0,0,5.4,3.06,30.36,19.54,54.29,24.52,1.68,GHOST_TRIP_EXECUTION_PATTERN,Mau thuc thi ghost trip,"Cap nay co dau hieu thuc thi ghost trip, voi nhieu chuyen nghi ngo gia lap hoac quay dau phi thuc te.",54.29,Mau thuc thi ghost trip,KB-C_HIGH_GHOST_RATE,GHOST_TRIP_EXECUTION_PATTERN,Mau thuc thi ghost trip,"Cap nay co dau hieu thuc thi ghost trip, voi nhieu chuyen nghi ngo gia lap hoac quay dau phi thuc te.",54.29
febfb491f5f39ec8,db5478faa3ecff19,4,4,15,4,xanhsm_bike_hn,Thành phố Hà Nội,0.26666666666666666,1.0,1.0,xanhsm_bike_hn|Thành phố Hà Nội,5.0,0.9999,0.08333333333333333,0.5,0.2667,0.0833,0.2,0.6712,6.0,0.2667,False,0.1342,19.38,19.38,15500.0,62000.0,4000.0,1,2026-07-26,Thành phố Hà Nội,1.0333333333333334,"Phường Khương Đình, Thành Phố Hà Nội, Việt Nam -> 2 Ngõ 460 Khương Đình, Phường Khương Đình, Thành Phố Hà Nội, Việt Nam",1,0.25,True,1.0,0.7509,0.3846,0.1641,75.81,50.42,22.43,42.0,37.11,0,1,0,1,0,ride_component_115,1,0,0.0,0,0,8.57,5.53,37.11,18.98,79.29,27.78,3.04,GHOST_TRIP_EXECUTION_PATTERN,Mau thuc thi ghost trip,"Cap nay co dau hieu thuc thi ghost trip, voi nhieu chuyen nghi ngo gia lap hoac quay dau phi thuc te.",79.29,Mau thuc thi ghost trip,KB-C_HIGH_GHOST_RATE,GHOST_TRIP_EXECUTION_PATTERN,Mau thuc thi ghost trip,"Cap nay co dau hieu thuc thi ghost trip, voi nhieu chuyen nghi ngo gia lap hoac quay dau phi thuc te.",79.29
9f6105b5dffc9b0a,1613888c3ed5c246,5,5,31,5,xanhsm_bike_hn,Thành phố Hà Nội,0.16129032258064516,1.0,1.0,xanhsm_bike_hn|Thành phố Hà Nội,5.0,1.0,0.0625,0.5,0.1613,0.0625,0.1054,0.7472,6.0,0.3333,True,0.0787,19.33,19.33,31400.0,157000.0,0.0,1,2026-07-26,Thành phố Hà Nội,1.7666666666666666,"77 Lô LK 22, Khu đô thị mới Vân Canh, Xã Sơn Đồng, Thành Phố Hà Nội, Việt Nam -> Phường Xuân Phương, Thành Phố Hà Nội, Việt Nam",3,0.6,True,1.0,0.8388,1.0,0.0,75.16,50.04,28.2,41.69,38.32,0,0,1,1,0,ride_component_116,1,0,0.0,0,0,8.57,5.51,38.32,18.56,80.63,52.23,3.03,GHOST_TRIP_EXECUTION_PATTERN,Mau thuc thi ghost trip,"Cap nay co dau hieu thuc thi ghost trip, voi nhieu chuyen nghi ngo gia lap hoac quay dau phi thuc te.",80.63,Mau thuc thi ghost trip,KB-C_HIGH_GHOST_RATE,GHOST_TRIP_EXECUTION_PATTERN,Mau thuc thi ghost trip,"Cap nay co dau hieu thuc thi ghost trip, voi nhieu chuyen nghi ngo gia lap hoac quay dau phi thuc te.",80.63
9f6105b5dffc9b0a,44fc18fda36d81e2,5,5,31,5,xanhsm_bike_hn,Thành phố Hà Nội,0.16129032258064516,1.0,1.0,xanhsm_bike_hn|Thành phố Hà Nội,5.0,1.0,0.0625,0.5,0.1613,0.0625,0.1054,0.7472,6.0,0.3333,True,0.0787,19.33,19.33,24800.0,124000.0,0.0,1,2026-07-26,Thành phố Hà Nội,2.75,"Phường Xuân Phương, Thành Phố Hà Nội, Việt Nam -> Phường Xuân Phương, Thành Phố Hà Nội, Việt Nam",1,0.2,True,1.0,0.6958,0.8462,0.0513,71.9,48.24,26.1,40.21,36.68,0,0,1,1,0,ride_component_117,1,0,0.0,0,0,8.57,5.43,36.68,18.56,75.65,31.51,2.99,GHOST_TRIP_EXECUTION_PATTERN,Mau thuc thi ghost trip,"Cap nay co dau hieu thuc thi ghost trip, voi nhieu chuyen nghi ngo gia lap hoac quay dau phi thuc te.",75.65,Mau thuc thi ghost trip,KB-C_HIGH_GHOST_RATE,GHOST_TRIP_EXECUTION_PATTERN,Mau thuc thi ghost trip,"Cap nay co dau hieu thuc thi ghost trip, voi nhieu chuyen nghi ngo gia lap hoac quay dau phi thuc te.",75.65
9f6105b5dffc9b0a,4e8eececcaaff42d,5,5,31,5,xanhsm_bike_hn,Thành phố Hà Nội,0.16129032258064516,1.0,1.0,xanhsm_bike_hn|Thành phố Hà Nội,5.0,1.0,0.0625,0.5,0.1613,0.0625,0.1054,0.7472,6.0,0.3333,True,0.0787,19.33,19.33,24400.0,122000.0,0.0,1,2026-07-26,Thành phố Hà Nội,3.2666666666666666,"122 Đường Do Nha, Phường Xuân Phương, Thành Phố Hà Nội, Việt Nam -> Ngõ 6 Miêu Nha, Phường Xuân Phương, Thành Phố Hà Nội, Việt Nam",1,0.2,True,1.0,0.6838,0.7692,0.0769,72.05,48.33,25.87,40.56,36.89,0,0,2,1,0,ride_component_118,1,0,0.0,0,0,10.81,6.85,36.89,18.56,75.51,31.31,3.77,GHOST_TRIP_EXECUTION_PATTERN,Mau thuc thi ghost trip,"Cap nay co dau hieu thuc thi ghost trip, voi nhieu chuyen nghi ngo gia lap hoac quay dau phi thuc te.",75.51,Mau thuc thi ghost trip,KB-C_HIGH_GHOST_RATE,GHOST_TRIP_EXECUTION_PATTERN,Mau thuc thi ghost trip,"Cap nay co dau hieu thuc thi ghost trip, voi nhieu chuyen nghi ngo gia lap hoac quay dau phi thuc te.",75.51
9f6105b5dffc9b0a,f683d79271395ae8,5,5,31,5,xanhsm_bike_hn,Thành phố Hà Nội,0.16129032258064516,1.0,1.0,xanhsm_bike_hn|Thành phố Hà Nội,5.0,1.0,0.0625,0.5,0.1613,0.0625,0.1054,0.7472,6.0,0.3333,True,0.0787,19.33,19.33,26400.0,132000.0,0.0,1,2026-07-26,Thành phố Hà Nội,3.0,"Phường Xuân Phương, Thành Phố Hà Nội, Việt Nam -> Phố Do Nha, Phường Xuân Phương, Thành Phố Hà Nội, Việt Nam",3,0.6,True,1.0,0.81,0.9231,0.0256,74.81,49.85,26.57,41.53,37.79,0,0,1,1,0,ride_component_119,1,0,0.0,0,0,8.57,5.5,37.79,18.56,79.83,51.75,3.03,GHOST_TRIP_EXECUTION_PATTERN,Mau thuc thi ghost trip,"Cap nay co dau hieu thuc thi ghost trip, voi nhieu chuyen nghi ngo gia lap hoac quay dau phi thuc te.",79.83,Mau thuc thi ghost trip,KB-C_HIGH_GHOST_RATE,GHOST_TRIP_EXECUTION_PATTERN,Mau thuc thi ghost trip,"Cap nay co dau hieu thuc thi ghost trip, voi nhieu chuyen nghi ngo gia lap hoac quay dau phi thuc te.",79.83
1e0566761eec135a,1ef5a1410e4342a5,4,3,17,4,xanh_car_just_taxi,Tỉnh Phú Thọ,0.23529411764705882,1.0,0.75,xanh_car_just_taxi|Tỉnh Phú Thọ,4.9062000000000126,0.9989,0.07692307692307693,0.5,0.2353,0.0769,0.1716,0.6712,6.0,0.2718,False,0.1152,18.57,18.57,49250.0,197000.0,0.0,1,2026-07-26,Tỉnh Phú Thọ,15.4,"934 Đường Âu Cơ Quốc Lộ 32c, Xã Lâm Thao, Tỉnh Phú Thọ, Việt Nam -> location_address_display (0.000000, 0.000000)",1,0.25,True,0.75,0.4157,1.0,0.0,49.97,35.84,29.07,29.6,29.47,0,0,0,1,0,ride_component_120,1,0,0.0,0,0,5.4,3.05,29.47,18.1,52.04,21.57,1.68,GHOST_TRIP_EXECUTION_PATTERN,Mau thuc thi ghost trip,"Cap nay co dau hieu thuc thi ghost trip, voi nhieu chuyen nghi ngo gia lap hoac quay dau phi thuc te.",52.04,Mau thuc thi ghost trip,KB-C_HIGH_GHOST_RATE,GHOST_TRIP_EXECUTION_PATTERN,Mau thuc thi ghost trip,"Cap nay co dau hieu thuc thi ghost trip, voi nhieu chuyen nghi ngo gia lap hoac quay dau phi thuc te.",52.04
1d0b33b3ae802598,776015dbb9d27dae,4,4,15,4,xanh_car,Tỉnh Hưng Yên,0.26666666666666666,1.0,1.0,xanh_car|Tỉnh Hưng Yên,5.272700000000441,0.9996,0.09090909090909091,0.5,0.2667,0.0909,0.1933,0.6712,6.0,0.2529,False,0.1298,18.52,18.52,31750.0,127000.0,0.0,1,2026-07-26,Tỉnh Hưng Yên,1.3166666666666667,"Hưng Yên -> X2FR+336, Xã Lạc Đạo, Tỉnh Hưng Yên, Việt Nam",3,0.75,True,1.0,0.8943,0.6667,0.0843,78.51,51.52,24.72,42.51,38.06,0,0,1,0,0,ride_component_121,1,0,0.0,0,0,5.4,3.51,38.06,18.15,83.92,47.94,1.93,GHOST_TRIP_EXECUTION_PATTERN,Mau thuc thi ghost trip,"Cap nay co dau hieu thuc thi ghost trip, voi nhieu chuyen nghi ngo gia lap hoac quay dau phi thuc te.",83.92,Mau thuc thi ghost trip,KB-C_HIGH_GHOST_RATE,GHOST_TRIP_EXECUTION_PATTERN,Mau thuc thi ghost trip,"Cap nay co dau hieu thuc thi ghost trip, voi nhieu chuyen nghi ngo gia lap hoac quay dau phi thuc te.",83.92
ac5ad23248702f61,d37cb2d55cfd5f1a,6,5,94,6,xanhsm_bike_sg,Thành phố Hồ Chí Minh,0.06382978723404255,1.0,0.8333333333333334,xanhsm_bike_sg|Thành phố Hồ Chí Minh,5.0,1.0,0.058823529411764705,0.5,0.0638,0.0588,0.0053,0.8115,6.0,0.4,True,0.0043,18.24,18.24,12000.0,72000.0,13000.0,1,2026-07-26,Thành phố Hồ Chí Minh,1.05,"873 Cách Mạng Tháng 8, Phường Tân Sơn Nhất, Thành phố Hồ Chí Minh -> 736 Đường Cách Mạng Tháng 8, Phường Tân Sơn Nhất, Thành phố Hồ Chí Minh, Việt Nam",1,0.16666666666666666,True,0.8333,0.7255,0.2941,0.2824,69.08,46.2,32.27,47.46,43.66,0,4,2,2,1,ride_component_20,5,8,0.8,4,2,80.45,49.97,43.66,17.05,71.91,34.75,60.48,GHOST_TRIP_EXECUTION_PATTERN,Mau thuc thi ghost trip,"Cap nay co dau hieu thuc thi ghost trip, voi nhieu chuyen nghi ngo gia lap hoac quay dau phi thuc te.",71.91,Mau lien ket theo mang | Mau thuc thi ghost trip,KB-C_SUSPICIOUS_COMPONENT | KB-C_HIGH_GHOST_RATE | KB-C_SUPERFAST_GAP,GHOST_TRIP_EXECUTION_PATTERN,Mau thuc thi ghost trip,"Cap nay co dau hieu thuc thi ghost trip, voi nhieu chuyen nghi ngo gia lap hoac quay dau phi thuc te.",71.91
199b0cf33d25b15d,a29ffe2252625840,4,2,23,4,xanhsm_bike_hn,Tỉnh Thừa Thiên Huế,0.17391304347826086,1.0,0.5,xanhsm_bike_hn|Tỉnh Thừa Thiên Huế,4.494599999999991,0.9998,0.05,0.5,0.1739,0.05,0.1304,0.6712,6.0,0.2967,False,0.0875,18.16,18.16,15250.0,61000.0,0.0,1,2026-07-26,Tỉnh Thừa Thiên Huế,3.7,"Phường An Cựu, Thành Phố Huế, Việt Nam -> Phường An Cựu, Thành Phố Huế, Việt Nam",2,0.5,True,0.5,0.7637,1.0,0.0,47.91,34.52,20.7,33.45,30.26,0,0,1,1,0,ride_component_91,2,1,1.0,2,1,49.61,27.65,30.26,17.53,53.92,33.67,37.71,GHOST_TRIP_EXECUTION_PATTERN,Mau thuc thi ghost trip,"Cap nay co dau hieu thuc thi ghost trip, voi nhieu chuyen nghi ngo gia lap hoac quay dau phi thuc te.",53.92,Mau thuc thi ghost trip,KB-C_HIGH_GHOST_RATE,GHOST_TRIP_EXECUTION_PATTERN,Mau thuc thi ghost trip,"Cap nay co dau hieu thuc thi ghost trip, voi nhieu chuyen nghi ngo gia lap hoac quay dau phi thuc te.",53.92
1c42f1b9543355f9,4407e8cee137bb3f,4,2,14,4,xanh_car,Tỉnh Bà Rịa - Vũng Tàu,0.2857142857142857,1.0,0.5,xanh_car|Tỉnh Bà Rịa - Vũng Tàu,6.0,0.9987,0.08333333333333333,0.5,0.2857,0.0833,0.2208,0.6712,6.0,0.2222,False,0.1482,18.15,18.15,173500.0,694000.0,92000.0,1,2026-07-26,Tỉnh Bà Rịa - Vũng Tàu,16.766666666666666,"Phường Vũng Tàu, Thành phố Hồ Chí Minh, Việt Nam -> ĐT44A, Phước Hải, Đất Đỏ, Bà Rịa - Vũng Tàu, Việt Nam",1,0.25,True,0.5,0.3838,0.5714,0.0952,38.42,29.3,64.18,24.79,34.64,0,0,2,1,0,ride_component_122,1,0,0.0,0,0,10.81,5.72,34.64,17.93,40.15,19.43,3.15,GHOST_TRIP_EXECUTION_PATTERN,Mau thuc thi ghost trip,"Cap nay co dau hieu thuc thi ghost trip, voi nhieu chuyen nghi ngo gia lap hoac quay dau phi thuc te.",40.15,Mau thuc thi ghost trip,KB-C_HIGH_GHOST_RATE,GHOST_TRIP_EXECUTION_PATTERN,Mau thuc thi ghost trip,"Cap nay co dau hieu thuc thi ghost trip, voi nhieu chuyen nghi ngo gia lap hoac quay dau phi thuc te.",40.15
8a4ea0267985976c,ac46eed2e3970562,5,5,29,5,xanhsm_bike_hn,Thành phố Đà Nẵng,0.1724137931034483,1.0,1.0,xanhsm_bike_hn|Thành phố Đà Nẵng,6.0,0.9999,0.045454545454545456,0.5,0.1724,0.0455,0.133,0.7472,6.0,0.2778,False,0.0994,17.97,17.97,12000.0,60000.0,3000.0,1,2026-07-26,Thành phố Đà Nẵng,0.9666666666666667,"Phường Cẩm Lệ, Thành phố Đà Nẵng, Việt Nam -> Phường Hòa Cường, Thành phố Đà Nẵng, Việt Nam",2,0.4,True,1.0,0.7974,0.4,0.1667,77.26,50.58,20.76,42.45,37.03,0,1,0,2,0,ride_component_123,1,0,0.0,0,0,10.81,6.97,37.03,17.43,81.17,42.2,3.83,GHOST_TRIP_EXECUTION_PATTERN,Mau thuc thi ghost trip,"Cap nay co dau hieu thuc thi ghost trip, voi nhieu chuyen nghi ngo gia lap hoac quay dau phi thuc te.",81.17,Mau thuc thi ghost trip,KB-C_HIGH_GHOST_RATE,GHOST_TRIP_EXECUTION_PATTERN,Mau thuc thi ghost trip,"Cap nay co dau hieu thuc thi ghost trip, voi nhieu chuyen nghi ngo gia lap hoac quay dau phi thuc te.",81.17
8a4ea0267985976c,d375dbd689cd559f,5,5,29,5,xanhsm_bike_hn,Thành phố Đà Nẵng,0.1724137931034483,1.0,1.0,xanhsm_bike_hn|Thành phố Đà Nẵng,6.0,0.9999,0.045454545454545456,0.5,0.1724,0.0455,0.133,0.7472,6.0,0.2778,False,0.0994,17.97,17.97,12200.0,61000.0,10000.0,1,2026-07-26,Thành phố Đà Nẵng,1.2,"Phường Sơn Trà, Thành phố Đà Nẵng, Việt Nam -> Phường Sơn Trà, Thành phố Đà Nẵng, Việt Nam",4,0.8,True,1.0,0.912,0.8,0.0556,78.47,51.25,26.92,42.71,38.76,0,2,0,0,0,ride_component_124,1,0,0.0,0,0,8.57,5.56,38.76,17.43,84.25,62.45,3.06,GHOST_TRIP_EXECUTION_PATTERN,Mau thuc thi ghost trip,"Cap nay co dau hieu thuc thi ghost trip, voi nhieu chuyen nghi ngo gia lap hoac quay dau phi thuc te.",84.25,Mau thuc thi ghost trip,KB-C_HIGH_GHOST_RATE,GHOST_TRIP_EXECUTION_PATTERN,Mau thuc thi ghost trip,"Cap nay co dau hieu thuc thi ghost trip, voi nhieu chuyen nghi ngo gia lap hoac quay dau phi thuc te.",84.25
88f273294e0f8aac,5d72a77f1baffbbb,4,2,10,4,xanh_car,Tỉnh Bà Rịa - Vũng Tàu,0.4,1.0,0.5,xanh_car|Tỉnh Bà Rịa - Vũng Tàu,6.0,0.9987,0.25,0.5,0.4,0.25,0.2,0.6712,6.0,0.2222,False,0.1342,17.38,17.38,46750.0,187000.0,7000.0,1,2026-07-26,Tỉnh Bà Rịa - Vũng Tàu,19.783333333333335,"Võ Thị Sáu, Xã Phước Hải, Thành Phố Hồ Chí Minh, Việt Nam -> Võ Thị Sáu, Xã Phước Hải, Thành Phố Hồ Chí Minh, Việt Nam",1,0.25,True,0.5,0.3134,0.1429,0.1905,38.21,28.84,32.84,24.41,26.52,0,1,1,1,0,ride_component_125,1,0,0.0,0,0,10.81,5.68,26.52,17.12,38.6,18.42,3.12,GHOST_TRIP_EXECUTION_PATTERN,Mau thuc thi ghost trip,"Cap nay co dau hieu thuc thi ghost trip, voi nhieu chuyen nghi ngo gia lap hoac quay dau phi thuc te.",38.6,Mau thuc thi ghost trip,KB-C_HIGH_GHOST_RATE,GHOST_TRIP_EXECUTION_PATTERN,Mau thuc thi ghost trip,"Cap nay co dau hieu thuc thi ghost trip, voi nhieu chuyen nghi ngo gia lap hoac quay dau phi thuc te.",38.6
a44961db886bba15,6776db9fdc2b706c,4,3,10,5,xanh_premium,Tỉnh Quảng Ngãi,0.4,0.8,0.75,xanh_premium|Tỉnh Quảng Ngãi,9.936699999999973,0.9826,0.16666666666666666,0.3333333333333333,0.4,0.1667,0.28,0.6712,6.0,0.1342,False,0.1879,16.37,16.37,52500.0,210000.0,20000.0,1,2026-07-26,Tỉnh Quảng Ngãi,23.766666666666666,"1 Nguyễn Văn Linh Quảng Ngãi -> Phường Nghĩa Lộ, Tỉnh Quảng Ngãi, Việt Nam",2,0.5,True,0.75,0.2954,1.0,0.0,46.36,32.87,37.35,27.18,29.72,0,1,0,0,0,ride_component_126,1,0,0.0,0,0,5.4,2.95,29.72,16.53,47.29,28.91,1.62,GHOST_TRIP_EXECUTION_PATTERN,Mau thuc thi ghost trip,"Cap nay co dau hieu thuc thi ghost trip, voi nhieu chuyen nghi ngo gia lap hoac quay dau phi thuc te.",47.29,Mau thuc thi ghost trip,KB-C_HIGH_GHOST_RATE,GHOST_TRIP_EXECUTION_PATTERN,Mau thuc thi ghost trip,"Cap nay co dau hieu thuc thi ghost trip, voi nhieu chuyen nghi ngo gia lap hoac quay dau phi thuc te.",47.29
5244c92fb7273ef4,d3bd9eef1ec55531,4,2,13,4,xanh_premium,Tỉnh Bình Phước,0.3076923076923077,1.0,0.5,xanh_premium|Tỉnh Bình Phước,7.783399999999801,0.9917,0.1,0.5,0.3077,0.1,0.2308,0.6712,6.0,0.1713,False,0.1549,16.23,16.23,368750.0,1475000.0,12000.0,1,2026-07-26,Tỉnh Bình Phước,5.416666666666667,"138 Đường Hùng Vương, Xã Xuân Lộc, Tỉnh Đồng Nai, Việt Nam -> Xã Bắc Tân Uyên, Thành phố Hồ Chí Minh",1,0.25,True,0.5,0.6486,0.5,0.0856,46.17,32.7,57.49,27.64,35.1,0,1,1,1,0,ride_component_127,1,0,0.0,0,0,10.81,5.89,35.1,16.18,50.48,22.77,3.24,GHOST_TRIP_EXECUTION_PATTERN,Mau thuc thi ghost trip,"Cap nay co dau hieu thuc thi ghost trip, voi nhieu chuyen nghi ngo gia lap hoac quay dau phi thuc te.",50.48,Mau thuc thi ghost trip,KB-C_HIGH_GHOST_RATE,GHOST_TRIP_EXECUTION_PATTERN,Mau thuc thi ghost trip,"Cap nay co dau hieu thuc thi ghost trip, voi nhieu chuyen nghi ngo gia lap hoac quay dau phi thuc te.",50.48
0d94e8ce804a4606,eec3a708e4c348d3,4,2,12,5,xanh_car,Tỉnh Gia Lai,0.3333333333333333,0.8,0.5,xanh_car|Tỉnh Gia Lai,8.339399999999841,0.9991,0.125,0.3333333333333333,0.3333,0.125,0.2381,0.6712,6.0,0.1599,False,0.1598,15.98,15.98,85250.0,341000.0,35000.0,1,2026-07-26,Tỉnh Gia Lai,24.2,"Phường Diên Hồng, Tỉnh Gia Lai, Việt Nam -> Phường Pleiku, Tỉnh Gia Lai, Việt Nam",1,0.25,True,0.5,0.2103,1.0,0.0,31.31,24.41,46.0,19.68,26.26,0,0,0,0,0,ride_component_128,1,0,0.0,0,0,0.0,0.0,26.26,15.98,32.06,16.9,0.0,GHOST_TRIP_EXECUTION_PATTERN,Mau thuc thi ghost trip,"Cap nay co dau hieu thuc thi ghost trip, voi nhieu chuyen nghi ngo gia lap hoac quay dau phi thuc te.",32.06,Mau thuc thi ghost trip,KB-C_HIGH_GHOST_RATE,GHOST_TRIP_EXECUTION_PATTERN,Mau thuc thi ghost trip,"Cap nay co dau hieu thuc thi ghost trip, voi nhieu chuyen nghi ngo gia lap hoac quay dau phi thuc te.",32.06
63d052a0379a5ed8,6c4878c392c4be68,4,4,19,4,xanh_car,Thành phố Hà Nội,0.21052631578947367,1.0,1.0,xanh_car|Thành phố Hà Nội,6.0,0.9997,0.058823529411764705,0.5,0.2105,0.0588,0.1612,0.6712,6.0,0.2222,False,0.1082,15.95,15.95,41000.0,164000.0,0.0,1,2026-07-26,Thành phố Hà Nội,2.1666666666666665,"Xã An Khánh, Thành Phố Hà Nội, Việt Nam -> Xã An Khánh, Thành Phố Hà Nội, Việt Nam",4,1.0,True,1.0,0.9494,0.125,0.1944,82.37,52.48,26.68,43.36,39.19,0,0,0,1,0,ride_component_129,1,0,0.0,0,0,5.4,3.53,39.19,15.61,87.53,57.59,1.94,GHOST_TRIP_EXECUTION_PATTERN,Mau thuc thi ghost trip,"Cap nay co dau hieu thuc thi ghost trip, voi nhieu chuyen nghi ngo gia lap hoac quay dau phi thuc te.",87.53,Mau thuc thi ghost trip,KB-C_HIGH_GHOST_RATE,GHOST_TRIP_EXECUTION_PATTERN,Mau thuc thi ghost trip,"Cap nay co dau hieu thuc thi ghost trip, voi nhieu chuyen nghi ngo gia lap hoac quay dau phi thuc te.",87.53
6cd3dcbde56e38a6,630fad10bf48db2c,4,3,27,4,xanhsm_bike_sg,Thành phố Hồ Chí Minh,0.14814814814814814,1.0,0.75,xanhsm_bike_sg|Thành phố Hồ Chí Minh,5.0,0.9999,0.047619047619047616,0.5,0.1481,0.0476,0.1056,0.6712,6.0,0.2667,False,0.0708,15.9,15.9,13500.0,54000.0,0.0,1,2026-07-26,Thành phố Hồ Chí Minh,0.43333333333333335,"127/139 Đường Điện Biên Phủ, Phường Tân Định, Thành Phố Hồ Chí Minh, Việt Nam -> 197 Đường Đinh Tiên Hoàng, Phường Tân Định, Thành phố Hồ Chí Minh, Việt Nam",1,0.25,True,0.75,0.7649,0.5294,0.1255,62.96,41.78,18.7,33.9,30.1,0,0,0,0,0,ride_component_130,1,0,0.0,0,0,0.0,0.0,30.1,15.31,67.47,25.96,0.0,GHOST_TRIP_EXECUTION_PATTERN,Mau thuc thi ghost trip,"Cap nay co dau hieu thuc thi ghost trip, voi nhieu chuyen nghi ngo gia lap hoac quay dau phi thuc te.",67.47,Mau thuc thi ghost trip,KB-C_HIGH_GHOST_RATE,GHOST_TRIP_EXECUTION_PATTERN,Mau thuc thi ghost trip,"Cap nay co dau hieu thuc thi ghost trip, voi nhieu chuyen nghi ngo gia lap hoac quay dau phi thuc te.",67.47
0969db394a8db64a,eca5cb6a9fdce456,4,3,30,4,xanhsm_bike_hn,Thành phố Hà Nội,0.13333333333333333,1.0,0.75,xanhsm_bike_hn|Thành phố Hà Nội,5.0,0.9999,0.041666666666666664,0.5,0.1333,0.0417,0.0957,0.6712,6.0,0.2667,False,0.0642,15.53,15.53,24250.0,97000.0,18000.0,1,2026-07-26,Thành phố Hà Nội,2.066666666666667,"2 , Phường Thanh Liệt, Thành Phố Hà Nội, Việt Nam -> Cụm Làng Nghề Tân Triều, Phường Thanh Liệt, Thành phố Hà Nội, Việt Nam",1,0.25,True,0.75,0.7268,0.6154,0.1026,61.35,40.73,32.8,39.35,37.71,0,2,1,1,0,ride_component_113,2,1,1.0,2,1,53.59,31.53,37.71,14.92,65.66,25.41,39.84,GHOST_TRIP_EXECUTION_PATTERN,Mau thuc thi ghost trip,"Cap nay co dau hieu thuc thi ghost trip, voi nhieu chuyen nghi ngo gia lap hoac quay dau phi thuc te.",65.66,Mau thuc thi ghost trip,KB-C_HIGH_GHOST_RATE,GHOST_TRIP_EXECUTION_PATTERN,Mau thuc thi ghost trip,"Cap nay co dau hieu thuc thi ghost trip, voi nhieu chuyen nghi ngo gia lap hoac quay dau phi thuc te.",65.66
5af3becb4995e7a1,4cc40faf5cc70298,4,4,16,4,xanh_limo_6_cho,Thành phố Hồ Chí Minh,0.25,1.0,1.0,xanh_limo_6_cho|Thành phố Hồ Chí Minh,7.669399999998859,0.9996,0.07142857142857142,0.5,0.25,0.0714,0.1923,0.6712,6.0,0.1739,False,0.1291,14.93,14.93,189500.0,758000.0,208000.0,1,2026-07-26,Thành phố Hồ Chí Minh,78.41666666666667,"Ho Chi Minh City, 70000 -> 92-94 nam kỳ khởi nghĩa, Phường Sài Gòn, Thành phố Hồ Chí Minh",1,0.25,True,1.0,0.075,1.0,0.0,52.25,35.46,70.74,29.7,39.96,0,1,0,1,0,ride_component_131,1,0,0.0,0,0,8.57,4.79,39.96,14.79,50.46,18.33,2.63,GHOST_TRIP_EXECUTION_PATTERN,Mau thuc thi ghost trip,"Cap nay co dau hieu thuc thi ghost trip, voi nhieu chuyen nghi ngo gia lap hoac quay dau phi thuc te.",50.46,Mau thuc thi ghost trip,KB-C_HIGH_GHOST_RATE,GHOST_TRIP_EXECUTION_PATTERN,Mau thuc thi ghost trip,"Cap nay co dau hieu thuc thi ghost trip, voi nhieu chuyen nghi ngo gia lap hoac quay dau phi thuc te.",50.46
e1971c9d6276d445,a76e4ad0c9fca68c,4,4,16,5,xanh_premium,Tỉnh Tiền Giang,0.25,0.8,1.0,xanh_premium|Tỉnh Tiền Giang,8.805200000000013,0.9939,0.16666666666666666,0.3333333333333333,0.25,0.1667,0.1,0.6712,6.0,0.1514,False,0.0671,10.5,10.5,29000.0,116000.0,6000.0,1,2026-07-26,Tỉnh Tiền Giang,0.5833333333333334,"Ấp Thân Hòa, Xã Châu Thành, Tỉnh Đồng Tháp, Việt Nam -> Đồng Tháp",2,0.5,True,1.0,0.8364,1.0,0.0,75.09,46.03,25.79,46.18,41.08,0,1,1,2,2,ride_component_64,2,1,1.0,4,1,71.21,43.58,41.08,10.25,80.54,37.2,56.47,GHOST_TRIP_EXECUTION_PATTERN,Mau thuc thi ghost trip,"Cap nay co dau hieu thuc thi ghost trip, voi nhieu chuyen nghi ngo gia lap hoac quay dau phi thuc te.",80.54,Mau thuc thi ghost trip,KB-C_HIGH_GHOST_RATE,GHOST_TRIP_EXECUTION_PATTERN,Mau thuc thi ghost trip,"Cap nay co dau hieu thuc thi ghost trip, voi nhieu chuyen nghi ngo gia lap hoac quay dau phi thuc te.",80.54
5828b7e28d77245d,fad2dbe4e38702c5,27,25,27,27,xanh_car,Thành phố Hà Nội,1.0,1.0,0.9259259259259259,xanh_car|Thành phố Hà Nội,6.0,1.0,0.5,0.5,1.0,0.5,1.0,1.0,6.0,1.0,True,1.0,100.0,100.0,39962.96296296296,1079000.0,64000.0,1,2026-07-27,Thành phố Hà Nội,0.5166666666666667,Thành phố Hà Nội -> Thành phố Hà Nội,11,0.4074074074074074,True,0.9259,0.8102,0.6667,0.3333,77.27,87.5,81.88,82.04,82.0,0,0,1,1,1,ride_component_1,4,4,0.6667,3,2,65.81,61.32,82.0,100.0,80.32,62.87,60.39,REPEATED_LOCKED_PAIR,Cap lap lai va phu thuoc bat thuong,Tai xe va khach hang di voi nhau nhieu lan va co muc do phu thuoc bat thuong so voi hanh vi thong thuong.,100.0,Cap lap lai va phu thuoc bat thuong | Mau lien ket theo mang | Mau thuc thi ghost trip,KB-C_EXTREME_VOLUME | KB-C_TIGHT_PAIR_SHARE | KB-C_SUSPICIOUS_COMPONENT | KB-C_HIGH_GHOST_RATE | KB-C_SUPERFAST_GAP,REPEATED_LOCKED_PAIR,Cap lap lai va phu thuoc bat thuong,Tai xe va khach hang di voi nhau nhieu lan va co muc do phu thuoc bat thuong so voi hanh vi thong thuong.,100.0
e0b74e9fda5b1515,b0884d9d89353e01,9,9,9,9,xanh_car,Thành phố Hồ Chí Minh,1.0,1.0,1.0,xanh_car|Thành phố Hồ Chí Minh,6.0,1.0,0.5,0.5,1.0,0.5,1.0,0.9603,6.0,0.5,True,0.9603,75.32,75.32,121333.33333333333,1092000.0,270000.0,1,2026-07-27,Thành phố Hồ Chí Minh,0.45,"Phường Phú Thạnh, Thành phố Hồ Chí Minh, Việt Nam -> Đường Lê Lợi, Phường Sài Gòn, Thành phố Hồ Chí Minh, Việt Nam",9,1.0,True,1.0,0.9895,0.75,0.125,82.18,79.1,83.6,64.27,69.1,0,1,0,0,0,ride_component_2,1,0,0.0,0,0,5.4,4.64,69.1,76.7,88.21,96.09,2.55,ROUTE_FARMING_PATTERN,Mau farming theo tuyen,"Cap nay lap lai cung mot kieu tuyen duong voi mat do dang nghi, giong hanh vi farming hon la di chuyen tu nhien.",96.09,Cap lap lai va phu thuoc bat thuong | Mau thuc thi ghost trip | Mau farming theo tuyen,KB-C_EXTREME_VOLUME | KB-C_TIGHT_PAIR_SHARE | KB-C_HIGH_GHOST_RATE | KB-C_SUPERFAST_GAP | KB-C_ROUTE_LOOP,ROUTE_FARMING_PATTERN,Mau farming theo tuyen,"Cap nay lap lai cung mot kieu tuyen duong voi mat do dang nghi, giong hanh vi farming hon la di chuyen tu nhien.",96.09
e6226a83e74cde2c,31e9d70f116f13a0,9,0,14,9,xanhsm_bike_sg,Thành phố Hồ Chí Minh,0.6428571428571429,1.0,0.0,xanhsm_bike_sg|Thành phố Hồ Chí Minh,3.0,1.0,0.16666666666666666,0.5,0.6429,0.1667,0.5714,0.9603,6.0,1.0,True,0.5487,75.18,75.18,12777.777777777777,115000.0,17000.0,1,2026-07-27,Thành phố Hồ Chí Minh,12.05,"Xã Bình Mỹ, Thành phố Hồ Chí Minh, Việt Nam -> Xã Bình Mỹ, Thành phố Hồ Chí Minh, Việt Nam",4,0.4444444444444444,False,0.0,0.5522,0.5714,0.4286,25.14,47.66,45.56,45.8,45.74,0,0,1,1,1,ride_component_3,3,2,0.6667,3,1,59.35,40.87,45.74,73.83,27.39,46.77,46.65,REPEATED_LOCKED_PAIR,Cap lap lai va phu thuoc bat thuong,Tai xe va khach hang di voi nhau nhieu lan va co muc do phu thuoc bat thuong so voi hanh vi thong thuong.,73.83,Cap lap lai va phu thuoc bat thuong,KB-C_EXTREME_VOLUME | KB-C_TIGHT_PAIR_SHARE,REPEATED_LOCKED_PAIR,Cap lap lai va phu thuoc bat thuong,Tai xe va khach hang di voi nhau nhieu lan va co muc do phu thuoc bat thuong so voi hanh vi thong thuong.,73.83
031d6b289f9fd963,2c7192581a1b6e85,7,7,8,7,xanhsm_bike_hn,Thành phố Hà Nội,0.875,1.0,1.0,xanhsm_bike_hn|Thành phố Hà Nội,3.0,1.0,0.3333333333333333,0.5,0.875,0.3333,0.8125,0.8672,6.0,0.7778,True,0.7046,73.75,73.75,15000.0,105000.0,21000.0,1,2026-07-27,Thành phố Hà Nội,0.7333333333333333,"1 Ngõ 229 Thôn Vĩnh Thanh, Tuyến 3, Thôn Vĩnh Thanh, Xã Vĩnh Thanh, Thành Phố Hà Nội, Việt Nam -> 30A Ngõ 2, Thôn Đoài, Xã Vĩnh Thanh, Thành Phố Hà Nội, Việt Nam",4,0.5714285714285714,True,1.0,0.8543,0.5,0.3889,83.41,79.06,41.8,63.35,57.96,0,0,0,0,0,ride_component_4,1,0,0.0,0,0,0.0,0.0,57.96,73.53,86.3,69.58,0.0,GHOST_TRIP_EXECUTION_PATTERN,Mau thuc thi ghost trip,"Cap nay co dau hieu thuc thi ghost trip, voi nhieu chuyen nghi ngo gia lap hoac quay dau phi thuc te.",86.3,Mau thuc thi ghost trip,KB-C_HIGH_GHOST_RATE | KB-C_SUPERFAST_GAP,GHOST_TRIP_EXECUTION_PATTERN,Mau thuc thi ghost trip,"Cap nay co dau hieu thuc thi ghost trip, voi nhieu chuyen nghi ngo gia lap hoac quay dau phi thuc te.",86.3
5a53b9681461213b,f8de7259c804067c,8,0,9,8,green_mini_3_khach,Thành phố Hồ Chí Minh,0.8888888888888888,1.0,0.0,green_mini_3_khach|Thành phố Hồ Chí Minh,3.899600000000646,1.0,0.3333333333333333,0.5,0.8889,0.3333,0.8333,0.9163,6.0,0.6838,True,0.7636,72.77,72.77,57750.0,462000.0,0.0,1,2026-07-27,Thành phố Hồ Chí Minh,13.233333333333333,"170 Đường Số 5, Khu phố 3, Phường An Lạc, Thành phố Hồ Chí Minh, Việt Nam -> 499 Đường Hồng Bàng, Phường Chợ Lớn, Thành phố Hồ Chí Minh, Việt Nam",1,0.125,False,0.0,0.4287,1.0,0.0,12.86,39.82,43.32,31.26,34.28,0,0,0,0,0,ride_component_5,1,0,0.0,0,0,0.0,0.0,34.28,73.01,16.93,26.36,0.0,REPEATED_LOCKED_PAIR,Cap lap lai va phu thuoc bat thuong,Tai xe va khach hang di voi nhau nhieu lan va co muc do phu thuoc bat thuong so voi hanh vi thong thuong.,73.01,Cap lap lai va phu thuoc bat thuong,KB-C_EXTREME_VOLUME | KB-C_TIGHT_PAIR_SHARE,REPEATED_LOCKED_PAIR,Cap lap lai va phu thuoc bat thuong,Tai xe va khach hang di voi nhau nhieu lan va co muc do phu thuoc bat thuong so voi hanh vi thong thuong.,73.01
023f52e48d1ad128,784ca6b743abf41b,11,1,11,11,xanh_car,Tỉnh Hà Giang,1.0,1.0,0.09090909090909091,xanh_car|Tỉnh Hà Giang,10.470799999999826,1.0,0.5,0.5,1.0,0.5,1.0,1.0,6.0,0.3502,True,1.0,70.76,70.76,10272.727272727272,113000.0,0.0,1,2026-07-27,Tỉnh Hà Giang,0.8666666666666667,"Xã Vị Xuyên, Tuyên Quang -> Xã Vị Xuyên, Tỉnh Tuyên Quang, Việt Nam",3,0.2727272727272727,False,0.0909,0.7616,1.0,0.0,27.39,46.91,22.64,37.09,33.48,0,0,0,0,0,ride_component_6,1,0,0.0,0,0,0.0,0.0,33.48,72.71,34.4,41.76,0.0,REPEATED_LOCKED_PAIR,Cap lap lai va phu thuoc bat thuong,Tai xe va khach hang di voi nhau nhieu lan va co muc do phu thuoc bat thuong so voi hanh vi thong thuong.,72.71,Cap lap lai va phu thuoc bat thuong,KB-C_EXTREME_VOLUME | KB-C_TIGHT_PAIR_SHARE,REPEATED_LOCKED_PAIR,Cap lap lai va phu thuoc bat thuong,Tai xe va khach hang di voi nhau nhieu lan va co muc do phu thuoc bat thuong so voi hanh vi thong thuong.,72.71
7707f835175da80c,93cfa84a47fae88f,10,0,10,10,xanh_premium,Tỉnh Tây Ninh,1.0,1.0,0.0,xanh_premium|Tỉnh Tây Ninh,9.753999999999905,1.0,0.5,0.5,1.0,0.5,1.0,1.0,6.0,0.3417,True,1.0,70.38,70.38,34000.0,340000.0,30000.0,1,2026-07-27,Tỉnh Tây Ninh,2.9166666666666665,"787 Đường tỉnh 787, Phường Trảng Bàng, Tỉnh Tây Ninh, Việt Nam -> Phường Gia Lộc, Tỉnh Tây Ninh, Việt Nam",1,0.1,False,0.0,0.6619,1.0,0.0,19.86,42.59,46.23,34.28,37.27,0,1,0,0,0,ride_component_7,1,0,0.0,0,0,5.4,3.54,37.27,72.35,26.15,29.3,1.95,REPEATED_LOCKED_PAIR,Cap lap lai va phu thuoc bat thuong,Tai xe va khach hang di voi nhau nhieu lan va co muc do phu thuoc bat thuong so voi hanh vi thong thuong.,72.35,Cap lap lai va phu thuoc bat thuong,KB-C_EXTREME_VOLUME | KB-C_TIGHT_PAIR_SHARE,REPEATED_LOCKED_PAIR,Cap lap lai va phu thuoc bat thuong,Tai xe va khach hang di voi nhau nhieu lan va co muc do phu thuoc bat thuong so voi hanh vi thong thuong.,72.35
e7d0b7f056509cdf,82f3af7f9355acd2,9,0,9,9,xanh_car,Tỉnh Long An,1.0,1.0,0.0,xanh_car|Tỉnh Long An,8.385599999999613,1.0,0.5,0.5,1.0,0.5,1.0,0.9603,6.0,0.3578,True,0.9603,68.92,68.92,30777.777777777777,277000.0,0.0,1,2026-07-27,Tỉnh Long An,2.6333333333333333,"Hương Lộ 10, Khu phố An Phú, Tổ 4, Phường An Tịnh, Tỉnh Tây Ninh, Việt Nam -> Xã Thái Mỹ, Thành phố Hồ Chí Minh, Việt Nam",1,0.1111111111111111,False,0.0,0.6719,0.5,0.1789,23.73,44.07,31.2,35.52,34.44,0,0,1,0,0,ride_component_8,1,0,0.0,0,0,5.4,3.58,34.44,70.73,28.86,29.89,1.97,REPEATED_LOCKED_PAIR,Cap lap lai va phu thuoc bat thuong,Tai xe va khach hang di voi nhau nhieu lan va co muc do phu thuoc bat thuong so voi hanh vi thong thuong.,70.73,Cap lap lai va phu thuoc bat thuong,KB-C_EXTREME_VOLUME | KB-C_TIGHT_PAIR_SHARE,REPEATED_LOCKED_PAIR,Cap lap lai va phu thuoc bat thuong,Tai xe va khach hang di voi nhau nhieu lan va co muc do phu thuoc bat thuong so voi hanh vi thong thuong.,70.73
06dc1428ff38bf0b,8b3402138b33ade8,9,0,9,9,xanh_premium,Tỉnh Nam Định,1.0,1.0,0.0,xanh_premium|Tỉnh Nam Định,8.874300000000005,1.0,0.5,0.5,1.0,0.5,1.0,0.9603,6.0,0.3381,True,0.9603,68.03,68.03,128111.11111111111,1153000.0,151000.0,1,2026-07-27,Tỉnh Nam Định,15.383333333333333,"Nam Định -> Ý Yên, Nam Định, Việt Nam",1,0.1111111111111111,False,0.0,0.3744,1.0,0.0,11.23,36.79,78.16,29.54,41.7,0,1,0,0,0,ride_component_9,1,0,0.0,0,0,5.4,3.36,41.7,69.9,14.79,23.8,1.85,REPEATED_LOCKED_PAIR,Cap lap lai va phu thuoc bat thuong,Tai xe va khach hang di voi nhau nhieu lan va co muc do phu thuoc bat thuong so voi hanh vi thong thuong.,69.9,Cap lap lai va phu thuoc bat thuong,KB-C_EXTREME_VOLUME | KB-C_TIGHT_PAIR_SHARE,REPEATED_LOCKED_PAIR,Cap lap lai va phu thuoc bat thuong,Tai xe va khach hang di voi nhau nhieu lan va co muc do phu thuoc bat thuong so voi hanh vi thong thuong.,69.9
8f3fdcaba9cd227e,fc93cbfb75bd312b,9,0,9,9,xanh_car_meter,Tỉnh Quảng Bình,1.0,1.0,0.0,xanh_car_meter|Tỉnh Quảng Bình,8.95999999999998,1.0,0.5,0.5,1.0,0.5,1.0,0.9603,6.0,0.3348,True,0.9603,67.88,67.88,115000.0,1035000.0,0.0,1,2026-07-27,Tỉnh Quảng Bình,3.8333333333333335,"Huyện Lệ Thủy, Tỉnh Quảng Bình -> location_address_display (0.000000, 0.000000)",2,0.2222222222222222,False,0.0,0.6772,1.0,0.0,20.32,41.72,46.14,33.6,36.74,0,0,0,1,0,ride_component_10,1,0,0.0,0,0,5.4,3.5,36.74,69.76,26.75,35.95,1.93,REPEATED_LOCKED_PAIR,Cap lap lai va phu thuoc bat thuong,Tai xe va khach hang di voi nhau nhieu lan va co muc do phu thuoc bat thuong so voi hanh vi thong thuong.,69.76,Cap lap lai va phu thuoc bat thuong,KB-C_EXTREME_VOLUME | KB-C_TIGHT_PAIR_SHARE,REPEATED_LOCKED_PAIR,Cap lap lai va phu thuoc bat thuong,Tai xe va khach hang di voi nhau nhieu lan va co muc do phu thuoc bat thuong so voi hanh vi thong thuong.,69.76
2477c69565209bbd,a701627e6c037ce6,14,0,15,14,xanh_premium,Tỉnh Thanh Hóa,0.9333333333333333,1.0,0.0,xanh_premium|Tỉnh Thanh Hóa,13.019600000000537,1.0,0.3333333333333333,0.5,0.9333,0.3333,0.9,1.0,6.0,0.3584,True,0.9,65.63,65.63,20428.571428571428,286000.0,26000.0,1,2026-07-27,Tỉnh Thanh Hóa,2.95,Thanh Hóa -> Thanh Hóa,4,0.2857142857142857,False,0.0,0.7169,0.5,0.1792,25.09,43.33,43.65,35.68,37.67,1,1,0,1,0,ride_component_11,1,0,0.0,0,0,10.81,7.08,37.67,67.25,30.65,39.9,3.89,REPEATED_LOCKED_PAIR,Cap lap lai va phu thuoc bat thuong,Tai xe va khach hang di voi nhau nhieu lan va co muc do phu thuoc bat thuong so voi hanh vi thong thuong.,67.25,Cap lap lai va phu thuoc bat thuong,KB-C_EXTREME_VOLUME | KB-C_TIGHT_PAIR_SHARE,REPEATED_LOCKED_PAIR,Cap lap lai va phu thuoc bat thuong,Tai xe va khach hang di voi nhau nhieu lan va co muc do phu thuoc bat thuong so voi hanh vi thong thuong.,67.25
83d08e845496ece2,e91b2b6e5c8d8602,7,0,7,7,xanh_premium,Thành phố Hồ Chí Minh,1.0,1.0,0.0,xanh_premium|Thành phố Hồ Chí Minh,6.0,1.0,0.5,0.5,1.0,0.5,1.0,0.8672,6.0,0.3889,True,0.8672,65.2,65.2,217857.14285714287,1525000.0,182000.0,1,2026-07-27,Thành phố Hồ Chí Minh,49.95,"102 Hẻm 102 Đường Đặng Vân Bi, Phường Thủ Đức, Thành phố Hồ Chí Minh -> 161 Đường Đồng Khởi, Phường Sài Gòn, Thành phố Hồ Chí Minh, Việt Nam",1,0.14285714285714285,False,0.0,0.0429,1.0,0.0,1.29,30.05,82.14,30.94,43.74,1,3,1,2,0,ride_component_12,2,1,1.0,3,1,64.76,37.69,43.74,66.63,1.7,18.5,48.23,REPEATED_LOCKED_PAIR,Cap lap lai va phu thuoc bat thuong,Tai xe va khach hang di voi nhau nhieu lan va co muc do phu thuoc bat thuong so voi hanh vi thong thuong.,66.63,,,,,,
d5b7dcc0ba5860dc,3d8210d1ef1503df,6,0,6,6,xanh_premium,Thành phố Hà Nội,1.0,1.0,0.0,xanh_premium|Thành phố Hà Nội,5.0,1.0,0.5,0.5,1.0,0.5,1.0,0.8115,6.0,0.4,True,0.8115,62.63,62.63,113833.33333333333,683000.0,36000.0,1,2026-07-27,Thành phố Hà Nội,38.2,"330 Đường Bà Triệu, Phường Hai Bà Trưng, Thành Phố Hà Nội, Việt Nam -> 44 Đường Yên Phụ, Phường Ba Đình, Thành phố Hà Nội, Việt Nam",1,0.16666666666666666,False,0.0,0.05,0.5,0.2,5.5,31.21,56.76,25.03,32.96,0,1,0,0,0,ride_component_13,1,0,0.0,0,0,5.4,3.16,32.96,63.87,4.58,19.56,1.74,REPEATED_LOCKED_PAIR,Cap lap lai va phu thuoc bat thuong,Tai xe va khach hang di voi nhau nhieu lan va co muc do phu thuoc bat thuong so voi hanh vi thong thuong.,63.87,,,,,,
a78b9f39d97a48e3,c2a20d1400677da5,9,0,10,9,xanh_limo_6_cho,Thành phố Hồ Chí Minh,0.9,1.0,0.0,xanh_limo_6_cho|Thành phố Hồ Chí Minh,7.809400000001915,1.0,0.3333333333333333,0.5,0.9,0.3333,0.85,0.9603,6.0,0.3842,True,0.8162,62.18,62.18,85333.33333333333,768000.0,55000.0,1,2026-07-27,Thành phố Hồ Chí Minh,8.333333333333334,"160A Đường Trường Chinh, Phường Bảy Hiền, Thành phố Hồ Chí Minh, Việt Nam -> Truong Son Street, Tan Son Hoa Ward, Ho Chi Minh City, Vietnam",1,0.1111111111111111,False,0.0,0.5389,0.5,0.1921,20.01,38.99,62.28,32.13,39.67,0,2,1,0,0,ride_component_14,1,0,0.0,0,0,10.81,6.79,39.67,63.48,23.78,26.22,3.73,REPEATED_LOCKED_PAIR,Cap lap lai va phu thuoc bat thuong,Tai xe va khach hang di voi nhau nhieu lan va co muc do phu thuoc bat thuong so voi hanh vi thong thuong.,63.48,Cap lap lai va phu thuoc bat thuong,KB-C_EXTREME_VOLUME | KB-C_TIGHT_PAIR_SHARE,REPEATED_LOCKED_PAIR,Cap lap lai va phu thuoc bat thuong,Tai xe va khach hang di voi nhau nhieu lan va co muc do phu thuoc bat thuong so voi hanh vi thong thuong.,63.48
4d9612560c1c4b24,77774de0595a2ba4,8,0,9,9,xanh_car,Thành phố Hồ Chí Minh,0.8888888888888888,0.8888888888888888,0.0,xanh_car|Thành phố Hồ Chí Minh,6.0,0.9999,0.3333333333333333,0.3333333333333333,0.8889,0.3333,0.8333,0.9163,6.0,0.4444,True,0.7636,62.0,62.0,98375.0,787000.0,97000.0,1,2026-07-27,Thành phố Hồ Chí Minh,4.783333333333333,"3 Xã Đông Thạnh, Thành phố Hồ Chí Minh, Việt Nam -> Xã Bình Mỹ, Thành phố Hồ Chí Minh, Việt Nam",1,0.125,False,0.0,0.6259,0.5,0.2222,23.22,40.67,69.45,41.89,48.78,0,1,1,2,1,ride_component_3,3,2,0.6667,4,2,76.47,48.69,48.78,62.96,27.61,28.69,58.45,REPEATED_LOCKED_PAIR,Cap lap lai va phu thuoc bat thuong,Tai xe va khach hang di voi nhau nhieu lan va co muc do phu thuoc bat thuong so voi hanh vi thong thuong.,62.96,Cap lap lai va phu thuoc bat thuong | Mau lien ket theo mang,KB-C_EXTREME_VOLUME | KB-C_TIGHT_PAIR_SHARE | KB-C_SUSPICIOUS_COMPONENT,REPEATED_LOCKED_PAIR,Cap lap lai va phu thuoc bat thuong,Tai xe va khach hang di voi nhau nhieu lan va co muc do phu thuoc bat thuong so voi hanh vi thong thuong.,62.96
ac5ad23248702f61,243ea0e71a4e1e1e,10,10,28,10,xanhsm_bike_sg,Thành phố Hồ Chí Minh,0.35714285714285715,1.0,1.0,xanhsm_bike_sg|Thành phố Hồ Chí Minh,3.0,1.0,0.09090909090909091,0.5,0.3571,0.0909,0.2929,1.0,6.0,1.0,True,0.2929,61.11,61.11,11400.0,114000.0,11000.0,1,2026-07-27,Thành phố Hồ Chí Minh,0.6833333333333333,"Phường Tân Sơn Nhất, Thành phố Hồ Chí Minh, Việt Nam -> Phường Tân Sơn Nhất, Thành phố Hồ Chí Minh, Việt Nam",4,0.4,True,1.0,0.8041,0.2857,0.7143,88.41,76.12,41.68,73.44,65.5,0,3,2,2,2,ride_component_15,2,1,1.0,4,1,74.0,61.35,65.5,58.99,88.55,57.25,66.24,GHOST_TRIP_EXECUTION_PATTERN,Mau thuc thi ghost trip,"Cap nay co dau hieu thuc thi ghost trip, voi nhieu chuyen nghi ngo gia lap hoac quay dau phi thuc te.",88.55,Cap lap lai va phu thuoc bat thuong | Mau thuc thi ghost trip,KB-C_EXTREME_VOLUME | KB-C_HIGH_GHOST_RATE | KB-C_SUPERFAST_GAP,GHOST_TRIP_EXECUTION_PATTERN,Mau thuc thi ghost trip,"Cap nay co dau hieu thuc thi ghost trip, voi nhieu chuyen nghi ngo gia lap hoac quay dau phi thuc te.",88.55
ac5ad23248702f61,31195016ed4e705a,10,10,28,10,xanhsm_bike_sg,Thành phố Hồ Chí Minh,0.35714285714285715,1.0,1.0,xanhsm_bike_sg|Thành phố Hồ Chí Minh,3.0,1.0,0.09090909090909091,0.5,0.3571,0.0909,0.2929,1.0,6.0,1.0,True,0.2929,61.11,61.11,11000.0,110000.0,14000.0,1,2026-07-27,Thành phố Hồ Chí Minh,0.85,"Phường Tân Sơn Nhất, Thành phố Hồ Chí Minh, Việt Nam -> 766/36-38 Hẻm 766 Đường Cách Mạng Tháng 8, Phường Tân Sơn Nhất, Thành phố Hồ Chí Minh, Việt Nam",3,0.3,True,1.0,0.7702,0.1429,0.8571,90.25,77.14,43.28,74.35,66.58,0,3,2,2,2,ride_component_15,2,1,1.0,4,1,74.0,61.76,66.58,58.99,89.07,51.07,66.47,GHOST_TRIP_EXECUTION_PATTERN,Mau thuc thi ghost trip,"Cap nay co dau hieu thuc thi ghost trip, voi nhieu chuyen nghi ngo gia lap hoac quay dau phi thuc te.",89.07,Cap lap lai va phu thuoc bat thuong | Mau thuc thi ghost trip,KB-C_EXTREME_VOLUME | KB-C_HIGH_GHOST_RATE | KB-C_SUPERFAST_GAP,GHOST_TRIP_EXECUTION_PATTERN,Mau thuc thi ghost trip,"Cap nay co dau hieu thuc thi ghost trip, voi nhieu chuyen nghi ngo gia lap hoac quay dau phi thuc te.",89.07
3a55b37a8e80cc97,8c773d0a4fdbba36,6,0,6,6,xanh_limo_6_cho,Tỉnh Tây Ninh,1.0,1.0,0.0,xanh_limo_6_cho|Tỉnh Tây Ninh,5.939400000000035,1.0,0.5,0.5,1.0,0.5,1.0,0.8115,6.0,0.3367,True,0.8115,59.78,59.78,39000.0,234000.0,0.0,1,2026-07-27,Tỉnh Tây Ninh,8.2,"Phường Bình Minh, Tỉnh Tây Ninh, Việt Nam -> Ninh Thọ, Phường Bình Minh, Tỉnh Tây Ninh, Việt Nam",1,0.16666666666666666,False,0.0,0.5587,1.0,0.0,16.76,36.12,28.81,29.12,29.04,0,0,1,0,0,ride_component_16,1,0,0.0,0,0,5.4,3.29,29.04,61.21,22.07,29.31,1.81,REPEATED_LOCKED_PAIR,Cap lap lai va phu thuoc bat thuong,Tai xe va khach hang di voi nhau nhieu lan va co muc do phu thuoc bat thuong so voi hanh vi thong thuong.,61.21,,,,,,
3c06cc361ddeb428,382fa86d8c478e7b,6,0,6,6,xanh_car,Thành phố Hồ Chí Minh,1.0,1.0,0.0,xanh_car|Thành phố Hồ Chí Minh,6.0,0.9999,0.5,0.5,1.0,0.5,1.0,0.8115,6.0,0.3333,True,0.8115,59.63,59.63,79000.0,474000.0,8000.0,1,2026-07-27,Thành phố Hồ Chí Minh,56.18333333333333,"153 Hẻm 153 Quốc lộ 13, Phường Bình Thạnh, Thành phố Hồ Chí Minh -> Hồ Chí Minh",1,0.16666666666666666,False,0.0,0.05,0.4167,0.1944,5.39,29.8,40.47,23.92,28.06,0,1,0,0,0,ride_component_17,1,0,0.0,0,0,5.4,3.1,28.06,61.07,4.5,19.11,1.71,REPEATED_LOCKED_PAIR,Cap lap lai va phu thuoc bat thuong,Tai xe va khach hang di voi nhau nhieu lan va co muc do phu thuoc bat thuong so voi hanh vi thong thuong.,61.07,,,,,,
613f459b37f859da,e18529227c343b53,6,6,6,6,xanh_premium,Thành phố Hồ Chí Minh,1.0,1.0,1.0,xanh_premium|Thành phố Hồ Chí Minh,6.0,0.9999,0.5,0.5,1.0,0.5,1.0,0.8115,6.0,0.3333,True,0.8115,59.63,59.63,133333.33333333334,800000.0,110000.0,1,2026-07-27,Thành phố Hồ Chí Minh,1.0333333333333334,"Phường Hiệp Bình, Thành Phố Hồ Chí Minh, Việt Nam -> Phường Tân Sơn, Thành phố Hồ Chí Minh, VNM",3,0.5,True,1.0,0.8259,0.5714,0.1428,77.63,69.53,69.59,64.01,65.4,0,1,0,2,0,ride_component_18,2,1,1.0,2,1,51.85,41.04,65.4,61.07,81.98,62.96,45.07,GHOST_TRIP_EXECUTION_PATTERN,Mau thuc thi ghost trip,"Cap nay co dau hieu thuc thi ghost trip, voi nhieu chuyen nghi ngo gia lap hoac quay dau phi thuc te.",81.98,Mau thuc thi ghost trip,KB-C_HIGH_GHOST_RATE | KB-C_SUPERFAST_GAP,GHOST_TRIP_EXECUTION_PATTERN,Mau thuc thi ghost trip,"Cap nay co dau hieu thuc thi ghost trip, voi nhieu chuyen nghi ngo gia lap hoac quay dau phi thuc te.",81.98
6ac447c7a0bdf9e4,73cf6441682389f9,6,0,6,6,xanh_car,Tỉnh Quảng Bình,1.0,1.0,0.0,xanh_car|Tỉnh Quảng Bình,6.0,1.0,0.5,0.5,1.0,0.5,1.0,0.8115,6.0,0.3333,True,0.8115,59.63,59.63,128666.66666666667,772000.0,111000.0,1,2026-07-27,Tỉnh Quảng Bình,21.9,"Quảng Ninh, Quảng Bình, Việt Nam -> Tân Định, Ninh Châu, Quảng Trị, Việt Nam",1,0.16666666666666666,False,0.0,0.239,1.0,0.0,7.17,30.78,69.11,25.35,36.29,0,2,1,0,0,ride_component_19,1,0,0.0,0,0,10.81,6.27,36.29,61.07,9.44,22.89,3.45,REPEATED_LOCKED_PAIR,Cap lap lai va phu thuoc bat thuong,Tai xe va khach hang di voi nhau nhieu lan va co muc do phu thuoc bat thuong so voi hanh vi thong thuong.,61.07,,,,,,
7adbde9054d5f77a,a65a6a06b713db93,6,0,6,6,xanh_car,Thành phố Hồ Chí Minh,1.0,1.0,0.0,xanh_car|Thành phố Hồ Chí Minh,6.0,0.9999,0.5,0.5,1.0,0.5,1.0,0.8115,6.0,0.3333,True,0.8115,59.63,59.63,185166.66666666666,1111000.0,57000.0,1,2026-07-27,Tỉnh Tây Ninh,51.05,"277 Đường Tỉnh 823, Ấp Chánh, Xã Đức Lập, Tỉnh Tây Ninh, Việt Nam(UTC+7) -> Phường Lộc Hưng, Thị xã Trảng Bàng, Tỉnh Tây Ninh",1,0.16666666666666666,False,0.0,0.05,0.9167,0.0278,2.06,27.96,68.87,23.02,34.48,0,1,0,2,0,ride_component_20,1,0,0.0,0,0,10.81,6.11,34.48,61.07,2.34,19.11,3.36,REPEATED_LOCKED_PAIR,Cap lap lai va phu thuoc bat thuong,Tai xe va khach hang di voi nhau nhieu lan va co muc do phu thuoc bat thuong so voi hanh vi thong thuong.,61.07,,,,,,
abca6b2b4cd2fba6,844120cb4d4f9013,6,0,6,6,xanh_premium,Thành phố Hồ Chí Minh,1.0,1.0,0.0,xanh_premium|Thành phố Hồ Chí Minh,6.0,0.9999,0.5,0.5,1.0,0.5,1.0,0.8115,6.0,0.3333,True,0.8115,59.63,59.63,138000.0,828000.0,52000.0,1,2026-07-27,Thành phố Hồ Chí Minh,46.71666666666667,"292 Đường Đinh Bộ Lĩnh, Phường Bình Thạnh, Thành phố Hồ Chí Minh, Việt Nam -> Phường Thông Tây Hội, Thành Phố Hồ Chí Minh, Việt Nam",2,0.3333333333333333,False,0.0,0.1,0.7143,0.0952,4.9,29.53,61.95,29.02,37.25,0,2,1,0,0,ride_component_21,2,1,1.0,2,1,51.85,29.73,37.25,61.07,5.18,29.28,38.85,REPEATED_LOCKED_PAIR,Cap lap lai va phu thuoc bat thuong,Tai xe va khach hang di voi nhau nhieu lan va co muc do phu thuoc bat thuong so voi hanh vi thong thuong.,61.07,,,,,,
aca40c1e080488b8,49c43c61b5af61c2,6,0,6,6,xanh_car,Thành phố Hồ Chí Minh,1.0,1.0,0.0,xanh_car|Thành phố Hồ Chí Minh,6.0,0.9999,0.5,0.5,1.0,0.5,1.0,0.8115,6.0,0.3333,True,0.8115,59.63,59.63,48833.333333333336,293000.0,32000.0,1,2026-07-27,Thành phố Hồ Chí Minh,32.18333333333333,"750, Phường Bình Hưng Hòa, Thành Phố Hồ Chí Minh, Việt Nam -> Phường Bình Tân, Thành phố Hồ Chí Minh, Việt Nam",1,0.16666666666666666,False,0.0,0.05,0.1667,0.2778,7.06,30.71,46.31,25.3,30.55,0,0,1,2,0,ride_component_22,1,0,0.0,0,0,10.81,6.27,30.55,61.07,5.59,19.11,3.45,REPEATED_LOCKED_PAIR,Cap lap lai va phu thuoc bat thuong,Tai xe va khach hang di voi nhau nhieu lan va co muc do phu thuoc bat thuong so voi hanh vi thong thuong.,61.07,,,,,,
dbcd9993b0a1bc4b,a67dc01d2f4e52a3,6,0,6,6,xanh_limo_6_cho,Tỉnh Đồng Nai,1.0,1.0,0.0,xanh_limo_6_cho|Tỉnh Đồng Nai,6.0,1.0,0.5,0.5,1.0,0.5,1.0,0.8115,6.0,0.3333,True,0.8115,59.63,59.63,158500.0,951000.0,87000.0,1,2026-07-27,Tỉnh Đồng Nai,9.566666666666666,"112 Đường Phạm Thị Nghĩa, Phường Tam Hiệp, Tỉnh Đồng Nai, Việt Nam -> Phường Trấn Biên, Tỉnh Đồng Nai, Việt Nam",1,0.16666666666666666,False,0.0,0.5268,1.0,0.0,15.8,35.53,68.67,29.29,39.14,0,2,1,0,0,ride_component_23,1,0,0.0,0,0,10.81,6.55,39.14,61.07,20.81,28.65,3.6,REPEATED_LOCKED_PAIR,Cap lap lai va phu thuoc bat thuong,Tai xe va khach hang di voi nhau nhieu lan va co muc do phu thuoc bat thuong so voi hanh vi thong thuong.,61.07,,,,,,
5e42b0800f6f1591,e6c2f5f88241332b,5,0,5,5,xanh_car,Tỉnh Gia Lai,1.0,1.0,0.0,xanh_car|Tỉnh Gia Lai,4.722699999999804,1.0,0.5,0.5,1.0,0.5,1.0,0.7472,6.0,0.3529,True,0.7472,56.98,56.98,236400.0,1182000.0,566000.0,1,2026-07-27,Tỉnh Gia Lai,36.03333333333333,"132 Đường Tôn Thất Tùng, Phường Pleiku, Tỉnh Gia Lai, Việt Nam -> Tỉnh Gia Lai",1,0.2,False,0.0,0.06,1.0,0.0,1.8,26.63,83.42,20.75,36.42,0,0,0,0,0,ride_component_24,1,0,0.0,0,0,0.0,0.0,36.42,58.16,2.37,17.29,0.0,REPEATED_LOCKED_PAIR,Cap lap lai va phu thuoc bat thuong,Tai xe va khach hang di voi nhau nhieu lan va co muc do phu thuoc bat thuong so voi hanh vi thong thuong.,58.16,,,,,,
def6f67206cb7756,25bdbfc71916c38c,12,0,17,12,xanh_car,Tỉnh Đồng Nai,0.7058823529411765,1.0,0.0,xanh_car|Tỉnh Đồng Nai,8.883600000001024,1.0,0.14285714285714285,0.5,0.7059,0.1429,0.6569,1.0,6.0,0.4503,True,0.6569,56.39,56.39,72166.66666666667,866000.0,0.0,1,2026-07-27,Tỉnh Đồng Nai,6.933333333333334,"Dốc Mơ, Gia Tân, Thống Nhất, Đồng Nai -> Ấp Võ Dõng, Xã Gia Kiệm, Tỉnh Đồng Nai, Việt Nam",2,0.16666666666666666,False,0.0,0.5882,1.0,0.0,17.65,35.08,46.21,28.71,33.08,0,0,0,2,0,ride_component_25,1,0,0.0,0,0,8.57,5.14,33.08,57.01,23.24,29.39,2.83,REPEATED_LOCKED_PAIR,Cap lap lai va phu thuoc bat thuong,Tai xe va khach hang di voi nhau nhieu lan va co muc do phu thuoc bat thuong so voi hanh vi thong thuong.,57.01,Cap lap lai va phu thuoc bat thuong,KB-C_EXTREME_VOLUME | KB-C_TIGHT_PAIR_SHARE,REPEATED_LOCKED_PAIR,Cap lap lai va phu thuoc bat thuong,Tai xe va khach hang di voi nhau nhieu lan va co muc do phu thuoc bat thuong so voi hanh vi thong thuong.,57.01
5fc808a4c01d7935,d273f537788cb093,5,0,5,5,xanh_limo_6_cho,Tỉnh Long An,1.0,1.0,0.0,xanh_limo_6_cho|Tỉnh Long An,4.9424000000000206,1.0,0.5,0.5,1.0,0.5,1.0,0.7472,6.0,0.3372,True,0.7472,56.27,56.27,39800.0,199000.0,4000.0,1,2026-07-27,Tỉnh Long An,4.016666666666667,"Xã Mỹ Hạnh, Tỉnh Tây Ninh, Việt Nam -> Xã Mỹ Hạnh, Tỉnh Tây Ninh, Việt Nam",2,0.4,False,0.0,0.7263,1.0,0.0,21.79,37.31,28.94,30.82,30.35,0,1,1,1,0,ride_component_26,1,0,0.0,0,0,10.81,6.62,30.35,57.5,28.69,37.47,3.64,REPEATED_LOCKED_PAIR,Cap lap lai va phu thuoc bat thuong,Tai xe va khach hang di voi nhau nhieu lan va co muc do phu thuoc bat thuong so voi hanh vi thong thuong.,57.5,,,,,,
26cba052effbf0e3,f45ded2c24cce763,7,0,8,7,xanh_car,Thành phố Hà Nội,0.875,1.0,0.0,xanh_car|Thành phố Hà Nội,6.0,0.9999,0.3333333333333333,0.5,0.875,0.3333,0.8125,0.8672,6.0,0.3889,True,0.7046,56.25,56.25,157714.2857142857,1104000.0,109000.0,1,2026-07-27,Thành phố Hà Nội,90.5,"Thôn Song Khê, Xã Tam Hưng, Thành phố Hà Nội, Việt Nam -> 2 Phố Bế Văn Đàn, Phường Hà Đông, Thành Phố Hà Nội, Việt Nam",2,0.2857142857142857,False,0.0,0.0857,1.0,0.0,2.57,26.73,75.1,21.44,34.86,0,0,0,1,0,ride_component_27,1,0,0.0,0,0,5.4,2.99,34.86,57.2,3.38,25.87,1.64,REPEATED_LOCKED_PAIR,Cap lap lai va phu thuoc bat thuong,Tai xe va khach hang di voi nhau nhieu lan va co muc do phu thuoc bat thuong so voi hanh vi thong thuong.,57.2,,,,,,
5757a0575588f387,902e909b69c0bb7d,7,1,8,7,xanh_car,Thành phố Hồ Chí Minh,0.875,1.0,0.14285714285714285,xanh_car|Thành phố Hồ Chí Minh,6.0,0.9999,0.3333333333333333,0.5,0.875,0.3333,0.8125,0.8672,6.0,0.3889,True,0.7046,56.25,56.25,114285.71428571429,800000.0,57000.0,1,2026-07-27,Thành phố Hồ Chí Minh,60.016666666666666,"292 Đường Đinh Bộ Lĩnh, Phường Bình Thạnh, Thành phố Hồ Chí Minh, Việt Nam -> 26 Đường Số 6, Phường Thủ Đức, Thành phố Hồ Chí Minh, Việt Nam",1,0.14285714285714285,False,0.1429,0.0429,0.5833,0.162,11.67,31.73,64.94,31.34,39.74,0,2,2,1,0,ride_component_21,2,1,1.0,2,1,55.01,32.01,39.74,57.2,10.59,18.58,40.11,REPEATED_LOCKED_PAIR,Cap lap lai va phu thuoc bat thuong,Tai xe va khach hang di voi nhau nhieu lan va co muc do phu thuoc bat thuong so voi hanh vi thong thuong.,57.2,,,,,,
7370b6f272bba1e8,489ebee5b9e7190d,7,0,8,7,xanh_car,Thành phố Hà Nội,0.875,1.0,0.0,xanh_car|Thành phố Hà Nội,6.0,0.9999,0.3333333333333333,0.5,0.875,0.3333,0.8125,0.8672,6.0,0.3889,True,0.7046,56.25,56.25,30714.285714285714,215000.0,18000.0,1,2026-07-27,Thành phố Hà Nội,4.133333333333334,"KCN Quất Động, Xã Thượng Phúc, Thành phố Hà Nội, Việt Nam -> Thôn Quất Động, Xã Thượng Phúc, Thành phố Hà Nội, Việt Nam",1,0.14285714285714285,False,0.0,0.6464,0.1111,0.3457,26.31,39.78,38.54,39.76,39.46,0,0,1,1,1,ride_component_1,4,4,0.6667,3,2,65.81,41.18,39.46,57.2,30.03,29.22,49.32,COORDINATED_NETWORK_PATTERN,Mau lien ket theo mang,Cap nay khong dung mot minh ma nam trong mot nhom lien ket voi cac cap dang nghi khac.,49.32,Mau lien ket theo mang,KB-C_SUSPICIOUS_COMPONENT,COORDINATED_NETWORK_PATTERN,Mau lien ket theo mang,Cap nay khong dung mot minh ma nam trong mot nhom lien ket voi cac cap dang nghi khac.,49.32
052f7fc7ce81ec90,42bbc3f2923e262a,5,0,5,5,xanh_premium,Thành phố Hà Nội,1.0,1.0,0.0,xanh_premium|Thành phố Hà Nội,5.0,0.9999,0.5,0.5,1.0,0.5,1.0,0.7472,6.0,0.3333,True,0.7472,56.09,56.09,253000.0,1265000.0,144000.0,1,2026-07-27,Thành phố Hà Nội,40.56666666666667,"35 Đường Đoàn Thị Điểm, Phường Ô Chợ Dừa, Thành Phố Hà Nội, Việt Nam -> Tổ dân phố An Đào, Gia Lâm, Thành phố Hà Nội, Việt Nam",1,0.2,False,0.0,0.06,0.8333,0.0555,2.91,26.84,78.55,20.94,35.34,0,0,0,0,0,ride_component_28,1,0,0.0,0,0,0.0,0.0,35.34,57.33,3.09,17.18,0.0,REPEATED_LOCKED_PAIR,Cap lap lai va phu thuoc bat thuong,Tai xe va khach hang di voi nhau nhieu lan va co muc do phu thuoc bat thuong so voi hanh vi thong thuong.,57.33,,,,,,
11e4996e955e9754,c74aa8d733e635a5,5,0,5,5,xanh_premium,Thành phố Hà Nội,1.0,1.0,0.0,xanh_premium|Thành phố Hà Nội,5.0,0.9999,0.5,0.5,1.0,0.5,1.0,0.7472,6.0,0.3333,True,0.7472,56.09,56.09,39000.0,195000.0,21000.0,1,2026-07-27,Thành phố Hà Nội,3.683333333333333,"29-BT5, Khu đô thị Pháp Vân, Phường Yên Sở, Thành Phố Hà Nội, Việt Nam -> Phường Yên Sở, Thành Phố Hà Nội, Việt Nam",1,0.2,False,0.0,0.6741,0.1667,0.2778,25.78,39.42,37.95,31.23,32.91,0,0,0,0,0,ride_component_29,1,0,0.0,0,0,0.0,0.0,32.91,57.33,30.24,27.41,0.0,REPEATED_LOCKED_PAIR,Cap lap lai va phu thuoc bat thuong,Tai xe va khach hang di voi nhau nhieu lan va co muc do phu thuoc bat thuong so voi hanh vi thong thuong.,57.33,,,,,,
3e492fe7c78f1e80,62330490aed4083d,5,0,5,5,xanh_car,Thành phố Đà Nẵng,1.0,1.0,0.0,xanh_car|Thành phố Đà Nẵng,5.0,1.0,0.5,0.5,1.0,0.5,1.0,0.7472,6.0,0.3333,True,0.7472,56.09,56.09,207200.0,1036000.0,128000.0,1,2026-07-27,Thành phố Đà Nẵng,67.8,"11 Đường Nguyễn Văn Linh, Phường Hải Châu, Thành phố Đà Nẵng, Việt Nam -> 268 Đường Võ Nguyên Giáp, Bắc Mỹ Phú, Ngũ Hành Sơn, Thành phố Đà Nẵng, Việt Nam",1,0.2,False,0.0,0.06,1.0,0.0,1.8,26.23,74.11,21.39,34.57,0,1,1,0,0,ride_component_30,1,0,0.0,0,0,8.57,4.73,34.57,57.33,2.37,17.18,2.6,REPEATED_LOCKED_PAIR,Cap lap lai va phu thuoc bat thuong,Tai xe va khach hang di voi nhau nhieu lan va co muc do phu thuoc bat thuong so voi hanh vi thong thuong.,57.33,,,,,,
52288f5aa5ec068f,5e8b20cef822f8ab,5,0,5,5,xanh_premium,Tỉnh Kiên Giang,1.0,1.0,0.0,xanh_premium|Tỉnh Kiên Giang,5.0,1.0,0.5,0.5,1.0,0.5,1.0,0.7472,6.0,0.3333,True,0.7472,56.09,56.09,204400.0,1022000.0,0.0,1,2026-07-27,Tỉnh Kiên Giang,55.28333333333333,"1 Đường Nguyễn Trung Trực, Đặc khu Phú Quốc, Tỉnh An Giang, Việt Nam -> Phú Quốc, Kiên Giang",1,0.2,False,0.0,0.06,1.0,0.0,1.8,26.23,45.83,20.44,26.79,0,0,0,0,0,ride_component_31,1,0,0.0,0,0,0.0,0.0,26.79,57.33,2.37,17.18,0.0,REPEATED_LOCKED_PAIR,Cap lap lai va phu thuoc bat thuong,Tai xe va khach hang di voi nhau nhieu lan va co muc do phu thuoc bat thuong so voi hanh vi thong thuong.,57.33,,,,,,
b5d341c4c4be251d,753e2f6f7c7d77b9,5,1,5,5,xanh_premium,Thành phố Hà Nội,1.0,1.0,0.2,xanh_premium|Thành phố Hà Nội,5.0,0.9999,0.5,0.5,1.0,0.5,1.0,0.7472,6.0,0.3333,True,0.7472,56.09,56.09,259800.0,1299000.0,136000.0,1,2026-07-27,Thành phố Hà Nội,9.416666666666666,"LK06 NO17 Phố Hà Trì, Phường Hà Đông, Thành Phố Hà Nội, Việt Nam -> Xã Đông Anh, Thành Phố Hà Nội, Việt Nam",1,0.2,False,0.2,0.5403,1.0,0.0,26.21,39.66,78.47,32.5,43.99,0,2,0,0,0,ride_component_32,1,0,0.0,0,0,8.57,5.36,43.99,57.33,30.84,26.85,2.95,REPEATED_LOCKED_PAIR,Cap lap lai va phu thuoc bat thuong,Tai xe va khach hang di voi nhau nhieu lan va co muc do phu thuoc bat thuong so voi hanh vi thong thuong.,57.33,,,,,,
e3664478b5588228,0ea15bda0b859ab9,5,0,5,5,xanh_premium,Tỉnh Lào Cai,1.0,1.0,0.0,xanh_premium|Tỉnh Lào Cai,5.0,1.0,0.5,0.5,1.0,0.5,1.0,0.7472,6.0,0.3333,True,0.7472,56.09,56.09,184400.0,922000.0,120000.0,1,2026-07-27,Tỉnh Lào Cai,34.666666666666664,Lào Cai -> Lào Cai,1,0.2,False,0.0,0.06,1.0,0.0,1.8,26.23,72.07,21.04,33.8,0,1,0,0,0,ride_component_33,1,0,0.0,0,0,5.4,2.98,33.8,57.33,2.37,17.18,1.64,REPEATED_LOCKED_PAIR,Cap lap lai va phu thuoc bat thuong,Tai xe va khach hang di voi nhau nhieu lan va co muc do phu thuoc bat thuong so voi hanh vi thong thuong.,57.33,,,,,,
e7f4644f5961f254,50490fc62991d973,5,0,5,5,xanh_limo_6_cho,Tỉnh Bình Dương,1.0,1.0,0.0,xanh_limo_6_cho|Tỉnh Bình Dương,5.0,1.0,0.5,0.5,1.0,0.5,1.0,0.7472,6.0,0.3333,True,0.7472,56.09,56.09,308800.0,1544000.0,0.0,1,2026-07-27,Tỉnh Bình Dương,53.21666666666667,"101 Đường 30 Tháng 4, Phường Phú Lợi, Thành phố Hồ Chí Minh, Việt Nam -> 72 Lê Thánh Tôn, Phường Sài Gòn, Thành phố Hồ Chí Minh, VNM",1,0.2,False,0.0,0.06,1.0,0.0,1.8,26.23,51.43,20.44,28.19,0,0,0,0,0,ride_component_34,1,0,0.0,0,0,0.0,0.0,28.19,57.33,2.37,17.18,0.0,REPEATED_LOCKED_PAIR,Cap lap lai va phu thuoc bat thuong,Tai xe va khach hang di voi nhau nhieu lan va co muc do phu thuoc bat thuong so voi hanh vi thong thuong.,57.33,,,,,,
5bfcc769835bc616,49b8504ff44a6f3d,7,4,14,8,xanhsm_bike_sg,Thành phố Hồ Chí Minh,0.5,0.875,0.5714285714285714,xanhsm_bike_sg|Thành phố Hồ Chí Minh,3.0,1.0,0.1111111111111111,0.3333333333333333,0.5,0.1111,0.4375,0.8672,6.0,0.7778,True,0.3794,55.87,55.87,17285.714285714286,121000.0,11000.0,1,2026-07-27,Thành phố Hồ Chí Minh,0.5166666666666667,"Phường Bình Tân, Thành phố Hồ Chí Minh, Việt Nam -> 188 Quốc lộ 1A, Phường Bình Tân, Thành phố Hồ Chí Minh, Việt Nam",3,0.42857142857142855,True,0.5714,0.8165,1.0,0.0,53.07,54.33,38.36,44.2,42.74,0,0,1,0,0,ride_component_35,1,0,0.0,0,0,5.4,3.81,42.74,54.67,59.4,54.0,2.1,GHOST_TRIP_EXECUTION_PATTERN,Mau thuc thi ghost trip,"Cap nay co dau hieu thuc thi ghost trip, voi nhieu chuyen nghi ngo gia lap hoac quay dau phi thuc te.",59.4,Mau thuc thi ghost trip,KB-C_HIGH_GHOST_RATE | KB-C_SUPERFAST_GAP,GHOST_TRIP_EXECUTION_PATTERN,Mau thuc thi ghost trip,"Cap nay co dau hieu thuc thi ghost trip, voi nhieu chuyen nghi ngo gia lap hoac quay dau phi thuc te.",59.4
5dd78d9a81cbed8f,b17fc5490aa266e4,9,0,13,9,xanh_car,Thành phố Hà Nội,0.6923076923076923,1.0,0.0,xanh_car|Thành phố Hà Nội,6.0,1.0,0.16666666666666666,0.5,0.6923,0.1667,0.6308,0.9603,6.0,0.5,True,0.6057,55.81,55.81,31555.555555555555,284000.0,0.0,1,2026-07-27,Thành phố Hà Nội,2.1,"Cao Khang Store, Xã Thư Lâm, Thành Phố Hà Nội, Việt Nam -> Thị trấn Đông Anh, Xã Thư Lâm, Thành Phố Hà Nội, Việt Nam",1,0.1111111111111111,False,0.0,0.6843,0.3333,0.3333,27.2,40.07,34.32,32.85,33.22,0,0,2,0,0,ride_component_36,1,0,0.0,0,0,8.57,5.37,33.22,56.13,31.37,28.17,2.95,REPEATED_LOCKED_PAIR,Cap lap lai va phu thuoc bat thuong,Tai xe va khach hang di voi nhau nhieu lan va co muc do phu thuoc bat thuong so voi hanh vi thong thuong.,56.13,Cap lap lai va phu thuoc bat thuong,KB-C_EXTREME_VOLUME | KB-C_TIGHT_PAIR_SHARE,REPEATED_LOCKED_PAIR,Cap lap lai va phu thuoc bat thuong,Tai xe va khach hang di voi nhau nhieu lan va co muc do phu thuoc bat thuong so voi hanh vi thong thuong.,56.13
652280701c4d0c32,0cb58995c54abba0,8,2,23,8,xanhsm_bike_sg,Thành phố Hồ Chí Minh,0.34782608695652173,1.0,0.25,xanhsm_bike_sg|Thành phố Hồ Chí Minh,3.0,1.0,0.058823529411764705,0.5,0.3478,0.0588,0.3071,0.9163,6.0,0.8889,True,0.2814,55.48,55.48,11625.0,93000.0,4000.0,1,2026-07-27,Thành phố Hồ Chí Minh,0.9,"17 Đường D5, Phường Thạnh Mỹ Tây, Thành phố Hồ Chí Minh, Việt Nam -> Phường Thạnh Mỹ Tây, Thành phố Hồ Chí Minh, Việt Nam",1,0.125,True,0.25,0.7165,0.4286,0.5079,44.15,49.25,33.54,40.75,38.95,0,2,0,1,0,ride_component_37,1,0,0.0,0,0,10.81,7.31,38.95,53.66,46.78,32.03,4.02,REPEATED_LOCKED_PAIR,Cap lap lai va phu thuoc bat thuong,Tai xe va khach hang di voi nhau nhieu lan va co muc do phu thuoc bat thuong so voi hanh vi thong thuong.,53.66,Cap lap lai va phu thuoc bat thuong | Mau thuc thi ghost trip,KB-C_EXTREME_VOLUME | KB-C_SUPERFAST_GAP,REPEATED_LOCKED_PAIR,Cap lap lai va phu thuoc bat thuong,Tai xe va khach hang di voi nhau nhieu lan va co muc do phu thuoc bat thuong so voi hanh vi thong thuong.,53.66
d2a356488a6d7005,67b19ffa85ba28c1,8,3,10,8,xanh_car,Thành phố Hà Nội,0.8,1.0,0.375,xanh_car|Thành phố Hà Nội,6.0,1.0,0.3333333333333333,0.5,0.8,0.3333,0.7,0.9163,6.0,0.4444,True,0.6414,55.28,55.28,32375.0,259000.0,0.0,1,2026-07-27,Thành phố Hà Nội,2.5166666666666666,"Thành phố Hà Nội -> Xã Nội Bài, Thành phố Hà Nội, Việt Nam",3,0.375,False,0.375,0.7538,0.4444,0.2469,46.3,50.34,32.09,41.35,39.04,0,0,1,1,0,ride_component_38,1,0,0.0,0,0,8.57,5.85,39.04,55.87,50.8,47.74,3.22,REPEATED_LOCKED_PAIR,Cap lap lai va phu thuoc bat thuong,Tai xe va khach hang di voi nhau nhieu lan va co muc do phu thuoc bat thuong so voi hanh vi thong thuong.,55.87,Cap lap lai va phu thuoc bat thuong,KB-C_EXTREME_VOLUME | KB-C_TIGHT_PAIR_SHARE,REPEATED_LOCKED_PAIR,Cap lap lai va phu thuoc bat thuong,Tai xe va khach hang di voi nhau nhieu lan va co muc do phu thuoc bat thuong so voi hanh vi thong thuong.,55.87
3a3c0eb1926d9e65,e9395bd45deffea8,10,0,13,10,xanh_premium,Thành phố Cần Thơ,0.7692307692307693,1.0,0.0,xanh_premium|Thành phố Cần Thơ,9.315999999999804,1.0,0.2,0.5,0.7692,0.2,0.7115,1.0,6.0,0.3578,True,0.7115,55.23,55.23,71800.0,718000.0,55000.0,1,2026-07-27,Thành phố Cần Thơ,26.033333333333335,"026, Phường Hưng Phú, Thành phố Cần Thơ, Việt Nam -> 288 Đường Nguyễn Văn Cừ, Phường Cái Khế, Thành phố Cần Thơ, Việt Nam",1,0.1,False,0.0,0.1226,1.0,0.0,3.68,26.88,59.8,21.94,31.4,0,1,0,1,0,ride_component_39,1,0,0.0,0,0,8.57,4.75,31.4,56.29,4.84,16.24,2.61,REPEATED_LOCKED_PAIR,Cap lap lai va phu thuoc bat thuong,Tai xe va khach hang di voi nhau nhieu lan va co muc do phu thuoc bat thuong so voi hanh vi thong thuong.,56.29,Cap lap lai va phu thuoc bat thuong,KB-C_EXTREME_VOLUME | KB-C_TIGHT_PAIR_SHARE,REPEATED_LOCKED_PAIR,Cap lap lai va phu thuoc bat thuong,Tai xe va khach hang di voi nhau nhieu lan va co muc do phu thuoc bat thuong so voi hanh vi thong thuong.,56.29
39b4ea12cb7d3b36,ad3c19ed59916a8f,9,0,13,9,xanh_car,Thành phố Hồ Chí Minh,0.6923076923076923,1.0,0.0,xanh_car|Thành phố Hồ Chí Minh,6.0,1.0,0.2,0.5,0.6923,0.2,0.6154,0.9603,6.0,0.5,True,0.5909,55.0,55.0,50666.666666666664,456000.0,36000.0,1,2026-07-27,Thành phố Hồ Chí Minh,3.1,"121 Đường Nguyễn Bỉnh Khiêm, Phường Tân Định, Thành Phố Hồ Chí Minh, Việt Nam -> 772 Đường Điện Biên Phủ, Phường Thạnh Mỹ Tây, Thành phố Hồ Chí Minh, Việt Nam",1,0.1111111111111111,False,0.0,0.661,0.25,0.375,27.33,39.78,54.84,32.62,38.17,0,1,0,1,0,ride_component_40,1,0,0.0,0,0,8.57,5.35,38.17,55.27,30.98,27.58,2.94,REPEATED_LOCKED_PAIR,Cap lap lai va phu thuoc bat thuong,Tai xe va khach hang di voi nhau nhieu lan va co muc do phu thuoc bat thuong so voi hanh vi thong thuong.,55.27,Cap lap lai va phu thuoc bat thuong,KB-C_EXTREME_VOLUME | KB-C_TIGHT_PAIR_SHARE,REPEATED_LOCKED_PAIR,Cap lap lai va phu thuoc bat thuong,Tai xe va khach hang di voi nhau nhieu lan va co muc do phu thuoc bat thuong so voi hanh vi thong thuong.,55.27
d69c518bb874969b,cf4ed370c7c89d68,9,5,12,9,xanh_car,Tỉnh Bình Dương,0.75,1.0,0.5555555555555556,xanh_car|Tỉnh Bình Dương,7.074799999998504,1.0,0.25,0.5,0.75,0.25,0.6667,0.9603,6.0,0.424,True,0.6402,54.29,54.29,30777.777777777777,277000.0,0.0,1,2026-07-27,Tỉnh Bình Dương,1.6833333333333333,"Phường Hòa Lợi, Thành phố Hồ Chí Minh, Việt Nam -> Phường Hòa Lợi, Thành phố Hồ Chí Minh, Việt Nam",3,0.3333333333333333,True,0.5556,0.7607,1.0,0.0,50.6,52.26,32.52,41.77,39.46,0,0,0,0,0,ride_component_41,1,0,0.0,0,0,0.0,0.0,39.46,54.94,56.44,47.25,0.0,GHOST_TRIP_EXECUTION_PATTERN,Mau thuc thi ghost trip,"Cap nay co dau hieu thuc thi ghost trip, voi nhieu chuyen nghi ngo gia lap hoac quay dau phi thuc te.",56.44,Cap lap lai va phu thuoc bat thuong | Mau thuc thi ghost trip,KB-C_EXTREME_VOLUME | KB-C_TIGHT_PAIR_SHARE | KB-C_HIGH_GHOST_RATE | KB-C_SUPERFAST_GAP,GHOST_TRIP_EXECUTION_PATTERN,Mau thuc thi ghost trip,"Cap nay co dau hieu thuc thi ghost trip, voi nhieu chuyen nghi ngo gia lap hoac quay dau phi thuc te.",56.44
c8829c1ad55e7f1c,41d3cd0ae4e12f2e,7,0,8,7,xanh_car_just_taxi,Tỉnh Hòa Bình,0.875,1.0,0.0,xanh_car_just_taxi|Tỉnh Hòa Bình,6.8596,1.0,0.3333333333333333,0.5,0.875,0.3333,0.8125,0.8672,6.0,0.3402,True,0.7046,54.06,54.06,84857.14285714286,594000.0,0.0,1,2026-07-27,Tỉnh Hòa Bình,24.366666666666667,"Khách sạn Công Đoàn Kim Bôi, MGW5+87M, Xã Kim Bôi, Tỉnh Phú Thọ, Việt Nam ->  Tỉnh Hòa Bình",2,0.2857142857142857,False,0.0,0.2172,1.0,0.0,6.51,27.91,37.56,22.45,26.23,0,0,1,0,0,ride_component_42,1,0,0.0,0,0,5.4,3.02,26.23,55.15,8.58,28.17,1.66,REPEATED_LOCKED_PAIR,Cap lap lai va phu thuoc bat thuong,Tai xe va khach hang di voi nhau nhieu lan va co muc do phu thuoc bat thuong so voi hanh vi thong thuong.,55.15,,,,,,
72d97aafe9200fa7,19d8ccb251d42091,9,1,10,11,xanh_premium,Tỉnh Quảng Nam,0.9,0.8181818181818182,0.1111111111111111,xanh_premium|Tỉnh Quảng Nam,8.679999999999836,1.0,0.3333333333333333,0.3333333333333333,0.8182,0.3333,0.7273,0.9603,6.0,0.3456,True,0.6984,53.96,53.96,68000.0,612000.0,91000.0,1,2026-07-27,Tỉnh Quảng Nam,5.75,Tỉnh Quảng Nam -> Thành phố Đà Nẵng,2,0.2222222222222222,False,0.1111,0.6325,0.5,0.1728,27.99,39.67,61.71,32.55,39.84,0,2,0,0,0,ride_component_43,1,0,0.0,0,0,8.57,5.34,39.84,55.02,32.51,34.08,2.94,REPEATED_LOCKED_PAIR,Cap lap lai va phu thuoc bat thuong,Tai xe va khach hang di voi nhau nhieu lan va co muc do phu thuoc bat thuong so voi hanh vi thong thuong.,55.02,Cap lap lai va phu thuoc bat thuong,KB-C_EXTREME_VOLUME | KB-C_TIGHT_PAIR_SHARE,REPEATED_LOCKED_PAIR,Cap lap lai va phu thuoc bat thuong,Tai xe va khach hang di voi nhau nhieu lan va co muc do phu thuoc bat thuong so voi hanh vi thong thuong.,55.02
e504bb113eedbb01,b362416ee69d1f84,18,0,29,18,xanhsm_bike_hn,Thành phố Hải Phòng,0.6206896551724138,1.0,0.0,xanhsm_bike_hn|Thành phố Hải Phòng,12.689799999999195,1.0,0.07692307692307693,0.5,0.6207,0.0769,0.5891,1.0,6.0,0.4728,True,0.5891,53.68,53.68,23777.777777777777,428000.0,16000.0,1,2026-07-27,Thành phố Hải Phòng,4.65,"1 Dong Hai, Phường Đông Hải, Thành phố Hải Phòng, Việt Nam -> Phường Đông Hải, Thành phố Hải Phòng, Việt Nam",1,0.05555555555555555,False,0.0,0.6082,1.0,0.0,18.25,34.19,47.26,27.64,32.54,0,1,0,0,0,ride_component_44,1,0,0.0,0,0,5.4,3.2,32.54,54.03,24.03,23.27,1.76,REPEATED_LOCKED_PAIR,Cap lap lai va phu thuoc bat thuong,Tai xe va khach hang di voi nhau nhieu lan va co muc do phu thuoc bat thuong so voi hanh vi thong thuong.,54.03,Cap lap lai va phu thuoc bat thuong,KB-C_EXTREME_VOLUME | KB-C_TIGHT_PAIR_SHARE,REPEATED_LOCKED_PAIR,Cap lap lai va phu thuoc bat thuong,Tai xe va khach hang di voi nhau nhieu lan va co muc do phu thuoc bat thuong so voi hanh vi thong thuong.,54.03
f94e52b0bfd5a39f,239a6b4107fca2d6,9,2,13,9,xanh_car,Thành phố Hồ Chí Minh,0.6923076923076923,1.0,0.2222222222222222,xanh_car|Thành phố Hồ Chí Minh,6.0,1.0,0.25,0.5,0.6923,0.25,0.5897,0.9603,6.0,0.5,True,0.5663,53.65,53.65,44333.333333333336,399000.0,30000.0,1,2026-07-27,Thành phố Hồ Chí Minh,1.0833333333333333,"Phường Thới An, Thành phố Hồ Chí Minh, Việt Nam -> Đường Lê Văn Khương, Phường Tân Thới Hiệp, Thành phố Hồ Chí Minh, Việt Nam",2,0.2222222222222222,True,0.2222,0.7414,0.0833,0.4583,42.52,47.53,51.64,45.23,46.83,0,3,0,2,0,ride_component_3,3,2,0.6667,2,1,55.01,36.6,46.83,53.85,45.8,37.32,39.3,REPEATED_LOCKED_PAIR,Cap lap lai va phu thuoc bat thuong,Tai xe va khach hang di voi nhau nhieu lan va co muc do phu thuoc bat thuong so voi hanh vi thong thuong.,53.85,Cap lap lai va phu thuoc bat thuong | Mau thuc thi ghost trip,KB-C_EXTREME_VOLUME | KB-C_TIGHT_PAIR_SHARE | KB-C_SUPERFAST_GAP,REPEATED_LOCKED_PAIR,Cap lap lai va phu thuoc bat thuong,Tai xe va khach hang di voi nhau nhieu lan va co muc do phu thuoc bat thuong so voi hanh vi thong thuong.,53.85
4f8b0c88c3c86c87,326e6da1e32bf7b1,8,1,11,8,xanh_premium,Thành phố Hồ Chí Minh,0.7272727272727273,1.0,0.125,xanh_premium|Thành phố Hồ Chí Minh,6.0,1.0,0.2,0.5,0.7273,0.2,0.6591,0.9163,6.0,0.4444,True,0.6039,53.21,53.21,44375.0,355000.0,42000.0,1,2026-07-27,Thành phố Hồ Chí Minh,5.75,"18B Cộng Hòa, Phường Tân Sơn Nhất, Thành phố Hồ Chí Minh -> Phường Phú Nhuận, Thành phố Hồ Chí Minh",1,0.125,False,0.125,0.6033,0.4286,0.2539,29.43,40.13,53.01,32.54,37.66,0,1,0,0,0,ride_component_45,1,0,0.0,0,0,5.4,3.37,37.66,53.69,33.07,28.17,1.85,REPEATED_LOCKED_PAIR,Cap lap lai va phu thuoc bat thuong,Tai xe va khach hang di voi nhau nhieu lan va co muc do phu thuoc bat thuong so voi hanh vi thong thuong.,53.69,Cap lap lai va phu thuoc bat thuong,KB-C_EXTREME_VOLUME | KB-C_TIGHT_PAIR_SHARE,REPEATED_LOCKED_PAIR,Cap lap lai va phu thuoc bat thuong,Tai xe va khach hang di voi nhau nhieu lan va co muc do phu thuoc bat thuong so voi hanh vi thong thuong.,53.69
6c2f20549567d103,7c283effab4dcaea,6,1,7,6,xanh_car,Tỉnh Quảng Ninh,0.8571428571428571,1.0,0.16666666666666666,xanh_car|Tỉnh Quảng Ninh,5.0,1.0,0.3333333333333333,0.5,0.8571,0.3333,0.7857,0.8115,6.0,0.4,True,0.6376,53.07,53.07,127666.66666666667,766000.0,38000.0,1,2026-07-27,Tỉnh Quảng Ninh,31.516666666666666,"43 Đường Hải Thanh, Phường Hạ Long, Tỉnh Quảng Ninh, Việt Nam -> Mỹ Gia, KĐT Vinhomes Dragon Bay, Phường Hồng Gai, Tỉnh Quảng Ninh, Việt Nam",1,0.16666666666666666,False,0.1667,0.05,1.0,0.0,9.83,29.29,59.44,23.61,32.57,0,1,0,0,0,ride_component_46,1,0,0.0,0,0,5.4,3.05,32.57,53.78,9.89,19.79,1.68,REPEATED_LOCKED_PAIR,Cap lap lai va phu thuoc bat thuong,Tai xe va khach hang di voi nhau nhieu lan va co muc do phu thuoc bat thuong so voi hanh vi thong thuong.,53.78,,,,,,
4ffbb073038a5abe,8df0411ac9bccc0f,4,0,4,4,xanhsm_bike_hn,Tỉnh Nghệ An,1.0,1.0,0.0,xanhsm_bike_hn|Tỉnh Nghệ An,3.837400000000116,1.0,0.5,0.5,1.0,0.5,1.0,0.6712,6.0,0.3475,True,0.6712,52.55,52.55,18000.0,72000.0,0.0,1,2026-07-27,Tỉnh Nghệ An,10.1,"1 Ngõ 95 Đường Nguyễn Duy Trinh, Phường Trường Vinh, Tỉnh Nghệ An, Việt Nam -> Phường Trường Vinh, Tỉnh Nghệ An, Việt Nam",1,0.25,False,0.0,0.5393,1.0,0.0,16.18,32.55,20.35,25.67,24.34,0,0,0,0,0,ride_component_47,1,0,0.0,0,0,0.0,0.0,24.34,53.52,21.3,21.61,0.0,REPEATED_LOCKED_PAIR,Cap lap lai va phu thuoc bat thuong,Tai xe va khach hang di voi nhau nhieu lan va co muc do phu thuoc bat thuong so voi hanh vi thong thuong.,53.52,,,,,,
839b2baeda98c857,1cec7fbe2ec4c178,8,3,10,8,xanh_car,Tỉnh Bình Phước,0.8,1.0,0.375,xanh_car|Tỉnh Bình Phước,7.83159999999998,1.0,0.25,0.5,0.8,0.25,0.7333,0.9163,6.0,0.3405,True,0.672,52.28,52.28,31000.0,248000.0,14000.0,1,2026-07-27,Tỉnh Bình Phước,0.9833333333333333,Đồng Nai -> Đồng Nai,5,0.625,True,0.375,0.8646,1.0,0.0,44.69,48.1,37.37,39.85,39.23,0,1,1,1,0,ride_component_48,1,0,0.0,0,0,10.81,7.21,39.23,53.28,51.97,63.26,3.97,REPEATED_LOCKED_PAIR,Cap lap lai va phu thuoc bat thuong,Tai xe va khach hang di voi nhau nhieu lan va co muc do phu thuoc bat thuong so voi hanh vi thong thuong.,53.28,Cap lap lai va phu thuoc bat thuong | Mau thuc thi ghost trip,KB-C_EXTREME_VOLUME | KB-C_TIGHT_PAIR_SHARE | KB-C_SUPERFAST_GAP,REPEATED_LOCKED_PAIR,Cap lap lai va phu thuoc bat thuong,Tai xe va khach hang di voi nhau nhieu lan va co muc do phu thuoc bat thuong so voi hanh vi thong thuong.,53.28
d75a3daa79605185,b6cb99f649541fd0,8,1,10,8,xanh_premium,Tỉnh Quảng Ngãi,0.8,1.0,0.125,xanh_premium|Tỉnh Quảng Ngãi,7.951900000000023,1.0,0.25,0.5,0.8,0.25,0.7333,0.9163,6.0,0.3353,True,0.672,52.05,52.05,82125.0,657000.0,40000.0,1,2026-07-27,Tỉnh Quảng Ngãi,15.483333333333333,"2Qrg+G8X, 627, Xã Nghĩa Hành, Tỉnh Quảng Ngãi, Việt Nam -> Xã Đình Cương, Tỉnh Quảng Ngãi, Việt Nam",1,0.125,False,0.125,0.3762,1.0,0.0,17.54,33.07,56.07,27.37,34.54,0,1,1,1,0,ride_component_49,1,0,0.0,0,0,10.81,6.32,34.54,53.06,20.8,23.46,3.48,REPEATED_LOCKED_PAIR,Cap lap lai va phu thuoc bat thuong,Tai xe va khach hang di voi nhau nhieu lan va co muc do phu thuoc bat thuong so voi hanh vi thong thuong.,53.06,Cap lap lai va phu thuoc bat thuong,KB-C_EXTREME_VOLUME | KB-C_TIGHT_PAIR_SHARE,REPEATED_LOCKED_PAIR,Cap lap lai va phu thuoc bat thuong,Tai xe va khach hang di voi nhau nhieu lan va co muc do phu thuoc bat thuong so voi hanh vi thong thuong.,53.06
318087c4005abef5,649207005efb1906,4,0,4,4,service_xanh_tour_car_long-distance_one_way,Tỉnh Hưng Yên,1.0,1.0,0.0,service_xanh_tour_car_long-distance_one_way|Tỉnh Hưng Yên,3.9985,1.0,0.5,0.5,1.0,0.5,1.0,0.6712,6.0,0.3335,True,0.6712,51.92,51.92,349500.0,1398000.0,60000.0,1,2026-07-27,Tỉnh Hưng Yên,110.95,"431 Đường Tam Trinh, Phường Hoàng Mai, Thành Phố Hà Nội, Việt Nam -> Xã Việt Yên, Tỉnh Hưng Yên, Việt Nam",1,0.25,False,0.0,0.075,1.0,0.0,2.25,24.6,71.75,20.11,33.02,0,1,0,1,0,ride_component_50,1,0,0.0,0,0,8.57,4.61,33.02,52.93,2.96,15.36,2.54,REPEATED_LOCKED_PAIR,Cap lap lai va phu thuoc bat thuong,Tai xe va khach hang di voi nhau nhieu lan va co muc do phu thuoc bat thuong so voi hanh vi thong thuong.,52.93,,,,,,
c58bd24e790c5d1b,4346b343ed755173,4,0,4,4,service_xanh_premium_car_long-distance_one_way,Tỉnh Hòa Bình,1.0,1.0,0.0,service_xanh_premium_car_long-distance_one_way|Tỉnh Hòa Bình,3.9983000000000004,1.0,0.5,0.5,1.0,0.5,1.0,0.6712,6.0,0.3335,True,0.6712,51.92,51.92,279750.0,1119000.0,51000.0,1,2026-07-27,Thành phố Hà Nội,220.26666666666668,"Huyện Lương Sơn, Tỉnh Hòa Bình ->  Đường Võ Nguyên Giáp, Xã Phú Cường, Huyện Sóc Sơn, Thành phố Hà Nội, Việt Nam",1,0.25,False,0.0,0.075,1.0,0.0,2.25,24.6,66.63,20.35,31.92,0,1,1,1,0,ride_component_51,1,0,0.0,0,0,10.81,5.82,31.92,52.93,2.96,15.36,3.2,REPEATED_LOCKED_PAIR,Cap lap lai va phu thuoc bat thuong,Tai xe va khach hang di voi nhau nhieu lan va co muc do phu thuoc bat thuong so voi hanh vi thong thuong.,52.93,,,,,,
4c8a3d6cb7a3130d,6cb8ca73b7296739,9,0,12,9,xanh_car,Tỉnh Quảng Ngãi,0.75,1.0,0.0,xanh_car|Tỉnh Quảng Ngãi,8.652000000000044,1.0,0.2,0.5,0.75,0.2,0.6875,0.9603,6.0,0.3467,True,0.6602,51.91,51.91,189666.66666666666,1707000.0,238000.0,1,2026-07-27,Tỉnh Quảng Ngãi,30.5,"Huyện Bình Sơn, Quảng Ngãi, Xã Bình Sơn, Tỉnh Quảng Ngãi, Việt Nam -> Xã Bình Sơn, Tỉnh Quảng Ngãi, Việt Nam",1,0.1111111111111111,False,0.0,0.0333,1.0,0.0,1.0,23.91,84.29,24.63,39.54,0,1,3,2,0,ride_component_52,2,1,1.0,2,1,56.21,30.05,39.54,52.85,1.32,14.56,39.03,REPEATED_LOCKED_PAIR,Cap lap lai va phu thuoc bat thuong,Tai xe va khach hang di voi nhau nhieu lan va co muc do phu thuoc bat thuong so voi hanh vi thong thuong.,52.85,Cap lap lai va phu thuoc bat thuong,KB-C_EXTREME_VOLUME | KB-C_TIGHT_PAIR_SHARE,REPEATED_LOCKED_PAIR,Cap lap lai va phu thuoc bat thuong,Tai xe va khach hang di voi nhau nhieu lan va co muc do phu thuoc bat thuong so voi hanh vi thong thuong.,52.85
5b5bb13a5366a27a,9f1a3a155f0e7716,4,0,4,4,gf_vip_vf8,Tỉnh Bà Rịa - Vũng Tàu,1.0,1.0,0.0,gf_vip_vf8|Tỉnh Bà Rịa - Vũng Tàu,4.0,1.0,0.5,0.5,1.0,0.5,1.0,0.6712,6.0,0.3333,True,0.6712,51.91,51.91,154000.0,616000.0,0.0,1,2026-07-27,Tỉnh Bà Rịa - Vũng Tàu,54.6,"67 Huỳnh Minh Thạnh, Hồ Tràm, Hồ Chí Minh, Việt Nam -> Trạm Y Tế Xã Phước Thuận, Phước Bửu, Xã Hồ Tràm, Thành phố Hồ Chí Minh, Việt Nam",1,0.25,False,0.0,0.075,1.0,0.0,2.25,24.6,37.99,19.18,23.88,0,0,0,0,0,ride_component_53,1,0,0.0,0,0,0.0,0.0,23.88,52.93,2.96,15.36,0.0,REPEATED_LOCKED_PAIR,Cap lap lai va phu thuoc bat thuong,Tai xe va khach hang di voi nhau nhieu lan va co muc do phu thuoc bat thuong so voi hanh vi thong thuong.,52.93,,,,,,
90b08fc62ec6441b,74b8ad67cde31132,4,1,4,4,xanh_premium,Tỉnh Bến Tre,1.0,1.0,0.25,xanh_premium|Tỉnh Bến Tre,4.0,1.0,0.5,0.5,1.0,0.5,1.0,0.6712,6.0,0.3333,True,0.6712,51.91,51.91,159000.0,636000.0,32000.0,1,2026-07-27,Tỉnh Bến Tre,158.86666666666667,"Phú Khương, Vĩnh Long, Việt Nam -> Tỉnh Lộ 883, Xã Giao Long, Tỉnh Vĩnh Long, Việt Nam",1,0.25,False,0.25,0.075,1.0,0.0,14.75,31.47,53.31,30.98,36.56,0,1,1,2,0,ride_component_54,2,1,1.0,2,1,53.59,30.86,36.56,52.93,14.84,17.02,39.47,REPEATED_LOCKED_PAIR,Cap lap lai va phu thuoc bat thuong,Tai xe va khach hang di voi nhau nhieu lan va co muc do phu thuoc bat thuong so voi hanh vi thong thuong.,52.93,,,,,,
b6f16b1158e30290,7eeaf8f98e28ad11,4,0,4,4,gf_vip,Thành phố Hồ Chí Minh,1.0,1.0,0.0,gf_vip|Thành phố Hồ Chí Minh,4.0,1.0,0.5,0.5,1.0,0.5,1.0,0.6712,6.0,0.3333,True,0.6712,51.91,51.91,159500.0,638000.0,40000.0,1,2026-07-27,Thành phố Hồ Chí Minh,16.516666666666666,"Phường Phú Thuận, Thành phố Hồ Chí Minh, Việt Nam -> Khu phố 4, Xã Nhà Bè, Thành phố Hồ Chí Minh, Việt Nam",1,0.25,False,0.0,0.3896,1.0,0.0,11.69,29.79,55.75,24.65,32.42,0,0,3,0,0,ride_component_55,1,0,0.0,0,0,10.81,6.13,32.42,52.93,15.39,19.55,3.37,REPEATED_LOCKED_PAIR,Cap lap lai va phu thuoc bat thuong,Tai xe va khach hang di voi nhau nhieu lan va co muc do phu thuoc bat thuong so voi hanh vi thong thuong.,52.93,,,,,,
bb422d8c987b31e8,43acf4c2a350b216,4,0,4,4,lado_limo,Tỉnh Bình Định,1.0,1.0,0.0,lado_limo|Tỉnh Bình Định,4.0,1.0,0.5,0.5,1.0,0.5,1.0,0.6712,6.0,0.3333,True,0.6712,51.91,51.91,96000.0,384000.0,18000.0,1,2026-07-27,Tỉnh Bình Định,54.78333333333333,"152 Đường Nguyễn Văn Linh, Phường Hoài Nhơn Nam, Tỉnh Gia Lai, Việt Nam -> Phường Hoài Nhơn Nam, Tỉnh Gia Lai, Việt Nam",2,0.5,False,0.0,0.15,1.0,0.0,4.5,25.83,44.43,21.13,26.96,1,1,0,0,0,ride_component_56,1,0,0.0,0,0,8.57,4.67,26.96,52.93,5.92,25.52,2.57,REPEATED_LOCKED_PAIR,Cap lap lai va phu thuoc bat thuong,Tai xe va khach hang di voi nhau nhieu lan va co muc do phu thuoc bat thuong so voi hanh vi thong thuong.,52.93,,,,,,
98e1dbccc7c2d84d,e51fea4ca35416df,11,0,16,11,xanh_premium,Tỉnh Quảng Ninh,0.6875,1.0,0.0,xanh_premium|Tỉnh Quảng Ninh,9.992000000000644,1.0,0.14285714285714285,0.5,0.6875,0.1429,0.6354,1.0,6.0,0.367,True,0.6354,51.46,51.46,33363.63636363636,367000.0,12000.0,1,2026-07-27,Tỉnh Quảng Ninh,2.566666666666667,"165 Đường Tân Bình, Phường Cẩm Phả, Tỉnh Quảng Ninh, Việt Nam -> 46 Đường Trần Phú, Phường Cẩm Phả, Tỉnh Quảng Ninh, Việt Nam",1,0.09090909090909091,False,0.0,0.6674,1.0,0.0,20.02,34.17,40.94,34.03,35.76,0,1,1,1,0,ride_component_57,2,1,1.0,3,1,59.35,35.03,35.76,52.27,26.36,26.07,46.77,REPEATED_LOCKED_PAIR,Cap lap lai va phu thuoc bat thuong,Tai xe va khach hang di voi nhau nhieu lan va co muc do phu thuoc bat thuong so voi hanh vi thong thuong.,52.27,Cap lap lai va phu thuoc bat thuong,KB-C_EXTREME_VOLUME | KB-C_TIGHT_PAIR_SHARE,REPEATED_LOCKED_PAIR,Cap lap lai va phu thuoc bat thuong,Tai xe va khach hang di voi nhau nhieu lan va co muc do phu thuoc bat thuong so voi hanh vi thong thuong.,52.27
d6f7c63c9ece887d,e18e24d03a0dead3,8,0,10,8,xanh_car,Tỉnh Nam Định,0.8,1.0,0.0,xanh_car|Tỉnh Nam Định,7.522200000000339,1.0,0.3333333333333333,0.5,0.8,0.3333,0.7,0.9163,6.0,0.3545,True,0.6414,51.23,51.23,124750.0,998000.0,162000.0,1,2026-07-27,Tỉnh Nam Định,35.63333333333333,"Tỉnh Nam Định -> Phường Đông A, Ninh Bình, VNM",2,0.25,False,0.0,0.075,1.0,0.0,2.25,24.29,75.49,19.52,33.51,0,1,0,0,0,ride_component_58,1,0,0.0,0,0,5.4,2.89,33.51,52.09,2.96,22.93,1.59,REPEATED_LOCKED_PAIR,Cap lap lai va phu thuoc bat thuong,Tai xe va khach hang di voi nhau nhieu lan va co muc do phu thuoc bat thuong so voi hanh vi thong thuong.,52.09,Cap lap lai va phu thuoc bat thuong,KB-C_EXTREME_VOLUME | KB-C_TIGHT_PAIR_SHARE,REPEATED_LOCKED_PAIR,Cap lap lai va phu thuoc bat thuong,Tai xe va khach hang di voi nhau nhieu lan va co muc do phu thuoc bat thuong so voi hanh vi thong thuong.,52.09
641080991e7e42cd,e8a41e21c7e934ff,6,4,7,7,xanh_premium,Tỉnh Bắc Ninh,0.8571428571428571,0.8571428571428571,0.6666666666666666,xanh_premium|Tỉnh Bắc Ninh,5.782400000000052,1.0,0.3333333333333333,0.3333333333333333,0.8571,0.3333,0.7857,0.8115,6.0,0.3459,True,0.6376,50.63,50.63,125166.66666666667,751000.0,119000.0,1,2026-07-27,Tỉnh Bắc Ninh,9.316666666666666,"3WVV+97X, Unnamed, Road, Phường Từ Sơn, Tỉnh Bắc Ninh, Việt Nam -> Phường Từ Sơn, Bắc Ninh",1,0.16666666666666666,True,0.6667,0.5326,1.0,0.0,49.31,49.9,68.04,41.37,48.04,0,2,0,1,0,ride_component_59,1,0,0.0,0,0,10.81,7.3,48.04,51.51,52.7,34.08,4.01,GHOST_TRIP_EXECUTION_PATTERN,Mau thuc thi ghost trip,"Cap nay co dau hieu thuc thi ghost trip, voi nhieu chuyen nghi ngo gia lap hoac quay dau phi thuc te.",52.7,Mau thuc thi ghost trip,KB-C_HIGH_GHOST_RATE,GHOST_TRIP_EXECUTION_PATTERN,Mau thuc thi ghost trip,"Cap nay co dau hieu thuc thi ghost trip, voi nhieu chuyen nghi ngo gia lap hoac quay dau phi thuc te.",52.7
fcf4d80d41cffe7d,5249641d0fff7fb8,6,0,7,6,xanh_limo_6_cho,Tỉnh Bà Rịa - Vũng Tàu,0.8571428571428571,1.0,0.0,xanh_limo_6_cho|Tỉnh Bà Rịa - Vũng Tàu,5.781199999999899,1.0,0.3333333333333333,0.5,0.8571,0.3333,0.7857,0.8115,6.0,0.3459,True,0.6376,50.63,50.63,271666.6666666667,1630000.0,108000.0,1,2026-07-27,Tỉnh Bà Rịa - Vũng Tàu,14.116666666666667,"03 Đường N2, Phường Tân Phước, Thành phố Hồ Chí Minh, Việt Nam -> Phường Phú Mỹ, Thành phố Hồ Chí Minh, Việt Nam",1,0.16666666666666666,False,0.0,0.4206,1.0,0.0,12.62,29.72,77.52,23.4,36.93,0,0,0,0,0,ride_component_60,1,0,0.0,0,0,0.0,0.0,36.93,51.51,16.61,25.17,0.0,REPEATED_LOCKED_PAIR,Cap lap lai va phu thuoc bat thuong,Tai xe va khach hang di voi nhau nhieu lan va co muc do phu thuoc bat thuong so voi hanh vi thong thuong.,51.51,,,,,,
8b3acdfd3a10bde9,f5b6d53896dfb707,8,0,11,8,xanh_car,Tỉnh Thừa Thiên Huế,0.7272727272727273,1.0,0.0,xanh_car|Tỉnh Thừa Thiên Huế,6.955200000000332,1.0,0.2,0.5,0.7273,0.2,0.6591,0.9163,6.0,0.3834,True,0.6039,50.47,50.47,151125.0,1209000.0,218000.0,1,2026-07-27,Tỉnh Thừa Thiên Huế,72.11666666666666,"Phường An Cựu, Thành Phố Huế, Việt Nam -> Xóm 1 Thôn 3-X. Vinh Thanh, Xã Phú Vinh, Thành phố Huế, Việt Nam",1,0.125,False,0.0,0.0375,1.0,0.0,1.12,23.33,81.79,19.08,34.76,0,2,0,0,0,ride_component_61,1,0,0.0,0,0,8.57,4.54,34.76,51.13,1.48,15.2,2.5,REPEATED_LOCKED_PAIR,Cap lap lai va phu thuoc bat thuong,Tai xe va khach hang di voi nhau nhieu lan va co muc do phu thuoc bat thuong so voi hanh vi thong thuong.,51.13,Cap lap lai va phu thuoc bat thuong,KB-C_EXTREME_VOLUME | KB-C_TIGHT_PAIR_SHARE,REPEATED_LOCKED_PAIR,Cap lap lai va phu thuoc bat thuong,Tai xe va khach hang di voi nhau nhieu lan va co muc do phu thuoc bat thuong so voi hanh vi thong thuong.,51.13
2ff877bcf6cc0493,faa480c51adf21e6,9,5,12,9,xanh_premium,Tỉnh Bình Phước,0.75,1.0,0.5555555555555556,xanh_premium|Tỉnh Bình Phước,8.861799999999903,1.0,0.25,0.5,0.75,0.25,0.6667,0.9603,6.0,0.3385,True,0.6402,50.44,50.44,222111.11111111112,1999000.0,206000.0,1,2026-07-27,Tỉnh Bình Phước,31.316666666666666,"Tỉnh lộ 741, Xã Phú Riềng, Tỉnh Đồng Nai, Việt Nam -> Bù Gia Mập, Bình Phước",2,0.2222222222222222,True,0.5556,0.0667,1.0,0.0,29.78,39.08,83.33,31.72,44.62,0,0,1,0,0,ride_component_62,1,0,0.0,0,0,5.4,3.33,44.62,51.35,29.02,26.68,1.83,REPEATED_LOCKED_PAIR,Cap lap lai va phu thuoc bat thuong,Tai xe va khach hang di voi nhau nhieu lan va co muc do phu thuoc bat thuong so voi hanh vi thong thuong.,51.35,Cap lap lai va phu thuoc bat thuong | Mau thuc thi ghost trip,KB-C_EXTREME_VOLUME | KB-C_TIGHT_PAIR_SHARE | KB-C_HIGH_GHOST_RATE,REPEATED_LOCKED_PAIR,Cap lap lai va phu thuoc bat thuong,Tai xe va khach hang di voi nhau nhieu lan va co muc do phu thuoc bat thuong so voi hanh vi thong thuong.,51.35
01e148ef553c737f,99d38cf092913061,8,0,12,8,xanh_car,Thành phố Hà Nội,0.6666666666666666,1.0,0.0,xanh_car|Thành phố Hà Nội,6.0,1.0,0.16666666666666666,0.5,0.6667,0.1667,0.6,0.9163,6.0,0.4444,True,0.5498,50.24,50.24,31000.0,248000.0,0.0,1,2026-07-27,Thành phố Hà Nội,2.683333333333333,"Xã Thư Lâm, Thành phố Hà Nội, Việt Nam -> Xã Thư Lâm, Thành phố Hà Nội, Việt Nam",4,0.5,False,0.0,0.7874,0.2222,0.3456,30.53,39.4,31.53,31.99,31.88,0,0,1,0,0,ride_component_63,1,0,0.0,0,0,5.4,3.33,31.88,50.55,35.59,50.78,1.83,REPEATED_LOCKED_PAIR,Cap lap lai va phu thuoc bat thuong,Tai xe va khach hang di voi nhau nhieu lan va co muc do phu thuoc bat thuong so voi hanh vi thong thuong.,50.55,Cap lap lai va phu thuoc bat thuong,KB-C_EXTREME_VOLUME | KB-C_TIGHT_PAIR_SHARE,REPEATED_LOCKED_PAIR,Cap lap lai va phu thuoc bat thuong,Tai xe va khach hang di voi nhau nhieu lan va co muc do phu thuoc bat thuong so voi hanh vi thong thuong.,50.55
71bd2702b4dec081,a86bef374bc7b8e6,6,0,7,6,xanh_premium,Tỉnh Ninh Thuận,0.8571428571428571,1.0,0.0,xanh_premium|Tỉnh Ninh Thuận,5.98660000000001,1.0,0.3333333333333333,0.5,0.8571,0.3333,0.7857,0.8115,6.0,0.3341,True,0.6376,50.1,50.1,126166.66666666667,757000.0,56000.0,1,2026-07-27,Tỉnh Ninh Thuận,63.516666666666666,"49 Đường Trần Nhân Tông, Phường Phan Rang, Tỉnh Khánh Hòa, Việt Nam -> Quốc lộ 27, Thôn Lương Cang 2, Phường Đô Vinh, Tỉnh Khánh Hòa, Việt Nam",1,0.16666666666666666,False,0.0,0.05,1.0,0.0,1.5,23.37,60.52,18.78,29.22,0,1,0,0,0,ride_component_64,1,0,0.0,0,0,5.4,2.86,29.22,51.01,1.98,17.68,1.57,REPEATED_LOCKED_PAIR,Cap lap lai va phu thuoc bat thuong,Tai xe va khach hang di voi nhau nhieu lan va co muc do phu thuoc bat thuong so voi hanh vi thong thuong.,51.01,,,,,,
38ee1a769435beb3,6493cbd9a212c8c4,6,0,7,6,xanh_limo_6_cho,Tỉnh Đồng Nai,0.8571428571428571,1.0,0.0,xanh_limo_6_cho|Tỉnh Đồng Nai,6.0,1.0,0.3333333333333333,0.5,0.8571,0.3333,0.7857,0.8115,6.0,0.3333,True,0.6376,50.07,50.07,127166.66666666667,763000.0,229000.0,1,2026-07-27,Tỉnh Đồng Nai,53.61666666666667,"770 Đường , Xã Cẩm Mỹ, Tỉnh Đồng Nai, Việt Nam -> Xã Cẩm Mỹ, Đồng Nai",1,0.16666666666666666,False,0.0,0.05,0.5,0.1666,4.83,25.19,73.31,20.62,33.79,0,1,1,0,0,ride_component_65,1,0,0.0,0,0,8.57,4.63,33.79,50.98,4.14,17.68,2.55,REPEATED_LOCKED_PAIR,Cap lap lai va phu thuoc bat thuong,Tai xe va khach hang di voi nhau nhieu lan va co muc do phu thuoc bat thuong so voi hanh vi thong thuong.,50.98,,,,,,
4c743e88cf802adf,9aa4a0ccccf9e4d3,6,0,7,6,xanh_car,Tỉnh Bến Tre,0.8571428571428571,1.0,0.0,xanh_car|Tỉnh Bến Tre,6.0,1.0,0.3333333333333333,0.5,0.8571,0.3333,0.7857,0.8115,6.0,0.3333,True,0.6376,50.07,50.07,230833.33333333334,1385000.0,95000.0,1,2026-07-27,Tỉnh Bến Tre,22.783333333333335,"C1-C7 Đường Cảnh Quan, Phú Tân, Vĩnh Long, Việt Nam -> Huyện Châu Thành, Tỉnh Bến Tre",1,0.16666666666666666,False,0.0,0.2184,1.0,0.0,6.55,26.13,74.71,21.41,34.74,0,1,0,1,0,ride_component_66,1,0,0.0,0,0,8.57,4.67,34.74,50.98,8.63,21.05,2.57,REPEATED_LOCKED_PAIR,Cap lap lai va phu thuoc bat thuong,Tai xe va khach hang di voi nhau nhieu lan va co muc do phu thuoc bat thuong so voi hanh vi thong thuong.,50.98,,,,,,
5a3ba6809460a51b,073f360f33e34ed7,6,4,7,6,xanh_car,Tỉnh Bến Tre,0.8571428571428571,1.0,0.6666666666666666,xanh_car|Tỉnh Bến Tre,6.0,1.0,0.3333333333333333,0.5,0.8571,0.3333,0.7857,0.8115,6.0,0.3333,True,0.6376,50.07,50.07,69333.33333333333,416000.0,3000.0,1,2026-07-27,Tỉnh Bến Tre,31.75,"14A Đại lộ Đồng Khởi, Phường An Hội, Tỉnh Vĩnh Long, Việt Nam -> 82A1 Đại lộ Đồng Khởi, Phường Phú Tân, Tỉnh Vĩnh Long, Việt Nam",1,0.16666666666666666,True,0.6667,0.05,0.5,0.1666,38.17,43.52,35.27,41.74,40.12,0,1,1,3,0,ride_component_54,2,1,1.0,2,1,55.01,35.19,40.12,50.98,35.81,24.34,41.85,GHOST_TRIP_EXECUTION_PATTERN,Mau thuc thi ghost trip,"Cap nay co dau hieu thuc thi ghost trip, voi nhieu chuyen nghi ngo gia lap hoac quay dau phi thuc te.",35.81,Mau thuc thi ghost trip,KB-C_HIGH_GHOST_RATE,GHOST_TRIP_EXECUTION_PATTERN,Mau thuc thi ghost trip,"Cap nay co dau hieu thuc thi ghost trip, voi nhieu chuyen nghi ngo gia lap hoac quay dau phi thuc te.",35.81
6d41d622812350e8,a85190bfdf72ee03,6,0,7,6,xanh_car,Thành phố Hồ Chí Minh,0.8571428571428571,1.0,0.0,xanh_car|Thành phố Hồ Chí Minh,6.0,0.9999,0.3333333333333333,0.5,0.8571,0.3333,0.7857,0.8115,6.0,0.3333,True,0.6376,50.07,50.07,121000.0,726000.0,69000.0,1,2026-07-27,Thành phố Hồ Chí Minh,50.416666666666664,"395 Đường Kinh Dương Vương, Phường An Lạc, Thành phố Hồ Chí Minh, Việt Nam -> Phường Chánh Hưng, Thành Phố Hồ Chí Minh, Việt Nam",2,0.3333333333333333,False,0.0,0.1,0.6667,0.1111,5.22,25.4,62.83,21.04,31.49,0,0,1,2,0,ride_component_67,1,0,0.0,0,0,10.81,5.85,31.49,50.98,5.39,27.84,3.22,REPEATED_LOCKED_PAIR,Cap lap lai va phu thuoc bat thuong,Tai xe va khach hang di voi nhau nhieu lan va co muc do phu thuoc bat thuong so voi hanh vi thong thuong.,50.98,,,,,,
a0eb238ebba69ff0,2ded056005fa11b0,6,0,7,6,xanh_car,Thành phố Hồ Chí Minh,0.8571428571428571,1.0,0.0,xanh_car|Thành phố Hồ Chí Minh,6.0,0.9999,0.3333333333333333,0.5,0.8571,0.3333,0.7857,0.8115,6.0,0.3333,True,0.6376,50.07,50.07,175500.0,1053000.0,30000.0,1,2026-07-27,Thành phố Hồ Chí Minh,40.6,"1 Đường Huỳnh Văn Chính, Phường Tân Phú, Thành phố Hồ Chí Minh, Việt Nam -> 225 Đường Nguyễn Văn Lượng, Phường Gò Vấp, Thành phố Hồ Chí Minh, Việt Nam",1,0.16666666666666666,False,0.0,0.05,0.8333,0.0555,2.61,23.97,60.35,19.85,29.98,0,0,2,1,0,ride_component_68,1,0,0.0,0,0,10.81,5.76,29.98,50.98,2.7,17.68,3.17,REPEATED_LOCKED_PAIR,Cap lap lai va phu thuoc bat thuong,Tai xe va khach hang di voi nhau nhieu lan va co muc do phu thuoc bat thuong so voi hanh vi thong thuong.,50.98,,,,,,
dce542e7c96fd202,f951bcd41d7b02e9,6,0,7,6,xanh_limo_6_cho,Tỉnh Quảng Ninh,0.8571428571428571,1.0,0.0,xanh_limo_6_cho|Tỉnh Quảng Ninh,6.0,1.0,0.3333333333333333,0.5,0.8571,0.3333,0.7857,0.8115,6.0,0.3333,True,0.6376,50.07,50.07,55333.333333333336,332000.0,9000.0,1,2026-07-27,Tỉnh Quảng Ninh,22.4,"334 Hotel Thai Toan, Đặc khu Vân Đồn, Tỉnh Quảng Ninh, Việt Nam -> Vân Đồn, Quảng Ninh",1,0.16666666666666666,False,0.0,0.2273,1.0,0.0,6.82,26.28,36.79,27.07,29.5,0,1,1,1,0,ride_component_57,2,1,1.0,3,1,59.35,32.39,29.5,50.98,8.98,21.22,45.31,REPEATED_LOCKED_PAIR,Cap lap lai va phu thuoc bat thuong,Tai xe va khach hang di voi nhau nhieu lan va co muc do phu thuoc bat thuong so voi hanh vi thong thuong.,50.98,,,,,,
ee9a55ea5e7b6316,6e7a2cfe8823aaa2,6,0,7,6,xanh_car,Thành phố Hà Nội,0.8571428571428571,1.0,0.0,xanh_car|Thành phố Hà Nội,6.0,0.9999,0.3333333333333333,0.5,0.8571,0.3333,0.7857,0.8115,6.0,0.3333,True,0.6376,50.07,50.07,113500.0,681000.0,74000.0,1,2026-07-27,Thành phố Hà Nội,33.8,"Khu Trại Giống Lúa, Xã Thường Tín, Thành Phố Hà Nội, Việt Nam -> Thôn 3, Xã Nam Phù, Thành Phố Hà Nội, Việt Nam",1,0.16666666666666666,False,0.0,0.05,0.8889,0.037,2.24,23.76,62.35,18.53,29.48,0,0,0,0,0,ride_component_69,1,0,0.0,0,0,0.0,0.0,29.48,50.98,2.46,17.68,0.0,REPEATED_LOCKED_PAIR,Cap lap lai va phu thuoc bat thuong,Tai xe va khach hang di voi nhau nhieu lan va co muc do phu thuoc bat thuong so voi hanh vi thong thuong.,50.98,,,,,,
f6282d84d92f0ed1,a86ab17c2f4cf7e5,6,0,7,6,service_xanh_tour_car_long-distance_one_way,Tỉnh Thái Nguyên,0.8571428571428571,1.0,0.0,service_xanh_tour_car_long-distance_one_way|Tỉnh Thái Nguyên,5.998799999999999,1.0,0.3333333333333333,0.5,0.8571,0.3333,0.7857,0.8115,6.0,0.3334,True,0.6376,50.07,50.07,385000.0,2310000.0,0.0,1,2026-07-27,Tỉnh Thái Nguyên,14.316666666666666,"Gần 223 Đường Thống Nhất, Phường Đồng Quang, Thành phố Thái Nguyên, Tỉnh Thái Nguyên, Việt Nam -> location_address_display (0.000000, 0.000000)",1,0.16666666666666666,False,0.0,0.4159,1.0,0.0,12.48,29.39,52.55,24.1,31.21,0,0,1,1,0,ride_component_70,1,0,0.0,0,0,8.57,4.82,31.21,50.98,16.43,25.0,2.65,REPEATED_LOCKED_PAIR,Cap lap lai va phu thuoc bat thuong,Tai xe va khach hang di voi nhau nhieu lan va co muc do phu thuoc bat thuong so voi hanh vi thong thuong.,50.98,,,,,,
ca827a2d76eef6e1,b32d9f45a3737eb7,5,0,6,5,green_mini_3_khach,Thành phố Hồ Chí Minh,0.8333333333333334,1.0,0.0,green_mini_3_khach|Thành phố Hồ Chí Minh,3.899600000000646,0.9999,0.3333333333333333,0.5,0.8333,0.3333,0.75,0.7472,6.0,0.4274,True,0.5604,50.06,50.06,36600.0,183000.0,0.0,1,2026-07-27,Thành phố Hồ Chí Minh,10.6,"1 Đường Số 4, Phường An Lạc, Thành phố Hồ Chí Minh, Việt Nam -> Khu dân cư Hai Thành, Phường An Lạc, Thành phố Hồ Chí Minh, Việt Nam",1,0.2,False,0.0,0.5127,0.5,0.2137,19.65,33.34,27.83,27.37,27.48,0,0,1,1,0,ride_component_71,1,0,0.0,0,0,8.57,5.01,27.48,50.46,23.03,23.97,2.76,REPEATED_LOCKED_PAIR,Cap lap lai va phu thuoc bat thuong,Tai xe va khach hang di voi nhau nhieu lan va co muc do phu thuoc bat thuong so voi hanh vi thong thuong.,50.46,,,,,,
4998891c6eccbae1,c20b2afaab0569a0,10,5,17,10,xanh_car,Thành phố Hồ Chí Minh,0.5882352941176471,1.0,0.5,xanh_car|Thành phố Hồ Chí Minh,6.0,1.0,0.25,0.5,0.5882,0.25,0.451,1.0,6.0,0.5556,True,0.451,49.81,49.81,233800.0,2338000.0,317000.0,1,2026-07-27,Thành phố Hồ Chí Minh,0.5166666666666667,"9A Đường Hoàng Bật Đạt, Phường Tân Sơn, Thành Phố Hồ Chí Minh, Việt Nam -> Trường Sơn, Phường Tân Sơn Hòa, Thành phố Hồ Chí Minh, Việt Nam",2,0.2,True,0.5,0.7479,1.0,0.0,47.44,48.51,90.75,45.93,57.14,0,2,0,2,0,ride_component_18,2,1,1.0,2,1,53.59,35.73,57.14,49.5,53.29,38.43,42.15,GHOST_TRIP_EXECUTION_PATTERN,Mau thuc thi ghost trip,"Cap nay co dau hieu thuc thi ghost trip, voi nhieu chuyen nghi ngo gia lap hoac quay dau phi thuc te.",53.29,Cap lap lai va phu thuoc bat thuong | Mau thuc thi ghost trip,KB-C_EXTREME_VOLUME | KB-C_HIGH_GHOST_RATE | KB-C_SUPERFAST_GAP,GHOST_TRIP_EXECUTION_PATTERN,Mau thuc thi ghost trip,"Cap nay co dau hieu thuc thi ghost trip, voi nhieu chuyen nghi ngo gia lap hoac quay dau phi thuc te.",53.29
76b838517a5803d0,d8c18320795c6631,6,3,7,6,xanh_car,Tỉnh Long An,0.8571428571428571,1.0,0.5,xanh_car|Tỉnh Long An,8.385599999999613,0.9993,0.3333333333333333,0.5,0.8571,0.3333,0.7857,0.8115,6.0,0.2385,False,0.6376,45.8,45.8,149666.66666666666,898000.0,87000.0,1,2026-07-27,Tỉnh Long An,101.58333333333333,"250 ĐT827B, Phường Long An, Tỉnh Tây Ninh, Việt Nam -> Đường Lê Văn Tưởng, Phường Long An, Tỉnh Tây Ninh, Việt Nam",1,0.16666666666666666,True,0.5,0.05,1.0,0.0,26.5,35.18,65.93,27.96,37.45,0,0,0,0,0,ride_component_72,1,0,0.0,0,0,0.0,0.0,37.45,47.0,25.73,22.04,0.0,GHOST_TRIP_EXECUTION_PATTERN,Mau thuc thi ghost trip,"Cap nay co dau hieu thuc thi ghost trip, voi nhieu chuyen nghi ngo gia lap hoac quay dau phi thuc te.",25.73,Mau thuc thi ghost trip,KB-C_HIGH_GHOST_RATE,GHOST_TRIP_EXECUTION_PATTERN,Mau thuc thi ghost trip,"Cap nay co dau hieu thuc thi ghost trip, voi nhieu chuyen nghi ngo gia lap hoac quay dau phi thuc te.",25.73
c9ce03ce680b2fd7,70b7492cc2373735,6,6,6,8,xanh_premium,Thành phố Hồ Chí Minh,1.0,0.75,1.0,xanh_premium|Thành phố Hồ Chí Minh,6.0,0.9999,0.5,0.3333333333333333,0.75,0.3333,0.625,0.8115,6.0,0.3333,True,0.5072,42.89,42.89,183666.66666666666,1102000.0,271000.0,1,2026-07-27,Thành phố Hồ Chí Minh,0.35,"Phường Bình Lợi Trung, Thành phố Hồ Chí Minh, Việt Nam -> 92-94 nam kỳ khởi nghĩa, Phường Sài Gòn, Thành phố Hồ Chí Minh",3,0.5,True,1.0,0.8418,0.8571,0.0476,76.21,61.21,80.91,50.88,58.39,0,1,1,1,0,ride_component_73,1,0,0.0,0,0,10.81,7.88,58.39,43.41,81.37,60.77,4.33,GHOST_TRIP_EXECUTION_PATTERN,Mau thuc thi ghost trip,"Cap nay co dau hieu thuc thi ghost trip, voi nhieu chuyen nghi ngo gia lap hoac quay dau phi thuc te.",81.37,Mau thuc thi ghost trip,KB-C_HIGH_GHOST_RATE | KB-C_SUPERFAST_GAP,GHOST_TRIP_EXECUTION_PATTERN,Mau thuc thi ghost trip,"Cap nay co dau hieu thuc thi ghost trip, voi nhieu chuyen nghi ngo gia lap hoac quay dau phi thuc te.",81.37
cc835977f85b1328,7e0e35ea9b0133a2,4,4,5,4,xanh_car,Tỉnh Hà Nam,0.8,1.0,1.0,xanh_car|Tỉnh Hà Nam,4.7283000000002176,0.9996,0.3333333333333333,0.5,0.8,0.3333,0.7,0.6712,6.0,0.282,False,0.4698,38.53,38.53,30000.0,120000.0,0.0,1,2026-07-27,Tỉnh Hà Nam,0.35,"Phường Châu Sơn, Tỉnh Ninh Bình, Việt Nam -> Phường Châu Sơn, Tỉnh Ninh Bình, Việt Nam",3,0.75,True,1.0,0.9168,0.5,0.141,80.32,61.52,22.4,50.41,43.41,0,0,0,1,0,ride_component_74,1,0,0.0,0,0,5.4,3.92,43.41,39.09,85.54,50.24,2.16,GHOST_TRIP_EXECUTION_PATTERN,Mau thuc thi ghost trip,"Cap nay co dau hieu thuc thi ghost trip, voi nhieu chuyen nghi ngo gia lap hoac quay dau phi thuc te.",85.54,Mau thuc thi ghost trip,KB-C_HIGH_GHOST_RATE,GHOST_TRIP_EXECUTION_PATTERN,Mau thuc thi ghost trip,"Cap nay co dau hieu thuc thi ghost trip, voi nhieu chuyen nghi ngo gia lap hoac quay dau phi thuc te.",85.54
32a302ab6e1fb2dc,41c11c9c3e72fd57,4,3,5,5,xanh_premium,Thành phố Hà Nội,0.8,0.8,0.75,xanh_premium|Thành phố Hà Nội,5.0,0.9995,0.3333333333333333,0.3333333333333333,0.8,0.3333,0.7,0.6712,6.0,0.2667,False,0.4698,37.84,37.84,85250.0,341000.0,30000.0,1,2026-07-27,Thành phố Hà Nội,2.2,"37 Đường Lê Văn Lương, Phường Thanh Xuân, Thành Phố Hà Nội, Việt Nam -> 119 Đường Trần Duy Hưng, Phường Thanh Xuân, Thành Phố Hà Nội, Việt Nam",3,0.75,True,0.75,0.8737,0.3333,0.1778,67.27,54.02,45.01,44.69,44.77,1,0,1,0,0,ride_component_75,1,0,0.0,0,0,8.57,5.86,44.77,38.45,72.45,47.93,3.22,GHOST_TRIP_EXECUTION_PATTERN,Mau thuc thi ghost trip,"Cap nay co dau hieu thuc thi ghost trip, voi nhieu chuyen nghi ngo gia lap hoac quay dau phi thuc te.",72.45,Mau thuc thi ghost trip,KB-C_HIGH_GHOST_RATE,GHOST_TRIP_EXECUTION_PATTERN,Mau thuc thi ghost trip,"Cap nay co dau hieu thuc thi ghost trip, voi nhieu chuyen nghi ngo gia lap hoac quay dau phi thuc te.",72.45
353372fca9a86c2a,aa8a1e169553d044,4,4,5,4,xanh_limo_6_cho,Thành phố Hà Nội,0.8,1.0,1.0,xanh_limo_6_cho|Thành phố Hà Nội,5.0,0.9996,0.3333333333333333,0.5,0.8,0.3333,0.7,0.6712,6.0,0.2667,False,0.4698,37.84,37.84,329500.0,1318000.0,195000.0,1,2026-07-27,Thành phố Hà Nội,0.8833333333333333,"27 Đường Cổ Linh, Phường Long Biên, Thành Phố Hà Nội, Việt Nam -> 8/19 Đường Phạm Hùng, Phường Từ Liêm, Thành Phố Hà Nội, Việt Nam",1,0.25,True,1.0,0.7544,1.0,0.0,72.63,56.98,79.57,46.68,54.9,0,0,1,0,0,ride_component_76,1,0,0.0,0,0,5.4,3.78,54.9,38.45,77.3,29.68,2.08,GHOST_TRIP_EXECUTION_PATTERN,Mau thuc thi ghost trip,"Cap nay co dau hieu thuc thi ghost trip, voi nhieu chuyen nghi ngo gia lap hoac quay dau phi thuc te.",77.3,Mau thuc thi ghost trip,KB-C_HIGH_GHOST_RATE,GHOST_TRIP_EXECUTION_PATTERN,Mau thuc thi ghost trip,"Cap nay co dau hieu thuc thi ghost trip, voi nhieu chuyen nghi ngo gia lap hoac quay dau phi thuc te.",77.3
4cc9b4bc717127fa,34d037ce454b832d,5,5,8,6,lado_service_name,Tỉnh Bình Định,0.625,0.8333333333333334,1.0,lado_service_name|Tỉnh Bình Định,4.776699999999892,1.0,0.2,0.3333333333333333,0.625,0.2,0.5312,0.7472,6.0,0.3489,True,0.397,37.54,37.54,32600.0,163000.0,0.0,1,2026-07-27,Tỉnh Bình Định,1.0333333333333334,"Xã Phù Mỹ, Tỉnh Gia Lai, Việt Nam -> Xã Phù Mỹ, Tỉnh Gia Lai, Việt Nam",2,0.4,True,1.0,0.7959,1.0,0.0,73.88,57.53,25.14,46.39,41.08,0,0,0,0,0,ride_component_77,1,0,0.0,0,0,0.0,0.0,41.08,37.68,78.94,44.62,0.0,GHOST_TRIP_EXECUTION_PATTERN,Mau thuc thi ghost trip,"Cap nay co dau hieu thuc thi ghost trip, voi nhieu chuyen nghi ngo gia lap hoac quay dau phi thuc te.",78.94,Mau thuc thi ghost trip,KB-C_HIGH_GHOST_RATE,GHOST_TRIP_EXECUTION_PATTERN,Mau thuc thi ghost trip,"Cap nay co dau hieu thuc thi ghost trip, voi nhieu chuyen nghi ngo gia lap hoac quay dau phi thuc te.",78.94
2ea5047a3f0eb577,6d122397b0c2403d,5,5,14,5,xanhsm_bike_hn,Thành phố Hà Nội,0.35714285714285715,1.0,1.0,xanhsm_bike_hn|Thành phố Hà Nội,3.0,1.0,0.09090909090909091,0.5,0.3571,0.0909,0.2929,0.7472,6.0,0.5556,True,0.2188,37.04,37.04,18400.0,92000.0,0.0,1,2026-07-27,Thành phố Hà Nội,1.1833333333333333,"206 Phố Bạch Mai, Phường Bạch Mai, Thành Phố Hà Nội, Việt Nam -> Phường Tương Mai, Thành Phố Hà Nội, Việt Nam",1,0.2,True,1.0,0.7324,1.0,0.0,71.97,56.25,24.79,45.35,40.21,0,0,0,0,0,ride_component_78,1,0,0.0,0,0,0.0,0.0,40.21,36.03,76.43,34.34,0.0,GHOST_TRIP_EXECUTION_PATTERN,Mau thuc thi ghost trip,"Cap nay co dau hieu thuc thi ghost trip, voi nhieu chuyen nghi ngo gia lap hoac quay dau phi thuc te.",76.43,Mau thuc thi ghost trip,KB-C_HIGH_GHOST_RATE,GHOST_TRIP_EXECUTION_PATTERN,Mau thuc thi ghost trip,"Cap nay co dau hieu thuc thi ghost trip, voi nhieu chuyen nghi ngo gia lap hoac quay dau phi thuc te.",76.43
90c422b58491ab90,40e40e0650da5162,4,2,5,4,xanh_car,Tỉnh Thanh Hóa,0.8,1.0,0.5,xanh_car|Tỉnh Thanh Hóa,5.370700000000397,0.9994,0.3333333333333333,0.5,0.8,0.3333,0.7,0.6712,6.0,0.2483,False,0.4698,37.01,37.01,165500.0,662000.0,98000.0,1,2026-07-27,Tỉnh Thanh Hóa,106.95,"Thôn Đai, Xã Quảng Ninh, Tỉnh Thanh Hóa, Việt Nam -> 595 Đường Nguyễn Chí Thanh, Phường Hàm Rồng, Tỉnh Thanh Hóa, Việt Nam",2,0.5,True,0.5,0.15,1.0,0.0,29.5,32.88,62.53,26.84,35.76,0,0,0,1,0,ride_component_79,1,0,0.0,0,0,5.4,3.07,35.76,37.68,29.68,27.37,1.69,GHOST_TRIP_EXECUTION_PATTERN,Mau thuc thi ghost trip,"Cap nay co dau hieu thuc thi ghost trip, voi nhieu chuyen nghi ngo gia lap hoac quay dau phi thuc te.",29.68,Mau thuc thi ghost trip,KB-C_HIGH_GHOST_RATE,GHOST_TRIP_EXECUTION_PATTERN,Mau thuc thi ghost trip,"Cap nay co dau hieu thuc thi ghost trip, voi nhieu chuyen nghi ngo gia lap hoac quay dau phi thuc te.",29.68
c8e4dcc418f00db4,27ff5a219c5b4019,5,4,6,7,xanh_car,Tỉnh Phú Yên,0.8333333333333334,0.7142857142857143,0.8,xanh_car|Tỉnh Phú Yên,6.853800000000092,0.9979,0.3333333333333333,0.25,0.7143,0.25,0.619,0.7472,6.0,0.2432,False,0.4626,36.39,36.39,126200.0,631000.0,47000.0,1,2026-07-27,Tỉnh Phú Yên,148.58333333333334,"Phường Bình Kiến, Đắk Lắk -> 2 Đường Võ Thị Sáu, Phường Phú Yên, Tỉnh Đắk Lắk, Việt Nam",1,0.2,True,0.8,0.06,1.0,0.0,41.8,39.37,54.1,32.2,37.68,0,1,0,0,0,ride_component_80,1,0,0.0,0,0,5.4,3.25,37.68,37.05,40.37,21.38,1.79,GHOST_TRIP_EXECUTION_PATTERN,Mau thuc thi ghost trip,"Cap nay co dau hieu thuc thi ghost trip, voi nhieu chuyen nghi ngo gia lap hoac quay dau phi thuc te.",40.37,Mau thuc thi ghost trip,KB-C_HIGH_GHOST_RATE,GHOST_TRIP_EXECUTION_PATTERN,Mau thuc thi ghost trip,"Cap nay co dau hieu thuc thi ghost trip, voi nhieu chuyen nghi ngo gia lap hoac quay dau phi thuc te.",40.37
63d91093020f6753,b058b9909ef12fc5,4,2,6,5,xanh_car,Tỉnh Yên Bái,0.6666666666666666,0.8,0.5,xanh_car|Tỉnh Yên Bái,3.9300000000000637,1.0,0.25,0.3333333333333333,0.6667,0.25,0.5556,0.6712,6.0,0.3393,True,0.3729,35.78,35.78,63500.0,254000.0,13000.0,1,2026-07-27,Tỉnh Yên Bái,17.6,"Phường Văn Phú, Tỉnh Lào Cai, Việt Nam -> Phường Văn Phú, Tỉnh Lào Cai, Việt Nam",2,0.5,True,0.5,0.4393,1.0,0.0,38.18,37.1,36.91,30.71,32.26,1,1,0,0,0,ride_component_81,1,0,0.0,0,0,8.57,5.05,32.26,35.88,41.1,31.1,2.78,GHOST_TRIP_EXECUTION_PATTERN,Mau thuc thi ghost trip,"Cap nay co dau hieu thuc thi ghost trip, voi nhieu chuyen nghi ngo gia lap hoac quay dau phi thuc te.",41.1,Mau thuc thi ghost trip,KB-C_HIGH_GHOST_RATE,GHOST_TRIP_EXECUTION_PATTERN,Mau thuc thi ghost trip,"Cap nay co dau hieu thuc thi ghost trip, voi nhieu chuyen nghi ngo gia lap hoac quay dau phi thuc te.",41.1
180e389dc9e916ba,45d8462070fb8452,7,7,12,7,xanhsm_bike_hn,Thành phố Cần Thơ,0.5833333333333334,1.0,1.0,xanhsm_bike_hn|Thành phố Cần Thơ,10.268799999999828,0.9995,0.14285714285714285,0.5,0.5833,0.1429,0.5139,0.8672,6.0,0.2272,False,0.4456,34.73,34.73,14000.0,98000.0,7000.0,1,2026-07-27,Thành phố Cần Thơ,7.3,"39, Phường Hưng Phú, Thành phố Cần Thơ, Việt Nam -> Phường Hưng Phú, Thành phố Cần Thơ, Việt Nam",3,0.42857142857142855,True,1.0,0.6582,1.0,0.0,69.75,53.99,21.94,44.71,39.02,0,1,0,1,0,ride_component_82,1,0,0.0,0,0,8.57,5.83,39.02,35.39,73.5,51.94,3.21,GHOST_TRIP_EXECUTION_PATTERN,Mau thuc thi ghost trip,"Cap nay co dau hieu thuc thi ghost trip, voi nhieu chuyen nghi ngo gia lap hoac quay dau phi thuc te.",73.5,Mau thuc thi ghost trip,KB-C_HIGH_GHOST_RATE,GHOST_TRIP_EXECUTION_PATTERN,Mau thuc thi ghost trip,"Cap nay co dau hieu thuc thi ghost trip, voi nhieu chuyen nghi ngo gia lap hoac quay dau phi thuc te.",73.5
9cab892ccb1cd9f6,89cb3800ad24bd8a,9,9,19,12,xanh_limo_6_cho,Thành phố Hồ Chí Minh,0.47368421052631576,0.75,1.0,xanh_limo_6_cho|Thành phố Hồ Chí Minh,7.809400000001915,1.0,0.25,0.25,0.4737,0.25,0.2982,0.9603,6.0,0.3842,True,0.2864,33.04,33.04,120000.0,1080000.0,270000.0,1,2026-07-27,Thành phố Hồ Chí Minh,0.4166666666666667,"92-94 nam kỳ khởi nghĩa, Phường Sài Gòn, Thành phố Hồ Chí Minh -> Xã Bình Hưng, Thành phố Hồ Chí Minh, Việt Nam",9,1.0,True,1.0,0.9903,1.0,0.0,79.71,58.71,81.0,48.64,56.73,0,1,0,1,0,ride_component_83,1,0,0.0,0,0,8.57,6.04,56.73,32.75,86.62,89.76,3.32,ROUTE_FARMING_PATTERN,Mau farming theo tuyen,"Cap nay lap lai cung mot kieu tuyen duong voi mat do dang nghi, giong hanh vi farming hon la di chuyen tu nhien.",89.76,Cap lap lai va phu thuoc bat thuong | Mau thuc thi ghost trip | Mau farming theo tuyen,KB-C_EXTREME_VOLUME | KB-C_HIGH_GHOST_RATE | KB-C_SUPERFAST_GAP | KB-C_ROUTE_LOOP,ROUTE_FARMING_PATTERN,Mau farming theo tuyen,"Cap nay lap lai cung mot kieu tuyen duong voi mat do dang nghi, giong hanh vi farming hon la di chuyen tu nhien.",89.76
4f928a3d9078364a,8768d682fd9163c7,5,5,10,5,xanh_car,Tỉnh Hà Nam,0.5,1.0,1.0,xanh_car|Tỉnh Hà Nam,4.7283000000002176,1.0,0.14285714285714285,0.5,0.5,0.1429,0.4167,0.7472,6.0,0.3525,True,0.3113,32.98,32.98,178000.0,890000.0,130000.0,1,2026-07-27,Tỉnh Nam Định,70.4,"Mỹ Tân, Nam Định, Việt Nam -> TP. Nam Định, Nam Định",1,0.2,True,1.0,0.06,1.0,0.0,51.8,43.33,72.61,35.52,44.79,0,1,0,0,0,ride_component_84,1,0,0.0,0,0,5.4,3.35,44.79,32.86,49.87,22.62,1.84,GHOST_TRIP_EXECUTION_PATTERN,Mau thuc thi ghost trip,"Cap nay co dau hieu thuc thi ghost trip, voi nhieu chuyen nghi ngo gia lap hoac quay dau phi thuc te.",49.87,Mau thuc thi ghost trip,KB-C_HIGH_GHOST_RATE,GHOST_TRIP_EXECUTION_PATTERN,Mau thuc thi ghost trip,"Cap nay co dau hieu thuc thi ghost trip, voi nhieu chuyen nghi ngo gia lap hoac quay dau phi thuc te.",49.87
c6963e8e70b25ecd,92f5b10955f7b62e,4,2,5,5,xanh_car,Tỉnh Quảng Ngãi,0.8,0.8,0.5,xanh_car|Tỉnh Quảng Ngãi,8.652000000000044,0.9966,0.3333333333333333,0.3333333333333333,0.8,0.3333,0.7,0.6712,6.0,0.1541,False,0.4698,32.77,32.77,75250.0,301000.0,37000.0,1,2026-07-27,Tỉnh Quảng Ngãi,217.23333333333332,"Quảng Ngãi -> 240 Đường Phạm Văn Đồng, Xã Bình Sơn, Tỉnh Quảng Ngãi, Việt Nam",1,0.25,True,0.5,0.075,0.5,0.077,28.79,30.58,44.08,30.49,33.89,0,1,2,2,0,ride_component_52,2,1,1.0,2,1,55.01,30.31,33.89,33.72,27.71,16.78,39.17,GHOST_TRIP_EXECUTION_PATTERN,Mau thuc thi ghost trip,"Cap nay co dau hieu thuc thi ghost trip, voi nhieu chuyen nghi ngo gia lap hoac quay dau phi thuc te.",27.71,Mau thuc thi ghost trip,KB-C_HIGH_GHOST_RATE,GHOST_TRIP_EXECUTION_PATTERN,Mau thuc thi ghost trip,"Cap nay co dau hieu thuc thi ghost trip, voi nhieu chuyen nghi ngo gia lap hoac quay dau phi thuc te.",27.71
13d99a33c043d7fc,e3a8b9c43e8a5259,4,3,6,4,gf_vip,Thành phố Hà Nội,0.6666666666666666,1.0,0.75,gf_vip|Thành phố Hà Nội,5.0,0.9983,0.25,0.5,0.6667,0.25,0.5556,0.6712,6.0,0.2667,False,0.3729,32.51,32.51,109000.0,436000.0,9000.0,1,2026-07-27,Thành phố Hà Nội,22.9,"27 Cổ Linh, Phường Long Biên, Thành Phố Hà Nội, Việt Nam -> Đường Chu Huy Mân, Phường Phúc Lợi, Thành Phố Hà Nội, Việt Nam",1,0.25,True,0.75,0.2407,1.0,0.0,44.72,39.23,39.09,32.15,33.88,0,0,1,0,0,ride_component_85,1,0,0.0,0,0,5.4,3.23,33.88,32.83,45.13,20.63,1.78,GHOST_TRIP_EXECUTION_PATTERN,Mau thuc thi ghost trip,"Cap nay co dau hieu thuc thi ghost trip, voi nhieu chuyen nghi ngo gia lap hoac quay dau phi thuc te.",45.13,Mau thuc thi ghost trip,KB-C_HIGH_GHOST_RATE,GHOST_TRIP_EXECUTION_PATTERN,Mau thuc thi ghost trip,"Cap nay co dau hieu thuc thi ghost trip, voi nhieu chuyen nghi ngo gia lap hoac quay dau phi thuc te.",45.13
13dc0b217f225834,65e510f33d32a6af,4,2,6,4,xanh_premium,Thành phố Hà Nội,0.6666666666666666,1.0,0.5,xanh_premium|Thành phố Hà Nội,5.0,0.9995,0.25,0.5,0.6667,0.25,0.5556,0.6712,6.0,0.2667,False,0.3729,32.51,32.51,236000.0,944000.0,101000.0,1,2026-07-27,Thành phố Hà Nội,93.31666666666666,"78 Đường Giải Phóng, Phường Kim Liên, Thành Phố Hà Nội, Việt Nam -> 378 Nhà Văn Hóa Thôn Phi Liệt, Xã Văn Giang, Tỉnh Hưng Yên, Việt Nam",1,0.25,True,0.5,0.075,0.6667,0.0889,29.03,30.59,68.85,25.04,35.99,0,1,0,0,0,ride_component_86,1,0,0.0,0,0,5.4,2.97,35.99,32.83,27.87,16.75,1.63,GHOST_TRIP_EXECUTION_PATTERN,Mau thuc thi ghost trip,"Cap nay co dau hieu thuc thi ghost trip, voi nhieu chuyen nghi ngo gia lap hoac quay dau phi thuc te.",27.87,Mau thuc thi ghost trip,KB-C_HIGH_GHOST_RATE,GHOST_TRIP_EXECUTION_PATTERN,Mau thuc thi ghost trip,"Cap nay co dau hieu thuc thi ghost trip, voi nhieu chuyen nghi ngo gia lap hoac quay dau phi thuc te.",27.87
b74f514c8d6a4929,3f1d3feff120887c,5,5,8,5,xanh_car,Tỉnh Vĩnh Phúc,0.625,1.0,1.0,xanh_car|Tỉnh Vĩnh Phúc,6.41780000000017,0.9997,0.25,0.5,0.625,0.25,0.5,0.7472,6.0,0.2597,False,0.3736,32.23,32.23,26800.0,134000.0,0.0,1,2026-07-27,Tỉnh Vĩnh Phúc,22.366666666666667,"Xã Tam Đảo, Tỉnh Phú Thọ, Việt Nam -> Xã Tam Đảo, Tỉnh Phú Thọ, Việt Nam",2,0.4,True,1.0,0.2981,1.0,0.0,58.94,46.92,22.79,37.8,34.05,0,0,0,0,0,ride_component_87,1,0,0.0,0,0,0.0,0.0,34.05,32.57,59.27,35.66,0.0,GHOST_TRIP_EXECUTION_PATTERN,Mau thuc thi ghost trip,"Cap nay co dau hieu thuc thi ghost trip, voi nhieu chuyen nghi ngo gia lap hoac quay dau phi thuc te.",59.27,Mau thuc thi ghost trip,KB-C_HIGH_GHOST_RATE,GHOST_TRIP_EXECUTION_PATTERN,Mau thuc thi ghost trip,"Cap nay co dau hieu thuc thi ghost trip, voi nhieu chuyen nghi ngo gia lap hoac quay dau phi thuc te.",59.27
9b44fe56e1ed7703,00dec2344ef326bf,4,4,7,4,xanh_premium,Tỉnh Hà Nam,0.5714285714285714,1.0,1.0,xanh_premium|Tỉnh Hà Nam,4.0,1.0,0.2,0.5,0.5714,0.2,0.4643,0.6712,6.0,0.3333,True,0.3116,32.14,32.14,34000.0,136000.0,12000.0,1,2026-07-27,Tỉnh Hà Nam,25.433333333333334,"Thôn Đò, Xã Tân Thanh, Tỉnh Ninh Bình, Việt Nam -> Phường Châu Sơn, Tỉnh Ninh Bình, Việt Nam",3,0.75,True,1.0,0.3316,1.0,0.0,59.95,47.43,31.03,39.33,37.25,0,1,0,1,0,ride_component_88,1,0,0.0,0,0,8.57,5.5,37.25,32.07,60.6,41.8,3.03,GHOST_TRIP_EXECUTION_PATTERN,Mau thuc thi ghost trip,"Cap nay co dau hieu thuc thi ghost trip, voi nhieu chuyen nghi ngo gia lap hoac quay dau phi thuc te.",60.6,Mau thuc thi ghost trip,KB-C_HIGH_GHOST_RATE,GHOST_TRIP_EXECUTION_PATTERN,Mau thuc thi ghost trip,"Cap nay co dau hieu thuc thi ghost trip, voi nhieu chuyen nghi ngo gia lap hoac quay dau phi thuc te.",60.6
d1903e9167107e5e,51b521c2ed0ee633,4,2,5,4,xanh_premium,Tỉnh Thanh Hóa,0.8,1.0,0.5,xanh_premium|Tỉnh Thanh Hóa,13.019600000000537,0.9957,0.3333333333333333,0.5,0.8,0.3333,0.7,0.6712,6.0,0.1024,False,0.4698,30.45,30.45,93250.0,373000.0,57000.0,1,2026-07-27,Tỉnh Thanh Hóa,34.71666666666667,"Phường Sầm Sơn, Tỉnh Thanh Hóa, Việt Nam -> Phường Sầm Sơn, Tỉnh Thanh Hóa, Việt Nam",2,0.5,True,0.5,0.15,1.0,0.0,29.5,29.93,49.97,24.87,31.14,0,2,0,0,0,ride_component_89,1,0,0.0,0,0,8.57,4.67,31.14,31.55,29.68,26.71,2.57,GHOST_TRIP_EXECUTION_PATTERN,Mau thuc thi ghost trip,"Cap nay co dau hieu thuc thi ghost trip, voi nhieu chuyen nghi ngo gia lap hoac quay dau phi thuc te.",29.68,Mau thuc thi ghost trip,KB-C_HIGH_GHOST_RATE,GHOST_TRIP_EXECUTION_PATTERN,Mau thuc thi ghost trip,"Cap nay co dau hieu thuc thi ghost trip, voi nhieu chuyen nghi ngo gia lap hoac quay dau phi thuc te.",29.68
e1971c9d6276d445,70493717aae4412c,4,4,7,4,xanh_premium,Tỉnh Tiền Giang,0.5714285714285714,1.0,1.0,xanh_premium|Tỉnh Tiền Giang,4.0,1.0,0.3333333333333333,0.5,0.5714,0.3333,0.3571,0.6712,6.0,0.3333,True,0.2397,28.18,28.18,29000.0,116000.0,0.0,1,2026-07-27,Tỉnh Tiền Giang,0.6666666666666666,"Ấp Thân Hòa, Xã Châu Thành, Tỉnh Đồng Tháp, Việt Nam -> C8PJ+43G, Xã Châu Thành, Tỉnh Đồng Tháp, Việt Nam",1,0.25,True,1.0,0.7594,1.0,0.0,72.78,52.71,23.15,42.61,37.74,0,0,0,0,0,ride_component_90,1,0,0.0,0,0,0.0,0.0,37.74,27.9,77.5,28.78,0.0,GHOST_TRIP_EXECUTION_PATTERN,Mau thuc thi ghost trip,"Cap nay co dau hieu thuc thi ghost trip, voi nhieu chuyen nghi ngo gia lap hoac quay dau phi thuc te.",77.5,Mau thuc thi ghost trip,KB-C_HIGH_GHOST_RATE,GHOST_TRIP_EXECUTION_PATTERN,Mau thuc thi ghost trip,"Cap nay co dau hieu thuc thi ghost trip, voi nhieu chuyen nghi ngo gia lap hoac quay dau phi thuc te.",77.5
5af27589af3bf642,c0a4e21d940b4893,4,2,9,4,xanh_car,Tỉnh Thái Nguyên,0.4444444444444444,1.0,0.5,xanh_car|Tỉnh Thái Nguyên,4.0,1.0,0.14285714285714285,0.5,0.4444,0.1429,0.3519,0.6712,6.0,0.3333,True,0.2362,27.99,27.99,55000.0,220000.0,20000.0,1,2026-07-27,Tỉnh Thái Nguyên,3.6166666666666667,"MR6H+2VR, Xã Đồng Hỷ, Tỉnh Thái Nguyên, Việt Nam -> 1B, Chùa Hang, Phường Linh Sơn, Tỉnh Thái Nguyên, Việt Nam",1,0.25,True,0.5,0.6906,1.0,0.0,45.72,37.74,38.07,31.0,32.77,0,0,1,0,0,ride_component_91,1,0,0.0,0,0,5.4,3.16,32.77,27.7,51.03,24.51,1.74,GHOST_TRIP_EXECUTION_PATTERN,Mau thuc thi ghost trip,"Cap nay co dau hieu thuc thi ghost trip, voi nhieu chuyen nghi ngo gia lap hoac quay dau phi thuc te.",51.03,Mau thuc thi ghost trip,KB-C_HIGH_GHOST_RATE,GHOST_TRIP_EXECUTION_PATTERN,Mau thuc thi ghost trip,"Cap nay co dau hieu thuc thi ghost trip, voi nhieu chuyen nghi ngo gia lap hoac quay dau phi thuc te.",51.03
c86a402f9792ce45,a4e33a373f259fb0,4,3,9,4,xanh_car_just_taxi,Tỉnh Phú Thọ,0.4444444444444444,1.0,0.75,xanh_car_just_taxi|Tỉnh Phú Thọ,4.0,1.0,0.14285714285714285,0.5,0.4444,0.1429,0.3519,0.6712,6.0,0.3333,True,0.2362,27.99,27.99,12000.0,48000.0,0.0,1,2026-07-27,,0.8,"Tỉnh Phú Thọ -> location_address_display (0.000000, 0.000000)",4,1.0,True,0.75,0.9813,1.0,0.0,66.94,49.41,18.11,40.62,34.99,0,0,0,1,0,ride_component_92,1,0,0.0,0,0,5.4,3.5,34.99,27.7,74.39,57.55,1.93,GHOST_TRIP_EXECUTION_PATTERN,Mau thuc thi ghost trip,"Cap nay co dau hieu thuc thi ghost trip, voi nhieu chuyen nghi ngo gia lap hoac quay dau phi thuc te.",74.39,Mau thuc thi ghost trip,KB-C_HIGH_GHOST_RATE,GHOST_TRIP_EXECUTION_PATTERN,Mau thuc thi ghost trip,"Cap nay co dau hieu thuc thi ghost trip, voi nhieu chuyen nghi ngo gia lap hoac quay dau phi thuc te.",74.39
02661eba28d6ccb7,1f24da76796a531d,4,4,6,4,xanh_premium,Tỉnh Quảng Nam,0.6666666666666666,1.0,1.0,xanh_premium|Tỉnh Quảng Nam,8.679999999999836,0.9975,0.25,0.5,0.6667,0.25,0.5556,0.6712,6.0,0.1536,False,0.3729,27.42,27.42,117000.0,468000.0,67000.0,1,2026-07-27,Tỉnh Quảng Nam,16.8,"Block Ha My, Phường Hội An, Thành phố Đà Nẵng, Việt Nam -> 10B Đường Trần Hưng Đạo, Phường Hội An, Thành phố Đà Nẵng, Việt Nam",1,0.25,True,1.0,0.383,1.0,0.0,61.49,46.16,54.95,38.63,42.71,0,2,1,0,0,ride_component_93,1,0,0.0,0,0,10.81,6.82,42.71,28.08,62.63,23.68,3.75,GHOST_TRIP_EXECUTION_PATTERN,Mau thuc thi ghost trip,"Cap nay co dau hieu thuc thi ghost trip, voi nhieu chuyen nghi ngo gia lap hoac quay dau phi thuc te.",62.63,Mau thuc thi ghost trip,KB-C_HIGH_GHOST_RATE,GHOST_TRIP_EXECUTION_PATTERN,Mau thuc thi ghost trip,"Cap nay co dau hieu thuc thi ghost trip, voi nhieu chuyen nghi ngo gia lap hoac quay dau phi thuc te.",62.63
1f750ea67820917a,68d2dc28899fbe71,4,2,7,4,xanh_car,Thành phố Hà Nội,0.5714285714285714,1.0,0.5,xanh_car|Thành phố Hà Nội,6.0,0.9998,0.2,0.5,0.5714,0.2,0.4643,0.6712,6.0,0.2222,False,0.3116,27.14,27.14,106000.0,424000.0,62000.0,1,2026-07-27,Thành phố Hà Nội,89.6,"17, Ngõ 1 Thôn Lý Nhân, Phường Tùng Thiện, Thành phố Hà Nội, Việt Nam -> Quốc lộ 32, Xã Hát Môn, Thành phố Hà Nội, Việt Nam",1,0.25,True,0.5,0.075,0.7778,0.0494,28.24,27.74,54.2,22.78,30.64,0,1,0,0,0,ride_component_94,1,0,0.0,0,0,5.4,2.86,30.64,27.41,27.36,16.21,1.57,GHOST_TRIP_EXECUTION_PATTERN,Mau thuc thi ghost trip,"Cap nay co dau hieu thuc thi ghost trip, voi nhieu chuyen nghi ngo gia lap hoac quay dau phi thuc te.",27.36,Mau thuc thi ghost trip,KB-C_HIGH_GHOST_RATE,GHOST_TRIP_EXECUTION_PATTERN,Mau thuc thi ghost trip,"Cap nay co dau hieu thuc thi ghost trip, voi nhieu chuyen nghi ngo gia lap hoac quay dau phi thuc te.",27.36
1e289b81e25340d2,8ff0d0ae1418f456,4,3,7,4,xanh_car,Tỉnh Thanh Hóa,0.5714285714285714,1.0,0.75,xanh_car|Tỉnh Thanh Hóa,5.370700000000397,0.9994,0.25,0.5,0.5714,0.25,0.4286,0.6712,6.0,0.2483,False,0.2877,27.0,27.0,87000.0,348000.0,0.0,1,2026-07-27,Tỉnh Thanh Hóa,22.75,"Thanh Hoá -> Xã Vạn Lộc, Tỉnh Thanh Hóa, Việt Nam",1,0.25,True,0.75,0.2442,0.3333,0.1655,48.14,38.62,31.25,31.11,31.14,0,0,0,0,0,ride_component_95,1,0,0.0,0,0,0.0,0.0,31.14,27.12,47.42,20.12,0.0,GHOST_TRIP_EXECUTION_PATTERN,Mau thuc thi ghost trip,"Cap nay co dau hieu thuc thi ghost trip, voi nhieu chuyen nghi ngo gia lap hoac quay dau phi thuc te.",47.42,Mau thuc thi ghost trip,KB-C_HIGH_GHOST_RATE,GHOST_TRIP_EXECUTION_PATTERN,Mau thuc thi ghost trip,"Cap nay co dau hieu thuc thi ghost trip, voi nhieu chuyen nghi ngo gia lap hoac quay dau phi thuc te.",47.42
70e6be43ef2f72ee,cbc758fc894fd8a5,4,3,19,6,xanhsm_bike_sg,Thành phố Hồ Chí Minh,0.21052631578947367,0.6666666666666666,0.75,xanhsm_bike_sg|Thành phố Hồ Chí Minh,3.0,1.0,0.07142857142857142,0.25,0.2105,0.0714,0.1498,0.6712,6.0,0.4444,True,0.1005,25.53,25.53,13250.0,53000.0,7000.0,1,2026-07-27,Thành phố Hồ Chí Minh,1.2666666666666666,"Phường Tam Bình, Thành phố Hồ Chí Minh, Việt Nam -> Phường Hiệp Bình, Thành phố Hồ Chí Minh, Việt Nam",2,0.5,True,0.75,0.8204,0.7143,0.127,64.65,47.05,23.49,45.95,40.34,0,1,1,2,1,ride_component_96,2,1,1.0,3,1,62.51,39.59,40.34,24.5,69.68,36.83,49.27,GHOST_TRIP_EXECUTION_PATTERN,Mau thuc thi ghost trip,"Cap nay co dau hieu thuc thi ghost trip, voi nhieu chuyen nghi ngo gia lap hoac quay dau phi thuc te.",69.68,Mau thuc thi ghost trip,KB-C_HIGH_GHOST_RATE,GHOST_TRIP_EXECUTION_PATTERN,Mau thuc thi ghost trip,"Cap nay co dau hieu thuc thi ghost trip, voi nhieu chuyen nghi ngo gia lap hoac quay dau phi thuc te.",69.68
70e6be43ef2f72ee,f0de9b54817b4337,4,4,19,4,xanhsm_bike_sg,Thành phố Hồ Chí Minh,0.21052631578947367,1.0,1.0,xanhsm_bike_sg|Thành phố Hồ Chí Minh,3.0,1.0,0.07142857142857142,0.5,0.2105,0.0714,0.1498,0.6712,6.0,0.4444,True,0.1005,25.53,25.53,14250.0,57000.0,8000.0,1,2026-07-27,Thành phố Hồ Chí Minh,1.3666666666666667,"Phường Tam Bình, Thành phố Hồ Chí Minh, Việt Nam -> 169A Đường Hiệp Bình, P.Hiệp Bình, TP.Hồ Chí Minh, 70000, Vietnam",1,0.25,True,1.0,0.7431,0.8571,0.0635,73.56,51.95,25.05,50.45,44.1,0,2,1,2,1,ride_component_96,2,1,1.0,3,1,63.71,42.05,44.1,24.5,77.68,28.29,50.63,GHOST_TRIP_EXECUTION_PATTERN,Mau thuc thi ghost trip,"Cap nay co dau hieu thuc thi ghost trip, voi nhieu chuyen nghi ngo gia lap hoac quay dau phi thuc te.",77.68,Mau thuc thi ghost trip,KB-C_HIGH_GHOST_RATE,GHOST_TRIP_EXECUTION_PATTERN,Mau thuc thi ghost trip,"Cap nay co dau hieu thuc thi ghost trip, voi nhieu chuyen nghi ngo gia lap hoac quay dau phi thuc te.",77.68
3e2e743dcea0bb5e,5cb75bc2e95ae635,4,2,7,5,xanh_premium,Tỉnh Khánh Hòa,0.5714285714285714,0.8,0.5,xanh_premium|Tỉnh Khánh Hòa,7.33640000000014,0.9968,0.2,0.3333333333333333,0.5714,0.2,0.4643,0.6712,6.0,0.1817,False,0.3116,25.31,25.31,67500.0,270000.0,29000.0,1,2026-07-27,Tỉnh Khánh Hòa,18.766666666666666,"12-14 Trần Phú, Phường Nha Trang, Tỉnh Khánh Hòa, Việt Nam -> Phường Nha Trang, Tỉnh Khánh Hòa, Việt Nam",1,0.25,True,0.5,0.3371,1.0,0.0,35.11,30.7,39.35,25.83,29.21,0,2,0,1,0,ride_component_97,1,0,0.0,0,0,10.81,5.88,29.21,25.7,37.06,19.53,3.23,GHOST_TRIP_EXECUTION_PATTERN,Mau thuc thi ghost trip,"Cap nay co dau hieu thuc thi ghost trip, voi nhieu chuyen nghi ngo gia lap hoac quay dau phi thuc te.",37.06,Mau thuc thi ghost trip,KB-C_HIGH_GHOST_RATE,GHOST_TRIP_EXECUTION_PATTERN,Mau thuc thi ghost trip,"Cap nay co dau hieu thuc thi ghost trip, voi nhieu chuyen nghi ngo gia lap hoac quay dau phi thuc te.",37.06
e9891eba8f1c5b20,1e3ad0f8ddf700e8,5,5,10,5,xanh_premium,Tỉnh Hòa Bình,0.5,1.0,1.0,xanh_premium|Tỉnh Hòa Bình,5.0,1.0,0.3333333333333333,0.5,0.5,0.3333,0.25,0.7472,6.0,0.3333,True,0.1868,25.27,25.27,20000.0,100000.0,0.0,1,2026-07-27,Tỉnh Hòa Bình,0.65,"Tỉnh Phú Thọ, Việt Nam -> Phú Thọ",4,0.8,True,1.0,0.9248,1.0,0.0,77.74,54.13,21.47,52.03,44.39,0,0,1,2,1,ride_component_98,2,1,1.0,3,1,61.09,41.03,44.39,24.83,84.03,63.57,50.07,GHOST_TRIP_EXECUTION_PATTERN,Mau thuc thi ghost trip,"Cap nay co dau hieu thuc thi ghost trip, voi nhieu chuyen nghi ngo gia lap hoac quay dau phi thuc te.",84.03,Mau thuc thi ghost trip,KB-C_HIGH_GHOST_RATE,GHOST_TRIP_EXECUTION_PATTERN,Mau thuc thi ghost trip,"Cap nay co dau hieu thuc thi ghost trip, voi nhieu chuyen nghi ngo gia lap hoac quay dau phi thuc te.",84.03
e9891eba8f1c5b20,a3b605e8ec38399f,5,4,10,5,xanh_premium,Tỉnh Hòa Bình,0.5,1.0,0.8,xanh_premium|Tỉnh Hòa Bình,5.0,1.0,0.3333333333333333,0.5,0.5,0.3333,0.25,0.7472,6.0,0.3333,True,0.1868,25.27,25.27,19000.0,95000.0,0.0,1,2026-07-27,Tỉnh Hòa Bình,0.8166666666666667,"Tỉnh Phú Thọ, Việt Nam -> Phú Thọ",3,0.6,True,0.8,0.8609,0.5,0.1666,69.16,49.41,20.91,47.86,41.12,0,0,2,1,1,ride_component_98,2,1,1.0,3,1,61.09,39.46,41.12,24.83,74.17,51.67,49.2,GHOST_TRIP_EXECUTION_PATTERN,Mau thuc thi ghost trip,"Cap nay co dau hieu thuc thi ghost trip, voi nhieu chuyen nghi ngo gia lap hoac quay dau phi thuc te.",74.17,Mau thuc thi ghost trip,KB-C_HIGH_GHOST_RATE,GHOST_TRIP_EXECUTION_PATTERN,Mau thuc thi ghost trip,"Cap nay co dau hieu thuc thi ghost trip, voi nhieu chuyen nghi ngo gia lap hoac quay dau phi thuc te.",74.17
b849dfb2cc7dc7e7,28f7ff1f45fab8b2,6,5,16,8,xanh_limo_6_cho,Thành phố Hồ Chí Minh,0.375,0.75,0.8333333333333334,xanh_limo_6_cho|Thành phố Hồ Chí Minh,7.809400000001915,0.9997,0.1111111111111111,0.25,0.375,0.1111,0.2969,0.8115,6.0,0.2561,False,0.2409,24.77,24.77,38333.333333333336,230000.0,11000.0,1,2026-07-27,Thành phố Hồ Chí Minh,1.5833333333333333,"Xã Tân Vĩnh Lộc, Thành phố Hồ Chí Minh, Việt Nam -> Xã Tân Vĩnh Lộc, Thành phố Hồ Chí Minh, Việt Nam",4,0.6666666666666666,True,0.8333,0.8631,0.25,0.1921,71.4,50.42,32.68,40.8,38.77,0,0,0,0,0,ride_component_99,1,0,0.0,0,0,0.0,0.0,38.77,24.73,76.17,65.98,0.0,GHOST_TRIP_EXECUTION_PATTERN,Mau thuc thi ghost trip,"Cap nay co dau hieu thuc thi ghost trip, voi nhieu chuyen nghi ngo gia lap hoac quay dau phi thuc te.",76.17,Mau thuc thi ghost trip,KB-C_HIGH_GHOST_RATE | KB-C_SUPERFAST_GAP,GHOST_TRIP_EXECUTION_PATTERN,Mau thuc thi ghost trip,"Cap nay co dau hieu thuc thi ghost trip, voi nhieu chuyen nghi ngo gia lap hoac quay dau phi thuc te.",76.17
bb51237249936ac3,c186b9608dbc5ab8,4,4,8,4,xanh_car,Thành phố Hà Nội,0.5,1.0,1.0,xanh_car|Thành phố Hà Nội,6.0,0.9998,0.16666666666666666,0.5,0.5,0.1667,0.4,0.6712,6.0,0.2222,False,0.2685,24.77,24.77,32750.0,131000.0,9000.0,1,2026-07-27,Thành phố Hà Nội,2.966666666666667,"Phường Yên Sở, Thành Phố Hà Nội, Việt Nam -> 1 Đường Ngọc Hồi, Phường Yên Sở, Thành Phố Hà Nội, Việt Nam",2,0.5,True,1.0,0.7808,0.5556,0.0988,75.4,52.62,26.44,42.6,38.56,0,0,0,0,0,ride_component_100,1,0,0.0,0,0,0.0,0.0,38.56,24.91,79.63,37.89,0.0,GHOST_TRIP_EXECUTION_PATTERN,Mau thuc thi ghost trip,"Cap nay co dau hieu thuc thi ghost trip, voi nhieu chuyen nghi ngo gia lap hoac quay dau phi thuc te.",79.63,Mau thuc thi ghost trip,KB-C_HIGH_GHOST_RATE,GHOST_TRIP_EXECUTION_PATTERN,Mau thuc thi ghost trip,"Cap nay co dau hieu thuc thi ghost trip, voi nhieu chuyen nghi ngo gia lap hoac quay dau phi thuc te.",79.63
fef6927359e409c8,2dfb931fb0bdc642,4,2,18,7,lado_service_name,Tỉnh Lâm Đồng,0.2222222222222222,0.5714285714285714,0.5,lado_service_name|Tỉnh Lâm Đồng,3.5075999999999112,1.0,0.0625,0.25,0.2222,0.0625,0.1704,0.6712,6.0,0.3801,True,0.1144,23.4,23.4,135750.0,543000.0,0.0,1,2026-07-27,Tỉnh Lâm Đồng,19.95,"Dinh 1 Bảo Đại, Đường Trần Quang Diệu, Phường Xuân Hương Đà Lạt, Tỉnh Lâm Đồng, Việt Nam -> Phường Xuân Hương Đà Lạt, Tỉnh Lâm Đồng, Việt Nam",1,0.25,True,0.5,0.3095,1.0,0.0,34.28,29.39,38.08,24.19,27.66,1,0,0,0,0,ride_component_101,1,0,0.0,0,0,5.4,2.89,27.66,22.6,35.97,18.97,1.59,GHOST_TRIP_EXECUTION_PATTERN,Mau thuc thi ghost trip,"Cap nay co dau hieu thuc thi ghost trip, voi nhieu chuyen nghi ngo gia lap hoac quay dau phi thuc te.",35.97,Mau thuc thi ghost trip,KB-C_HIGH_GHOST_RATE,GHOST_TRIP_EXECUTION_PATTERN,Mau thuc thi ghost trip,"Cap nay co dau hieu thuc thi ghost trip, voi nhieu chuyen nghi ngo gia lap hoac quay dau phi thuc te.",35.97
2d6821da8c2506ff,c96bac9370cd82b9,5,5,14,5,xanhsm_bike_hn,Tỉnh Bà Rịa - Vũng Tàu,0.35714285714285715,1.0,1.0,xanhsm_bike_hn|Tỉnh Bà Rịa - Vũng Tàu,5.0,1.0,0.2,0.5,0.3571,0.2,0.1964,0.7472,6.0,0.3333,True,0.1468,23.07,23.07,14400.0,72000.0,5000.0,1,2026-07-27,Tỉnh Bà Rịa - Vũng Tàu,0.9333333333333333,"338 Quốc Lộ 51, Xã Xuyên Mộc, Thành phố Hồ Chí Minh, Việt Nam -> Quốc lộ 55, Xã Hồ Tràm, Thành phố Hồ Chí Minh, Việt Nam",1,0.2,True,1.0,0.7382,1.0,0.0,72.15,50.06,22.23,49.88,42.97,0,0,3,3,2,ride_component_102,3,3,1.0,3,2,72.13,46.68,42.97,22.51,76.66,32.69,55.67,GHOST_TRIP_EXECUTION_PATTERN,Mau thuc thi ghost trip,"Cap nay co dau hieu thuc thi ghost trip, voi nhieu chuyen nghi ngo gia lap hoac quay dau phi thuc te.",76.66,Mau lien ket theo mang | Mau thuc thi ghost trip,KB-C_SUSPICIOUS_COMPONENT | KB-C_HIGH_GHOST_RATE,GHOST_TRIP_EXECUTION_PATTERN,Mau thuc thi ghost trip,"Cap nay co dau hieu thuc thi ghost trip, voi nhieu chuyen nghi ngo gia lap hoac quay dau phi thuc te.",76.66
eea72e2144b9de24,9b5636c69aa99e80,4,4,8,5,xanh_premium,Tỉnh Khánh Hòa,0.5,0.8,1.0,xanh_premium|Tỉnh Khánh Hòa,7.33640000000014,0.9968,0.16666666666666666,0.3333333333333333,0.5,0.1667,0.4,0.6712,6.0,0.1817,False,0.2685,22.94,22.94,57000.0,228000.0,0.0,1,2026-07-27,Tỉnh Khánh Hòa,19.85,"10-12 Đường Trần Phú, Phường Nha Trang, Khánh Hòa, Việt Nam -> 22 Đường 23 Tháng 10, Phường Tây Nha Trang, Tỉnh Khánh Hòa, Việt Nam",1,0.25,True,1.0,0.3118,0.5,0.0908,61.17,43.97,25.15,36.22,33.45,0,0,0,1,0,ride_component_103,1,0,0.0,0,0,5.4,3.31,33.45,23.2,61.0,22.28,1.82,GHOST_TRIP_EXECUTION_PATTERN,Mau thuc thi ghost trip,"Cap nay co dau hieu thuc thi ghost trip, voi nhieu chuyen nghi ngo gia lap hoac quay dau phi thuc te.",61.0,Mau thuc thi ghost trip,KB-C_HIGH_GHOST_RATE,GHOST_TRIP_EXECUTION_PATTERN,Mau thuc thi ghost trip,"Cap nay co dau hieu thuc thi ghost trip, voi nhieu chuyen nghi ngo gia lap hoac quay dau phi thuc te.",61.0
b9bc6a0e28c86d43,efdcc15b81e20466,4,4,10,5,xanh_car,Tỉnh Thanh Hóa,0.4,0.8,1.0,xanh_car|Tỉnh Thanh Hóa,5.370700000000397,0.9994,0.14285714285714285,0.3333333333333333,0.4,0.1429,0.3,0.6712,6.0,0.2483,False,0.2014,22.25,22.25,87500.0,350000.0,16000.0,1,2026-07-27,Tỉnh Thanh Hóa,96.08333333333333,"Phường Nghi Sơn, Tỉnh Thanh Hóa, Việt Nam -> Đường Tỉnh 513, Phường Nghi Sơn, Tỉnh Thanh Hóa, Việt Nam",2,0.5,True,1.0,0.15,0.6667,0.0828,56.16,40.9,40.53,34.08,35.69,1,1,0,0,0,ride_component_104,1,0,0.0,0,0,8.57,5.11,35.69,22.11,54.5,29.22,2.81,GHOST_TRIP_EXECUTION_PATTERN,Mau thuc thi ghost trip,"Cap nay co dau hieu thuc thi ghost trip, voi nhieu chuyen nghi ngo gia lap hoac quay dau phi thuc te.",54.5,Mau thuc thi ghost trip,KB-C_HIGH_GHOST_RATE,GHOST_TRIP_EXECUTION_PATTERN,Mau thuc thi ghost trip,"Cap nay co dau hieu thuc thi ghost trip, voi nhieu chuyen nghi ngo gia lap hoac quay dau phi thuc te.",54.5
7c745fb8d27bf307,11fc2842c252cd47,4,2,9,4,xanhsm_bike_hn,Tỉnh Thừa Thiên Huế,0.4444444444444444,1.0,0.5,xanhsm_bike_hn|Tỉnh Thừa Thiên Huế,6.723999999998341,0.9998,0.14285714285714285,0.5,0.4444,0.1429,0.3519,0.6712,6.0,0.1983,False,0.2362,21.91,21.91,15000.0,60000.0,4000.0,1,2026-07-27,Tỉnh Thừa Thiên Huế,2.45,"174 Bà Triệu, Phường Thuận Hóa, Thành phố Huế, VNM -> Đặng Văn Ngữ, P.Xuân Phú, Q.Thuận Hóa, TP.Huế, 49000, Vietnam",1,0.25,True,0.5,0.7178,1.0,0.0,46.54,35.45,18.61,28.61,26.11,0,0,0,0,0,ride_component_105,1,0,0.0,0,0,0.0,0.0,26.11,22.03,52.11,24.26,0.0,GHOST_TRIP_EXECUTION_PATTERN,Mau thuc thi ghost trip,"Cap nay co dau hieu thuc thi ghost trip, voi nhieu chuyen nghi ngo gia lap hoac quay dau phi thuc te.",52.11,Mau thuc thi ghost trip,KB-C_HIGH_GHOST_RATE,GHOST_TRIP_EXECUTION_PATTERN,Mau thuc thi ghost trip,"Cap nay co dau hieu thuc thi ghost trip, voi nhieu chuyen nghi ngo gia lap hoac quay dau phi thuc te.",52.11
a2b41cc9d392c678,2e52748ed193f0f5,5,5,14,5,xanh_premium,Thành phố Hồ Chí Minh,0.35714285714285715,1.0,1.0,xanh_premium|Thành phố Hồ Chí Minh,6.0,0.9997,0.16666666666666666,0.5,0.3571,0.1667,0.2286,0.7472,6.0,0.2778,False,0.1708,21.9,21.9,37200.0,186000.0,31000.0,1,2026-07-27,Thành phố Hồ Chí Minh,0.6166666666666667,"Xã Bình Hưng, Thành phố Hồ Chí Minh, Việt Nam -> Xã Bình Hưng, Thành phố Hồ Chí Minh, Việt Nam",4,0.8,True,1.0,0.9256,0.2857,0.1984,81.74,54.81,39.44,45.6,44.06,0,0,1,1,0,ride_component_106,1,0,0.0,0,0,8.57,5.76,44.06,21.58,86.64,63.16,3.17,GHOST_TRIP_EXECUTION_PATTERN,Mau thuc thi ghost trip,"Cap nay co dau hieu thuc thi ghost trip, voi nhieu chuyen nghi ngo gia lap hoac quay dau phi thuc te.",86.64,Mau thuc thi ghost trip,KB-C_HIGH_GHOST_RATE,GHOST_TRIP_EXECUTION_PATTERN,Mau thuc thi ghost trip,"Cap nay co dau hieu thuc thi ghost trip, voi nhieu chuyen nghi ngo gia lap hoac quay dau phi thuc te.",86.64
a2b41cc9d392c678,fb3e6aafd655a19d,5,5,14,5,xanh_premium,Thành phố Hồ Chí Minh,0.35714285714285715,1.0,1.0,xanh_premium|Thành phố Hồ Chí Minh,6.0,0.9997,0.16666666666666666,0.5,0.3571,0.1667,0.2286,0.7472,6.0,0.2778,False,0.1708,21.9,21.9,36800.0,184000.0,25000.0,1,2026-07-27,Thành phố Hồ Chí Minh,0.8166666666666667,"Khu dân cư Trung Sơn, Xã Bình Hưng, Thành phố Hồ Chí Minh, Việt Nam -> Xã Bình Hưng, Thành phố Hồ Chí Minh, Việt Nam",5,1.0,True,1.0,0.9809,0.1429,0.2381,84.19,56.16,36.64,46.28,43.87,0,0,0,1,0,ride_component_107,1,0,0.0,0,0,5.4,3.67,43.87,21.58,89.34,73.25,2.02,GHOST_TRIP_EXECUTION_PATTERN,Mau thuc thi ghost trip,"Cap nay co dau hieu thuc thi ghost trip, voi nhieu chuyen nghi ngo gia lap hoac quay dau phi thuc te.",89.34,Mau thuc thi ghost trip,KB-C_HIGH_GHOST_RATE,GHOST_TRIP_EXECUTION_PATTERN,Mau thuc thi ghost trip,"Cap nay co dau hieu thuc thi ghost trip, voi nhieu chuyen nghi ngo gia lap hoac quay dau phi thuc te.",89.34
96f551a4cb889742,f326e12fabdf63af,4,3,10,4,xanh_car,Thành phố Hồ Chí Minh,0.4,1.0,0.75,xanh_car|Thành phố Hồ Chí Minh,6.0,0.9997,0.14285714285714285,0.5,0.4,0.1429,0.3,0.6712,6.0,0.2222,False,0.2014,21.08,21.08,56250.0,225000.0,13000.0,1,2026-07-27,Thành phố Hồ Chí Minh,47.75,"5 Đường Số 39, Phường Phước Long, Thành phố Hồ Chí Minh, Việt Nam -> 50 Đường Lê Văn Việt, Phường Tăng Nhơn Phú, Thành phố Hồ Chí Minh",1,0.25,True,0.75,0.075,0.3333,0.1481,42.71,32.98,32.88,33.15,33.08,0,1,1,1,0,ride_component_12,2,1,1.0,3,1,59.35,32.76,33.08,21.02,40.51,17.27,45.52,GHOST_TRIP_EXECUTION_PATTERN,Mau thuc thi ghost trip,"Cap nay co dau hieu thuc thi ghost trip, voi nhieu chuyen nghi ngo gia lap hoac quay dau phi thuc te.",40.51,Mau thuc thi ghost trip,KB-C_HIGH_GHOST_RATE,GHOST_TRIP_EXECUTION_PATTERN,Mau thuc thi ghost trip,"Cap nay co dau hieu thuc thi ghost trip, voi nhieu chuyen nghi ngo gia lap hoac quay dau phi thuc te.",40.51
9cab892ccb1cd9f6,0ec9b24ee8567597,7,7,19,9,xanh_limo_6_cho,Thành phố Hồ Chí Minh,0.3684210526315789,0.7777777777777778,1.0,xanh_limo_6_cho|Thành phố Hồ Chí Minh,7.809400000001915,0.9999,0.25,0.25,0.3684,0.25,0.1579,0.8672,6.0,0.2988,False,0.1369,20.98,20.98,108571.42857142857,760000.0,190000.0,1,2026-07-27,Thành phố Hồ Chí Minh,0.4166666666666667,"5C Huỳnh Tấn Phát, Xã Nhà Bè, Thành Phố Hồ Chí Minh, Việt Nam -> 92-94 nam kỳ khởi nghĩa, Phường Sài Gòn, Thành phố Hồ Chí Minh",2,0.2857142857142857,True,1.0,0.776,0.75,0.0747,74.77,50.57,70.9,42.62,49.69,0,1,2,1,0,ride_component_108,1,0,0.0,0,0,12.55,8.13,49.69,20.49,79.12,44.38,4.47,GHOST_TRIP_EXECUTION_PATTERN,Mau thuc thi ghost trip,"Cap nay co dau hieu thuc thi ghost trip, voi nhieu chuyen nghi ngo gia lap hoac quay dau phi thuc te.",79.12,Mau thuc thi ghost trip,KB-C_HIGH_GHOST_RATE | KB-C_SUPERFAST_GAP,GHOST_TRIP_EXECUTION_PATTERN,Mau thuc thi ghost trip,"Cap nay co dau hieu thuc thi ghost trip, voi nhieu chuyen nghi ngo gia lap hoac quay dau phi thuc te.",79.12
a0038990603c570d,087727fc53a5adab,4,2,12,4,xanh_car,Tỉnh Quảng Ninh,0.3333333333333333,1.0,0.5,xanh_car|Tỉnh Quảng Ninh,5.0,0.9996,0.16666666666666666,0.5,0.3333,0.1667,0.2,0.6712,6.0,0.2667,False,0.1342,19.38,19.38,42000.0,168000.0,16000.0,1,2026-07-27,Tỉnh Quảng Ninh,28.533333333333335,"Mạo Khê, Quảng Ninh, Việt Nam -> Khu Mễ Xá 1, Phường Đông Triều, Tỉnh Quảng Ninh, Việt Nam",1,0.25,True,0.5,0.1092,0.5,0.1334,30.94,25.74,32.77,21.26,24.14,0,1,0,0,0,ride_component_109,1,0,0.0,0,0,5.4,2.76,24.14,18.98,29.8,15.89,1.52,GHOST_TRIP_EXECUTION_PATTERN,Mau thuc thi ghost trip,"Cap nay co dau hieu thuc thi ghost trip, voi nhieu chuyen nghi ngo gia lap hoac quay dau phi thuc te.",29.8,Mau thuc thi ghost trip,KB-C_HIGH_GHOST_RATE,GHOST_TRIP_EXECUTION_PATTERN,Mau thuc thi ghost trip,"Cap nay co dau hieu thuc thi ghost trip, voi nhieu chuyen nghi ngo gia lap hoac quay dau phi thuc te.",29.8
d69f6d6739baff20,26998ffcb290636b,4,4,10,4,xanh_limo_6_cho,Thành phố Hà Nội,0.4,1.0,1.0,xanh_limo_6_cho|Thành phố Hà Nội,5.0,0.9996,0.25,0.5,0.4,0.25,0.2,0.6712,6.0,0.2667,False,0.1342,19.38,19.38,45000.0,180000.0,0.0,1,2026-07-27,Thành phố Hà Nội,0.55,Thành phố Hà Nội -> Thành phố Hà Nội,2,0.5,True,1.0,0.8372,0.6667,0.0889,76.89,51.01,24.33,50.74,44.14,0,0,2,1,1,ride_component_1,4,4,0.6667,3,3,72.13,46.78,44.14,18.98,81.72,38.1,54.9,GHOST_TRIP_EXECUTION_PATTERN,Mau thuc thi ghost trip,"Cap nay co dau hieu thuc thi ghost trip, voi nhieu chuyen nghi ngo gia lap hoac quay dau phi thuc te.",81.72,Mau lien ket theo mang | Mau thuc thi ghost trip,KB-C_SUSPICIOUS_COMPONENT | KB-C_HIGH_GHOST_RATE,GHOST_TRIP_EXECUTION_PATTERN,Mau thuc thi ghost trip,"Cap nay co dau hieu thuc thi ghost trip, voi nhieu chuyen nghi ngo gia lap hoac quay dau phi thuc te.",81.72
d69f6d6739baff20,63e68af526192dd7,4,2,10,4,xanh_limo_6_cho,Thành phố Hà Nội,0.4,1.0,0.5,xanh_limo_6_cho|Thành phố Hà Nội,5.0,0.9996,0.25,0.5,0.4,0.25,0.2,0.6712,6.0,0.2667,False,0.1342,19.38,19.38,45000.0,180000.0,0.0,1,2026-07-27,Thành phố Hà Nội,0.5,"2GCG+FWP, Xã Hòa Lạc, Thành Phố Hà Nội, Việt Nam -> Thành phố Hà Nội",1,0.25,True,0.5,0.7633,0.6667,0.0889,49.68,36.04,24.33,35.02,32.35,0,0,2,1,0,ride_component_1,4,4,0.6667,2,1,51.85,29.39,32.35,18.98,55.06,24.62,35.33,GHOST_TRIP_EXECUTION_PATTERN,Mau thuc thi ghost trip,"Cap nay co dau hieu thuc thi ghost trip, voi nhieu chuyen nghi ngo gia lap hoac quay dau phi thuc te.",55.06,Mau thuc thi ghost trip,KB-C_HIGH_GHOST_RATE,GHOST_TRIP_EXECUTION_PATTERN,Mau thuc thi ghost trip,"Cap nay co dau hieu thuc thi ghost trip, voi nhieu chuyen nghi ngo gia lap hoac quay dau phi thuc te.",55.06
2d6821da8c2506ff,a80904bc0f9a3845,4,4,14,4,xanhsm_bike_hn,Tỉnh Bà Rịa - Vũng Tàu,0.2857142857142857,1.0,1.0,xanhsm_bike_hn|Tỉnh Bà Rịa - Vũng Tàu,5.0,0.9997,0.2,0.5,0.2857,0.2,0.1071,0.6712,6.0,0.2667,False,0.0719,15.96,15.96,14250.0,57000.0,4000.0,1,2026-07-27,Tỉnh Bà Rịa - Vũng Tàu,1.2333333333333334,"8 Đường Trần Phú, Khu phố Thạnh Sơn, Xã Hồ Tràm, Thành phố Hồ Chí Minh, Việt Nam -> 338 Quốc Lộ 51, Xã Xuyên Mộc, Thành phố Hồ Chí Minh, Việt Nam",1,0.25,True,1.0,0.7462,0.6667,0.0889,74.16,47.97,19.69,47.63,40.65,0,0,2,2,1,ride_component_102,3,3,1.0,3,2,68.97,43.34,40.65,15.37,78.13,27.38,53.84,GHOST_TRIP_EXECUTION_PATTERN,Mau thuc thi ghost trip,"Cap nay co dau hieu thuc thi ghost trip, voi nhieu chuyen nghi ngo gia lap hoac quay dau phi thuc te.",78.13,Mau lien ket theo mang | Mau thuc thi ghost trip,KB-C_SUSPICIOUS_COMPONENT | KB-C_HIGH_GHOST_RATE,GHOST_TRIP_EXECUTION_PATTERN,Mau thuc thi ghost trip,"Cap nay co dau hieu thuc thi ghost trip, voi nhieu chuyen nghi ngo gia lap hoac quay dau phi thuc te.",78.13
2d6821da8c2506ff,fd1f7e628564848a,4,4,14,4,xanhsm_bike_hn,Tỉnh Bà Rịa - Vũng Tàu,0.2857142857142857,1.0,1.0,xanhsm_bike_hn|Tỉnh Bà Rịa - Vũng Tàu,5.0,0.9997,0.2,0.5,0.2857,0.2,0.1071,0.6712,6.0,0.2667,False,0.0719,15.96,15.96,14250.0,57000.0,0.0,1,2026-07-27,Tỉnh Bà Rịa - Vũng Tàu,1.1,"Xã Hồ Tràm, Thành phố Hồ Chí Minh, Việt Nam -> Xã Hồ Tràm, Thành phố Hồ Chí Minh, Việt Nam",2,0.5,True,1.0,0.8243,0.6667,0.0889,76.51,49.26,17.89,48.93,41.17,0,0,2,2,2,ride_component_102,3,3,1.0,3,2,70.17,44.59,41.17,15.37,81.22,37.59,54.52,GHOST_TRIP_EXECUTION_PATTERN,Mau thuc thi ghost trip,"Cap nay co dau hieu thuc thi ghost trip, voi nhieu chuyen nghi ngo gia lap hoac quay dau phi thuc te.",81.22,Mau lien ket theo mang | Mau thuc thi ghost trip,KB-C_SUSPICIOUS_COMPONENT | KB-C_HIGH_GHOST_RATE,GHOST_TRIP_EXECUTION_PATTERN,Mau thuc thi ghost trip,"Cap nay co dau hieu thuc thi ghost trip, voi nhieu chuyen nghi ngo gia lap hoac quay dau phi thuc te.",81.22
5828b7e28d77245d,fad2dbe4e38702c5,18,18,18,18,xanh_car,Thành phố Hà Nội,1.0,1.0,1.0,xanh_car|Thành phố Hà Nội,5.0,1.0,0.5,0.5,1.0,0.5,1.0,1.0,6.0,1.0,True,1.0,100.0,100.0,39722.22222222222,715000.0,0.0,1,2026-07-28,Thành phố Hà Nội,0.5166666666666667,"Tổ 4, Khu Tiên Trượng, Xã Xuân Mai, Thành phố Hà Nội, Việt Nam -> Huyện Chương Mỹ, Thành phố Hà Nội",3,0.16666666666666666,True,1.0,0.7379,0.4444,0.5556,83.25,90.79,54.34,73.49,68.7,0,0,0,1,0,ride_component_1,1,0,0.0,0,0,5.4,5.13,68.7,100.0,83.87,48.92,2.82,REPEATED_LOCKED_PAIR,Cap lap lai va phu thuoc bat thuong,Tai xe va khach hang di voi nhau nhieu lan va co muc do phu thuoc bat thuong so voi hanh vi thong thuong.,100.0,Cap lap lai va phu thuoc bat thuong | Mau thuc thi ghost trip,KB-C_EXTREME_VOLUME | KB-C_TIGHT_PAIR_SHARE | KB-C_HIGH_GHOST_RATE | KB-C_SUPERFAST_GAP,REPEATED_LOCKED_PAIR,Cap lap lai va phu thuoc bat thuong,Tai xe va khach hang di voi nhau nhieu lan va co muc do phu thuoc bat thuong so voi hanh vi thong thuong.,100.0
d8ad18ba0b3bab28,71ac2c51b3d719cc,20,2,20,20,xanh_premium,Thành phố Hà Nội,1.0,1.0,0.1,xanh_premium|Thành phố Hà Nội,7.0,1.0,0.5,0.5,1.0,0.5,1.0,1.0,6.0,0.9524,True,1.0,97.86,97.86,40000.0,800000.0,0.0,1,2026-07-28,Thành phố Hà Nội,0.0,"184 Đường Hà Huy Tập, Xã Phù Đổng, Thành phố Hà Nội, Việt Nam -> Xã Phù Đổng, Thành phố Hà Nội, Việt Nam",2,0.1,False,0.1,0.73,0.25,0.7143,41.19,66.69,55.24,62.76,60.88,0,0,1,2,1,ride_component_2,2,1,1.0,3,1,61.09,49.85,60.88,98.0,42.87,35.78,54.92,REPEATED_LOCKED_PAIR,Cap lap lai va phu thuoc bat thuong,Tai xe va khach hang di voi nhau nhieu lan va co muc do phu thuoc bat thuong so voi hanh vi thong thuong.,98.0,Cap lap lai va phu thuoc bat thuong,KB-C_EXTREME_VOLUME | KB-C_TIGHT_PAIR_SHARE,REPEATED_LOCKED_PAIR,Cap lap lai va phu thuoc bat thuong,Tai xe va khach hang di voi nhau nhieu lan va co muc do phu thuoc bat thuong so voi hanh vi thong thuong.,98.0
ac5ad23248702f61,31195016ed4e705a,20,8,33,20,xanhsm_bike_sg,Thành phố Hồ Chí Minh,0.6060606060606061,1.0,0.4,xanhsm_bike_sg|Thành phố Hồ Chí Minh,3.0,1.0,0.06666666666666667,0.5,0.6061,0.0667,0.5779,1.0,6.0,1.0,True,0.5779,76.78,76.78,11150.0,223000.0,22000.0,1,2026-07-28,Thành phố Hồ Chí Minh,0.8,"Phường Tân Sơn Nhất, Thành phố Hồ Chí Minh, Việt Nam -> Phường Tân Sơn Nhất, Thành phố Hồ Chí Minh, Việt Nam",7,0.35,True,0.4,0.7863,0.3333,0.6667,56.92,65.86,50.18,54.69,53.56,0,4,0,1,0,ride_component_3,1,0,0.0,0,0,13.97,11.03,53.56,75.52,58.72,50.49,6.07,REPEATED_LOCKED_PAIR,Cap lap lai va phu thuoc bat thuong,Tai xe va khach hang di voi nhau nhieu lan va co muc do phu thuoc bat thuong so voi hanh vi thong thuong.,75.52,Cap lap lai va phu thuoc bat thuong | Mau thuc thi ghost trip,KB-C_EXTREME_VOLUME | KB-C_TIGHT_PAIR_SHARE | KB-C_SUPERFAST_GAP,REPEATED_LOCKED_PAIR,Cap lap lai va phu thuoc bat thuong,Tai xe va khach hang di voi nhau nhieu lan va co muc do phu thuoc bat thuong so voi hanh vi thong thuong.,75.52
5dd78d9a81cbed8f,b17fc5490aa266e4,13,0,19,13,xanh_car,Thành phố Hà Nội,0.6842105263157895,1.0,0.0,xanh_car|Thành phố Hà Nội,5.0,1.0,0.125,0.5,0.6842,0.125,0.6391,1.0,6.0,0.8667,True,0.6391,74.15,74.15,33461.53846153846,435000.0,0.0,1,2026-07-28,Thành phố Hà Nội,2.2,"Thành phố Hà Nội -> Đường Thụy Lôi, Xã Thư Lâm, Thành phố Hà Nội, Việt Nam",2,0.15384615384615385,False,0.0,0.6948,0.2222,0.6741,34.33,52.25,45.79,42.17,43.08,0,0,1,0,0,ride_component_4,1,0,0.0,0,0,5.4,3.85,43.08,73.47,36.21,33.48,2.12,REPEATED_LOCKED_PAIR,Cap lap lai va phu thuoc bat thuong,Tai xe va khach hang di voi nhau nhieu lan va co muc do phu thuoc bat thuong so voi hanh vi thong thuong.,73.47,Cap lap lai va phu thuoc bat thuong,KB-C_EXTREME_VOLUME | KB-C_TIGHT_PAIR_SHARE,REPEATED_LOCKED_PAIR,Cap lap lai va phu thuoc bat thuong,Tai xe va khach hang di voi nhau nhieu lan va co muc do phu thuoc bat thuong so voi hanh vi thong thuong.,73.47
94aa5e3e1edaecf6,75557b4b149ebca8,13,9,13,13,xanh_car,Tỉnh Phú Thọ,1.0,1.0,0.6923076923076923,xanh_car|Tỉnh Phú Thọ,11.498400000000402,1.0,0.5,0.5,1.0,0.5,1.0,1.0,6.0,0.3769,True,1.0,71.96,71.96,20000.0,260000.0,0.0,1,2026-07-28,Tỉnh Phú Thọ,0.36666666666666664,Tỉnh Phú Thọ ->  Tỉnh Phú Thọ,6,0.46153846153846156,True,0.6923,0.8299,1.0,0.0,59.51,65.11,31.03,51.97,46.74,0,0,0,0,0,ride_component_5,1,0,0.0,0,0,0.0,0.0,46.74,73.83,65.66,59.7,0.0,REPEATED_LOCKED_PAIR,Cap lap lai va phu thuoc bat thuong,Tai xe va khach hang di voi nhau nhieu lan va co muc do phu thuoc bat thuong so voi hanh vi thong thuong.,73.83,Cap lap lai va phu thuoc bat thuong | Mau thuc thi ghost trip,KB-C_EXTREME_VOLUME | KB-C_TIGHT_PAIR_SHARE | KB-C_HIGH_GHOST_RATE | KB-C_SUPERFAST_GAP,REPEATED_LOCKED_PAIR,Cap lap lai va phu thuoc bat thuong,Tai xe va khach hang di voi nhau nhieu lan va co muc do phu thuoc bat thuong so voi hanh vi thong thuong.,73.83
031d6b289f9fd963,2c7192581a1b6e85,16,16,21,30,xanhsm_bike_hn,Thành phố Hà Nội,0.7619047619047619,0.5333333333333333,1.0,xanhsm_bike_hn|Thành phố Hà Nội,3.0,1.0,0.14285714285714285,0.3333333333333333,0.5333,0.1429,0.4556,1.0,6.0,1.0,True,0.4556,70.06,70.06,15312.5,245000.0,48000.0,1,2026-07-28,Thành phố Hà Nội,0.5833333333333334,"1 Ngõ 229 Thôn Vĩnh Thanh, Tuyến 3, Thôn Vĩnh Thanh, Xã Vĩnh Thanh, Thành Phố Hà Nội, Việt Nam -> 30A Ngõ 2, Thôn Đoài, Xã Vĩnh Thanh, Thành Phố Hà Nội, Việt Nam",9,0.5625,True,1.0,0.8551,0.6,0.4,83.65,77.54,57.79,74.81,70.56,0,1,1,4,4,ride_component_6,2,1,1.0,4,1,74.74,63.24,70.56,68.43,86.47,68.55,67.28,GHOST_TRIP_EXECUTION_PATTERN,Mau thuc thi ghost trip,"Cap nay co dau hieu thuc thi ghost trip, voi nhieu chuyen nghi ngo gia lap hoac quay dau phi thuc te.",86.47,Cap lap lai va phu thuoc bat thuong | Mau thuc thi ghost trip,KB-C_EXTREME_VOLUME | KB-C_HIGH_GHOST_RATE | KB-C_SUPERFAST_GAP,GHOST_TRIP_EXECUTION_PATTERN,Mau thuc thi ghost trip,"Cap nay co dau hieu thuc thi ghost trip, voi nhieu chuyen nghi ngo gia lap hoac quay dau phi thuc te.",86.47
d3ac170709f50de7,a9640b909f60adb4,12,2,15,12,xanh_limo_6_cho,Thành phố Hà Nội,0.8,1.0,0.16666666666666666,xanh_limo_6_cho|Thành phố Hà Nội,6.3629000000000815,1.0,0.2,0.5,0.8,0.2,0.75,1.0,6.0,0.6286,True,0.75,69.54,69.54,47166.666666666664,566000.0,46000.0,1,2026-07-28,Thành phố Hà Nội,5.516666666666667,"126A Phố Thanh Vị, Phường Tùng Thiện, Thành Phố Hà Nội, Việt Nam -> Phường Tùng Thiện, Thành Phố Hà Nội, Việt Nam",1,0.08333333333333333,False,0.1667,0.5963,0.5,0.3143,32.51,49.17,58.94,47.41,50.29,0,0,1,2,1,ride_component_7,3,2,0.6667,3,1,61.09,42.21,50.29,69.9,35.56,28.61,47.38,REPEATED_LOCKED_PAIR,Cap lap lai va phu thuoc bat thuong,Tai xe va khach hang di voi nhau nhieu lan va co muc do phu thuoc bat thuong so voi hanh vi thong thuong.,69.9,Cap lap lai va phu thuoc bat thuong,KB-C_EXTREME_VOLUME | KB-C_TIGHT_PAIR_SHARE,REPEATED_LOCKED_PAIR,Cap lap lai va phu thuoc bat thuong,Tai xe va khach hang di voi nhau nhieu lan va co muc do phu thuoc bat thuong so voi hanh vi thong thuong.,69.9
7370b6f272bba1e8,489ebee5b9e7190d,7,0,7,7,xanh_car,Thành phố Hà Nội,1.0,1.0,0.0,xanh_car|Thành phố Hà Nội,5.0,1.0,0.5,0.5,1.0,0.5,1.0,0.8672,6.0,0.4667,True,0.8672,68.7,68.7,34142.857142857145,239000.0,20000.0,1,2026-07-28,Thành phố Hà Nội,5.0,"Khu công nghiệp Quất Động, Xã Thượng Phúc, Thành phố Hà Nội, Việt Nam -> Xã Thượng Phúc, Thành phố Hà Nội, Việt Nam",1,0.14285714285714285,False,0.0,0.6262,0.3333,0.3111,25.01,44.67,40.04,36.44,37.34,0,0,1,1,0,ride_component_8,1,0,0.0,0,0,8.57,5.7,37.34,69.9,28.78,30.69,3.14,REPEATED_LOCKED_PAIR,Cap lap lai va phu thuoc bat thuong,Tai xe va khach hang di voi nhau nhieu lan va co muc do phu thuoc bat thuong so voi hanh vi thong thuong.,69.9,,,,,,
c200a937b0d05b58,da5395e23fb77e8b,7,0,7,7,xanh_car,Thành phố Hà Nội,1.0,1.0,0.0,xanh_car|Thành phố Hà Nội,5.0,1.0,0.5,0.5,1.0,0.5,1.0,0.8672,6.0,0.4667,True,0.8672,68.7,68.7,184142.85714285713,1289000.0,61000.0,1,2026-07-28,Thành phố Hà Nội,17.833333333333332,"126 Đường Hàng Trống, Phường Hoàn Kiếm, Thành phố Hà Nội, Việt Nam -> 17 Phố Ngô Quyền, Phường Hoàn Kiếm, Thành Phố Hà Nội, Việt Nam",1,0.14285714285714285,False,0.0,0.3267,0.8889,0.0519,10.84,36.88,71.86,29.99,40.46,1,1,0,0,0,ride_component_9,1,0,0.0,0,0,8.57,5.34,40.46,69.9,13.58,24.7,2.94,REPEATED_LOCKED_PAIR,Cap lap lai va phu thuoc bat thuong,Tai xe va khach hang di voi nhau nhieu lan va co muc do phu thuoc bat thuong so voi hanh vi thong thuong.,69.9,,,,,,
150ce272eb426c0f,a7b7608c07bf6998,8,0,8,8,green_mini_3_khach,Thành phố Hồ Chí Minh,1.0,1.0,0.0,green_mini_3_khach|Thành phố Hồ Chí Minh,7.0,1.0,0.5,0.5,1.0,0.5,1.0,0.9163,6.0,0.381,True,0.9163,67.54,67.54,40375.0,323000.0,0.0,1,2026-07-28,Thành phố Hồ Chí Minh,8.616666666666667,"Phường Tân Sơn Nhì, Thành Phố Hồ Chí Minh, Việt Nam -> Phường Tân Sơn Nhì, Thành phố Hồ Chí Minh, Việt Nam",2,0.25,False,0.0,0.5739,1.0,0.0,17.22,39.86,33.28,32.99,33.06,1,0,2,1,0,ride_component_10,1,0,0.0,0,0,12.55,8.01,33.06,69.15,22.67,35.36,4.41,REPEATED_LOCKED_PAIR,Cap lap lai va phu thuoc bat thuong,Tai xe va khach hang di voi nhau nhieu lan va co muc do phu thuoc bat thuong so voi hanh vi thong thuong.,69.15,Cap lap lai va phu thuoc bat thuong,KB-C_EXTREME_VOLUME | KB-C_TIGHT_PAIR_SHARE,REPEATED_LOCKED_PAIR,Cap lap lai va phu thuoc bat thuong,Tai xe va khach hang di voi nhau nhieu lan va co muc do phu thuoc bat thuong so voi hanh vi thong thuong.,69.15
b485902c9eeef211,d96fb9235b337155,9,0,10,9,xanh_car,Thành phố Hồ Chí Minh,0.9,1.0,0.0,xanh_car|Thành phố Hồ Chí Minh,6.0,1.0,0.3333333333333333,0.5,0.9,0.3333,0.85,0.9603,6.0,0.5,True,0.8162,67.39,67.39,103555.55555555556,932000.0,206000.0,1,2026-07-28,Thành phố Hồ Chí Minh,15.866666666666667,"01 nguyễn xiển, Phường Long Bình, Thành phố Hồ Chí Minh -> 282 Đường Nơ Trang Long, Phường Bình Thạnh, Thành phố Hồ Chí Minh, Việt Nam",1,0.1111111111111111,False,0.0,0.3631,0.5714,0.2143,15.18,38.67,80.35,38.31,48.82,0,3,1,1,0,ride_component_11,2,1,1.0,3,1,62.51,39.47,48.82,68.34,17.13,23.48,49.21,REPEATED_LOCKED_PAIR,Cap lap lai va phu thuoc bat thuong,Tai xe va khach hang di voi nhau nhieu lan va co muc do phu thuoc bat thuong so voi hanh vi thong thuong.,68.34,Cap lap lai va phu thuoc bat thuong,KB-C_EXTREME_VOLUME | KB-C_TIGHT_PAIR_SHARE,REPEATED_LOCKED_PAIR,Cap lap lai va phu thuoc bat thuong,Tai xe va khach hang di voi nhau nhieu lan va co muc do phu thuoc bat thuong so voi hanh vi thong thuong.,68.34
02871d3f0666e44a,d52d90463cf94056,8,0,8,8,xanh_premium,Tỉnh Đồng Nai,1.0,1.0,0.0,xanh_premium|Tỉnh Đồng Nai,7.70029999999997,1.0,0.5,0.5,1.0,0.5,1.0,0.9163,6.0,0.3463,True,0.9163,65.98,65.98,276875.0,2215000.0,127000.0,1,2026-07-28,Tỉnh Đồng Nai,12.35,"Xã Xuân Bắc, Tỉnh Đồng Nai, Việt Nam -> Đường Tỉnh 763, Xã Xuân Bắc, Tỉnh Đồng Nai, Việt Nam",2,0.25,False,0.0,0.4868,1.0,0.0,14.6,37.72,79.93,30.34,42.74,0,0,0,1,0,ride_component_12,1,0,0.0,0,0,5.4,3.37,42.74,67.69,19.23,33.38,1.85,REPEATED_LOCKED_PAIR,Cap lap lai va phu thuoc bat thuong,Tai xe va khach hang di voi nhau nhieu lan va co muc do phu thuoc bat thuong so voi hanh vi thong thuong.,67.69,Cap lap lai va phu thuoc bat thuong,KB-C_EXTREME_VOLUME | KB-C_TIGHT_PAIR_SHARE,REPEATED_LOCKED_PAIR,Cap lap lai va phu thuoc bat thuong,Tai xe va khach hang di voi nhau nhieu lan va co muc do phu thuoc bat thuong so voi hanh vi thong thuong.,67.69
61ed7b3348db32e2,2c7192581a1b6e85,14,14,19,30,xanhsm_bike_hn,Thành phố Hà Nội,0.7368421052631579,0.4666666666666667,1.0,xanhsm_bike_hn|Thành phố Hà Nội,3.0,1.0,0.14285714285714285,0.3333333333333333,0.4667,0.1429,0.3778,1.0,6.0,1.0,True,0.3778,65.78,65.78,15000.0,210000.0,42000.0,1,2026-07-28,Thành phố Hà Nội,0.5333333333333333,"1 Ngõ 229 Thôn Vĩnh Thanh, Tuyến 3, Thôn Vĩnh Thanh, Xã Vĩnh Thanh, Thành Phố Hà Nội, Việt Nam -> 30A Ngõ 2, Thôn Đoài, Xã Vĩnh Thanh, Thành Phố Hà Nội, Việt Nam",5,0.35714285714285715,True,1.0,0.7947,0.2,0.8,89.84,79.01,54.73,76.15,70.8,0,1,1,4,4,ride_component_6,2,1,1.0,4,1,74.74,63.51,70.8,63.91,89.29,55.4,67.43,GHOST_TRIP_EXECUTION_PATTERN,Mau thuc thi ghost trip,"Cap nay co dau hieu thuc thi ghost trip, voi nhieu chuyen nghi ngo gia lap hoac quay dau phi thuc te.",89.29,Cap lap lai va phu thuoc bat thuong | Mau thuc thi ghost trip,KB-C_EXTREME_VOLUME | KB-C_HIGH_GHOST_RATE | KB-C_SUPERFAST_GAP,GHOST_TRIP_EXECUTION_PATTERN,Mau thuc thi ghost trip,"Cap nay co dau hieu thuc thi ghost trip, voi nhieu chuyen nghi ngo gia lap hoac quay dau phi thuc te.",89.29
c32e3146ca950a2f,34edf6463e0f292a,8,0,8,8,xanh_premium,Thành phố Hồ Chí Minh,1.0,1.0,0.0,xanh_premium|Thành phố Hồ Chí Minh,8.0,1.0,0.5,0.5,1.0,0.5,1.0,0.9163,6.0,0.3333,True,0.9163,65.4,65.4,44250.0,354000.0,37000.0,1,2026-07-28,Thành phố Hồ Chí Minh,1.7833333333333334,"Coffee and Tea, Tòa A-Masteri Centre Point Đường N2, Khu Đô Thị Vinhomes Grandpark, Phường Long Bình, Thành phố Hồ Chí Minh, Việt Nam -> Phước Thiện, Phường Long Bình, Thành phố Thủ Đức, Thành phố Hồ Chí Minh, 70000, VNM",1,0.125,False,0.0,0.6959,0.2,0.2666,26.21,43.85,45.91,42.72,43.52,0,2,1,1,0,ride_component_11,2,1,1.0,3,1,61.09,40.17,43.52,67.15,30.95,30.6,49.59,REPEATED_LOCKED_PAIR,Cap lap lai va phu thuoc bat thuong,Tai xe va khach hang di voi nhau nhieu lan va co muc do phu thuoc bat thuong so voi hanh vi thong thuong.,67.15,Cap lap lai va phu thuoc bat thuong,KB-C_EXTREME_VOLUME | KB-C_TIGHT_PAIR_SHARE,REPEATED_LOCKED_PAIR,Cap lap lai va phu thuoc bat thuong,Tai xe va khach hang di voi nhau nhieu lan va co muc do phu thuoc bat thuong so voi hanh vi thong thuong.,67.15
20d9049351b04138,d3dce9b69a7d653c,7,3,7,7,xanh_car,Thành phố Hồ Chí Minh,1.0,1.0,0.42857142857142855,xanh_car|Thành phố Hồ Chí Minh,6.0,1.0,0.5,0.5,1.0,0.5,1.0,0.8672,6.0,0.3889,True,0.8672,65.2,65.2,213285.7142857143,1493000.0,130000.0,1,2026-07-28,Thành phố Hồ Chí Minh,55.06666666666667,"39A Đường Phạm Hữu Lầu, Phường Tân Mỹ, Thành Phố Hồ Chí Minh, Việt Nam -> Công VIên, Xã Cần Giờ, Thành phố Hồ Chí Minh, Việt Nam",1,0.14285714285714285,False,0.4286,0.0429,0.8571,0.0556,23.83,42.44,78.8,34.25,45.39,0,1,0,0,0,ride_component_13,1,0,0.0,0,0,5.4,3.51,45.39,66.63,22.78,22.78,1.93,REPEATED_LOCKED_PAIR,Cap lap lai va phu thuoc bat thuong,Tai xe va khach hang di voi nhau nhieu lan va co muc do phu thuoc bat thuong so voi hanh vi thong thuong.,66.63,,,,,,
1c448d3ad0b14068,b6195ced5a22d256,7,0,7,7,xanh_premium,Tỉnh Hà Nam,1.0,1.0,0.0,xanh_premium|Tỉnh Hà Nam,6.81919999999991,1.0,0.5,0.5,1.0,0.5,1.0,0.8672,6.0,0.3422,True,0.8672,63.1,63.1,136671.42857142858,956700.0,72000.0,1,2026-07-28,Tỉnh Hà Nam,10.8,"495B Quốc lộ 1A, Thôn Đại Vượng, Xã Thanh Liêm, Tỉnh Ninh Bình, Việt Nam -> Ninh Bình",1,0.14285714285714285,False,0.0,0.4909,1.0,0.0,14.73,36.49,67.46,36.23,44.04,0,1,1,2,0,ride_component_14,2,1,1.0,3,1,61.09,37.57,44.04,64.67,19.39,27.14,48.16,REPEATED_LOCKED_PAIR,Cap lap lai va phu thuoc bat thuong,Tai xe va khach hang di voi nhau nhieu lan va co muc do phu thuoc bat thuong so voi hanh vi thong thuong.,64.67,,,,,,
f7f2fc7ea3c0ab55,c1f69fb1a068ff32,7,0,7,7,xanh_premium,Tỉnh Trà Vinh,1.0,1.0,0.0,xanh_premium|Tỉnh Trà Vinh,6.9916999999999945,1.0,0.5,0.5,1.0,0.5,1.0,0.8672,6.0,0.3337,True,0.8672,62.71,62.71,156000.0,1092000.0,107000.0,1,2026-07-28,Tỉnh Trà Vinh,14.416666666666666,"Xã Song Lộc, Tỉnh Vĩnh Long, Việt Nam -> Vĩnh Long",2,0.2857142857142857,False,0.0,0.4493,1.0,0.0,13.48,35.63,72.2,29.06,39.84,0,1,0,1,0,ride_component_15,1,0,0.0,0,0,8.57,5.23,39.84,64.31,17.75,34.11,2.88,REPEATED_LOCKED_PAIR,Cap lap lai va phu thuoc bat thuong,Tai xe va khach hang di voi nhau nhieu lan va co muc do phu thuoc bat thuong so voi hanh vi thong thuong.,64.31,,,,,,
2d0fc73ff9d602de,dffacb0f1be6d209,7,0,7,7,xanh_premium,Thành phố Hà Nội,1.0,1.0,0.0,xanh_premium|Thành phố Hà Nội,7.0,0.9999,0.5,0.5,1.0,0.5,1.0,0.8672,6.0,0.3333,True,0.8672,62.69,62.69,124857.14285714286,874000.0,59000.0,1,2026-07-28,Thành phố Hà Nội,22.683333333333334,"105 Ngõ 105, Phường Long Biên, Thành Phố Hà Nội, Việt Nam -> 128 Ngõ 1 Phú Viên, Phường Bồ Đề, Thành Phố Hà Nội, Việt Nam",1,0.14285714285714285,False,0.0,0.2136,0.75,0.0833,8.07,32.65,62.42,25.57,34.78,0,0,0,0,0,ride_component_16,1,0,0.0,0,0,0.0,0.0,34.78,64.29,9.52,21.53,0.0,REPEATED_LOCKED_PAIR,Cap lap lai va phu thuoc bat thuong,Tai xe va khach hang di voi nhau nhieu lan va co muc do phu thuoc bat thuong so voi hanh vi thong thuong.,64.29,,,,,,
7368f6eefb12faad,ba685fe0f52f6d50,7,0,7,7,xanh_car,Tỉnh Bình Dương,1.0,1.0,0.0,xanh_car|Tỉnh Bình Dương,7.0,1.0,0.5,0.5,1.0,0.5,1.0,0.8672,6.0,0.3333,True,0.8672,62.69,62.69,171428.57142857142,1200000.0,140000.0,1,2026-07-28,Tỉnh Bình Dương,18.1,"Biệt Thự Sơn Quân, Đường tỉnh 741B, Phường Chánh Phú Hòa, Thành Phố Hồ Chí Minh, Việt Nam -> Xã Phước Hòa, Thành phố Hồ Chí Minh, Việt Nam",1,0.14285714285714285,False,0.0,0.3205,0.6667,0.1111,11.84,34.72,77.73,27.27,39.89,0,0,0,0,0,ride_component_17,1,0,0.0,0,0,0.0,0.0,39.89,64.29,14.11,23.67,0.0,REPEATED_LOCKED_PAIR,Cap lap lai va phu thuoc bat thuong,Tai xe va khach hang di voi nhau nhieu lan va co muc do phu thuoc bat thuong so voi hanh vi thong thuong.,64.29,,,,,,
aedec7ac19534d6c,270f3cf30a93a3be,7,1,7,7,xanh_premium,Thành phố Hà Nội,1.0,1.0,0.14285714285714285,xanh_premium|Thành phố Hà Nội,7.0,0.9999,0.5,0.5,1.0,0.5,1.0,0.8672,6.0,0.3333,True,0.8672,62.69,62.69,157428.57142857142,1102000.0,244000.0,1,2026-07-28,Thành phố Hà Nội,46.46666666666667,"Xã Tam Hưng, Thành phố Hà Nội, Việt Nam -> 78 Đường Giải Phóng, Phường Kim Liên, Thành Phố Hà Nội, Việt Nam",2,0.2857142857142857,False,0.1429,0.0857,1.0,0.0,9.71,33.55,79.67,27.6,40.62,0,2,0,1,0,ride_component_18,1,0,0.0,0,0,10.81,6.47,40.62,64.29,10.17,28.26,3.56,REPEATED_LOCKED_PAIR,Cap lap lai va phu thuoc bat thuong,Tai xe va khach hang di voi nhau nhieu lan va co muc do phu thuoc bat thuong so voi hanh vi thong thuong.,64.29,,,,,,
ca8451dc67f6df8e,d37a41458b9d77a0,7,0,7,7,xanh_premium,Thành phố Hà Nội,1.0,1.0,0.0,xanh_premium|Thành phố Hà Nội,7.0,0.9999,0.5,0.5,1.0,0.5,1.0,0.8672,6.0,0.3333,True,0.8672,62.69,62.69,43285.71428571428,303000.0,0.0,1,2026-07-28,Thành phố Hà Nội,3.683333333333333,"Phường Việt Hưng, Thành Phố Hà Nội, Việt Nam -> Phường Việt Hưng, Thành Phố Hà Nội, Việt Nam",2,0.2857142857142857,False,0.0,0.6998,0.5,0.1666,24.33,41.59,31.4,40.74,38.4,0,0,1,2,1,ride_component_2,2,1,1.0,3,1,61.09,39.24,38.4,64.29,29.81,39.11,49.08,REPEATED_LOCKED_PAIR,Cap lap lai va phu thuoc bat thuong,Tai xe va khach hang di voi nhau nhieu lan va co muc do phu thuoc bat thuong so voi hanh vi thong thuong.,64.29,,,,,,
08d065dda6a64618,24bb3b7ed7f6774b,6,0,6,6,xanh_car,Thành phố Đà Nẵng,1.0,1.0,0.0,xanh_car|Thành phố Đà Nẵng,5.0,1.0,0.5,0.5,1.0,0.5,1.0,0.8115,6.0,0.4,True,0.8115,62.63,62.63,927833.3333333334,5567000.0,50000.0,1,2026-07-28,Thành phố Đà Nẵng,14.45,"317 - Dn 319 Đường Hùng Vương, Phường Thanh Khê, Thành Phố Đà Nẵng, Việt Nam -> An Hải Bắc, Sơn Trà, Đà Nẵng",1,0.16666666666666666,False,0.0,0.4128,1.0,0.0,12.38,35.0,72.07,28.15,39.13,1,0,0,0,0,ride_component_19,1,0,0.0,0,0,5.4,3.27,39.13,63.87,16.3,26.82,1.8,REPEATED_LOCKED_PAIR,Cap lap lai va phu thuoc bat thuong,Tai xe va khach hang di voi nhau nhieu lan va co muc do phu thuoc bat thuong so voi hanh vi thong thuong.,63.87,,,,,,
83d08e845496ece2,e91b2b6e5c8d8602,9,1,10,9,xanh_premium,Thành phố Hồ Chí Minh,0.9,1.0,0.1111111111111111,xanh_premium|Thành phố Hồ Chí Minh,8.0,1.0,0.3333333333333333,0.5,0.9,0.3333,0.85,0.9603,6.0,0.375,True,0.8162,61.77,61.77,157888.88888888888,1421000.0,205000.0,1,2026-07-28,Thành phố Hồ Chí Minh,16.533333333333335,"161 Đường Đồng Khởi, Phường Sài Gòn, Thành phố Hồ Chí Minh, Việt Nam -> 412-418 Tân Sơn Nhì, Phường Phú Thọ Hòa, Thành phố Hồ Chí Minh",1,0.1111111111111111,False,0.1111,0.3476,1.0,0.0,15.98,36.59,81.79,30.91,43.63,1,3,2,2,0,ride_component_20,1,0,0.0,0,0,17.13,10.52,43.63,63.09,19.01,23.44,5.79,REPEATED_LOCKED_PAIR,Cap lap lai va phu thuoc bat thuong,Tai xe va khach hang di voi nhau nhieu lan va co muc do phu thuoc bat thuong so voi hanh vi thong thuong.,63.09,Cap lap lai va phu thuoc bat thuong,KB-C_EXTREME_VOLUME | KB-C_TIGHT_PAIR_SHARE,REPEATED_LOCKED_PAIR,Cap lap lai va phu thuoc bat thuong,Tai xe va khach hang di voi nhau nhieu lan va co muc do phu thuoc bat thuong so voi hanh vi thong thuong.,63.09
bac0709ef6d536b2,1587d71f61af1608,9,0,10,9,xanh_premium,Tỉnh Nam Định,0.9,1.0,0.0,xanh_premium|Tỉnh Nam Định,8.874900000000025,1.0,0.3333333333333333,0.5,0.9,0.3333,0.85,0.9603,6.0,0.338,True,0.8162,60.1,60.1,42000.0,378000.0,0.0,1,2026-07-28,Tỉnh Nam Định,2.033333333333333,"Xã Lai Thành, Tỉnh Ninh Bình, Việt Nam -> Xã Lai Thành, Tỉnh Ninh Bình, Việt Nam",2,0.2222222222222222,False,0.0,0.7192,1.0,0.0,21.58,38.91,33.97,31.82,32.36,0,0,1,1,0,ride_component_21,1,0,0.0,0,0,8.57,5.36,32.36,61.54,28.41,35.62,2.95,REPEATED_LOCKED_PAIR,Cap lap lai va phu thuoc bat thuong,Tai xe va khach hang di voi nhau nhieu lan va co muc do phu thuoc bat thuong so voi hanh vi thong thuong.,61.54,Cap lap lai va phu thuoc bat thuong,KB-C_EXTREME_VOLUME | KB-C_TIGHT_PAIR_SHARE,REPEATED_LOCKED_PAIR,Cap lap lai va phu thuoc bat thuong,Tai xe va khach hang di voi nhau nhieu lan va co muc do phu thuoc bat thuong so voi hanh vi thong thuong.,61.54
1081458774144835,00993b0296b709dd,6,0,6,6,xanh_premium,Tỉnh Hưng Yên,1.0,1.0,0.0,xanh_premium|Tỉnh Hưng Yên,5.866700000000037,1.0,0.5,0.5,1.0,0.5,1.0,0.8115,6.0,0.3409,True,0.8115,59.97,59.97,269833.3333333333,1619000.0,78000.0,1,2026-07-28,Tỉnh Hưng Yên,32.25,"Bệnh viện Đa khoa Huyện Tiên Lữ, Quốc lộ 38B, Xã Hoàng Hoa Thám, Tỉnh Hưng Yên, Việt Nam -> Phường Phố Hiến, Tỉnh Hưng Yên, Việt Nam",1,0.16666666666666666,False,0.0,0.05,1.0,0.0,1.5,27.81,72.88,22.63,35.19,1,1,0,0,0,ride_component_22,1,0,0.0,0,0,8.57,4.84,35.19,61.38,1.98,19.16,2.66,REPEATED_LOCKED_PAIR,Cap lap lai va phu thuoc bat thuong,Tai xe va khach hang di voi nhau nhieu lan va co muc do phu thuoc bat thuong so voi hanh vi thong thuong.,61.38,,,,,,
2ff877bcf6cc0493,faa480c51adf21e6,6,5,6,6,xanh_premium,Tỉnh Bình Phước,1.0,1.0,0.8333333333333334,xanh_premium|Tỉnh Bình Phước,5.922400000000039,1.0,0.5,0.5,1.0,0.5,1.0,0.8115,6.0,0.3377,True,0.8115,59.83,59.83,148500.0,891000.0,132000.0,1,2026-07-28,Tỉnh Bình Phước,29.766666666666666,"Huyện Phú Riềng, Bình Phước, Xã Phú Riềng, Tỉnh Đồng Nai, Việt Nam -> Prv7+Gw4, Xã Long Hà, Tỉnh Đồng Nai, Việt Nam",1,0.16666666666666666,True,0.8333,0.0554,1.0,0.0,43.33,50.76,72.99,40.44,48.58,0,0,0,0,0,ride_component_23,1,0,0.0,0,0,0.0,0.0,48.58,61.25,41.77,27.58,0.0,GHOST_TRIP_EXECUTION_PATTERN,Mau thuc thi ghost trip,"Cap nay co dau hieu thuc thi ghost trip, voi nhieu chuyen nghi ngo gia lap hoac quay dau phi thuc te.",41.77,Mau thuc thi ghost trip,KB-C_HIGH_GHOST_RATE,GHOST_TRIP_EXECUTION_PATTERN,Mau thuc thi ghost trip,"Cap nay co dau hieu thuc thi ghost trip, voi nhieu chuyen nghi ngo gia lap hoac quay dau phi thuc te.",41.77
c167d3b3a3c8f675,ecc7dfd94c14c8f4,12,0,14,12,xanh_premium,Tỉnh Quảng Ngãi,0.8571428571428571,1.0,0.0,xanh_premium|Tỉnh Quảng Ngãi,11.809199999999919,1.0,0.25,0.5,0.8571,0.25,0.8095,1.0,6.0,0.3387,True,0.8095,59.76,59.76,24500.0,294000.0,0.0,1,2026-07-28,Tỉnh Quảng Ngãi,3.0833333333333335,"Phường Nghĩa Lộ, Tỉnh Quảng Ngãi, Việt Nam -> Phường Nghĩa Lộ, Tỉnh Quảng Ngãi, Việt Nam",7,0.5833333333333334,False,0.0,0.8031,1.0,0.0,24.09,40.14,31.2,38.52,36.69,0,0,2,2,0,ride_component_24,2,1,1.0,2,1,53.59,33.84,36.69,61.17,31.72,57.11,41.11,REPEATED_LOCKED_PAIR,Cap lap lai va phu thuoc bat thuong,Tai xe va khach hang di voi nhau nhieu lan va co muc do phu thuoc bat thuong so voi hanh vi thong thuong.,61.17,Cap lap lai va phu thuoc bat thuong,KB-C_EXTREME_VOLUME | KB-C_TIGHT_PAIR_SHARE,REPEATED_LOCKED_PAIR,Cap lap lai va phu thuoc bat thuong,Tai xe va khach hang di voi nhau nhieu lan va co muc do phu thuoc bat thuong so voi hanh vi thong thuong.,61.17
26cba052effbf0e3,f45ded2c24cce763,7,0,8,7,xanh_car,Thành phố Hà Nội,0.875,1.0,0.0,xanh_car|Thành phố Hà Nội,5.0,1.0,0.3333333333333333,0.5,0.875,0.3333,0.8125,0.8672,6.0,0.4667,True,0.7046,59.75,59.75,126714.28571428571,887000.0,95000.0,1,2026-07-28,Thành phố Hà Nội,51.38333333333333,"106 Đường Tỉnh 427, Cầu Định, Thôn Đại Định, Xã Tam Hưng, Thành phố Hà Nội, Việt Nam -> HH021B Thanh Ha Residence, Xã Bình Minh, Thành Phố Hà Nội, Việt Nam",1,0.14285714285714285,False,0.0,0.0429,0.6667,0.1556,4.4,29.31,70.88,24.13,35.82,0,0,2,1,0,ride_component_25,1,0,0.0,0,0,10.81,6.19,35.82,60.47,3.72,17.68,3.4,REPEATED_LOCKED_PAIR,Cap lap lai va phu thuoc bat thuong,Tai xe va khach hang di voi nhau nhieu lan va co muc do phu thuoc bat thuong so voi hanh vi thong thuong.,60.47,,,,,,
031c9ec68840283c,c4c31300d01b9b91,6,0,6,6,xanh_car,Thành phố Hồ Chí Minh,1.0,1.0,0.0,xanh_car|Thành phố Hồ Chí Minh,6.0,1.0,0.5,0.5,1.0,0.5,1.0,0.8115,6.0,0.3333,True,0.8115,59.63,59.63,29333.333333333332,176000.0,0.0,1,2026-07-28,Thành phố Hồ Chí Minh,1.1833333333333333,"140 Đường Lê Trọng Tấn, Phường Tây Thạnh, Thành phố Hồ Chí Minh, Việt Nam -> 14A Đường Dương Đức Hiền, Phường Tây Thạnh, Thành phố Hồ Chí Minh, Việt Nam",1,0.16666666666666666,False,0.0,0.7224,0.2857,0.2381,26.43,41.37,25.52,33.86,31.78,0,0,1,1,0,ride_component_26,1,0,0.0,0,0,8.57,5.47,31.78,61.07,31.63,32.56,3.01,REPEATED_LOCKED_PAIR,Cap lap lai va phu thuoc bat thuong,Tai xe va khach hang di voi nhau nhieu lan va co muc do phu thuoc bat thuong so voi hanh vi thong thuong.,61.07,,,,,,
61f2f30318a5bb83,9b977b2959034852,6,0,6,6,xanh_car,Thành phố Hồ Chí Minh,1.0,1.0,0.0,xanh_car|Thành phố Hồ Chí Minh,6.0,1.0,0.5,0.5,1.0,0.5,1.0,0.8115,6.0,0.3333,True,0.8115,59.63,59.63,194000.0,1164000.0,41000.0,1,2026-07-28,Thành phố Hồ Chí Minh,72.28333333333333,"1 Đường Bùi Công Trừng, Xã Đông Thạnh, Thành phố Hồ Chí Minh, Việt Nam -> Xã Củ Chi, Thành phố Hồ Chí Minh, Việt Nam",1,0.16666666666666666,False,0.0,0.05,0.7143,0.0952,3.4,28.71,62.68,28.3,36.9,0,1,1,1,0,ride_component_27,2,1,1.0,2,1,51.85,29.5,36.9,61.07,3.21,19.11,38.72,REPEATED_LOCKED_PAIR,Cap lap lai va phu thuoc bat thuong,Tai xe va khach hang di voi nhau nhieu lan va co muc do phu thuoc bat thuong so voi hanh vi thong thuong.,61.07,,,,,,
e93ea7d59646db67,2a4c3284fe02f241,6,0,6,6,xanh_car,Thành phố Hồ Chí Minh,1.0,1.0,0.0,xanh_car|Thành phố Hồ Chí Minh,6.0,1.0,0.5,0.5,1.0,0.5,1.0,0.8115,6.0,0.3333,True,0.8115,59.63,59.63,313833.3333333333,1883000.0,141000.0,1,2026-07-28,Thành phố Hồ Chí Minh,19.583333333333332,"269 Đường Nguyễn Thái Sơn, Phường Hạnh Thông, Thành Phố Hồ Chí Minh, Việt Nam -> Xã Bình Khánh, Thành phố Hồ Chí Minh, Việt Nam",1,0.16666666666666666,False,0.0,0.2931,1.0,0.0,8.79,31.67,80.6,25.83,39.52,0,2,0,0,0,ride_component_28,1,0,0.0,0,0,8.57,5.01,39.52,61.07,11.58,23.97,2.76,REPEATED_LOCKED_PAIR,Cap lap lai va phu thuoc bat thuong,Tai xe va khach hang di voi nhau nhieu lan va co muc do phu thuoc bat thuong so voi hanh vi thong thuong.,61.07,,,,,,
cd68f266461f708d,c2ba05545db896d5,24,0,30,24,xanh_car_just_taxi,Tỉnh Thanh Hóa,0.8,1.0,0.0,xanh_car_just_taxi|Tỉnh Thanh Hóa,22.545599999999467,1.0,0.14285714285714285,0.5,0.8,0.1429,0.7667,1.0,6.0,0.3548,True,0.7667,58.13,58.13,21291.666666666668,511000.0,0.0,1,2026-07-28,Tỉnh Ninh Bình,2.25,"Tỉnh Thanh Hóa, Việt Nam -> location_address_display (0.000000, 0.000000)",2,0.08333333333333333,False,0.0,0.6725,1.0,0.0,20.17,37.25,37.41,30.47,32.2,0,0,1,1,0,ride_component_29,1,0,0.0,0,0,8.57,5.26,32.2,59.37,26.56,26.75,2.89,REPEATED_LOCKED_PAIR,Cap lap lai va phu thuoc bat thuong,Tai xe va khach hang di voi nhau nhieu lan va co muc do phu thuoc bat thuong so voi hanh vi thong thuong.,59.37,Cap lap lai va phu thuoc bat thuong,KB-C_EXTREME_VOLUME | KB-C_TIGHT_PAIR_SHARE,REPEATED_LOCKED_PAIR,Cap lap lai va phu thuoc bat thuong,Tai xe va khach hang di voi nhau nhieu lan va co muc do phu thuoc bat thuong so voi hanh vi thong thuong.,59.37
652280701c4d0c32,0cb58995c54abba0,8,0,20,8,xanhsm_bike_sg,Thành phố Hồ Chí Minh,0.4,1.0,0.0,xanhsm_bike_sg|Thành phố Hồ Chí Minh,3.0,1.0,0.07142857142857142,0.5,0.4,0.0714,0.3538,0.9163,6.0,0.8889,True,0.3242,57.83,57.83,12000.0,96000.0,14000.0,1,2026-07-28,Thành phố Hồ Chí Minh,1.0,"Phường Linh Xuân, Thành phố Hồ Chí Minh, Việt Nam -> Phường Linh Xuân, Thành phố Hồ Chí Minh, Việt Nam",2,0.25,False,0.0,0.7517,0.8333,0.1481,25.51,40.06,39.19,33.48,34.91,0,2,1,2,0,ride_component_30,1,0,0.0,0,0,13.97,8.79,34.91,56.14,31.62,37.46,4.83,REPEATED_LOCKED_PAIR,Cap lap lai va phu thuoc bat thuong,Tai xe va khach hang di voi nhau nhieu lan va co muc do phu thuoc bat thuong so voi hanh vi thong thuong.,56.14,Cap lap lai va phu thuoc bat thuong,KB-C_EXTREME_VOLUME,REPEATED_LOCKED_PAIR,Cap lap lai va phu thuoc bat thuong,Tai xe va khach hang di voi nhau nhieu lan va co muc do phu thuoc bat thuong so voi hanh vi thong thuong.,56.14
681891fa8aa9f41b,cdd356ed4c426591,8,0,9,8,xanh_car,Tỉnh Long An,0.8888888888888888,1.0,0.0,xanh_car|Tỉnh Long An,8.0,1.0,0.3333333333333333,0.5,0.8889,0.3333,0.8333,0.9163,6.0,0.3333,True,0.7636,57.0,57.0,138750.0,1110000.0,163000.0,1,2026-07-28,Tỉnh Long An,36.65,Tây Ninh -> Tây Ninh,1,0.125,False,0.0,0.0375,1.0,0.0,1.12,26.27,77.6,21.05,35.19,0,0,1,0,0,ride_component_31,1,0,0.0,0,0,5.4,2.99,35.19,58.29,1.48,16.18,1.64,REPEATED_LOCKED_PAIR,Cap lap lai va phu thuoc bat thuong,Tai xe va khach hang di voi nhau nhieu lan va co muc do phu thuoc bat thuong so voi hanh vi thong thuong.,58.29,Cap lap lai va phu thuoc bat thuong,KB-C_EXTREME_VOLUME | KB-C_TIGHT_PAIR_SHARE,REPEATED_LOCKED_PAIR,Cap lap lai va phu thuoc bat thuong,Tai xe va khach hang di voi nhau nhieu lan va co muc do phu thuoc bat thuong so voi hanh vi thong thuong.,58.29
e10442dda51e0ccb,cd7734921df619df,8,0,9,8,xanh_premium,Tỉnh Gia Lai,0.8888888888888888,1.0,0.0,xanh_premium|Tỉnh Gia Lai,8.0,1.0,0.3333333333333333,0.5,0.8889,0.3333,0.8333,0.9163,6.0,0.3333,True,0.7636,57.0,57.0,118250.0,946000.0,91000.0,1,2026-07-28,Tỉnh Gia Lai,31.333333333333332,Gia Lai -> Gia Lai,2,0.25,False,0.0,0.075,1.0,0.0,2.25,26.89,68.97,21.56,33.41,0,1,0,0,0,ride_component_32,1,0,0.0,0,0,5.4,3.0,33.41,58.29,2.96,23.8,1.65,REPEATED_LOCKED_PAIR,Cap lap lai va phu thuoc bat thuong,Tai xe va khach hang di voi nhau nhieu lan va co muc do phu thuoc bat thuong so voi hanh vi thong thuong.,58.29,Cap lap lai va phu thuoc bat thuong,KB-C_EXTREME_VOLUME | KB-C_TIGHT_PAIR_SHARE,REPEATED_LOCKED_PAIR,Cap lap lai va phu thuoc bat thuong,Tai xe va khach hang di voi nhau nhieu lan va co muc do phu thuoc bat thuong so voi hanh vi thong thuong.,58.29
09c82be944f7acce,937368271f06465d,5,0,5,5,xanhsm_taxi,Vientiane Capital,1.0,1.0,0.0,xanhsm_taxi|Vientiane Capital,4.81269999999995,1.0,0.5,0.5,1.0,0.5,1.0,0.7472,6.0,0.3463,True,0.7472,56.68,56.68,150200.0,751000.0,18000.0,1,2026-07-28,Vientiane Capital,36.733333333333334,"Laos -> RJJW+99M, Unnamed Road, ວຽງຈັນ, ປະເທດລາວ",1,0.2,False,0.0,0.06,1.0,0.0,1.8,26.5,49.85,20.65,27.95,0,0,0,0,0,ride_component_33,1,0,0.0,0,0,0.0,0.0,27.95,57.88,2.37,17.25,0.0,REPEATED_LOCKED_PAIR,Cap lap lai va phu thuoc bat thuong,Tai xe va khach hang di voi nhau nhieu lan va co muc do phu thuoc bat thuong so voi hanh vi thong thuong.,57.88,,,,,,
445f24681e861c3c,cb72562886d8a73c,5,0,5,5,xanh_premium,Thành phố Cần Thơ,1.0,1.0,0.0,xanh_premium|Thành phố Cần Thơ,4.884299999999939,1.0,0.5,0.5,1.0,0.5,1.0,0.7472,6.0,0.3412,True,0.7472,56.45,56.45,83600.0,418000.0,64000.0,1,2026-07-28,Thành phố Cần Thơ,25.883333333333333,"Xã Nhơn Ái, Thành Phố Cần Thơ, Việt Nam -> Đường Tỉnh 932, Xã Nhơn Ái, Thành phố Cần Thơ, Việt Nam",2,0.4,False,0.0,0.2161,1.0,0.0,6.48,28.97,55.28,22.67,30.82,0,0,0,0,0,ride_component_34,1,0,0.0,0,0,0.0,0.0,30.82,57.67,8.53,28.99,0.0,REPEATED_LOCKED_PAIR,Cap lap lai va phu thuoc bat thuong,Tai xe va khach hang di voi nhau nhieu lan va co muc do phu thuoc bat thuong so voi hanh vi thong thuong.,57.67,,,,,,
e6226a83e74cde2c,31e9d70f116f13a0,7,0,13,7,xanhsm_bike_sg,Thành phố Hồ Chí Minh,0.5384615384615384,1.0,0.0,xanhsm_bike_sg|Thành phố Hồ Chí Minh,3.0,1.0,0.16666666666666666,0.5,0.5385,0.1667,0.4462,0.8672,6.0,0.7778,True,0.3869,56.28,56.28,13000.0,91000.0,15000.0,1,2026-07-28,Thành phố Hồ Chí Minh,12.0,"1482 Tỉnh Lộ 8, Ấp 12, Xã Phú Hòa Đông, Thành phố Hồ Chí Minh, Việt Nam -> Xã Bình Mỹ, Thành phố Hồ Chí Minh, Việt Nam",1,0.14285714285714285,False,0.0,0.4629,1.0,0.0,13.89,32.96,38.26,31.79,33.41,0,0,1,1,0,ride_component_27,2,1,1.0,2,1,49.61,29.2,33.41,55.11,18.29,25.56,38.56,REPEATED_LOCKED_PAIR,Cap lap lai va phu thuoc bat thuong,Tai xe va khach hang di voi nhau nhieu lan va co muc do phu thuoc bat thuong so voi hanh vi thong thuong.,55.11,,,,,,
7520e500419b8375,31a32af796127af0,5,0,5,5,xanh_car,Tỉnh Trà Vinh,1.0,1.0,0.0,xanh_car|Tỉnh Trà Vinh,4.9465000000000146,1.0,0.5,0.5,1.0,0.5,1.0,0.7472,6.0,0.3369,True,0.7472,56.26,56.26,155800.0,779000.0,60000.0,1,2026-07-28,Tỉnh Trà Vinh,65.45,"Huyện Tiểu Cần, Tỉnh Trà Vinh -> Vĩnh Long",1,0.2,False,0.0,0.06,1.0,0.0,1.8,26.31,61.43,27.25,35.8,0,1,1,1,1,ride_component_35,2,1,1.0,3,1,61.09,33.74,35.8,57.49,2.37,17.2,46.06,REPEATED_LOCKED_PAIR,Cap lap lai va phu thuoc bat thuong,Tai xe va khach hang di voi nhau nhieu lan va co muc do phu thuoc bat thuong so voi hanh vi thong thuong.,57.49,,,,,,
8f3fdcaba9cd227e,fc93cbfb75bd312b,5,0,5,5,xanh_car_meter,Tỉnh Quảng Bình,1.0,1.0,0.0,xanh_car_meter|Tỉnh Quảng Bình,4.980799999999988,1.0,0.5,0.5,1.0,0.5,1.0,0.7472,6.0,0.3346,True,0.7472,56.15,56.15,174800.0,874000.0,0.0,1,2026-07-28,Tỉnh Quảng Bình,62.583333333333336,"Gần 127 Thôn Uẩn Áo, X.Mỹ Thủy, H.Lệ Thủy, Quảng Bình, 47000, Vietnam ->  6QCP+6GX, TT. Kiến Giang, Lệ Thủy, Quảng Bình, Việt Nam",1,0.2,False,0.0,0.06,1.0,0.0,1.8,26.26,44.13,21.41,27.09,0,0,0,2,0,ride_component_36,1,0,0.0,0,0,8.57,4.73,27.09,57.39,2.37,17.19,2.6,REPEATED_LOCKED_PAIR,Cap lap lai va phu thuoc bat thuong,Tai xe va khach hang di voi nhau nhieu lan va co muc do phu thuoc bat thuong so voi hanh vi thong thuong.,57.39,,,,,,
b5dc0528d4e14f2e,72c7773f02e13495,5,0,5,5,xanh_premium,Tỉnh Kon Tum,1.0,1.0,0.0,xanh_premium|Tỉnh Kon Tum,4.983300000000014,1.0,0.5,0.5,1.0,0.5,1.0,0.7472,6.0,0.3345,True,0.7472,56.15,56.15,143000.0,715000.0,112000.0,1,2026-07-28,Tỉnh Kon Tum,86.71666666666667,"Phường Đăk Bla, Tỉnh Quảng Ngãi, Việt Nam -> Phường Đăk Bla, Tỉnh Quảng Ngãi, Việt Nam",3,0.6,False,0.0,0.18,1.0,0.0,5.4,28.24,66.11,22.08,33.09,0,0,0,0,0,ride_component_37,1,0,0.0,0,0,0.0,0.0,33.09,57.39,7.11,37.52,0.0,REPEATED_LOCKED_PAIR,Cap lap lai va phu thuoc bat thuong,Tai xe va khach hang di voi nhau nhieu lan va co muc do phu thuoc bat thuong so voi hanh vi thong thuong.,57.39,,,,,,
23febabdf2264367,fa73e80a79ade544,5,1,5,5,xanh_car,Thành phố Hà Nội,1.0,1.0,0.2,xanh_car|Thành phố Hà Nội,5.0,0.9999,0.5,0.5,1.0,0.5,1.0,0.7472,6.0,0.3333,True,0.7472,56.09,56.09,175600.0,878000.0,59000.0,1,2026-07-28,Thành phố Hà Nội,66.65,"Xã Hát Môn, Thành phố Hà Nội, Việt Nam -> Xã Hát Môn, Thành phố Hà Nội, Việt Nam",3,0.6,False,0.2,0.18,0.7778,0.0741,16.88,34.53,62.73,36.36,42.95,1,1,1,1,1,ride_component_7,3,2,0.6667,5,2,76.47,45.65,42.95,57.33,17.57,39.18,56.77,COORDINATED_NETWORK_PATTERN,Mau lien ket theo mang,Cap nay khong dung mot minh ma nam trong mot nhom lien ket voi cac cap dang nghi khac.,56.77,Mau lien ket theo mang,KB-C_SUSPICIOUS_COMPONENT,COORDINATED_NETWORK_PATTERN,Mau lien ket theo mang,Cap nay khong dung mot minh ma nam trong mot nhom lien ket voi cac cap dang nghi khac.,56.77
5465787c5901233b,ab8f25c8d159c065,5,0,5,5,xanh_limo_6_cho,Tỉnh Kiên Giang,1.0,1.0,0.0,xanh_limo_6_cho|Tỉnh Kiên Giang,5.0,1.0,0.5,0.5,1.0,0.5,1.0,0.7472,6.0,0.3333,True,0.7472,56.09,56.09,430000.0,2150000.0,200000.0,1,2026-07-28,Tỉnh Kiên Giang,70.91666666666667,"18 Đường Nguyễn Đình Chiểu, Đặc khu Phú Quốc, Tỉnh An Giang, Việt Nam -> 395 Đường Nguyễn Văn Cừ, Đặc khu Phú Quốc, Tỉnh An Giang, Việt Nam",1,0.2,False,0.0,0.06,1.0,0.0,1.8,26.23,83.35,20.44,36.17,0,0,0,0,0,ride_component_38,1,0,0.0,0,0,0.0,0.0,36.17,57.33,2.37,17.18,0.0,REPEATED_LOCKED_PAIR,Cap lap lai va phu thuoc bat thuong,Tai xe va khach hang di voi nhau nhieu lan va co muc do phu thuoc bat thuong so voi hanh vi thong thuong.,57.33,,,,,,
682a00cf1d2a2567,535ccc3abe839939,5,0,5,5,xanh_car,Tỉnh Ninh Thuận,1.0,1.0,0.0,xanh_car|Tỉnh Ninh Thuận,5.0,1.0,0.5,0.5,1.0,0.5,1.0,0.7472,6.0,0.3333,True,0.7472,56.09,56.09,121800.0,609000.0,27000.0,1,2026-07-28,Tỉnh Ninh Thuận,65.15,"HWHF+QXP, Thôn Phước Đồng, Xã, Xã Phước Hậu, Tỉnh Khánh Hòa, Việt Nam -> Thôn Như Bình, Xã Phước Hữu, Tỉnh Khánh Hòa, Việt Nam",1,0.2,False,0.0,0.06,1.0,0.0,1.8,26.23,50.12,21.04,28.31,0,1,0,0,0,ride_component_39,1,0,0.0,0,0,5.4,2.98,28.31,57.33,2.37,17.18,1.64,REPEATED_LOCKED_PAIR,Cap lap lai va phu thuoc bat thuong,Tai xe va khach hang di voi nhau nhieu lan va co muc do phu thuoc bat thuong so voi hanh vi thong thuong.,57.33,,,,,,
a69f8d50cdd08526,a8013fe14a63acce,5,0,5,5,xanh_car,Thành phố Đà Nẵng,1.0,1.0,0.0,xanh_car|Thành phố Đà Nẵng,5.0,0.9999,0.5,0.5,1.0,0.5,1.0,0.7472,6.0,0.3333,True,0.7472,56.09,56.09,96000.0,480000.0,83000.0,1,2026-07-28,Thành phố Đà Nẵng,17.566666666666666,"Phường Hòa Xuân, Thành phố Đà Nẵng, Việt Nam -> Thôn Dương Đông, Phường Hòa Xuân, Thành phố Đà Nẵng, Việt Nam",1,0.2,False,0.0,0.3501,0.5,0.1666,13.84,32.85,57.64,25.86,33.8,0,0,0,0,0,ride_component_40,1,0,0.0,0,0,0.0,0.0,33.8,57.33,16.0,22.01,0.0,REPEATED_LOCKED_PAIR,Cap lap lai va phu thuoc bat thuong,Tai xe va khach hang di voi nhau nhieu lan va co muc do phu thuoc bat thuong so voi hanh vi thong thuong.,57.33,,,,,,
c75b5e311260f8c1,2ec93c3f13e940d5,5,2,5,5,xanh_car,Tỉnh Tây Ninh,1.0,1.0,0.4,xanh_car|Tỉnh Tây Ninh,5.0,1.0,0.5,0.5,1.0,0.5,1.0,0.7472,6.0,0.3333,True,0.7472,56.09,56.09,160600.0,803000.0,39000.0,1,2026-07-28,Tỉnh Tây Ninh,1.1,"Phường An Tịnh, Tỉnh Tây Ninh, Việt Nam -> 9A Nguyễn Văn Hoài, Xã Tân An Hội, Thành phố Hồ Chí Minh",1,0.2,False,0.4,0.7343,0.5,0.1666,45.36,50.19,56.31,40.78,44.66,0,1,0,0,0,ride_component_41,1,0,0.0,0,0,5.4,3.68,44.66,57.33,50.17,31.75,2.02,REPEATED_LOCKED_PAIR,Cap lap lai va phu thuoc bat thuong,Tai xe va khach hang di voi nhau nhieu lan va co muc do phu thuoc bat thuong so voi hanh vi thong thuong.,57.33,,,,,,
e3b3a761afc18171,26de927c2fb38b37,5,0,5,5,xanh_car,Thành phố Hà Nội,1.0,1.0,0.0,xanh_car|Thành phố Hà Nội,5.0,0.9999,0.5,0.5,1.0,0.5,1.0,0.7472,6.0,0.3333,True,0.7472,56.09,56.09,120000.0,600000.0,85000.0,1,2026-07-28,Thành phố Hà Nội,22.483333333333334,"Phường Phú Diễn, Thành Phố Hà Nội, Việt Nam -> Xã Hoài Đức, Thành phố Hà Nội, Việt Nam",1,0.2,False,0.0,0.2354,0.5556,0.1481,10.02,30.75,61.75,24.76,34.01,0,0,1,0,0,ride_component_42,1,0,0.0,0,0,5.4,3.11,34.01,57.33,11.22,20.1,1.71,REPEATED_LOCKED_PAIR,Cap lap lai va phu thuoc bat thuong,Tai xe va khach hang di voi nhau nhieu lan va co muc do phu thuoc bat thuong so voi hanh vi thong thuong.,57.33,,,,,,
e411f1288ad25d10,9bae89cb5e95725a,5,0,5,5,xanh_premium,Tỉnh Tây Ninh,1.0,1.0,0.0,xanh_premium|Tỉnh Tây Ninh,5.0,1.0,0.5,0.5,1.0,0.5,1.0,0.7472,6.0,0.3333,True,0.7472,56.09,56.09,276400.0,1382000.0,139000.0,1,2026-07-28,Tỉnh Tây Ninh,35.31666666666667,"269 Đường Tỉnh 785, Phường Bình Minh, Tỉnh Tây Ninh, Việt Nam -> Tây Ninh, Tan Phu Commune",1,0.2,False,0.0,0.06,1.0,0.0,1.8,26.23,78.26,21.04,35.34,0,0,1,0,0,ride_component_43,1,0,0.0,0,0,5.4,2.98,35.34,57.33,2.37,17.18,1.64,REPEATED_LOCKED_PAIR,Cap lap lai va phu thuoc bat thuong,Tai xe va khach hang di voi nhau nhieu lan va co muc do phu thuoc bat thuong so voi hanh vi thong thuong.,57.33,,,,,,
fd02a94934d47abc,684f5a8962fdca01,5,0,5,5,xanh_car,Tỉnh Tây Ninh,1.0,1.0,0.0,xanh_car|Tỉnh Tây Ninh,5.0,1.0,0.5,0.5,1.0,0.5,1.0,0.7472,6.0,0.3333,True,0.7472,56.09,56.09,448000.0,2240000.0,7000.0,1,2026-07-28,Tỉnh Tây Ninh,14.0,"Gần 2 Đường Xuân Hồng, Thị trấn Châu Thành, Huyện Châu Thành, Tỉnh Tây Ninh, Việt Nam ->  46, Phường Thới Hòa, Thị xã Bến Cát, Tỉnh Bình Dương",1,0.2,False,0.0,0.4333,1.0,0.0,13.0,32.39,57.68,26.11,34.0,0,1,0,0,0,ride_component_44,1,0,0.0,0,0,5.4,3.16,34.0,57.33,17.12,23.4,1.74,REPEATED_LOCKED_PAIR,Cap lap lai va phu thuoc bat thuong,Tai xe va khach hang di voi nhau nhieu lan va co muc do phu thuoc bat thuong so voi hanh vi thong thuong.,57.33,,,,,,
9292c8471f83af23,2e75c4d7e1521fbd,15,0,21,15,xanhsm_bike_hn,Thành phố Cần Thơ,0.7142857142857143,1.0,0.0,xanhsm_bike_hn|Thành phố Cần Thơ,10.886000000002241,1.0,0.2,0.5,0.7143,0.2,0.6429,1.0,6.0,0.4593,True,0.6429,56.03,56.03,14000.0,210000.0,30000.0,1,2026-07-28,Thành phố Cần Thơ,3.9166666666666665,"1A Đường Xô Viết Nghệ Tĩnh, Phường Ninh Kiều, Thành phố Cần Thơ, Việt Nam -> Phường Ninh Kiều, Thành Phố Cần Thơ, Việt Nam",1,0.06666666666666667,False,0.0,0.6286,1.0,0.0,18.86,35.59,40.73,28.1,31.26,0,0,0,0,0,ride_component_45,1,0,0.0,0,0,0.0,0.0,31.26,56.58,24.83,24.64,0.0,REPEATED_LOCKED_PAIR,Cap lap lai va phu thuoc bat thuong,Tai xe va khach hang di voi nhau nhieu lan va co muc do phu thuoc bat thuong so voi hanh vi thong thuong.,56.58,Cap lap lai va phu thuoc bat thuong,KB-C_EXTREME_VOLUME | KB-C_TIGHT_PAIR_SHARE,REPEATED_LOCKED_PAIR,Cap lap lai va phu thuoc bat thuong,Tai xe va khach hang di voi nhau nhieu lan va co muc do phu thuoc bat thuong so voi hanh vi thong thuong.,56.58
d59b360706450792,7ec90ee3ce459014,5,5,5,6,xanh_sm_bike_premium,Thành phố Hà Nội,1.0,0.8333333333333334,1.0,xanh_sm_bike_premium|Thành phố Hà Nội,3.0,1.0,0.5,0.3333333333333333,0.8333,0.3333,0.75,0.7472,6.0,0.5556,True,0.5604,55.82,55.82,185400.0,927000.0,0.0,1,2026-07-28,Thành phố Hà Nội,0.9833333333333333,"23 Ngõ , Phường Hà Đông, Thành Phố Hà Nội, Việt Nam -> Phường Sơn Tây, Thành Phố Hà Nội, Việt Nam",1,0.2,True,1.0,0.7371,1.0,0.0,72.11,64.78,50.09,52.81,52.13,0,0,0,1,0,ride_component_46,1,0,0.0,0,0,5.4,4.11,52.13,55.84,76.61,36.76,2.26,GHOST_TRIP_EXECUTION_PATTERN,Mau thuc thi ghost trip,"Cap nay co dau hieu thuc thi ghost trip, voi nhieu chuyen nghi ngo gia lap hoac quay dau phi thuc te.",76.61,Mau thuc thi ghost trip,KB-C_HIGH_GHOST_RATE,GHOST_TRIP_EXECUTION_PATTERN,Mau thuc thi ghost trip,"Cap nay co dau hieu thuc thi ghost trip, voi nhieu chuyen nghi ngo gia lap hoac quay dau phi thuc te.",76.61
adae741af85347cf,ea7b62e5224eee01,11,0,14,11,xanh_premium,Tỉnh Ninh Bình,0.7857142857142857,1.0,0.0,xanh_premium|Tỉnh Ninh Bình,10.749999999999943,1.0,0.2,0.5,0.7857,0.2,0.7321,1.0,6.0,0.3411,True,0.7321,55.62,55.62,138909.0909090909,1528000.0,367000.0,1,2026-07-28,Tỉnh Ninh Bình,18.1,"478B, Phường Nam Hoa Lư, Tỉnh Ninh Bình, Việt Nam -> 7X59+7PQ, Phường Hoa Lư, Tỉnh Ninh Bình, Việt Nam",2,0.18181818181818182,False,0.0,0.3322,1.0,0.0,9.97,30.51,83.72,30.97,44.16,0,1,2,1,0,ride_component_14,2,1,1.0,3,1,61.09,35.1,44.16,56.79,13.12,24.99,46.81,REPEATED_LOCKED_PAIR,Cap lap lai va phu thuoc bat thuong,Tai xe va khach hang di voi nhau nhieu lan va co muc do phu thuoc bat thuong so voi hanh vi thong thuong.,56.79,Cap lap lai va phu thuoc bat thuong,KB-C_EXTREME_VOLUME | KB-C_TIGHT_PAIR_SHARE,REPEATED_LOCKED_PAIR,Cap lap lai va phu thuoc bat thuong,Tai xe va khach hang di voi nhau nhieu lan va co muc do phu thuoc bat thuong so voi hanh vi thong thuong.,56.79
1a04e8263cd220ed,e8ecf87434f4bac5,13,1,18,13,xanh_car,Tỉnh Hải Dương,0.7222222222222222,1.0,0.07692307692307693,xanh_car|Tỉnh Hải Dương,10.860799999999017,1.0,0.14285714285714285,0.5,0.7222,0.1429,0.6759,1.0,6.0,0.399,True,0.6759,55.13,55.13,30230.76923076923,393000.0,20000.0,1,2026-07-28,Tỉnh Hải Dương,3.5833333333333335,"1 Đường Ngô Quyền, Phường Thành Đông, Thành phố Hải Phòng, Việt Nam -> Phường Thành Đông, Thành phố Hải Phòng",1,0.07692307692307693,False,0.0769,0.6395,1.0,0.0,23.03,37.48,44.26,30.98,34.3,0,1,1,1,0,ride_component_47,1,0,0.0,0,0,10.81,6.62,34.3,55.96,28.91,26.06,3.64,REPEATED_LOCKED_PAIR,Cap lap lai va phu thuoc bat thuong,Tai xe va khach hang di voi nhau nhieu lan va co muc do phu thuoc bat thuong so voi hanh vi thong thuong.,55.96,Cap lap lai va phu thuoc bat thuong,KB-C_EXTREME_VOLUME | KB-C_TIGHT_PAIR_SHARE,REPEATED_LOCKED_PAIR,Cap lap lai va phu thuoc bat thuong,Tai xe va khach hang di voi nhau nhieu lan va co muc do phu thuoc bat thuong so voi hanh vi thong thuong.,55.96
d429b6761fabccc8,8f8892e8ce3dc549,10,1,13,10,xanh_premium,Tỉnh Long An,0.7692307692307693,1.0,0.1,xanh_premium|Tỉnh Long An,9.659599999999955,1.0,0.2,0.5,0.7692,0.2,0.7115,1.0,6.0,0.3451,True,0.7115,54.66,54.66,34500.0,345000.0,33000.0,1,2026-07-28,Tỉnh Long An,4.8,"Long An, Tây Ninh, Việt Nam -> 84 Tuyến tránh QL 1, Phường Long An, Tỉnh Tây Ninh, Việt Nam",1,0.1,False,0.1,0.618,1.0,0.0,23.54,37.54,45.04,30.77,34.34,0,2,0,0,0,ride_component_48,1,0,0.0,0,0,8.57,5.24,34.34,55.76,29.16,27.06,2.88,REPEATED_LOCKED_PAIR,Cap lap lai va phu thuoc bat thuong,Tai xe va khach hang di voi nhau nhieu lan va co muc do phu thuoc bat thuong so voi hanh vi thong thuong.,55.76,Cap lap lai va phu thuoc bat thuong,KB-C_EXTREME_VOLUME | KB-C_TIGHT_PAIR_SHARE,REPEATED_LOCKED_PAIR,Cap lap lai va phu thuoc bat thuong,Tai xe va khach hang di voi nhau nhieu lan va co muc do phu thuoc bat thuong so voi hanh vi thong thuong.,55.76
7afd4c3507395b2f,b235143704083232,7,0,8,7,xanh_premium,Tỉnh Hòa Bình,0.875,1.0,0.0,xanh_premium|Tỉnh Hòa Bình,6.941800000000029,1.0,0.3333333333333333,0.5,0.875,0.3333,0.8125,0.8672,6.0,0.3361,True,0.7046,53.88,53.88,20428.571428571428,143000.0,0.0,1,2026-07-28,Tỉnh Hòa Bình,3.9,"Quốc lộ 15, Xã Mai Châu, Tỉnh Phú Thọ, Việt Nam -> Xã Mai Châu, Tỉnh Phú Thọ, Việt Nam",2,0.2857142857142857,False,0.0,0.6947,1.0,0.0,20.84,35.71,24.02,28.24,27.18,0,0,0,0,0,ride_component_49,1,0,0.0,0,0,0.0,0.0,27.18,54.98,27.44,37.69,0.0,REPEATED_LOCKED_PAIR,Cap lap lai va phu thuoc bat thuong,Tai xe va khach hang di voi nhau nhieu lan va co muc do phu thuoc bat thuong so voi hanh vi thong thuong.,54.98,,,,,,
70c7caba889c36e5,0caff602343cf5e9,4,0,4,4,xanh_car,Tỉnh Lào Cai,1.0,1.0,0.0,xanh_car|Tỉnh Lào Cai,3.902500000000032,1.0,0.5,0.5,1.0,0.5,1.0,0.6712,6.0,0.3417,True,0.6712,52.29,52.29,211250.0,845000.0,132000.0,1,2026-07-28,Tỉnh Lào Cai,53.7,"Xã Bảo Thắng, Lào Cai -> Xã Võ Lao, Tỉnh Lào Cai, Việt Nam",1,0.25,False,0.0,0.075,1.0,0.0,2.25,24.77,71.52,19.9,32.8,0,1,0,0,0,ride_component_50,1,0,0.0,0,0,5.4,2.91,32.8,53.28,2.96,15.4,1.6,REPEATED_LOCKED_PAIR,Cap lap lai va phu thuoc bat thuong,Tai xe va khach hang di voi nhau nhieu lan va co muc do phu thuoc bat thuong so voi hanh vi thong thuong.,53.28,,,,,,
8a9f79cd088b6ebe,f01bbd1fd14cf6ab,8,3,10,9,xanh_premium,Tỉnh Thừa Thiên Huế,0.8,0.8888888888888888,0.375,xanh_premium|Tỉnh Thừa Thiên Huế,7.843700000000126,1.0,0.25,0.3333333333333333,0.8,0.25,0.7333,0.9163,6.0,0.34,True,0.672,52.26,52.26,252125.0,2017000.0,6000.0,1,2026-07-28,Tỉnh Thừa Thiên Huế,21.883333333333333,"1 Đường Tố Hữu, Phường Thuận Hóa, Thành Phố Huế, Việt Nam -> 21 Kiệt 104 Kim Long, Tổ 6, Kim Long, Thành phố Huế, Việt Nam",1,0.125,False,0.375,0.2269,1.0,0.0,25.56,37.57,55.78,36.11,41.03,1,1,0,1,0,ride_component_7,3,2,0.6667,2,1,51.85,31.61,41.03,53.26,26.78,23.0,36.55,REPEATED_LOCKED_PAIR,Cap lap lai va phu thuoc bat thuong,Tai xe va khach hang di voi nhau nhieu lan va co muc do phu thuoc bat thuong so voi hanh vi thong thuong.,53.26,Cap lap lai va phu thuoc bat thuong,KB-C_EXTREME_VOLUME | KB-C_TIGHT_PAIR_SHARE,REPEATED_LOCKED_PAIR,Cap lap lai va phu thuoc bat thuong,Tai xe va khach hang di voi nhau nhieu lan va co muc do phu thuoc bat thuong so voi hanh vi thong thuong.,53.26
b0c0aa573db6456b,570a19ec78d86527,4,0,4,4,green_mini_3_khach,Tỉnh Phú Yên,1.0,1.0,0.0,green_mini_3_khach|Tỉnh Phú Yên,3.9180999999999813,1.0,0.5,0.5,1.0,0.5,1.0,0.6712,6.0,0.3403,True,0.6712,52.23,52.23,22750.0,91000.0,0.0,1,2026-07-28,Tỉnh Phú Yên,85.18333333333334,"121 Đường Nguyễn Trãi, Phường Tuy Hòa, Tỉnh Đắk Lắk, Việt Nam -> Phường Tuy Hòa, Tỉnh Đắk Lắk, Việt Nam",1,0.25,False,0.0,0.075,1.0,0.0,2.25,24.74,21.94,24.65,23.97,0,0,1,1,0,ride_component_51,2,1,1.0,2,1,49.61,26.77,23.97,53.22,2.96,15.39,37.22,REPEATED_LOCKED_PAIR,Cap lap lai va phu thuoc bat thuong,Tai xe va khach hang di voi nhau nhieu lan va co muc do phu thuoc bat thuong so voi hanh vi thong thuong.,53.22,,,,,,
7a9c92e767878489,4e954721a4054e84,4,0,4,4,namthang_vf5,Tỉnh An Giang,1.0,1.0,0.0,namthang_vf5|Tỉnh An Giang,3.9465999999999894,1.0,0.5,0.5,1.0,0.5,1.0,0.6712,6.0,0.3378,True,0.6712,52.12,52.12,493000.0,1972000.0,1000.0,1,2026-07-28,Tỉnh An Giang,74.66666666666667,"Phường Bình Đức, Tỉnh An Giang, Việt Nam -> Phường Chi Lăng, An Giang",1,0.25,False,0.0,0.075,1.0,0.0,2.25,24.69,52.73,20.18,28.32,1,1,0,0,0,ride_component_52,1,0,0.0,0,0,8.57,4.62,28.32,53.12,2.96,15.38,2.54,REPEATED_LOCKED_PAIR,Cap lap lai va phu thuoc bat thuong,Tai xe va khach hang di voi nhau nhieu lan va co muc do phu thuoc bat thuong so voi hanh vi thong thuong.,53.12,,,,,,
8bb7d0dac7f83fd9,a6f922f17b02f99b,4,0,4,4,service_xanh_premium_car_long-distance_one_way,Tỉnh Hòa Bình,1.0,1.0,0.0,service_xanh_premium_car_long-distance_one_way|Tỉnh Hòa Bình,3.9983000000000004,1.0,0.5,0.5,1.0,0.5,1.0,0.6712,6.0,0.3335,True,0.6712,51.92,51.92,283500.0,1134000.0,0.0,1,2026-07-28,Tỉnh Hòa Bình,164.98333333333332,"Bệnh viện Hữu Nghị Việt Đức, 35 Đường Phủ Doãn, Phường Hoàn Kiếm, Thành Phố Hà Nội, Việt Nam(UTC+7) -> Huyện Lương Sơn, Tỉnh Hòa Bình",1,0.25,False,0.0,0.075,1.0,0.0,2.25,24.6,48.44,19.77,26.94,0,0,0,1,0,ride_component_53,1,0,0.0,0,0,5.4,2.91,26.94,52.93,2.96,15.36,1.6,REPEATED_LOCKED_PAIR,Cap lap lai va phu thuoc bat thuong,Tai xe va khach hang di voi nhau nhieu lan va co muc do phu thuoc bat thuong so voi hanh vi thong thuong.,52.93,,,,,,
c6be7a42c4c82b94,ac1c1ab08051ed10,4,0,4,4,service_xanh_premium_car_long-distance_one_way,Tỉnh Hải Dương,1.0,1.0,0.0,service_xanh_premium_car_long-distance_one_way|Tỉnh Hải Dương,3.998000000000001,1.0,0.5,0.5,1.0,0.5,1.0,0.6712,6.0,0.3335,True,0.6712,51.92,51.92,321750.0,1287000.0,0.0,1,2026-07-28,Thành phố Hải Phòng,134.18333333333334,"Gần 17 Ngách 20 Ngõ 176 Phố Trần Hưng Đạo, Thị trấn Kinh Môn, Huyện Kinh Môn, Tỉnh Hải Dương, Việt Nam ->  Huyện An Lão, Thành phố Hải Phòng",1,0.25,False,0.0,0.075,1.0,0.0,2.25,24.6,49.37,19.18,26.73,0,0,0,0,0,ride_component_54,1,0,0.0,0,0,0.0,0.0,26.73,52.93,2.96,15.36,0.0,REPEATED_LOCKED_PAIR,Cap lap lai va phu thuoc bat thuong,Tai xe va khach hang di voi nhau nhieu lan va co muc do phu thuoc bat thuong so voi hanh vi thong thuong.,52.93,,,,,,
77368a9f46593385,2eaa4b35ab338a26,6,0,7,6,xanh_limo_6_cho,Tỉnh Quảng Ninh,0.8571428571428571,1.0,0.0,xanh_limo_6_cho|Tỉnh Quảng Ninh,5.5526999999997315,1.0,0.3333333333333333,0.5,0.8571,0.3333,0.7857,0.8115,6.0,0.3602,True,0.6376,51.28,51.28,354333.3333333333,2126000.0,60000.0,1,2026-07-28,Tỉnh Quảng Ninh,58.15,"85 Đại lộ Hòa Bình, Phường Móng Cái 1, Tỉnh Quảng Ninh, Việt Nam -> Phường Móng Cái 1, Tỉnh Quảng Ninh, Việt Nam",1,0.16666666666666666,False,0.0,0.05,1.0,0.0,1.5,23.9,72.43,19.54,32.76,1,0,1,0,0,ride_component_55,1,0,0.0,0,0,8.57,4.58,32.76,52.11,1.98,17.86,2.52,REPEATED_LOCKED_PAIR,Cap lap lai va phu thuoc bat thuong,Tai xe va khach hang di voi nhau nhieu lan va co muc do phu thuoc bat thuong so voi hanh vi thong thuong.,52.11,,,,,,
7622ac93ab222bda,8c495cb7d86f66e0,5,5,5,5,xanh_car,Tỉnh Long An,1.0,1.0,1.0,xanh_car|Tỉnh Long An,8.0,0.9988,0.5,0.5,1.0,0.5,1.0,0.7472,6.0,0.2083,False,0.7472,50.47,50.47,30000.0,150000.0,1000.0,1,2026-07-28,Tỉnh Long An,1.15,"Tỉnh lộ 823, Xã Hậu Nghĩa, Tỉnh Tây Ninh, Việt Nam -> Xã Hậu Nghĩa, Tỉnh Tây Ninh, Việt Nam",2,0.4,True,1.0,0.7932,0.5,0.1042,75.88,64.44,22.57,52.62,45.11,0,1,0,0,0,ride_component_56,1,0,0.0,0,0,5.4,4.07,45.11,52.09,80.19,46.2,2.24,GHOST_TRIP_EXECUTION_PATTERN,Mau thuc thi ghost trip,"Cap nay co dau hieu thuc thi ghost trip, voi nhieu chuyen nghi ngo gia lap hoac quay dau phi thuc te.",80.19,Mau thuc thi ghost trip,KB-C_HIGH_GHOST_RATE,GHOST_TRIP_EXECUTION_PATTERN,Mau thuc thi ghost trip,"Cap nay co dau hieu thuc thi ghost trip, voi nhieu chuyen nghi ngo gia lap hoac quay dau phi thuc te.",80.19
d0326e314d6eb336,79dc1b539955c253,5,5,5,5,xanh_premium,Thành phố Hồ Chí Minh,1.0,1.0,1.0,xanh_premium|Thành phố Hồ Chí Minh,8.0,0.9997,0.5,0.5,1.0,0.5,1.0,0.7472,6.0,0.2083,False,0.7472,50.47,50.47,99400.0,497000.0,113000.0,1,2026-07-28,Thành phố Hồ Chí Minh,0.5166666666666667,"Phường Cát Lái, Thành phố Hồ Chí Minh -> 92-94 Đường Lê Lợi, Phường Sài Gòn, Thành phố Hồ Chí Minh, Việt Nam",4,0.8,True,1.0,0.9279,0.4,0.125,80.34,66.9,59.03,55.13,56.1,0,2,0,0,0,ride_component_57,1,0,0.0,0,0,8.57,6.58,56.1,52.09,85.78,66.77,3.62,GHOST_TRIP_EXECUTION_PATTERN,Mau thuc thi ghost trip,"Cap nay co dau hieu thuc thi ghost trip, voi nhieu chuyen nghi ngo gia lap hoac quay dau phi thuc te.",85.78,Mau thuc thi ghost trip,KB-C_HIGH_GHOST_RATE,GHOST_TRIP_EXECUTION_PATTERN,Mau thuc thi ghost trip,"Cap nay co dau hieu thuc thi ghost trip, voi nhieu chuyen nghi ngo gia lap hoac quay dau phi thuc te.",85.78
a55a58cd57481ec4,d2a0fa7b30a14a94,6,0,7,6,xanh_car,Tỉnh Bà Rịa - Vũng Tàu,0.8571428571428571,1.0,0.0,xanh_car|Tỉnh Bà Rịa - Vũng Tàu,6.0,1.0,0.3333333333333333,0.5,0.8571,0.3333,0.7857,0.8115,6.0,0.3333,True,0.6376,50.07,50.07,115166.66666666667,691000.0,100000.0,1,2026-07-28,Tỉnh Bà Rịa - Vũng Tàu,22.583333333333332,"Phường Bà Rịa, Thành phố Hồ Chí Minh, Việt Nam -> Xã Long Điền, Thành phố Hồ Chí Minh",1,0.16666666666666666,False,0.0,0.2231,0.5,0.1666,10.02,28.05,64.67,22.63,33.14,0,0,1,0,0,ride_component_58,1,0,0.0,0,0,5.4,3.0,33.14,50.98,10.98,21.14,1.65,REPEATED_LOCKED_PAIR,Cap lap lai va phu thuoc bat thuong,Tai xe va khach hang di voi nhau nhieu lan va co muc do phu thuoc bat thuong so voi hanh vi thong thuong.,50.98,,,,,,
43c2e20e86c42954,3900c5f24f018da3,4,4,4,4,xanh_premium,Tỉnh Quảng Ninh,1.0,1.0,1.0,xanh_premium|Tỉnh Quảng Ninh,4.790300000000116,0.9995,0.5,0.5,1.0,0.5,1.0,0.6712,6.0,0.2783,False,0.6712,49.44,49.44,157500.0,630000.0,92000.0,1,2026-07-28,Tỉnh Quảng Ninh,3.9,"Xóm 1, Đặc khu Vân Đồn, Tỉnh Quảng Ninh, Việt Nam -> Đặc khu Vân Đồn, Tỉnh Quảng Ninh, Việt Nam",1,0.25,True,1.0,0.684,1.0,0.0,70.52,61.03,62.07,49.83,52.89,0,0,1,0,0,ride_component_59,1,0,0.0,0,0,5.4,3.97,52.89,50.62,74.52,29.9,2.18,GHOST_TRIP_EXECUTION_PATTERN,Mau thuc thi ghost trip,"Cap nay co dau hieu thuc thi ghost trip, voi nhieu chuyen nghi ngo gia lap hoac quay dau phi thuc te.",74.52,Mau thuc thi ghost trip,KB-C_HIGH_GHOST_RATE,GHOST_TRIP_EXECUTION_PATTERN,Mau thuc thi ghost trip,"Cap nay co dau hieu thuc thi ghost trip, voi nhieu chuyen nghi ngo gia lap hoac quay dau phi thuc te.",74.52
d69c518bb874969b,cf4ed370c7c89d68,7,5,9,8,xanh_car,Tỉnh Bình Dương,0.7777777777777778,0.875,0.7142857142857143,xanh_car|Tỉnh Bình Dương,7.0,1.0,0.25,0.3333333333333333,0.7778,0.25,0.7037,0.8672,6.0,0.3333,True,0.6102,48.56,48.56,35285.71428571428,247000.0,0.0,1,2026-07-28,Tỉnh Bình Dương,1.3,"5 Quarter, Phường Bình Hòa, Thành phố Hồ Chí Minh, Việt Nam -> Thành phố Hồ Chí Minh",2,0.2857142857142857,True,0.7143,0.7554,0.3333,0.2222,62.82,56.4,29.23,45.26,41.25,0,0,0,0,0,ride_component_60,1,0,0.0,0,0,0.0,0.0,41.25,49.39,66.66,45.25,0.0,GHOST_TRIP_EXECUTION_PATTERN,Mau thuc thi ghost trip,"Cap nay co dau hieu thuc thi ghost trip, voi nhieu chuyen nghi ngo gia lap hoac quay dau phi thuc te.",66.66,Mau thuc thi ghost trip,KB-C_HIGH_GHOST_RATE | KB-C_SUPERFAST_GAP,GHOST_TRIP_EXECUTION_PATTERN,Mau thuc thi ghost trip,"Cap nay co dau hieu thuc thi ghost trip, voi nhieu chuyen nghi ngo gia lap hoac quay dau phi thuc te.",66.66
5f86b897cceb41c0,975a83e2329f3291,4,2,4,4,xanh_car,Tỉnh Thái Bình,1.0,1.0,0.5,xanh_car|Tỉnh Thái Bình,5.722699999999804,0.9986,0.5,0.5,1.0,0.5,1.0,0.6712,6.0,0.233,False,0.6712,47.4,47.4,126500.0,506000.0,39000.0,1,2026-07-28,Tỉnh Thái Bình,65.2,"530 Đường Lý Bôn, Phường Trần Hưng Đạo, Tỉnh Hưng Yên, Việt Nam -> Phường Vũ Phúc, Tỉnh Hưng Yên, Việt Nam",1,0.25,True,0.5,0.075,1.0,0.0,27.25,36.32,47.49,29.5,34.0,0,1,0,0,0,ride_component_61,1,0,0.0,0,0,5.4,3.23,34.0,48.72,26.71,18.24,1.78,GHOST_TRIP_EXECUTION_PATTERN,Mau thuc thi ghost trip,"Cap nay co dau hieu thuc thi ghost trip, voi nhieu chuyen nghi ngo gia lap hoac quay dau phi thuc te.",26.71,Mau thuc thi ghost trip,KB-C_HIGH_GHOST_RATE,GHOST_TRIP_EXECUTION_PATTERN,Mau thuc thi ghost trip,"Cap nay co dau hieu thuc thi ghost trip, voi nhieu chuyen nghi ngo gia lap hoac quay dau phi thuc te.",26.71
bdfe04b4787b2ffb,9f92b359b9562716,4,2,4,4,xanh_car,Tỉnh Nam Định,1.0,1.0,0.5,xanh_car|Tỉnh Nam Định,6.754399999999805,0.9972,0.5,0.5,1.0,0.5,1.0,0.6712,6.0,0.1974,False,0.6712,45.8,45.8,76500.0,306000.0,40000.0,1,2026-07-28,Tỉnh Nam Định,37.55,"Quốc lộ 21, Xã Hải Tiến, Tỉnh Ninh Bình, Việt Nam -> Ninh Bình",1,0.25,True,0.5,0.075,1.0,0.0,27.25,35.6,42.53,29.31,32.61,0,1,0,1,0,ride_component_62,1,0,0.0,0,0,8.57,5.07,32.61,47.22,26.71,18.08,2.79,GHOST_TRIP_EXECUTION_PATTERN,Mau thuc thi ghost trip,"Cap nay co dau hieu thuc thi ghost trip, voi nhieu chuyen nghi ngo gia lap hoac quay dau phi thuc te.",26.71,Mau thuc thi ghost trip,KB-C_HIGH_GHOST_RATE,GHOST_TRIP_EXECUTION_PATTERN,Mau thuc thi ghost trip,"Cap nay co dau hieu thuc thi ghost trip, voi nhieu chuyen nghi ngo gia lap hoac quay dau phi thuc te.",26.71
ab46186f7ff9938f,ac01098a1081aeb8,5,3,6,5,xanh_car,Tỉnh Thanh Hóa,0.8333333333333334,1.0,0.6,xanh_car|Tỉnh Thanh Hóa,6.698200000000725,0.9997,0.3333333333333333,0.5,0.8333,0.3333,0.75,0.7472,6.0,0.2488,False,0.5604,42.02,42.02,21000.0,105000.0,0.0,1,2026-07-28,Tỉnh Thanh Hóa,1.9333333333333333,"Quốc lộ 45, Xã Yên Định, Thanh Hóa, VNM -> Xã Yên Định, Tỉnh Thanh Hóa, Việt Nam",1,0.2,True,0.6,0.7149,0.25,0.1866,55.18,49.26,21.04,39.54,34.92,0,0,0,0,0,ride_component_63,1,0,0.0,0,0,0.0,0.0,34.92,42.95,59.16,31.33,0.0,GHOST_TRIP_EXECUTION_PATTERN,Mau thuc thi ghost trip,"Cap nay co dau hieu thuc thi ghost trip, voi nhieu chuyen nghi ngo gia lap hoac quay dau phi thuc te.",59.16,Mau thuc thi ghost trip,KB-C_HIGH_GHOST_RATE,GHOST_TRIP_EXECUTION_PATTERN,Mau thuc thi ghost trip,"Cap nay co dau hieu thuc thi ghost trip, voi nhieu chuyen nghi ngo gia lap hoac quay dau phi thuc te.",59.16
2e2017c070161bf9,84e4824a65ff0fad,11,11,22,11,xanh_limo_6_cho,Thành phố Đà Nẵng,0.5,1.0,1.0,xanh_limo_6_cho|Thành phố Đà Nẵng,10.522200000000339,1.0,0.14285714285714285,0.5,0.5,0.1429,0.4167,1.0,6.0,0.3485,True,0.4167,38.6,38.6,36272.72727272727,399000.0,0.0,1,2026-07-28,Thành phố Đà Nẵng,0.5166666666666667,"Phường An Khê, Thành phố Đà Nẵng, Việt Nam -> 50 Phố Nguyễn Đình Tứ, Phường An Khê, Thành phố Đà Nẵng, Việt Nam",5,0.45454545454545453,True,1.0,0.8243,0.3333,0.2323,79.38,61.03,34.8,57.82,52.06,0,0,1,1,1,ride_component_64,2,1,1.0,3,1,59.35,42.92,52.06,38.8,83.08,57.28,51.11,GHOST_TRIP_EXECUTION_PATTERN,Mau thuc thi ghost trip,"Cap nay co dau hieu thuc thi ghost trip, voi nhieu chuyen nghi ngo gia lap hoac quay dau phi thuc te.",83.08,Cap lap lai va phu thuoc bat thuong | Mau thuc thi ghost trip,KB-C_EXTREME_VOLUME | KB-C_HIGH_GHOST_RATE | KB-C_SUPERFAST_GAP,GHOST_TRIP_EXECUTION_PATTERN,Mau thuc thi ghost trip,"Cap nay co dau hieu thuc thi ghost trip, voi nhieu chuyen nghi ngo gia lap hoac quay dau phi thuc te.",83.08
bb51237249936ac3,c186b9608dbc5ab8,5,3,7,5,xanh_car,Thành phố Hà Nội,0.7142857142857143,1.0,0.6,xanh_car|Thành phố Hà Nội,5.0,0.9999,0.3333333333333333,0.5,0.7143,0.3333,0.5714,0.7472,6.0,0.3333,True,0.427,38.48,38.48,31800.0,159000.0,3000.0,1,2026-07-28,Thành phố Hà Nội,2.316666666666667,"28 BT1 Bán Đảo Linh Đàm, Phường Hoàng Liệt, Thành Phố Hà Nội, Việt Nam -> 1 Đường Ngọc Hồi, Phường Yên Sở, Thành Phố Hà Nội, Việt Nam",1,0.2,True,0.6,0.7059,0.1111,0.2963,57.1,48.72,27.6,39.16,36.27,0,0,0,0,0,ride_component_65,1,0,0.0,0,0,0.0,0.0,36.27,38.76,60.23,30.74,0.0,GHOST_TRIP_EXECUTION_PATTERN,Mau thuc thi ghost trip,"Cap nay co dau hieu thuc thi ghost trip, voi nhieu chuyen nghi ngo gia lap hoac quay dau phi thuc te.",60.23,Mau thuc thi ghost trip,KB-C_HIGH_GHOST_RATE,GHOST_TRIP_EXECUTION_PATTERN,Mau thuc thi ghost trip,"Cap nay co dau hieu thuc thi ghost trip, voi nhieu chuyen nghi ngo gia lap hoac quay dau phi thuc te.",60.23
ca5518e2def85560,3cf7f499815ec4df,5,3,7,5,xanh_car,Thành phố Hà Nội,0.7142857142857143,1.0,0.6,xanh_car|Thành phố Hà Nội,5.0,0.9999,0.3333333333333333,0.5,0.7143,0.3333,0.5714,0.7472,6.0,0.3333,True,0.427,38.48,38.48,209400.0,1047000.0,30000.0,1,2026-07-28,Thành phố Hà Nội,57.016666666666666,"Phường Hai Bà Trưng, Thành Phố Hà Nội, Việt Nam -> Thôn Đại Phu, Xã Kiều Phú, Thành Phố Hà Nội, Việt Nam",1,0.2,True,0.6,0.06,1.0,0.0,31.8,34.81,58.04,28.4,35.81,0,0,1,0,0,ride_component_66,1,0,0.0,0,0,5.4,3.13,35.81,38.76,30.87,19.98,1.72,GHOST_TRIP_EXECUTION_PATTERN,Mau thuc thi ghost trip,"Cap nay co dau hieu thuc thi ghost trip, voi nhieu chuyen nghi ngo gia lap hoac quay dau phi thuc te.",30.87,Mau thuc thi ghost trip,KB-C_HIGH_GHOST_RATE,GHOST_TRIP_EXECUTION_PATTERN,Mau thuc thi ghost trip,"Cap nay co dau hieu thuc thi ghost trip, voi nhieu chuyen nghi ngo gia lap hoac quay dau phi thuc te.",30.87
0eb014626268be21,fb0b4b696b44498d,5,5,7,5,xanh_car,Tỉnh Bình Phước,0.7142857142857143,1.0,1.0,xanh_car|Tỉnh Bình Phước,5.809199999999919,0.9995,0.25,0.5,0.7143,0.25,0.619,0.7472,6.0,0.2869,False,0.4626,38.35,38.35,31200.0,156000.0,0.0,1,2026-07-28,Tỉnh Bình Phước,0.4,"Xã Lộc Hưng, Tỉnh Đồng Nai, Việt Nam -> 64 Quốc lộ 13, Ấp 7, Xã Lộc Ninh, Tỉnh Đồng Nai, Việt Nam",2,0.4,True,1.0,0.8107,1.0,0.0,74.32,58.13,23.97,46.87,41.14,0,0,0,0,0,ride_component_67,1,0,0.0,0,0,0.0,0.0,41.14,38.88,79.52,44.97,0.0,GHOST_TRIP_EXECUTION_PATTERN,Mau thuc thi ghost trip,"Cap nay co dau hieu thuc thi ghost trip, voi nhieu chuyen nghi ngo gia lap hoac quay dau phi thuc te.",79.52,Mau thuc thi ghost trip,KB-C_HIGH_GHOST_RATE,GHOST_TRIP_EXECUTION_PATTERN,Mau thuc thi ghost trip,"Cap nay co dau hieu thuc thi ghost trip, voi nhieu chuyen nghi ngo gia lap hoac quay dau phi thuc te.",79.52
c4bdf4afe6120726,bf2cc9b5922ae400,5,4,7,5,xanh_car,Tỉnh Bình Phước,0.7142857142857143,1.0,0.8,xanh_car|Tỉnh Bình Phước,5.809199999999919,0.9995,0.25,0.5,0.7143,0.25,0.619,0.7472,6.0,0.2869,False,0.4626,38.35,38.35,31000.0,155000.0,15000.0,1,2026-07-28,Tỉnh Bình Phước,1.0166666666666666,"Quốc lộ 14, Xã Bù Đăng, Tỉnh Đồng Nai, Việt Nam -> Xã Bù Đăng, Đồng Nai",1,0.2,True,0.8,0.7363,0.5,0.1434,64.96,52.98,31.22,42.65,39.79,0,0,0,0,0,ride_component_68,1,0,0.0,0,0,0.0,0.0,39.79,38.88,68.95,32.9,0.0,GHOST_TRIP_EXECUTION_PATTERN,Mau thuc thi ghost trip,"Cap nay co dau hieu thuc thi ghost trip, voi nhieu chuyen nghi ngo gia lap hoac quay dau phi thuc te.",68.95,Mau thuc thi ghost trip,KB-C_HIGH_GHOST_RATE,GHOST_TRIP_EXECUTION_PATTERN,Mau thuc thi ghost trip,"Cap nay co dau hieu thuc thi ghost trip, voi nhieu chuyen nghi ngo gia lap hoac quay dau phi thuc te.",68.95
02661eba28d6ccb7,1f24da76796a531d,4,4,5,4,xanh_premium,Tỉnh Quảng Nam,0.8,1.0,1.0,xanh_premium|Tỉnh Quảng Nam,5.0,0.9973,0.3333333333333333,0.5,0.8,0.3333,0.7,0.6712,6.0,0.2667,False,0.4698,37.84,37.84,110250.0,441000.0,55000.0,1,2026-07-28,Tỉnh Quảng Nam,179.25,"Block Ha My, Phường Hội An, Thành phố Đà Nẵng, Việt Nam -> Phường Hội An, Thành phố Đà Nẵng, VNM",2,0.5,True,1.0,0.15,1.0,0.0,54.5,47.0,51.22,38.88,41.96,0,1,0,1,0,ride_component_69,1,0,0.0,0,0,8.57,5.54,41.96,38.45,53.43,30.78,3.05,GHOST_TRIP_EXECUTION_PATTERN,Mau thuc thi ghost trip,"Cap nay co dau hieu thuc thi ghost trip, voi nhieu chuyen nghi ngo gia lap hoac quay dau phi thuc te.",53.43,Mau thuc thi ghost trip,KB-C_HIGH_GHOST_RATE,GHOST_TRIP_EXECUTION_PATTERN,Mau thuc thi ghost trip,"Cap nay co dau hieu thuc thi ghost trip, voi nhieu chuyen nghi ngo gia lap hoac quay dau phi thuc te.",53.43
f6e57ab037263cd3,a7ce5b1a944618a3,4,2,5,5,xanh_limo_6_cho,Thành phố Hà Nội,0.8,0.8,0.5,xanh_limo_6_cho|Thành phố Hà Nội,6.3629000000000815,0.9996,0.3333333333333333,0.3333333333333333,0.8,0.3333,0.7,0.6712,6.0,0.2095,False,0.4698,35.27,35.27,498250.0,1993000.0,98000.0,1,2026-07-28,Thành phố Hà Nội,65.31666666666666,"Khu Công Nghệ Cao Hòa Lạc, Xã Hòa Lạc, Thành Phố Hà Nội, Việt Nam -> Phường Hà Đông, Thành Phố Hà Nội, Việt Nam",1,0.25,True,0.5,0.075,1.0,0.0,27.25,30.86,73.57,25.81,37.75,1,1,1,0,0,ride_component_70,1,0,0.0,0,0,10.81,6.0,37.75,36.05,26.71,17.03,3.3,GHOST_TRIP_EXECUTION_PATTERN,Mau thuc thi ghost trip,"Cap nay co dau hieu thuc thi ghost trip, voi nhieu chuyen nghi ngo gia lap hoac quay dau phi thuc te.",26.71,Mau thuc thi ghost trip,KB-C_HIGH_GHOST_RATE,GHOST_TRIP_EXECUTION_PATTERN,Mau thuc thi ghost trip,"Cap nay co dau hieu thuc thi ghost trip, voi nhieu chuyen nghi ngo gia lap hoac quay dau phi thuc te.",26.71
9cab892ccb1cd9f6,d938b03bbf02a6df,9,9,19,9,xanh_limo_6_cho,Thành phố Hồ Chí Minh,0.47368421052631576,1.0,1.0,xanh_limo_6_cho|Thành phố Hồ Chí Minh,7.0,1.0,0.25,0.5,0.4737,0.25,0.2982,0.9603,6.0,0.4286,True,0.2864,35.04,35.04,120000.0,1080000.0,270000.0,1,2026-07-28,Thành phố Hồ Chí Minh,0.3333333333333333,"Xã Bình Hưng, Thành phố Hồ Chí Minh, Việt Nam -> 92-94 nam kỳ khởi nghĩa, Phường Sài Gòn, Thành phố Hồ Chí Minh",7,0.7777777777777778,True,1.0,0.9256,1.0,0.0,77.77,58.54,81.36,48.02,56.36,0,1,0,0,0,ride_component_71,1,0,0.0,0,0,5.4,3.81,56.36,34.61,84.06,76.55,2.1,GHOST_TRIP_EXECUTION_PATTERN,Mau thuc thi ghost trip,"Cap nay co dau hieu thuc thi ghost trip, voi nhieu chuyen nghi ngo gia lap hoac quay dau phi thuc te.",84.06,Cap lap lai va phu thuoc bat thuong | Mau thuc thi ghost trip | Mau farming theo tuyen,KB-C_EXTREME_VOLUME | KB-C_HIGH_GHOST_RATE | KB-C_SUPERFAST_GAP | KB-C_ROUTE_LOOP,GHOST_TRIP_EXECUTION_PATTERN,Mau thuc thi ghost trip,"Cap nay co dau hieu thuc thi ghost trip, voi nhieu chuyen nghi ngo gia lap hoac quay dau phi thuc te.",84.06
501cc5ef2fb3b169,30adcf64842f6c8b,4,3,5,4,xanh_car,Tỉnh Thanh Hóa,0.8,1.0,0.75,xanh_car|Tỉnh Thanh Hóa,6.698200000000725,0.9991,0.3333333333333333,0.5,0.8,0.3333,0.7,0.6712,6.0,0.1991,False,0.4698,34.8,34.8,189000.0,756000.0,50000.0,1,2026-07-28,Tỉnh Thanh Hóa,39.68333333333333,"47 Đường Cao tốc Cầu Đống, Phường Đông Quang, Tỉnh Thanh Hóa, Việt Nam -> Xã Quảng Ninh, Tỉnh Thanh Hóa, Việt Nam",1,0.25,True,0.75,0.075,1.0,0.0,39.75,37.52,55.97,30.07,36.54,0,0,0,0,0,ride_component_72,1,0,0.0,0,0,0.0,0.0,36.54,35.61,38.59,18.65,0.0,GHOST_TRIP_EXECUTION_PATTERN,Mau thuc thi ghost trip,"Cap nay co dau hieu thuc thi ghost trip, voi nhieu chuyen nghi ngo gia lap hoac quay dau phi thuc te.",38.59,Mau thuc thi ghost trip,KB-C_HIGH_GHOST_RATE,GHOST_TRIP_EXECUTION_PATTERN,Mau thuc thi ghost trip,"Cap nay co dau hieu thuc thi ghost trip, voi nhieu chuyen nghi ngo gia lap hoac quay dau phi thuc te.",38.59
5e1375169a59617b,330d423933b6c447,5,5,21,5,xanhsm_bike_hn,Thành phố Hà Nội,0.23809523809523808,1.0,1.0,xanhsm_bike_hn|Thành phố Hà Nội,3.0,1.0,0.07142857142857142,0.5,0.2381,0.0714,0.1795,0.7472,6.0,0.5556,True,0.1341,32.38,32.38,16000.0,80000.0,7000.0,1,2026-07-28,Thành phố Hà Nội,1.0,"Phường Xuân Đỉnh, Thành Phố Hà Nội, Việt Nam -> Phường Xuân Đỉnh, Thành Phố Hà Nội, Việt Nam",2,0.4,True,1.0,0.7967,0.8,0.1111,76.12,56.44,29.61,53.8,47.75,0,0,1,1,1,ride_component_73,2,1,1.0,3,1,59.35,41.05,47.75,31.11,80.41,43.99,50.08,GHOST_TRIP_EXECUTION_PATTERN,Mau thuc thi ghost trip,"Cap nay co dau hieu thuc thi ghost trip, voi nhieu chuyen nghi ngo gia lap hoac quay dau phi thuc te.",80.41,Mau thuc thi ghost trip,KB-C_HIGH_GHOST_RATE,GHOST_TRIP_EXECUTION_PATTERN,Mau thuc thi ghost trip,"Cap nay co dau hieu thuc thi ghost trip, voi nhieu chuyen nghi ngo gia lap hoac quay dau phi thuc te.",80.41
650e55d8a93e7afa,6018142ad7cd7f3b,5,5,22,5,xanhsm_bike_sg,Thành phố Hồ Chí Minh,0.22727272727272727,1.0,1.0,xanhsm_bike_sg|Thành phố Hồ Chí Minh,3.0,1.0,0.06666666666666667,0.5,0.2273,0.0667,0.1721,0.7472,6.0,0.5556,True,0.1286,32.08,32.08,11000.0,55000.0,3000.0,1,2026-07-28,Thành phố Hồ Chí Minh,0.6333333333333333,"Đường Phạm Ngọc Thảo, Phường Tây Thạnh, Thành phố Hồ Chí Minh, Việt Nam -> Phường Tây Thạnh, Thành phố Hồ Chí Minh, Việt Nam",5,1.0,True,1.0,0.9852,0.1667,0.463,88.82,63.29,26.78,51.98,45.68,0,0,0,1,0,ride_component_74,1,0,0.0,0,0,5.4,3.94,45.68,30.8,92.44,74.6,2.17,GHOST_TRIP_EXECUTION_PATTERN,Mau thuc thi ghost trip,"Cap nay co dau hieu thuc thi ghost trip, voi nhieu chuyen nghi ngo gia lap hoac quay dau phi thuc te.",92.44,Mau thuc thi ghost trip,KB-C_HIGH_GHOST_RATE,GHOST_TRIP_EXECUTION_PATTERN,Mau thuc thi ghost trip,"Cap nay co dau hieu thuc thi ghost trip, voi nhieu chuyen nghi ngo gia lap hoac quay dau phi thuc te.",92.44
650e55d8a93e7afa,d6f9e28555ec2d87,5,5,22,5,xanhsm_bike_sg,Thành phố Hồ Chí Minh,0.22727272727272727,1.0,1.0,xanhsm_bike_sg|Thành phố Hồ Chí Minh,3.0,1.0,0.06666666666666667,0.5,0.2273,0.0667,0.1721,0.7472,6.0,0.5556,True,0.1286,32.08,32.08,12000.0,60000.0,3000.0,1,2026-07-28,Thành phố Hồ Chí Minh,0.45,"Phường Tây Thạnh, Thành phố Hồ Chí Minh, Việt Nam -> Phường Tây Thạnh, Thành phố Hồ Chí Minh, Việt Nam",5,1.0,True,1.0,0.9895,0.8333,0.0926,81.54,59.28,27.09,49.13,43.62,0,0,1,1,0,ride_component_75,1,0,0.0,0,0,8.57,6.06,43.62,30.8,87.79,74.67,3.33,GHOST_TRIP_EXECUTION_PATTERN,Mau thuc thi ghost trip,"Cap nay co dau hieu thuc thi ghost trip, voi nhieu chuyen nghi ngo gia lap hoac quay dau phi thuc te.",87.79,Mau thuc thi ghost trip,KB-C_HIGH_GHOST_RATE,GHOST_TRIP_EXECUTION_PATTERN,Mau thuc thi ghost trip,"Cap nay co dau hieu thuc thi ghost trip, voi nhieu chuyen nghi ngo gia lap hoac quay dau phi thuc te.",87.79
0f1047106164e3ab,ff1a8f9af1bef878,5,5,11,8,xanh_car,Tỉnh Sóc Trăng,0.45454545454545453,0.625,1.0,xanh_car|Tỉnh Sóc Trăng,4.923800000000028,1.0,0.125,0.2,0.4545,0.125,0.3766,0.7472,6.0,0.3385,True,0.2814,30.71,30.71,51000.0,255000.0,0.0,1,2026-07-28,Tỉnh Sóc Trăng,13.783333333333333,"Phường Phú Lợi, Thành phố Cần Thơ, Việt Nam -> 77 ĐT8, Mỹ Xuyên, Cần Thơ, Việt Nam",3,0.6,True,1.0,0.5584,1.0,0.0,66.75,50.53,29.65,40.79,38.01,0,0,0,0,0,ride_component_76,1,0,0.0,0,0,0.0,0.0,38.01,30.54,69.56,48.98,0.0,GHOST_TRIP_EXECUTION_PATTERN,Mau thuc thi ghost trip,"Cap nay co dau hieu thuc thi ghost trip, voi nhieu chuyen nghi ngo gia lap hoac quay dau phi thuc te.",69.56,Mau thuc thi ghost trip,KB-C_HIGH_GHOST_RATE,GHOST_TRIP_EXECUTION_PATTERN,Mau thuc thi ghost trip,"Cap nay co dau hieu thuc thi ghost trip, voi nhieu chuyen nghi ngo gia lap hoac quay dau phi thuc te.",69.56
b76e7a08981743dd,fa10f614a49362ad,5,5,11,5,mailove_service_name,Tỉnh Nghệ An,0.45454545454545453,1.0,1.0,mailove_service_name|Tỉnh Nghệ An,4.720800000000054,1.0,0.16666666666666666,0.5,0.4545,0.1667,0.3455,0.7472,6.0,0.353,True,0.2581,30.08,30.08,16000.0,80000.0,0.0,1,2026-07-28,Tỉnh Nghệ An,0.38333333333333336,"232 Đường Bình Minh, Phường Cửa Lò, Tỉnh Nghệ An, Việt Nam -> Phường Cửa Lò, Thị xã Cửa Lò, Tỉnh Nghệ An, Việt Nam",4,0.8,True,1.0,0.9311,1.0,0.0,77.93,56.4,21.57,45.6,39.59,0,0,0,0,0,ride_component_77,1,0,0.0,0,0,0.0,0.0,39.59,29.8,84.28,64.28,0.0,GHOST_TRIP_EXECUTION_PATTERN,Mau thuc thi ghost trip,"Cap nay co dau hieu thuc thi ghost trip, voi nhieu chuyen nghi ngo gia lap hoac quay dau phi thuc te.",84.28,Mau thuc thi ghost trip,KB-C_HIGH_GHOST_RATE,GHOST_TRIP_EXECUTION_PATTERN,Mau thuc thi ghost trip,"Cap nay co dau hieu thuc thi ghost trip, voi nhieu chuyen nghi ngo gia lap hoac quay dau phi thuc te.",84.28
384ba4b834f37576,0ce27af60e9822cb,4,2,7,4,xanh_car,Tỉnh Quảng Trị,0.5714285714285714,1.0,0.5,xanh_car|Tỉnh Quảng Trị,4.881399999999985,0.9992,0.2,0.5,0.5714,0.2,0.4643,0.6712,6.0,0.2731,False,0.3116,29.43,29.43,147250.0,589000.0,50000.0,1,2026-07-28,Tỉnh Quảng Trị,25.916666666666668,"1A Đường Hùng Vương, Phường Nam Đông Hà, Tỉnh Quảng Trị, Việt Nam -> Quảng Trị",1,0.25,True,0.5,0.1703,1.0,0.0,30.11,29.8,54.36,23.85,31.48,0,0,0,0,0,ride_component_78,1,0,0.0,0,0,0.0,0.0,31.48,29.54,30.48,17.71,0.0,GHOST_TRIP_EXECUTION_PATTERN,Mau thuc thi ghost trip,"Cap nay co dau hieu thuc thi ghost trip, voi nhieu chuyen nghi ngo gia lap hoac quay dau phi thuc te.",30.48,Mau thuc thi ghost trip,KB-C_HIGH_GHOST_RATE,GHOST_TRIP_EXECUTION_PATTERN,Mau thuc thi ghost trip,"Cap nay co dau hieu thuc thi ghost trip, voi nhieu chuyen nghi ngo gia lap hoac quay dau phi thuc te.",30.48
cf51efc980afa045,e5d5f495330a622c,5,3,12,5,xanh_car,Tỉnh Bến Tre,0.4166666666666667,1.0,0.6,xanh_car|Tỉnh Bến Tre,4.9465999999999894,1.0,0.1111111111111111,0.5,0.4167,0.1111,0.3438,0.7472,6.0,0.3369,True,0.2569,29.29,29.29,28000.0,140000.0,0.0,1,2026-07-28,Tỉnh Bến Tre,0.8666666666666667,Vĩnh Long -> Vĩnh Long,4,0.8,True,0.6,0.9198,1.0,0.0,57.59,44.86,23.73,43.59,38.62,0,0,1,1,1,ride_component_35,2,1,1.0,3,1,59.35,37.11,38.62,29.05,64.83,60.66,47.91,GHOST_TRIP_EXECUTION_PATTERN,Mau thuc thi ghost trip,"Cap nay co dau hieu thuc thi ghost trip, voi nhieu chuyen nghi ngo gia lap hoac quay dau phi thuc te.",64.83,Mau thuc thi ghost trip,KB-C_HIGH_GHOST_RATE,GHOST_TRIP_EXECUTION_PATTERN,Mau thuc thi ghost trip,"Cap nay co dau hieu thuc thi ghost trip, voi nhieu chuyen nghi ngo gia lap hoac quay dau phi thuc te.",64.83
36b20da0bf12140d,7caed88907e680f7,5,4,9,5,xanh_premium,Thành phố Hồ Chí Minh,0.5555555555555556,1.0,0.8,xanh_premium|Thành phố Hồ Chí Minh,8.0,0.9997,0.16666666666666666,0.5,0.5556,0.1667,0.4667,0.7472,6.0,0.2083,False,0.3487,28.55,28.55,113600.0,568000.0,128000.0,1,2026-07-28,Thành phố Hồ Chí Minh,52.43333333333333,"Phường Tân Bình, Thành phố Hồ Chí Minh, Việt Nam -> 65 Đường Lê Lợi, Saigon Centre, Phường Sài Gòn, Thành phố Hồ Chí Minh, Việt Nam",2,0.4,True,0.8,0.12,0.6,0.0833,45.27,37.74,62.4,31.37,39.13,0,1,0,1,0,ride_component_79,1,0,0.0,0,0,8.57,5.02,39.13,28.97,43.83,30.57,2.76,GHOST_TRIP_EXECUTION_PATTERN,Mau thuc thi ghost trip,"Cap nay co dau hieu thuc thi ghost trip, voi nhieu chuyen nghi ngo gia lap hoac quay dau phi thuc te.",43.83,Mau thuc thi ghost trip,KB-C_HIGH_GHOST_RATE,GHOST_TRIP_EXECUTION_PATTERN,Mau thuc thi ghost trip,"Cap nay co dau hieu thuc thi ghost trip, voi nhieu chuyen nghi ngo gia lap hoac quay dau phi thuc te.",43.83
fb0fe62b752f3ad7,a65263bf7eda4b01,5,3,9,5,xanh_premium,Thành phố Hồ Chí Minh,0.5555555555555556,1.0,0.6,xanh_premium|Thành phố Hồ Chí Minh,8.0,0.9997,0.16666666666666666,0.5,0.5556,0.1667,0.4667,0.7472,6.0,0.2083,False,0.3487,28.55,28.55,147600.0,738000.0,124000.0,1,2026-07-28,Thành phố Hồ Chí Minh,8.633333333333333,"15 Đường D3B, KDC Nam Long, P.Phước Long, TP.Hồ Chí Minh, 70000, Vietnam -> Phường Tân Sơn, Thành phố Hồ Chí Minh, VNM",1,0.2,True,0.6,0.5586,0.8,0.0417,47.59,39.02,64.7,37.93,44.62,0,2,1,2,0,ride_component_80,2,1,1.0,2,1,55.01,32.6,44.62,28.97,51.11,27.05,40.43,GHOST_TRIP_EXECUTION_PATTERN,Mau thuc thi ghost trip,"Cap nay co dau hieu thuc thi ghost trip, voi nhieu chuyen nghi ngo gia lap hoac quay dau phi thuc te.",51.11,Mau thuc thi ghost trip,KB-C_HIGH_GHOST_RATE,GHOST_TRIP_EXECUTION_PATTERN,Mau thuc thi ghost trip,"Cap nay co dau hieu thuc thi ghost trip, voi nhieu chuyen nghi ngo gia lap hoac quay dau phi thuc te.",51.11
e9891eba8f1c5b20,1e3ad0f8ddf700e8,9,9,18,9,xanh_limo_6_cho,Tỉnh Bắc Ninh,0.5,1.0,1.0,xanh_limo_6_cho|Tỉnh Bắc Ninh,9.0,1.0,0.3333333333333333,0.5,0.5,0.3333,0.25,0.9603,6.0,0.3333,True,0.2401,28.2,28.2,36333.333333333336,327000.0,0.0,1,2026-07-28,Tỉnh Bắc Ninh,0.7166666666666667,"Phường Vũ Ninh, Bắc Ninh -> Phường Vũ Ninh, Tỉnh Bắc Ninh, Việt Nam",6,0.6666666666666666,True,1.0,0.8833,0.5,0.1666,79.83,56.6,32.64,54.71,49.19,0,0,2,3,2,ride_component_81,2,1,1.0,3,1,64.76,44.57,49.19,27.92,84.56,68.56,52.01,GHOST_TRIP_EXECUTION_PATTERN,Mau thuc thi ghost trip,"Cap nay co dau hieu thuc thi ghost trip, voi nhieu chuyen nghi ngo gia lap hoac quay dau phi thuc te.",84.56,Cap lap lai va phu thuoc bat thuong | Mau thuc thi ghost trip,KB-C_EXTREME_VOLUME | KB-C_HIGH_GHOST_RATE | KB-C_SUPERFAST_GAP,GHOST_TRIP_EXECUTION_PATTERN,Mau thuc thi ghost trip,"Cap nay co dau hieu thuc thi ghost trip, voi nhieu chuyen nghi ngo gia lap hoac quay dau phi thuc te.",84.56
e9891eba8f1c5b20,a3b605e8ec38399f,9,8,18,9,xanh_limo_6_cho,Tỉnh Bắc Ninh,0.5,1.0,0.8888888888888888,xanh_limo_6_cho|Tỉnh Bắc Ninh,9.0,1.0,0.3333333333333333,0.5,0.5,0.3333,0.25,0.9603,6.0,0.3333,True,0.2401,28.2,28.2,36666.666666666664,330000.0,0.0,1,2026-07-28,Tỉnh Bắc Ninh,0.8166666666666667,"Phường Vũ Ninh, Tỉnh Bắc Ninh, Việt Nam -> Phường Vũ Ninh, Tỉnh Bắc Ninh, Việt Nam",3,0.3333333333333333,True,0.8889,0.7809,1.0,0.0,67.87,50.02,32.95,48.72,44.78,0,0,2,2,2,ride_component_81,2,1,1.0,3,1,63.71,41.56,44.78,27.92,73.07,47.07,50.36,GHOST_TRIP_EXECUTION_PATTERN,Mau thuc thi ghost trip,"Cap nay co dau hieu thuc thi ghost trip, voi nhieu chuyen nghi ngo gia lap hoac quay dau phi thuc te.",73.07,Cap lap lai va phu thuoc bat thuong | Mau thuc thi ghost trip,KB-C_EXTREME_VOLUME | KB-C_HIGH_GHOST_RATE | KB-C_SUPERFAST_GAP,GHOST_TRIP_EXECUTION_PATTERN,Mau thuc thi ghost trip,"Cap nay co dau hieu thuc thi ghost trip, voi nhieu chuyen nghi ngo gia lap hoac quay dau phi thuc te.",73.07
af0c9cd021c1ae8c,d85b923e17a1b7fb,4,4,7,4,xanh_car,Tỉnh Quảng Bình,0.5714285714285714,1.0,1.0,xanh_car|Tỉnh Quảng Bình,5.788199999999961,0.9986,0.2,0.5,0.5714,0.2,0.4643,0.6712,6.0,0.2304,False,0.3116,27.51,27.51,47500.0,190000.0,0.0,1,2026-07-28,Tỉnh Quảng Bình,51.03333333333333,"Đồng Hới, Quảng Bình -> Phường Đồng Hới, Tỉnh Quảng Trị, Việt Nam",2,0.5,True,1.0,0.15,0.5,0.1152,56.8,43.62,23.77,35.85,32.83,0,0,0,1,0,ride_component_82,1,0,0.0,0,0,5.4,3.33,32.83,27.75,54.92,29.75,1.83,GHOST_TRIP_EXECUTION_PATTERN,Mau thuc thi ghost trip,"Cap nay co dau hieu thuc thi ghost trip, voi nhieu chuyen nghi ngo gia lap hoac quay dau phi thuc te.",54.92,Mau thuc thi ghost trip,KB-C_HIGH_GHOST_RATE,GHOST_TRIP_EXECUTION_PATTERN,Mau thuc thi ghost trip,"Cap nay co dau hieu thuc thi ghost trip, voi nhieu chuyen nghi ngo gia lap hoac quay dau phi thuc te.",54.92
c4f3a0c8c205abc9,f08703cdc3596b7e,5,3,17,5,taxi_huong_giang_service_name,Tỉnh Bắc Giang,0.29411764705882354,1.0,0.6,taxi_huong_giang_service_name|Tỉnh Bắc Giang,4.553799999999683,1.0,0.07142857142857142,0.5,0.2941,0.0714,0.2398,0.7472,6.0,0.366,True,0.1792,26.33,26.33,44800.0,224000.0,10000.0,1,2026-07-28,Tỉnh Bắc Giang,5.0,"Lô ATM2 Tây Yên Tử, Khu đô thị Phía Nam, Thôn Xuân, Phường Tân Tiến, Tỉnh Bắc Ninh, Việt Nam -> Bắc Ninh",1,0.2,True,0.6,0.6433,1.0,0.0,49.3,38.96,33.43,32.68,32.87,1,1,0,1,0,ride_component_83,1,0,0.0,0,0,10.81,6.38,32.87,25.77,53.91,28.18,3.51,GHOST_TRIP_EXECUTION_PATTERN,Mau thuc thi ghost trip,"Cap nay co dau hieu thuc thi ghost trip, voi nhieu chuyen nghi ngo gia lap hoac quay dau phi thuc te.",53.91,Mau thuc thi ghost trip,KB-C_HIGH_GHOST_RATE,GHOST_TRIP_EXECUTION_PATTERN,Mau thuc thi ghost trip,"Cap nay co dau hieu thuc thi ghost trip, voi nhieu chuyen nghi ngo gia lap hoac quay dau phi thuc te.",53.91
3fef01f339580995,918287a41b752cae,4,2,6,4,xanh_limo_6_cho,Thành phố Đà Nẵng,0.6666666666666666,1.0,0.5,xanh_limo_6_cho|Thành phố Đà Nẵng,10.522200000000339,0.9971,0.25,0.5,0.6667,0.25,0.5556,0.6712,6.0,0.1267,False,0.3729,26.21,26.21,127750.0,511000.0,62000.0,1,2026-07-28,Thành phố Đà Nẵng,52.1,"19 Đường Trường Sa, Phường Ngũ Hành Sơn, Thành Phố Đà Nẵng, Việt Nam -> Đường Trường Sa, Phường Ngũ Hành Sơn, Thành phố Đà Nẵng, Việt Nam",1,0.25,True,0.5,0.075,1.0,0.0,27.25,26.78,52.76,22.0,29.69,0,0,0,1,0,ride_component_84,1,0,0.0,0,0,5.4,2.83,29.69,26.95,26.71,16.12,1.56,GHOST_TRIP_EXECUTION_PATTERN,Mau thuc thi ghost trip,"Cap nay co dau hieu thuc thi ghost trip, voi nhieu chuyen nghi ngo gia lap hoac quay dau phi thuc te.",26.71,Mau thuc thi ghost trip,KB-C_HIGH_GHOST_RATE,GHOST_TRIP_EXECUTION_PATTERN,Mau thuc thi ghost trip,"Cap nay co dau hieu thuc thi ghost trip, voi nhieu chuyen nghi ngo gia lap hoac quay dau phi thuc te.",26.71
b58e2dbe682d2262,98205a1acb3fa35f,4,2,19,4,xanhsm_bike_hn,Thành phố Hà Nội,0.21052631578947367,1.0,0.5,xanhsm_bike_hn|Thành phố Hà Nội,3.0,1.0,0.058823529411764705,0.5,0.2105,0.0588,0.1612,0.6712,6.0,0.4444,True,0.1082,25.95,25.95,25250.0,101000.0,15000.0,1,2026-07-28,Thành phố Hà Nội,29.9,"42 Đường Yên Phụ, Phường Ba Đình, Thành phố Hà Nội, Việt Nam -> 453 Đường Nguyễn Văn Cừ, Phường Bồ Đề, Thành phố Hà Nội",1,0.25,True,0.5,0.0773,1.0,0.0,27.32,26.7,32.21,21.94,24.51,0,1,0,0,0,ride_component_85,1,0,0.0,0,0,5.4,2.82,24.51,24.94,26.8,16.13,1.55,GHOST_TRIP_EXECUTION_PATTERN,Mau thuc thi ghost trip,"Cap nay co dau hieu thuc thi ghost trip, voi nhieu chuyen nghi ngo gia lap hoac quay dau phi thuc te.",26.8,Mau thuc thi ghost trip,KB-C_HIGH_GHOST_RATE,GHOST_TRIP_EXECUTION_PATTERN,Mau thuc thi ghost trip,"Cap nay co dau hieu thuc thi ghost trip, voi nhieu chuyen nghi ngo gia lap hoac quay dau phi thuc te.",26.8
f078f4a33e35c538,6c86705b3a9c0c3d,5,4,10,5,xanh_premium,Tỉnh Khánh Hòa,0.5,1.0,0.8,xanh_premium|Tỉnh Khánh Hòa,5.0,1.0,0.3333333333333333,0.5,0.5,0.3333,0.25,0.7472,6.0,0.3333,True,0.1868,25.27,25.27,42200.0,211000.0,0.0,1,2026-07-28,Tỉnh Khánh Hòa,0.7666666666666667,"Phường Nam Nha Trang, Tỉnh Khánh Hòa, Việt Nam -> 11 Đường Võ Thị Sáu, Phường Nam Nha Trang, Tỉnh Khánh Hòa, Việt Nam",1,0.2,True,0.8,0.7421,0.5,0.1666,65.6,47.45,27.37,46.59,41.78,0,0,1,3,3,ride_component_86,2,1,1.0,3,1,64.76,41.14,41.78,24.83,69.48,31.36,50.13,GHOST_TRIP_EXECUTION_PATTERN,Mau thuc thi ghost trip,"Cap nay co dau hieu thuc thi ghost trip, voi nhieu chuyen nghi ngo gia lap hoac quay dau phi thuc te.",69.48,Mau thuc thi ghost trip,KB-C_HIGH_GHOST_RATE,GHOST_TRIP_EXECUTION_PATTERN,Mau thuc thi ghost trip,"Cap nay co dau hieu thuc thi ghost trip, voi nhieu chuyen nghi ngo gia lap hoac quay dau phi thuc te.",69.48
f078f4a33e35c538,f0b7cdfe08f5de29,5,5,10,6,xanh_premium,Tỉnh Khánh Hòa,0.5,0.8333333333333334,1.0,xanh_premium|Tỉnh Khánh Hòa,5.0,1.0,0.3333333333333333,0.3333333333333333,0.5,0.3333,0.25,0.7472,6.0,0.3333,True,0.1868,25.27,25.27,47600.0,238000.0,0.0,1,2026-07-28,Tỉnh Khánh Hòa,0.6666666666666666,"Phường Nam Nha Trang, Tỉnh Khánh Hòa, Việt Nam -> Đường Võ Thị Sáu, Phường Nam Nha Trang, Tỉnh Khánh Hòa, Việt Nam",2,0.4,True,1.0,0.8044,1.0,0.0,74.13,52.14,28.3,50.76,45.14,0,0,1,3,3,ride_component_86,2,1,1.0,3,1,64.76,42.8,45.14,24.83,79.27,43.23,51.04,GHOST_TRIP_EXECUTION_PATTERN,Mau thuc thi ghost trip,"Cap nay co dau hieu thuc thi ghost trip, voi nhieu chuyen nghi ngo gia lap hoac quay dau phi thuc te.",79.27,Mau thuc thi ghost trip,KB-C_HIGH_GHOST_RATE,GHOST_TRIP_EXECUTION_PATTERN,Mau thuc thi ghost trip,"Cap nay co dau hieu thuc thi ghost trip, voi nhieu chuyen nghi ngo gia lap hoac quay dau phi thuc te.",79.27
bd9d5bd6a837d6e9,3ac1b109549cc988,4,4,22,4,xanhsm_bike_hn,Thành phố Đà Nẵng,0.18181818181818182,1.0,1.0,xanhsm_bike_hn|Thành phố Đà Nẵng,3.0,1.0,0.05,0.5,0.1818,0.05,0.1388,0.6712,6.0,0.4444,True,0.0931,25.12,25.12,12000.0,48000.0,2000.0,1,2026-07-28,Thành phố Đà Nẵng,104.31666666666666,"248/8 Đường Cách Mạng Tháng 8, Phường Cẩm Lệ, Thành phố Đà Nẵng, Việt Nam -> Phường Cẩm Lệ, Thành phố Đà Nẵng, Việt Nam",2,0.5,True,1.0,0.15,1.0,0.0,54.5,41.28,23.05,33.32,30.75,0,0,0,0,0,ride_component_87,1,0,0.0,0,0,0.0,0.0,30.75,24.07,53.43,29.51,0.0,GHOST_TRIP_EXECUTION_PATTERN,Mau thuc thi ghost trip,"Cap nay co dau hieu thuc thi ghost trip, voi nhieu chuyen nghi ngo gia lap hoac quay dau phi thuc te.",53.43,Mau thuc thi ghost trip,KB-C_HIGH_GHOST_RATE,GHOST_TRIP_EXECUTION_PATTERN,Mau thuc thi ghost trip,"Cap nay co dau hieu thuc thi ghost trip, voi nhieu chuyen nghi ngo gia lap hoac quay dau phi thuc te.",53.43
5e1375169a59617b,f41878ec538d58c5,4,4,21,4,xanhsm_bike_hn,Thành phố Hà Nội,0.19047619047619047,1.0,1.0,xanhsm_bike_hn|Thành phố Hà Nội,3.0,1.0,0.07142857142857142,0.5,0.1905,0.0714,0.1282,0.6712,6.0,0.4444,True,0.086,24.73,24.73,15250.0,61000.0,8000.0,1,2026-07-28,Thành phố Hà Nội,1.1,"Phường Xuân Đỉnh, Thành Phố Hà Nội, Việt Nam -> Phường Nghĩa Đô, Thành Phố Hà Nội, Việt Nam",3,0.75,True,1.0,0.8993,0.4,0.2666,82.31,56.4,27.16,53.81,47.15,0,0,1,1,1,ride_component_73,2,1,1.0,3,1,59.35,40.56,47.15,23.65,86.49,48.63,49.81,GHOST_TRIP_EXECUTION_PATTERN,Mau thuc thi ghost trip,"Cap nay co dau hieu thuc thi ghost trip, voi nhieu chuyen nghi ngo gia lap hoac quay dau phi thuc te.",86.49,Mau thuc thi ghost trip,KB-C_HIGH_GHOST_RATE,GHOST_TRIP_EXECUTION_PATTERN,Mau thuc thi ghost trip,"Cap nay co dau hieu thuc thi ghost trip, voi nhieu chuyen nghi ngo gia lap hoac quay dau phi thuc te.",86.49
c6963e8e70b25ecd,92f5b10955f7b62e,4,3,4,7,xanh_car,Tỉnh Quảng Ngãi,1.0,0.5714285714285714,0.75,xanh_car|Tỉnh Quảng Ngãi,6.8121000000001,0.9947,0.5,0.25,0.5714,0.25,0.4286,0.6712,6.0,0.1957,False,0.2877,24.63,24.63,134000.0,536000.0,78000.0,1,2026-07-28,Tỉnh Quảng Ngãi,70.4,"Huyện Bình Sơn, Tỉnh Quảng Ngãi -> 06 Đường Cao Bá Quát, Phường Cẩm Thành, Tỉnh Quảng Ngãi, Việt Nam",1,0.25,True,0.75,0.075,1.0,0.0,39.75,32.95,56.35,26.51,33.97,0,0,0,0,0,ride_component_88,1,0,0.0,0,0,0.0,0.0,33.97,24.91,38.59,17.63,0.0,GHOST_TRIP_EXECUTION_PATTERN,Mau thuc thi ghost trip,"Cap nay co dau hieu thuc thi ghost trip, voi nhieu chuyen nghi ngo gia lap hoac quay dau phi thuc te.",38.59,Mau thuc thi ghost trip,KB-C_HIGH_GHOST_RATE,GHOST_TRIP_EXECUTION_PATTERN,Mau thuc thi ghost trip,"Cap nay co dau hieu thuc thi ghost trip, voi nhieu chuyen nghi ngo gia lap hoac quay dau phi thuc te.",38.59
b9bc6a0e28c86d43,efdcc15b81e20466,5,5,12,5,xanh_car,Tỉnh Thanh Hóa,0.4166666666666667,1.0,1.0,xanh_car|Tỉnh Thanh Hóa,6.698200000000725,0.9997,0.16666666666666666,0.5,0.4167,0.1667,0.3,0.7472,6.0,0.2488,False,0.2242,23.53,23.53,58000.0,290000.0,11000.0,1,2026-07-28,Tỉnh Thanh Hóa,29.183333333333334,"Phường Nghi Sơn, Tỉnh Thanh Hóa, Việt Nam -> Đường Tỉnh 513, Phường Nghi Sơn, Tỉnh Thanh Hóa, Việt Nam",2,0.4,True,1.0,0.1391,0.5,0.1244,56.66,41.75,34.27,41.99,40.06,1,1,1,1,0,ride_component_89,2,1,1.0,4,1,68.59,41.31,40.06,23.46,54.61,31.93,55.22,GHOST_TRIP_EXECUTION_PATTERN,Mau thuc thi ghost trip,"Cap nay co dau hieu thuc thi ghost trip, voi nhieu chuyen nghi ngo gia lap hoac quay dau phi thuc te.",54.61,Mau thuc thi ghost trip,KB-C_HIGH_GHOST_RATE,GHOST_TRIP_EXECUTION_PATTERN,Mau thuc thi ghost trip,"Cap nay co dau hieu thuc thi ghost trip, voi nhieu chuyen nghi ngo gia lap hoac quay dau phi thuc te.",54.61
ccc97fea07ecb8f0,384f5d5d60bfbc7b,4,3,15,4,xanhsm_bike_sg,Thành phố Hồ Chí Minh,0.26666666666666666,1.0,0.75,xanhsm_bike_sg|Thành phố Hồ Chí Minh,3.0,1.0,0.2,0.5,0.2667,0.2,0.0833,0.6712,6.0,0.4444,True,0.0559,23.07,23.07,11750.0,47000.0,5000.0,1,2026-07-28,Thành phố Hồ Chí Minh,41.416666666666664,"Phường An Lạc, Thành phố Hồ Chí Minh, Việt Nam -> Phường An Lạc, Thành phố Hồ Chí Minh, Việt Nam",2,0.5,True,0.75,0.15,0.5,0.2222,46.44,35.93,24.33,30.2,28.73,0,3,0,0,0,ride_component_90,1,0,0.0,0,0,10.81,6.16,28.73,21.91,44.44,27.64,3.39,GHOST_TRIP_EXECUTION_PATTERN,Mau thuc thi ghost trip,"Cap nay co dau hieu thuc thi ghost trip, voi nhieu chuyen nghi ngo gia lap hoac quay dau phi thuc te.",44.44,Mau thuc thi ghost trip,KB-C_HIGH_GHOST_RATE,GHOST_TRIP_EXECUTION_PATTERN,Mau thuc thi ghost trip,"Cap nay co dau hieu thuc thi ghost trip, voi nhieu chuyen nghi ngo gia lap hoac quay dau phi thuc te.",44.44
7af56baa676a889d,4871b876e8786bc8,4,2,9,4,xanh_car,Tỉnh Bà Rịa - Vũng Tàu,0.4444444444444444,1.0,0.5,xanh_car|Tỉnh Bà Rịa - Vũng Tàu,6.0,0.9992,0.14285714285714285,0.5,0.4444,0.1429,0.3519,0.6712,6.0,0.2222,False,0.2362,22.99,22.99,147250.0,589000.0,57000.0,1,2026-07-28,Tỉnh Bà Rịa - Vũng Tàu,47.81666666666667,"190 Đường Bạch Đằng, Phường Bà Rịa, Thành phố Hồ Chí Minh, Việt Nam -> Tân Thành, Bà Rịa - Vũng Tàu",1,0.25,True,0.5,0.075,1.0,0.0,27.25,25.33,54.13,20.86,29.18,0,0,1,0,0,ride_component_91,1,0,0.0,0,0,5.4,2.77,29.18,23.03,26.71,15.8,1.52,GHOST_TRIP_EXECUTION_PATTERN,Mau thuc thi ghost trip,"Cap nay co dau hieu thuc thi ghost trip, voi nhieu chuyen nghi ngo gia lap hoac quay dau phi thuc te.",26.71,Mau thuc thi ghost trip,KB-C_HIGH_GHOST_RATE,GHOST_TRIP_EXECUTION_PATTERN,Mau thuc thi ghost trip,"Cap nay co dau hieu thuc thi ghost trip, voi nhieu chuyen nghi ngo gia lap hoac quay dau phi thuc te.",26.71
9cab892ccb1cd9f6,58efadb936d67148,7,6,19,7,xanh_limo_6_cho,Thành phố Hồ Chí Minh,0.3684210526315789,1.0,0.8571428571428571,xanh_limo_6_cho|Thành phố Hồ Chí Minh,7.0,0.9999,0.25,0.5,0.3684,0.25,0.1579,0.8672,6.0,0.3333,True,0.1369,22.53,22.53,114285.71428571429,800000.0,200000.0,1,2026-07-28,Thành phố Hồ Chí Minh,0.35,"92-94 nam kỳ khởi nghĩa, Phường Sài Gòn, Thành phố Hồ Chí Minh -> Xã Bình Hưng, Thành phố Hồ Chí Minh, Việt Nam",6,0.8571428571428571,True,0.8571,0.949,0.5,0.1666,74.66,51.2,73.13,42.6,50.23,1,1,0,0,0,ride_component_92,1,0,0.0,0,0,8.57,5.59,50.23,21.94,80.37,78.07,3.07,GHOST_TRIP_EXECUTION_PATTERN,Mau thuc thi ghost trip,"Cap nay co dau hieu thuc thi ghost trip, voi nhieu chuyen nghi ngo gia lap hoac quay dau phi thuc te.",80.37,Mau thuc thi ghost trip,KB-C_HIGH_GHOST_RATE | KB-C_SUPERFAST_GAP,GHOST_TRIP_EXECUTION_PATTERN,Mau thuc thi ghost trip,"Cap nay co dau hieu thuc thi ghost trip, voi nhieu chuyen nghi ngo gia lap hoac quay dau phi thuc te.",80.37
915792dabe05cf14,ced637b9ffddbc84,4,2,10,4,xanh_car,Tỉnh Phú Yên,0.4,1.0,0.5,xanh_car|Tỉnh Phú Yên,5.857600000000048,0.9972,0.125,0.5,0.4,0.125,0.3143,0.6712,6.0,0.2276,False,0.2109,21.84,21.84,51250.0,205000.0,12000.0,1,2026-07-28,Tỉnh Phú Yên,40.833333333333336,"Phường Phú Yên, Tỉnh Đắk Lắk, Việt Nam -> Đường Nguyễn Huệ, Phường Tuy Hòa, Tỉnh Đắk Lắk, Việt Nam",1,0.25,True,0.5,0.075,1.0,0.0,27.25,24.82,29.6,24.95,26.11,0,0,1,1,0,ride_component_51,2,1,1.0,2,1,49.61,25.21,26.11,21.79,26.71,15.68,36.37,GHOST_TRIP_EXECUTION_PATTERN,Mau thuc thi ghost trip,"Cap nay co dau hieu thuc thi ghost trip, voi nhieu chuyen nghi ngo gia lap hoac quay dau phi thuc te.",26.71,Mau thuc thi ghost trip,KB-C_HIGH_GHOST_RATE,GHOST_TRIP_EXECUTION_PATTERN,Mau thuc thi ghost trip,"Cap nay co dau hieu thuc thi ghost trip, voi nhieu chuyen nghi ngo gia lap hoac quay dau phi thuc te.",26.71
f6a7fe18364224c4,ec6e435b0213fb13,5,5,13,5,xanh_premium,Tỉnh Quảng Trị,0.38461538461538464,1.0,1.0,xanh_premium|Tỉnh Quảng Trị,6.9471999999999525,0.9962,0.16666666666666666,0.5,0.3846,0.1667,0.2615,0.7472,6.0,0.2399,False,0.1954,21.54,21.54,22000.0,110000.0,0.0,1,2026-07-28,Tỉnh Quảng Trị,0.9333333333333333,"Quốc lộ 9, Xã Khe Sanh, Tỉnh Quảng Trị, Việt Nam -> Xã Khe Sanh, Tỉnh Quảng Trị, Việt Nam",2,0.4,True,1.0,0.7982,1.0,0.0,73.95,50.36,21.17,40.82,35.91,0,0,0,0,0,ride_component_93,1,0,0.0,0,0,0.0,0.0,35.91,21.41,79.03,42.66,0.0,GHOST_TRIP_EXECUTION_PATTERN,Mau thuc thi ghost trip,"Cap nay co dau hieu thuc thi ghost trip, voi nhieu chuyen nghi ngo gia lap hoac quay dau phi thuc te.",79.03,Mau thuc thi ghost trip,KB-C_HIGH_GHOST_RATE,GHOST_TRIP_EXECUTION_PATTERN,Mau thuc thi ghost trip,"Cap nay co dau hieu thuc thi ghost trip, voi nhieu chuyen nghi ngo gia lap hoac quay dau phi thuc te.",79.03
590bdf54de4d3902,711a624edf8af675,4,4,9,4,xanh_car,Tỉnh Quảng Ngãi,0.4444444444444444,1.0,1.0,xanh_car|Tỉnh Quảng Ngãi,6.8121000000001,0.9947,0.16666666666666666,0.5,0.4444,0.1667,0.3333,0.6712,6.0,0.1957,False,0.2237,21.11,21.11,66250.0,265000.0,37000.0,1,2026-07-28,Tỉnh Quảng Ngãi,78.6,"Phường Cẩm Thành, Tỉnh Quảng Ngãi, Việt Nam -> Phường Trương Quang Trọng, Tỉnh Quảng Ngãi, Việt Nam",1,0.25,True,1.0,0.075,0.5,0.0979,54.21,39.31,40.06,38.07,38.57,0,0,2,2,0,ride_component_24,2,1,1.0,2,1,53.59,31.43,38.57,21.19,51.74,18.94,39.79,GHOST_TRIP_EXECUTION_PATTERN,Mau thuc thi ghost trip,"Cap nay co dau hieu thuc thi ghost trip, voi nhieu chuyen nghi ngo gia lap hoac quay dau phi thuc te.",51.74,Mau thuc thi ghost trip,KB-C_HIGH_GHOST_RATE,GHOST_TRIP_EXECUTION_PATTERN,Mau thuc thi ghost trip,"Cap nay co dau hieu thuc thi ghost trip, voi nhieu chuyen nghi ngo gia lap hoac quay dau phi thuc te.",51.74
bdb49be36e2e7844,72ba0deb1a0f1c1d,4,3,11,4,xanh_car,Tỉnh Quảng Bình,0.36363636363636365,1.0,0.75,xanh_car|Tỉnh Quảng Bình,5.788199999999961,0.9986,0.1111111111111111,0.5,0.3636,0.1111,0.2841,0.6712,6.0,0.2304,False,0.1907,20.86,20.86,149000.0,596000.0,15000.0,1,2026-07-28,Tỉnh Quảng Bình,202.98333333333332,"01 Trần Hưng Đạo, Phường Đồng Phú, Thành Phố Đồng Hới, Tỉnh Quảng Bình, Việt Nam -> Quảng Bình, Việt Nam",1,0.25,True,0.75,0.075,1.0,0.0,39.75,31.25,44.65,26.12,30.75,0,1,0,1,0,ride_component_94,1,0,0.0,0,0,8.57,4.65,30.75,20.74,38.59,17.25,2.56,GHOST_TRIP_EXECUTION_PATTERN,Mau thuc thi ghost trip,"Cap nay co dau hieu thuc thi ghost trip, voi nhieu chuyen nghi ngo gia lap hoac quay dau phi thuc te.",38.59,Mau thuc thi ghost trip,KB-C_HIGH_GHOST_RATE,GHOST_TRIP_EXECUTION_PATTERN,Mau thuc thi ghost trip,"Cap nay co dau hieu thuc thi ghost trip, voi nhieu chuyen nghi ngo gia lap hoac quay dau phi thuc te.",38.59
2e2017c070161bf9,0cb819d0a7f48058,7,7,22,7,xanh_limo_6_cho,Thành phố Đà Nẵng,0.3181818181818182,1.0,1.0,xanh_limo_6_cho|Thành phố Đà Nẵng,10.522200000000339,0.9994,0.14285714285714285,0.5,0.3182,0.1429,0.2045,0.8672,6.0,0.2218,False,0.1774,19.74,19.74,36571.42857142857,256000.0,0.0,1,2026-07-28,Thành phố Đà Nẵng,1.15,"Phường An Khê, Thành phố Đà Nẵng, Việt Nam -> P.Hòa Khánh, TP.Đà Nẵng, 50000, Vietnam",3,0.42857142857142855,True,1.0,0.8017,0.6667,0.0739,75.53,50.42,27.62,48.56,43.32,0,0,1,1,1,ride_component_64,2,1,1.0,3,1,59.35,38.32,43.32,19.61,80.13,52.57,48.58,GHOST_TRIP_EXECUTION_PATTERN,Mau thuc thi ghost trip,"Cap nay co dau hieu thuc thi ghost trip, voi nhieu chuyen nghi ngo gia lap hoac quay dau phi thuc te.",80.13,Mau thuc thi ghost trip,KB-C_HIGH_GHOST_RATE | KB-C_SUPERFAST_GAP,GHOST_TRIP_EXECUTION_PATTERN,Mau thuc thi ghost trip,"Cap nay co dau hieu thuc thi ghost trip, voi nhieu chuyen nghi ngo gia lap hoac quay dau phi thuc te.",80.13
320ed8f631b13be4,8d06009465dc96b0,4,4,12,4,xanh_car,Thành phố Hồ Chí Minh,0.3333333333333333,1.0,1.0,xanh_car|Thành phố Hồ Chí Minh,6.0,0.9998,0.1,0.5,0.3333,0.1,0.2593,0.6712,6.0,0.2222,False,0.174,19.57,19.57,28000.0,112000.0,0.0,1,2026-07-28,Thành phố Hồ Chí Minh,0.9333333333333333,"Phường Đông Hưng Thuận, Thành phố Hồ Chí Minh, Việt Nam -> Phường Đông Hưng Thuận, Thành phố Hồ Chí Minh, Việt Nam",2,0.5,True,1.0,0.8282,0.1429,0.1905,78.66,52.07,21.13,42.25,36.97,0,0,0,0,0,ride_component_95,1,0,0.0,0,0,0.0,0.0,36.97,19.42,82.69,38.0,0.0,GHOST_TRIP_EXECUTION_PATTERN,Mau thuc thi ghost trip,"Cap nay co dau hieu thuc thi ghost trip, voi nhieu chuyen nghi ngo gia lap hoac quay dau phi thuc te.",82.69,Mau thuc thi ghost trip,KB-C_HIGH_GHOST_RATE,GHOST_TRIP_EXECUTION_PATTERN,Mau thuc thi ghost trip,"Cap nay co dau hieu thuc thi ghost trip, voi nhieu chuyen nghi ngo gia lap hoac quay dau phi thuc te.",82.69
2deb79b13879849e,0357e5fc8f2ae675,4,2,16,5,xanh_premium,Tỉnh Bà Rịa - Vũng Tàu,0.25,0.8,0.5,xanh_premium|Tỉnh Bà Rịa - Vũng Tàu,4.824499999999944,0.9994,0.07142857142857142,0.3333333333333333,0.25,0.0714,0.1923,0.6712,6.0,0.2764,False,0.1291,19.54,19.54,76750.0,307000.0,44000.0,1,2026-07-28,Tỉnh Bà Rịa - Vũng Tàu,52.666666666666664,"96 Đường Hạ Long, Phường Vũng Tàu, Thành phố Hồ Chí Minh, Việt Nam -> Vũng Tàu, Bà Rịa-Vũng Tàu",1,0.25,True,0.5,0.075,1.0,0.0,27.25,23.78,45.62,19.1,25.73,0,0,0,0,0,ride_component_96,1,0,0.0,0,0,0.0,0.0,25.73,19.1,26.71,15.45,0.0,GHOST_TRIP_EXECUTION_PATTERN,Mau thuc thi ghost trip,"Cap nay co dau hieu thuc thi ghost trip, voi nhieu chuyen nghi ngo gia lap hoac quay dau phi thuc te.",26.71,Mau thuc thi ghost trip,KB-C_HIGH_GHOST_RATE,GHOST_TRIP_EXECUTION_PATTERN,Mau thuc thi ghost trip,"Cap nay co dau hieu thuc thi ghost trip, voi nhieu chuyen nghi ngo gia lap hoac quay dau phi thuc te.",26.71
b9bc6a0e28c86d43,b46a6f5cf46ce873,4,4,12,4,xanh_car,Tỉnh Thanh Hóa,0.3333333333333333,1.0,1.0,xanh_car|Tỉnh Thanh Hóa,6.698200000000725,0.9991,0.16666666666666666,0.5,0.3333,0.1667,0.2,0.6712,6.0,0.1991,False,0.1342,16.34,16.34,133500.0,534000.0,26000.0,1,2026-07-28,Tỉnh Thanh Hóa,11.516666666666667,"Nghi Sơn, Tĩnh Gia, Thanh Hoá -> Đường Tỉnh 513, Phường Nghi Sơn, Tỉnh Thanh Hóa, Việt Nam",1,0.25,True,1.0,0.5063,0.75,0.0498,66.18,43.75,44.56,43.81,44.0,1,1,1,1,0,ride_component_89,2,1,1.0,4,1,68.59,41.55,44.0,16.15,68.14,24.22,55.35,GHOST_TRIP_EXECUTION_PATTERN,Mau thuc thi ghost trip,"Cap nay co dau hieu thuc thi ghost trip, voi nhieu chuyen nghi ngo gia lap hoac quay dau phi thuc te.",68.14,Mau thuc thi ghost trip,KB-C_HIGH_GHOST_RATE,GHOST_TRIP_EXECUTION_PATTERN,Mau thuc thi ghost trip,"Cap nay co dau hieu thuc thi ghost trip, voi nhieu chuyen nghi ngo gia lap hoac quay dau phi thuc te.",68.14
f94e52b0bfd5a39f,239a6b4107fca2d6,4,4,13,4,xanh_car,Thành phố Hồ Chí Minh,0.3076923076923077,1.0,1.0,xanh_car|Thành phố Hồ Chí Minh,6.0,0.9998,0.25,0.5,0.3077,0.25,0.0769,0.6712,6.0,0.2222,False,0.0516,12.84,12.84,52500.0,210000.0,24000.0,1,2026-07-28,Thành phố Hồ Chí Minh,10.316666666666666,"Phường Thới An, Thành phố Hồ Chí Minh, Việt Nam -> 1 Lê Thị Riêng, Phường Thới An, Thành phố Hồ Chí Minh",1,0.25,True,1.0,0.5343,0.4286,0.127,68.57,43.49,34.4,36.0,35.6,0,1,0,0,0,ride_component_97,1,0,0.0,0,0,5.4,3.24,35.6,12.33,70.26,24.24,1.78,GHOST_TRIP_EXECUTION_PATTERN,Mau thuc thi ghost trip,"Cap nay co dau hieu thuc thi ghost trip, voi nhieu chuyen nghi ngo gia lap hoac quay dau phi thuc te.",70.26,Mau thuc thi ghost trip,KB-C_HIGH_GHOST_RATE,GHOST_TRIP_EXECUTION_PATTERN,Mau thuc thi ghost trip,"Cap nay co dau hieu thuc thi ghost trip, voi nhieu chuyen nghi ngo gia lap hoac quay dau phi thuc te.",70.26
38b1d1ce9081e11f,e2ce0537b92e4bed,4,3,7,19,xanh_car,Tỉnh Bình Dương,0.5714285714285714,0.21052631578947367,0.75,xanh_car|Tỉnh Bình Dương,7.0,0.9986,0.2,0.16666666666666666,0.2105,0.1667,0.0526,0.6712,6.0,0.1905,False,0.0353,10.51,10.51,231750.0,927000.0,218000.0,1,2026-07-28,Thành phố Hồ Chí Minh,45.4,"30 Đường Bình Chuẩn 27, Phường An Phú, Thành Phố Hồ Chí Minh, Việt Nam -> Phường Tân Sơn, Thành phố Hồ Chí Minh, VNM",1,0.25,True,0.75,0.075,1.0,0.0,39.75,26.59,74.25,26.99,38.8,0,2,1,1,0,ride_component_80,2,1,1.0,2,1,53.59,27.12,38.8,10.05,38.59,16.22,37.42,GHOST_TRIP_EXECUTION_PATTERN,Mau thuc thi ghost trip,"Cap nay co dau hieu thuc thi ghost trip, voi nhieu chuyen nghi ngo gia lap hoac quay dau phi thuc te.",38.59,Mau thuc thi ghost trip,KB-C_HIGH_GHOST_RATE,GHOST_TRIP_EXECUTION_PATTERN,Mau thuc thi ghost trip,"Cap nay co dau hieu thuc thi ghost trip, voi nhieu chuyen nghi ngo gia lap hoac quay dau phi thuc te.",38.59
5828b7e28d77245d,fad2dbe4e38702c5,11,11,11,11,xanh_car,Thành phố Hà Nội,1.0,1.0,1.0,xanh_car|Thành phố Hà Nội,5.0,1.0,0.5,0.5,1.0,0.5,1.0,1.0,6.0,0.7333,True,1.0,88.0,88.0,63818.181818181816,702000.0,0.0,1,2026-07-29,Thành phố Hà Nội,0.4166666666666667,Thành phố Hà Nội -> Thành phố Hà Nội,6,0.5454545454545454,True,1.0,0.8539,0.3333,0.4889,85.39,86.57,47.17,80.08,71.85,0,0,1,1,1,ride_component_1,2,1,1.0,3,1,59.35,54.26,71.85,88.8,87.58,70.28,57.34,REPEATED_LOCKED_PAIR,Cap lap lai va phu thuoc bat thuong,Tai xe va khach hang di voi nhau nhieu lan va co muc do phu thuoc bat thuong so voi hanh vi thong thuong.,88.8,Cap lap lai va phu thuoc bat thuong | Mau thuc thi ghost trip,KB-C_EXTREME_VOLUME | KB-C_TIGHT_PAIR_SHARE | KB-C_HIGH_GHOST_RATE | KB-C_SUPERFAST_GAP,REPEATED_LOCKED_PAIR,Cap lap lai va phu thuoc bat thuong,Tai xe va khach hang di voi nhau nhieu lan va co muc do phu thuoc bat thuong so voi hanh vi thong thuong.,88.8
031d6b289f9fd963,2c7192581a1b6e85,12,12,18,13,xanhsm_bike_hn,Thành phố Hà Nội,0.6666666666666666,0.9230769230769231,1.0,xanhsm_bike_hn|Thành phố Hà Nội,3.0,1.0,0.125,0.3333333333333333,0.6667,0.125,0.619,1.0,6.0,1.0,True,0.619,79.05,79.05,15000.0,180000.0,36000.0,1,2026-07-29,Thành phố Hà Nội,0.6333333333333333,"1 Ngõ 229 Thôn Vĩnh Thanh, Tuyến 3, Thôn Vĩnh Thanh, Xã Vĩnh Thanh, Thành Phố Hà Nội, Việt Nam -> Xã Vĩnh Thanh, Thành Phố Hà Nội, Việt Nam",3,0.25,True,1.0,0.7602,0.75,0.25,77.81,78.37,50.08,63.61,60.23,0,0,0,1,0,ride_component_2,1,0,0.0,0,0,5.4,4.64,60.23,77.9,80.78,50.81,2.55,GHOST_TRIP_EXECUTION_PATTERN,Mau thuc thi ghost trip,"Cap nay co dau hieu thuc thi ghost trip, voi nhieu chuyen nghi ngo gia lap hoac quay dau phi thuc te.",80.78,Cap lap lai va phu thuoc bat thuong | Mau thuc thi ghost trip,KB-C_EXTREME_VOLUME | KB-C_TIGHT_PAIR_SHARE | KB-C_HIGH_GHOST_RATE | KB-C_SUPERFAST_GAP,GHOST_TRIP_EXECUTION_PATTERN,Mau thuc thi ghost trip,"Cap nay co dau hieu thuc thi ghost trip, voi nhieu chuyen nghi ngo gia lap hoac quay dau phi thuc te.",80.78
39c3d1b7ec0213f5,500cc52ce1c8bed5,11,0,12,11,xanh_premium,Thành phố Hồ Chí Minh,0.9166666666666666,1.0,0.0,xanh_premium|Thành phố Hồ Chí Minh,6.0,1.0,0.3333333333333333,0.5,0.9167,0.3333,0.875,1.0,6.0,0.6111,True,0.875,75.62,75.62,69818.18181818182,768000.0,116000.0,1,2026-07-29,Thành phố Hồ Chí Minh,6.0,"Phường An Lạc, Thành phố Hồ Chí Minh, Việt Nam -> Nguyễn Hới, Phường An Lạc, Thành phố Hồ Chí Minh",2,0.18181818181818182,False,0.0,0.6145,0.5,0.3056,24.55,47.53,74.15,38.69,47.56,0,0,1,1,0,ride_component_3,1,0,0.0,0,0,8.57,5.9,47.56,76.41,28.25,33.63,3.25,REPEATED_LOCKED_PAIR,Cap lap lai va phu thuoc bat thuong,Tai xe va khach hang di voi nhau nhieu lan va co muc do phu thuoc bat thuong so voi hanh vi thong thuong.,76.41,Cap lap lai va phu thuoc bat thuong,KB-C_EXTREME_VOLUME | KB-C_TIGHT_PAIR_SHARE,REPEATED_LOCKED_PAIR,Cap lap lai va phu thuoc bat thuong,Tai xe va khach hang di voi nhau nhieu lan va co muc do phu thuoc bat thuong so voi hanh vi thong thuong.,76.41
2c53eabfab91812d,125568dc94ce0dd2,9,1,10,9,xanh_car,Tỉnh Bắc Ninh,0.9,1.0,0.1111111111111111,xanh_car|Tỉnh Bắc Ninh,4.528999999996813,1.0,0.3333333333333333,0.5,0.9,0.3333,0.85,0.9603,6.0,0.6624,True,0.8162,74.7,74.7,121222.22222222222,1091000.0,51000.0,1,2026-07-29,Tỉnh Bắc Ninh,24.45,"Phường Bắc Giang, Tỉnh Bắc Ninh, Việt Nam -> Phường Kinh Bắc, Tỉnh Bắc Ninh, Việt Nam",1,0.1111111111111111,False,0.1111,0.1628,1.0,0.0,10.44,39.36,71.25,31.94,41.77,1,1,0,0,0,ride_component_4,1,0,0.0,0,0,8.57,5.51,41.77,75.16,11.71,21.68,3.03,REPEATED_LOCKED_PAIR,Cap lap lai va phu thuoc bat thuong,Tai xe va khach hang di voi nhau nhieu lan va co muc do phu thuoc bat thuong so voi hanh vi thong thuong.,75.16,Cap lap lai va phu thuoc bat thuong,KB-C_EXTREME_VOLUME | KB-C_TIGHT_PAIR_SHARE,REPEATED_LOCKED_PAIR,Cap lap lai va phu thuoc bat thuong,Tai xe va khach hang di voi nhau nhieu lan va co muc do phu thuoc bat thuong so voi hanh vi thong thuong.,75.16
7c0b132411b37fa6,190ac40c60535ce9,9,2,9,9,xanh_car,Tỉnh Thanh Hóa,1.0,1.0,0.2222222222222222,xanh_car|Tỉnh Thanh Hóa,6.350399999999354,1.0,0.5,0.5,1.0,0.5,1.0,0.9603,6.0,0.4724,True,0.9603,74.07,74.07,19333.333333333332,174000.0,7000.0,1,2026-07-29,Tỉnh Thanh Hóa,0.6833333333333333,"Phường Nghi Sơn, Thanh Hóa -> Phường Nghi Sơn, Thanh Hóa",4,0.4444444444444444,True,0.2222,0.8174,1.0,0.0,35.63,52.93,30.26,42.73,39.61,0,1,0,0,0,ride_component_5,1,0,0.0,0,0,5.4,3.87,39.61,75.54,42.84,54.13,2.13,REPEATED_LOCKED_PAIR,Cap lap lai va phu thuoc bat thuong,Tai xe va khach hang di voi nhau nhieu lan va co muc do phu thuoc bat thuong so voi hanh vi thong thuong.,75.54,Cap lap lai va phu thuoc bat thuong | Mau thuc thi ghost trip,KB-C_EXTREME_VOLUME | KB-C_TIGHT_PAIR_SHARE | KB-C_SUPERFAST_GAP,REPEATED_LOCKED_PAIR,Cap lap lai va phu thuoc bat thuong,Tai xe va khach hang di voi nhau nhieu lan va co muc do phu thuoc bat thuong so voi hanh vi thong thuong.,75.54
34febd1428bc2d2c,5ea976d9f2fca004,10,1,12,12,xanh_car,Thành phố Hà Nội,0.8333333333333334,0.8333333333333334,0.1,xanh_car|Thành phố Hà Nội,5.0,1.0,0.25,0.25,0.8333,0.25,0.7778,1.0,6.0,0.6667,True,0.7778,72.78,72.78,156000.0,1560000.0,73000.0,1,2026-07-29,Thành phố Hà Nội,13.633333333333333,"19 Ngõ 68 Quan Nhân, Phường Thanh Xuân, Thành Phố Hà Nội, Việt Nam -> Xã Tây Phương, Thành phố Hà Nội, Việt Nam",1,0.1,False,0.1,0.4119,0.5833,0.2778,22.91,45.35,78.03,37.47,47.61,1,1,1,1,0,ride_component_6,1,0,0.0,0,0,12.55,8.45,47.61,73.11,24.63,25.66,4.65,REPEATED_LOCKED_PAIR,Cap lap lai va phu thuoc bat thuong,Tai xe va khach hang di voi nhau nhieu lan va co muc do phu thuoc bat thuong so voi hanh vi thong thuong.,73.11,Cap lap lai va phu thuoc bat thuong,KB-C_EXTREME_VOLUME | KB-C_TIGHT_PAIR_SHARE,REPEATED_LOCKED_PAIR,Cap lap lai va phu thuoc bat thuong,Tai xe va khach hang di voi nhau nhieu lan va co muc do phu thuoc bat thuong so voi hanh vi thong thuong.,73.11
e0b74e9fda5b1515,965fd6007ee10078,9,9,9,10,xanh_car,Thành phố Hồ Chí Minh,1.0,0.9,1.0,xanh_car|Thành phố Hồ Chí Minh,5.0,1.0,0.5,0.3333333333333333,0.9,0.3333,0.85,0.9603,6.0,0.6,True,0.8162,71.89,71.89,121000.0,1089000.0,270000.0,1,2026-07-29,Thành phố Hồ Chí Minh,0.35,"Phường Bình Hưng Hòa, Thành Phố Hồ Chí Minh, Việt Nam -> 65 Lê Lợi, Phường Sài Gòn, Thành phố Hồ Chí Minh",5,0.5555555555555556,True,1.0,0.8585,1.0,0.0,75.76,74.02,86.35,60.67,67.09,0,1,0,1,0,ride_component_7,1,0,0.0,0,0,8.57,7.1,67.09,72.54,81.41,68.51,3.9,GHOST_TRIP_EXECUTION_PATTERN,Mau thuc thi ghost trip,"Cap nay co dau hieu thuc thi ghost trip, voi nhieu chuyen nghi ngo gia lap hoac quay dau phi thuc te.",81.41,Cap lap lai va phu thuoc bat thuong | Mau thuc thi ghost trip,KB-C_EXTREME_VOLUME | KB-C_TIGHT_PAIR_SHARE | KB-C_HIGH_GHOST_RATE | KB-C_SUPERFAST_GAP,GHOST_TRIP_EXECUTION_PATTERN,Mau thuc thi ghost trip,"Cap nay co dau hieu thuc thi ghost trip, voi nhieu chuyen nghi ngo gia lap hoac quay dau phi thuc te.",81.41
ff6991f732e05132,3c65ed70e9e2ce05,12,0,12,12,xanh_premium_just_taxi,Tỉnh Ninh Bình,1.0,1.0,0.0,xanh_premium_just_taxi|Tỉnh Ninh Bình,11.96299999999998,1.0,0.5,0.5,1.0,0.5,1.0,1.0,6.0,0.3344,True,1.0,70.05,70.05,218575.0,2622900.0,0.0,1,2026-07-29,Tỉnh Bắc Giang,8.883333333333333,"Xã Yên Khánh, Tỉnh Ninh Bình, Việt Nam -> location_address_display (0.000000, 0.000000)",7,0.5833333333333334,False,0.0,0.6677,1.0,0.0,20.03,42.54,53.46,34.24,39.04,0,0,0,1,0,ride_component_8,1,0,0.0,0,0,5.4,3.54,39.04,72.05,26.37,55.94,1.95,REPEATED_LOCKED_PAIR,Cap lap lai va phu thuoc bat thuong,Tai xe va khach hang di voi nhau nhieu lan va co muc do phu thuoc bat thuong so voi hanh vi thong thuong.,72.05,Cap lap lai va phu thuoc bat thuong,KB-C_EXTREME_VOLUME | KB-C_TIGHT_PAIR_SHARE,REPEATED_LOCKED_PAIR,Cap lap lai va phu thuoc bat thuong,Tai xe va khach hang di voi nhau nhieu lan va co muc do phu thuoc bat thuong so voi hanh vi thong thuong.,72.05
233ee0c48d4846e1,0ecf0f70cda3f5a7,7,2,7,7,xanh_car,Thành phố Hà Nội,1.0,1.0,0.2857142857142857,xanh_car|Thành phố Hà Nội,5.0,1.0,0.5,0.5,1.0,0.5,1.0,0.8672,6.0,0.4667,True,0.8672,68.7,68.7,171714.2857142857,1202000.0,79000.0,1,2026-07-29,Thành phố Hà Nội,0.85,"Hoa Son, Xã Lương Sơn, Tỉnh Phú Thọ, Việt Nam -> Thành phố Hà Nội, Tay Phuong Commune",1,0.14285714285714285,True,0.2857,0.723,0.6667,0.1556,39.09,52.41,73.37,43.17,50.72,0,1,1,1,0,ride_component_9,1,0,0.0,0,0,10.81,7.65,50.72,69.9,44.15,35.48,4.21,GHOST_TRIP_EXECUTION_PATTERN,Mau thuc thi ghost trip,"Cap nay co dau hieu thuc thi ghost trip, voi nhieu chuyen nghi ngo gia lap hoac quay dau phi thuc te.",44.15,Mau thuc thi ghost trip,KB-C_SUPERFAST_GAP,GHOST_TRIP_EXECUTION_PATTERN,Mau thuc thi ghost trip,"Cap nay co dau hieu thuc thi ghost trip, voi nhieu chuyen nghi ngo gia lap hoac quay dau phi thuc te.",44.15
837d494a8cc048a9,df03895f23241ab8,9,2,9,9,xanh_premium,Tỉnh Kon Tum,1.0,1.0,0.2222222222222222,xanh_premium|Tỉnh Kon Tum,8.890799999999956,1.0,0.5,0.5,1.0,0.5,1.0,0.9603,6.0,0.3374,True,0.9603,68.0,68.0,24333.333333333332,219000.0,0.0,1,2026-07-29,Tỉnh Kon Tum,1.65,"Thành phố Kon Tum, Tỉnh Kon Tum -> Quảng Ngãi",2,0.2222222222222222,True,0.2222,0.7282,1.0,0.0,32.96,48.73,27.13,39.37,36.31,0,0,0,1,0,ride_component_10,1,0,0.0,0,0,5.4,3.71,36.31,69.87,39.32,39.21,2.04,REPEATED_LOCKED_PAIR,Cap lap lai va phu thuoc bat thuong,Tai xe va khach hang di voi nhau nhieu lan va co muc do phu thuoc bat thuong so voi hanh vi thong thuong.,69.87,Cap lap lai va phu thuoc bat thuong | Mau thuc thi ghost trip,KB-C_EXTREME_VOLUME | KB-C_TIGHT_PAIR_SHARE | KB-C_SUPERFAST_GAP,REPEATED_LOCKED_PAIR,Cap lap lai va phu thuoc bat thuong,Tai xe va khach hang di voi nhau nhieu lan va co muc do phu thuoc bat thuong so voi hanh vi thong thuong.,69.87
d91c8fa8d753f707,fcdf8c9a697e4473,5,0,5,5,xanhsm_bike_hn,Thành phố Đà Nẵng,1.0,1.0,0.0,xanhsm_bike_hn|Thành phố Đà Nẵng,2.801899999998568,1.0,0.5,0.5,1.0,0.5,1.0,0.7472,6.0,0.5948,True,0.7472,67.86,67.86,43400.0,217000.0,20000.0,1,2026-07-29,Thành phố Đà Nẵng,15.783333333333333,"120 Đường Hoàng Minh Thảo, Phường Hòa Khánh, Thành phố Đà Nẵng, Việt Nam -> Phường Cẩm Lệ, Thành phố Đà Nẵng, Việt Nam",1,0.2,False,0.0,0.3917,1.0,0.0,11.75,37.0,39.63,35.71,36.69,0,0,1,3,0,ride_component_11,3,2,0.6667,2,1,53.59,33.37,36.69,68.32,15.47,24.18,37.52,REPEATED_LOCKED_PAIR,Cap lap lai va phu thuoc bat thuong,Tai xe va khach hang di voi nhau nhieu lan va co muc do phu thuoc bat thuong so voi hanh vi thong thuong.,68.32,,,,,,
9292c8471f83af23,153a8598743856cd,19,0,21,19,xanhsm_bike_hn,Thành phố Cần Thơ,0.9047619047619048,1.0,0.0,xanhsm_bike_hn|Thành phố Cần Thơ,13.905299999998988,1.0,0.3333333333333333,0.5,0.9048,0.3333,0.8571,1.0,6.0,0.4555,True,0.8571,67.64,67.64,14368.421052631578,273000.0,42000.0,1,2026-07-29,Thành phố Cần Thơ,3.683333333333333,"13 Đường Đinh Tiên Hoàng, Phường Thái Bình, Phường Ninh Kiều, Thành phố Cần Thơ, Việt Nam -> 136 Đường Phạm Ngũ Lão, Phường Cái Khế, Thành phố Cần Thơ, Việt Nam",1,0.05263157894736842,False,0.0,0.6298,1.0,0.0,18.9,40.83,45.15,39.08,40.6,0,0,3,1,0,ride_component_12,2,1,1.0,2,1,53.59,34.48,40.6,68.84,24.88,25.64,41.46,REPEATED_LOCKED_PAIR,Cap lap lai va phu thuoc bat thuong,Tai xe va khach hang di voi nhau nhieu lan va co muc do phu thuoc bat thuong so voi hanh vi thong thuong.,68.84,Cap lap lai va phu thuoc bat thuong,KB-C_EXTREME_VOLUME | KB-C_TIGHT_PAIR_SHARE,REPEATED_LOCKED_PAIR,Cap lap lai va phu thuoc bat thuong,Tai xe va khach hang di voi nhau nhieu lan va co muc do phu thuoc bat thuong so voi hanh vi thong thuong.,68.84
0c4547ef96051cad,cb3a42f41d8ed1bc,8,0,8,8,xanh_premium,Tỉnh Bình Dương,1.0,1.0,0.0,xanh_premium|Tỉnh Bình Dương,6.992400000000998,1.0,0.5,0.5,1.0,0.5,1.0,0.9163,6.0,0.3814,True,0.9163,67.56,67.56,125500.0,1004000.0,227000.0,1,2026-07-29,Tỉnh Bình Dương,11.316666666666666,"169A An Sơn 2, Phường Thuận An, Thành phố Hồ Chí Minh, Việt Nam -> Trường Sơn, Phường Tân Sơn Hòa, Thành phố Hồ Chí Minh, Việt Nam",1,0.125,False,0.0,0.4734,1.0,0.0,14.2,38.21,78.97,30.72,42.78,0,1,0,0,0,ride_component_13,1,0,0.0,0,0,5.4,3.4,42.78,69.16,18.7,26.48,1.87,REPEATED_LOCKED_PAIR,Cap lap lai va phu thuoc bat thuong,Tai xe va khach hang di voi nhau nhieu lan va co muc do phu thuoc bat thuong so voi hanh vi thong thuong.,69.16,Cap lap lai va phu thuoc bat thuong,KB-C_EXTREME_VOLUME | KB-C_TIGHT_PAIR_SHARE,REPEATED_LOCKED_PAIR,Cap lap lai va phu thuoc bat thuong,Tai xe va khach hang di voi nhau nhieu lan va co muc do phu thuoc bat thuong so voi hanh vi thong thuong.,69.16
01e148ef553c737f,99d38cf092913061,10,0,14,10,xanh_car,Thành phố Hà Nội,0.7142857142857143,1.0,0.0,xanh_car|Thành phố Hà Nội,5.0,1.0,0.16666666666666666,0.5,0.7143,0.1667,0.6571,1.0,6.0,0.6667,True,0.6571,66.14,66.14,31100.0,311000.0,31000.0,1,2026-07-29,Thành phố Hà Nội,3.283333333333333,"3 Đường Thụy Lâm, Xã Thư Lâm, Thành phố Hà Nội, Việt Nam -> Xã Thư Lâm, Thành phố Hà Nội, Việt Nam",2,0.2,False,0.0,0.6834,0.0833,0.6111,32.72,47.76,47.68,37.87,40.32,0,0,0,0,0,ride_component_14,1,0,0.0,0,0,0.0,0.0,40.32,66.11,34.94,34.59,0.0,REPEATED_LOCKED_PAIR,Cap lap lai va phu thuoc bat thuong,Tai xe va khach hang di voi nhau nhieu lan va co muc do phu thuoc bat thuong so voi hanh vi thong thuong.,66.11,Cap lap lai va phu thuoc bat thuong,KB-C_EXTREME_VOLUME | KB-C_TIGHT_PAIR_SHARE,REPEATED_LOCKED_PAIR,Cap lap lai va phu thuoc bat thuong,Tai xe va khach hang di voi nhau nhieu lan va co muc do phu thuoc bat thuong so voi hanh vi thong thuong.,66.11
8f3fdcaba9cd227e,fc93cbfb75bd312b,8,0,8,8,xanh_car_meter,Tỉnh Quảng Bình,1.0,1.0,0.0,xanh_car_meter|Tỉnh Quảng Bình,7.967100000000002,1.0,0.5,0.5,1.0,0.5,1.0,0.9163,6.0,0.3347,True,0.9163,65.46,65.46,105125.0,841000.0,0.0,1,2026-07-29,Tỉnh Quảng Bình,8.116666666666667,"Bưu Điện Huyện Lệ Thủy Tỉnh Lộ 565, Tt.Kiến Giang, H.Lệ Thủy, Quảng Bình, 47000, Vietnam -> location_address_display (0.000000, 0.000000)",1,0.125,False,0.0,0.5481,1.0,0.0,16.44,38.5,43.23,31.39,34.35,0,0,0,2,0,ride_component_15,1,0,0.0,0,0,8.57,5.39,34.35,67.2,21.65,27.66,2.96,REPEATED_LOCKED_PAIR,Cap lap lai va phu thuoc bat thuong,Tai xe va khach hang di voi nhau nhieu lan va co muc do phu thuoc bat thuong so voi hanh vi thong thuong.,67.2,Cap lap lai va phu thuoc bat thuong,KB-C_EXTREME_VOLUME | KB-C_TIGHT_PAIR_SHARE,REPEATED_LOCKED_PAIR,Cap lap lai va phu thuoc bat thuong,Tai xe va khach hang di voi nhau nhieu lan va co muc do phu thuoc bat thuong so voi hanh vi thong thuong.,67.2
6db042c5dd3c1ac2,cd4eb772a03a76c9,13,0,14,13,xanh_premium,Tỉnh Quảng Ngãi,0.9285714285714286,1.0,0.0,xanh_premium|Tỉnh Quảng Ngãi,12.721499999999992,1.0,0.3333333333333333,0.5,0.9286,0.3333,0.8929,1.0,6.0,0.3406,True,0.8929,64.44,64.44,22846.153846153848,297000.0,0.0,1,2026-07-29,Tỉnh Quảng Ngãi,1.4833333333333334,"Xã Đông Sơn, Tỉnh Quảng Ngãi, Việt Nam -> Xã Đông Sơn, Tỉnh Quảng Ngãi, Việt Nam",3,0.23076923076923078,False,0.0,0.7346,1.0,0.0,22.04,41.12,29.89,32.47,31.82,0,0,0,0,0,ride_component_16,1,0,0.0,0,0,0.0,0.0,31.82,66.1,29.02,37.05,0.0,REPEATED_LOCKED_PAIR,Cap lap lai va phu thuoc bat thuong,Tai xe va khach hang di voi nhau nhieu lan va co muc do phu thuoc bat thuong so voi hanh vi thong thuong.,66.1,Cap lap lai va phu thuoc bat thuong,KB-C_EXTREME_VOLUME | KB-C_TIGHT_PAIR_SHARE,REPEATED_LOCKED_PAIR,Cap lap lai va phu thuoc bat thuong,Tai xe va khach hang di voi nhau nhieu lan va co muc do phu thuoc bat thuong so voi hanh vi thong thuong.,66.1
111584d348f70b95,de355ad6baf1aa51,10,0,11,11,xanh_car,Tỉnh Quảng Ngãi,0.9090909090909091,0.9090909090909091,0.0,xanh_car|Tỉnh Quảng Ngãi,9.139999999999418,1.0,0.3333333333333333,0.3333333333333333,0.9091,0.3333,0.8636,1.0,6.0,0.3647,True,0.8636,63.91,63.91,87100.0,871000.0,111000.0,1,2026-07-29,Tỉnh Quảng Ngãi,19.25,"Thôn An Hà 1, Xã Tư Nghĩa, Tỉnh Quảng Ngãi, Việt Nam -> Xã Tư Nghĩa, Tỉnh Quảng Ngãi, Việt Nam",2,0.2,False,0.0,0.3108,0.5,0.1824,12.97,35.89,70.95,29.92,40.18,1,1,2,1,0,ride_component_17,1,0,0.0,0,0,13.97,8.56,40.18,65.41,14.65,26.8,4.71,REPEATED_LOCKED_PAIR,Cap lap lai va phu thuoc bat thuong,Tai xe va khach hang di voi nhau nhieu lan va co muc do phu thuoc bat thuong so voi hanh vi thong thuong.,65.41,Cap lap lai va phu thuoc bat thuong,KB-C_EXTREME_VOLUME | KB-C_TIGHT_PAIR_SHARE,REPEATED_LOCKED_PAIR,Cap lap lai va phu thuoc bat thuong,Tai xe va khach hang di voi nhau nhieu lan va co muc do phu thuoc bat thuong so voi hanh vi thong thuong.,65.41
d73584683097cb0f,e2d1ec8c0b19fa79,9,0,12,9,xanh_car,Thành phố Hồ Chí Minh,0.75,1.0,0.0,xanh_car|Thành phố Hồ Chí Minh,5.0,1.0,0.2,0.5,0.75,0.2,0.6875,0.9603,6.0,0.6,True,0.6602,63.31,63.31,48333.333333333336,435000.0,0.0,1,2026-07-29,Thành phố Hồ Chí Minh,2.683333333333333,"Phường Tân Tạo, Thành Phố Hồ Chí Minh, Việt Nam -> Xã Tân Nhựt, Thành Phố Hồ Chí Minh, Việt Nam",2,0.2222222222222222,False,0.0,0.7041,0.5,0.3,27.12,43.41,38.31,35.48,36.19,0,0,2,0,0,ride_component_18,1,0,0.0,0,0,8.57,5.6,36.19,63.49,31.71,35.8,3.08,REPEATED_LOCKED_PAIR,Cap lap lai va phu thuoc bat thuong,Tai xe va khach hang di voi nhau nhieu lan va co muc do phu thuoc bat thuong so voi hanh vi thong thuong.,63.49,Cap lap lai va phu thuoc bat thuong,KB-C_EXTREME_VOLUME | KB-C_TIGHT_PAIR_SHARE,REPEATED_LOCKED_PAIR,Cap lap lai va phu thuoc bat thuong,Tai xe va khach hang di voi nhau nhieu lan va co muc do phu thuoc bat thuong so voi hanh vi thong thuong.,63.49
c8829c1ad55e7f1c,41d3cd0ae4e12f2e,10,0,11,10,xanh_car_just_taxi,Tỉnh Hòa Bình,0.9090909090909091,1.0,0.0,xanh_car_just_taxi|Tỉnh Hòa Bình,9.531400000000303,1.0,0.3333333333333333,0.5,0.9091,0.3333,0.8636,1.0,6.0,0.3497,True,0.8636,63.23,63.23,65900.0,659000.0,0.0,1,2026-07-29,Tỉnh Hòa Bình,11.85,"Khách sạn Công Đoàn Kim Bôi, MGW5+87M, Xã Kim Bôi, Tỉnh Phú Thọ, Việt Nam ->  Đường Tỉnh 12B, Thị trấn Bo, Huyện Kim Bôi, Tỉnh Hòa Bình, Việt Nam",3,0.3,False,0.0,0.5135,1.0,0.0,15.4,36.93,38.42,30.12,32.2,0,0,0,2,0,ride_component_19,1,0,0.0,0,0,8.57,5.29,32.2,64.77,20.28,36.25,2.91,REPEATED_LOCKED_PAIR,Cap lap lai va phu thuoc bat thuong,Tai xe va khach hang di voi nhau nhieu lan va co muc do phu thuoc bat thuong so voi hanh vi thong thuong.,64.77,Cap lap lai va phu thuoc bat thuong,KB-C_EXTREME_VOLUME | KB-C_TIGHT_PAIR_SHARE,REPEATED_LOCKED_PAIR,Cap lap lai va phu thuoc bat thuong,Tai xe va khach hang di voi nhau nhieu lan va co muc do phu thuoc bat thuong so voi hanh vi thong thuong.,64.77
e6226a83e74cde2c,31e9d70f116f13a0,8,0,17,8,xanhsm_bike_sg,Thành phố Hồ Chí Minh,0.47058823529411764,1.0,0.0,xanhsm_bike_sg|Thành phố Hồ Chí Minh,3.0,1.0,0.1111111111111111,0.5,0.4706,0.1111,0.4044,0.9163,6.0,0.8889,True,0.3706,60.38,60.38,12375.0,99000.0,17000.0,1,2026-07-29,Thành phố Hồ Chí Minh,6.183333333333334,"1239 Tỉnh Lộ 8, Xã Bình Mỹ, Thành phố Hồ Chí Minh -> Đường Số 458, Xã Bình Mỹ, Thành phố Hồ Chí Minh, Việt Nam",1,0.125,False,0.0,0.5932,0.3333,0.5926,29.65,43.48,39.78,34.48,35.8,0,0,0,0,0,ride_component_20,1,0,0.0,0,0,0.0,0.0,35.8,58.83,31.14,27.8,0.0,REPEATED_LOCKED_PAIR,Cap lap lai va phu thuoc bat thuong,Tai xe va khach hang di voi nhau nhieu lan va co muc do phu thuoc bat thuong so voi hanh vi thong thuong.,58.83,Cap lap lai va phu thuoc bat thuong,KB-C_EXTREME_VOLUME,REPEATED_LOCKED_PAIR,Cap lap lai va phu thuoc bat thuong,Tai xe va khach hang di voi nhau nhieu lan va co muc do phu thuoc bat thuong so voi hanh vi thong thuong.,58.83
3a3c0eb1926d9e65,e9395bd45deffea8,11,0,13,11,xanh_premium,Thành phố Cần Thơ,0.8461538461538461,1.0,0.0,xanh_premium|Thành phố Cần Thơ,10.280400000000782,1.0,0.25,0.5,0.8462,0.25,0.7949,1.0,6.0,0.3567,True,0.7949,59.77,59.77,63745.454545454544,701200.0,36000.0,1,2026-07-29,Thành phố Cần Thơ,8.083333333333334,"026, Phường Hưng Phú, Thành phố Cần Thơ, Việt Nam -> Phường Xuân Khánh, Quận Ninh Kiều, Thành phố Cần Thơ, Việt Nam",1,0.09090909090909091,False,0.0,0.5387,1.0,0.0,16.16,35.78,51.48,35.15,39.23,0,2,2,3,0,ride_component_12,2,1,1.0,2,1,57.26,34.8,39.23,61.08,21.28,24.74,41.64,REPEATED_LOCKED_PAIR,Cap lap lai va phu thuoc bat thuong,Tai xe va khach hang di voi nhau nhieu lan va co muc do phu thuoc bat thuong so voi hanh vi thong thuong.,61.08,Cap lap lai va phu thuoc bat thuong,KB-C_EXTREME_VOLUME | KB-C_TIGHT_PAIR_SHARE,REPEATED_LOCKED_PAIR,Cap lap lai va phu thuoc bat thuong,Tai xe va khach hang di voi nhau nhieu lan va co muc do phu thuoc bat thuong so voi hanh vi thong thuong.,61.08
53dff1f91cdffd1b,68a5d74a851c43c9,6,0,6,6,xanh_premium,Thành phố Hồ Chí Minh,1.0,1.0,0.0,xanh_premium|Thành phố Hồ Chí Minh,6.0,0.9999,0.5,0.5,1.0,0.5,1.0,0.8115,6.0,0.3333,True,0.8115,59.63,59.63,41833.333333333336,251000.0,14000.0,1,2026-07-29,Thành phố Hồ Chí Minh,14.533333333333333,"Phường Bình Trưng, Thành phố Hồ Chí Minh, Việt Nam -> Phường Cát Lái, Thành phố Hồ Chí Minh, Việt Nam",3,0.5,False,0.0,0.5109,0.1667,0.2778,20.88,38.32,34.63,31.33,32.16,0,1,1,0,0,ride_component_21,1,0,0.0,0,0,8.57,5.32,32.16,61.07,23.79,46.66,2.93,REPEATED_LOCKED_PAIR,Cap lap lai va phu thuoc bat thuong,Tai xe va khach hang di voi nhau nhieu lan va co muc do phu thuoc bat thuong so voi hanh vi thong thuong.,61.07,,,,,,
5b155c30e9228305,b781a89db40e70ec,6,0,6,6,xanh_premium,Tỉnh Thừa Thiên Huế,1.0,1.0,0.0,xanh_premium|Tỉnh Thừa Thiên Huế,6.0,1.0,0.5,0.5,1.0,0.5,1.0,0.8115,6.0,0.3333,True,0.8115,59.63,59.63,104166.66666666667,625000.0,101000.0,1,2026-07-29,Tỉnh Thừa Thiên Huế,9.766666666666667,"580 Đường Nguyễn Tất Thành, Phường Hương Thủy, Thành phố Huế, Việt Nam -> Thủy Phung, Thanh Thủy, Huế, Việt Nam",1,0.16666666666666666,False,0.0,0.5221,0.5,0.1666,19.0,37.28,62.05,30.75,38.58,0,2,0,1,0,ride_component_22,1,0,0.0,0,0,10.81,6.66,38.58,61.07,22.79,28.55,3.66,REPEATED_LOCKED_PAIR,Cap lap lai va phu thuoc bat thuong,Tai xe va khach hang di voi nhau nhieu lan va co muc do phu thuoc bat thuong so voi hanh vi thong thuong.,61.07,,,,,,
795b26cc2d6f500e,6d2b6913eba0e6e6,6,1,6,6,xanh_car,Tỉnh Tây Ninh,1.0,1.0,0.16666666666666666,xanh_car|Tỉnh Tây Ninh,6.0,1.0,0.5,0.5,1.0,0.5,1.0,0.8115,6.0,0.3333,True,0.8115,59.63,59.63,118000.0,708000.0,48000.0,1,2026-07-29,Tỉnh Tây Ninh,104.55,"Huyện Bến Cầu, Tỉnh Tây Ninh -> Xã Long Thuận, Tỉnh Tây Ninh, Việt Nam",1,0.16666666666666666,False,0.1667,0.05,1.0,0.0,9.83,32.24,54.59,26.3,33.37,0,1,0,1,0,ride_component_23,1,0,0.0,0,0,8.57,5.04,33.37,61.07,9.89,20.78,2.77,REPEATED_LOCKED_PAIR,Cap lap lai va phu thuoc bat thuong,Tai xe va khach hang di voi nhau nhieu lan va co muc do phu thuoc bat thuong so voi hanh vi thong thuong.,61.07,,,,,,
9c93e0c8cc8a3817,2f16d5c12ed95d2f,6,0,6,6,xanh_premium,Tỉnh Tây Ninh,1.0,1.0,0.0,xanh_premium|Tỉnh Tây Ninh,6.0,1.0,0.5,0.5,1.0,0.5,1.0,0.8115,6.0,0.3333,True,0.8115,59.63,59.63,34000.0,204000.0,0.0,1,2026-07-29,Tỉnh Tây Ninh,5.6,"Xã Suối Ngô, Huyện Tân Châu, Tỉnh Tây Ninh -> Xã Tân Hòa, Tây Ninh",2,0.3333333333333333,False,0.0,0.6693,0.5,0.1666,23.41,39.71,26.24,32.48,30.92,0,0,1,1,0,ride_component_24,1,0,0.0,0,0,8.57,5.39,30.92,61.07,28.6,40.66,2.96,REPEATED_LOCKED_PAIR,Cap lap lai va phu thuoc bat thuong,Tai xe va khach hang di voi nhau nhieu lan va co muc do phu thuoc bat thuong so voi hanh vi thong thuong.,61.07,,,,,,
abd62a29b4b11973,866afbf672fbbc24,6,0,6,6,xanh_premium,Tỉnh Tây Ninh,1.0,1.0,0.0,xanh_premium|Tỉnh Tây Ninh,6.0,1.0,0.5,0.5,1.0,0.5,1.0,0.8115,6.0,0.3333,True,0.8115,59.63,59.63,202833.33333333334,1217000.0,98000.0,1,2026-07-29,Tỉnh Tây Ninh,84.68333333333334,"Long Thành Nam, Hoà Thành, Tây Ninh -> Tây Ninh",1,0.16666666666666666,False,0.0,0.05,1.0,0.0,1.5,27.66,74.09,22.96,35.74,0,2,1,1,0,ride_component_25,1,0,0.0,0,0,12.55,7.07,35.74,61.07,1.98,19.11,3.89,REPEATED_LOCKED_PAIR,Cap lap lai va phu thuoc bat thuong,Tai xe va khach hang di voi nhau nhieu lan va co muc do phu thuoc bat thuong so voi hanh vi thong thuong.,61.07,,,,,,
c403b3792fffcd0d,9fac86e7d50567a8,6,0,6,6,xanh_premium,Thành phố Hồ Chí Minh,1.0,1.0,0.0,xanh_premium|Thành phố Hồ Chí Minh,6.0,0.9999,0.5,0.5,1.0,0.5,1.0,0.8115,6.0,0.3333,True,0.8115,59.63,59.63,132166.66666666666,793000.0,104000.0,1,2026-07-29,Thành phố Hồ Chí Minh,61.53333333333333,"258 Tỉnh lộ 7, Xã An Nhơn Tây, Thành phố Hồ Chí Minh, Việt Nam -> Thanh Tuyền, Dầu Tiếng, Bình Dương",1,0.16666666666666666,False,0.0,0.05,1.0,0.0,1.5,27.66,67.13,22.51,33.66,0,2,0,0,0,ride_component_26,1,0,0.0,0,0,8.57,4.83,33.66,61.07,1.98,19.11,2.66,REPEATED_LOCKED_PAIR,Cap lap lai va phu thuoc bat thuong,Tai xe va khach hang di voi nhau nhieu lan va co muc do phu thuoc bat thuong so voi hanh vi thong thuong.,61.07,,,,,,
d429b6761fabccc8,8f8892e8ce3dc549,10,5,12,10,xanh_premium,Tỉnh Long An,0.8333333333333334,1.0,0.5,xanh_premium|Tỉnh Long An,9.895600000000059,1.0,0.25,0.5,0.8333,0.25,0.7778,1.0,6.0,0.3369,True,0.7778,57.94,57.94,34200.0,342000.0,14000.0,1,2026-07-29,Tỉnh Long An,1.3,"Phường Long An, Tỉnh Tây Ninh, Việt Nam -> 3 Đường Phân Khu Nam, Phường Long An, Tỉnh Tây Ninh, Việt Nam",2,0.2,True,0.5,0.7297,1.0,0.0,46.89,51.86,37.93,49.01,46.24,0,2,2,1,0,ride_component_27,2,1,1.0,2,1,55.01,38.15,46.24,59.26,52.57,39.29,43.48,REPEATED_LOCKED_PAIR,Cap lap lai va phu thuoc bat thuong,Tai xe va khach hang di voi nhau nhieu lan va co muc do phu thuoc bat thuong so voi hanh vi thong thuong.,59.26,Cap lap lai va phu thuoc bat thuong | Mau thuc thi ghost trip,KB-C_EXTREME_VOLUME | KB-C_TIGHT_PAIR_SHARE | KB-C_HIGH_GHOST_RATE | KB-C_SUPERFAST_GAP,REPEATED_LOCKED_PAIR,Cap lap lai va phu thuoc bat thuong,Tai xe va khach hang di voi nhau nhieu lan va co muc do phu thuoc bat thuong so voi hanh vi thong thuong.,59.26
a7629275523a7741,9dd47e260070bb92,5,0,5,5,xanh_car,Tỉnh Thái Nguyên,1.0,1.0,0.0,xanh_car|Tỉnh Thái Nguyên,4.586599999999635,1.0,0.5,0.5,1.0,0.5,1.0,0.7472,6.0,0.3634,True,0.7472,57.45,57.45,27000.0,135000.0,0.0,1,2026-07-29,Tỉnh Thái Nguyên,2.6,"Phường Bách Quang, Tỉnh Thái Nguyên, Việt Nam -> Phường Bách Quang, Tỉnh Thái Nguyên, Việt Nam",1,0.2,False,0.0,0.6993,0.5,0.1817,24.61,39.39,22.54,31.18,29.02,0,0,0,0,0,ride_component_28,1,0,0.0,0,0,0.0,0.0,29.02,58.6,29.98,28.0,0.0,REPEATED_LOCKED_PAIR,Cap lap lai va phu thuoc bat thuong,Tai xe va khach hang di voi nhau nhieu lan va co muc do phu thuoc bat thuong so voi hanh vi thong thuong.,58.6,,,,,,
023f52e48d1ad128,784ca6b743abf41b,8,1,9,8,xanh_car,Tỉnh Hà Giang,0.8888888888888888,1.0,0.125,xanh_car|Tỉnh Hà Giang,7.847999999999956,1.0,0.3333333333333333,0.5,0.8889,0.3333,0.8333,0.9163,6.0,0.3398,True,0.7636,57.29,57.29,10375.0,83000.0,0.0,1,2026-07-29,Tỉnh Hà Giang,0.95,"Xã Vị Xuyên, Tuyên Quang -> Xã Vị Xuyên, Tuyên Quang",2,0.25,False,0.125,0.7528,1.0,0.0,28.84,41.64,20.45,33.03,29.88,0,0,0,0,0,ride_component_29,1,0,0.0,0,0,0.0,0.0,29.88,58.56,35.68,38.65,0.0,REPEATED_LOCKED_PAIR,Cap lap lai va phu thuoc bat thuong,Tai xe va khach hang di voi nhau nhieu lan va co muc do phu thuoc bat thuong so voi hanh vi thong thuong.,58.56,Cap lap lai va phu thuoc bat thuong,KB-C_EXTREME_VOLUME | KB-C_TIGHT_PAIR_SHARE,REPEATED_LOCKED_PAIR,Cap lap lai va phu thuoc bat thuong,Tai xe va khach hang di voi nhau nhieu lan va co muc do phu thuoc bat thuong so voi hanh vi thong thuong.,58.56
108a4c7072841e86,9a0f49cb21cdfd3e,5,0,5,5,xanh_car,Tỉnh Đồng Tháp,1.0,1.0,0.0,xanh_car|Tỉnh Đồng Tháp,4.886799999999994,1.0,0.5,0.5,1.0,0.5,1.0,0.7472,6.0,0.3411,True,0.7472,56.45,56.45,412200.0,2061000.0,69000.0,1,2026-07-29,Tỉnh Đồng Tháp,20.766666666666666,"Quốc lộ 30, Xã An Long, Tỉnh Đồng Tháp, Việt Nam -> Đồng Tháp",1,0.2,False,0.0,0.2754,1.0,0.0,8.26,29.95,72.78,24.09,36.26,0,1,0,0,0,ride_component_30,1,0,0.0,0,0,5.4,3.09,36.26,57.67,10.88,20.81,1.7,REPEATED_LOCKED_PAIR,Cap lap lai va phu thuoc bat thuong,Tai xe va khach hang di voi nhau nhieu lan va co muc do phu thuoc bat thuong so voi hanh vi thong thuong.,57.67,,,,,,
209a248b8e631d18,120cbedecbc6b70f,5,0,5,5,xanh_premium_just_taxi,Tỉnh Hải Dương,1.0,1.0,0.0,xanh_premium_just_taxi|Tỉnh Hải Dương,4.9436000000000035,1.0,0.5,0.5,1.0,0.5,1.0,0.7472,6.0,0.3371,True,0.7472,56.27,56.27,99400.0,497000.0,15000.0,1,2026-07-29,Tỉnh Hải Dương,30.166666666666668,"Phường Lê Thanh Nghị, Thành phố Hải Phòng, Việt Nam -> Huyện Gia Lộc, Hải Dương, Xã Gia Lộc, Thành Phố Hải Phòng, Việt Nam",1,0.2,False,0.0,0.06,1.0,0.0,1.8,26.31,41.51,21.45,26.46,0,1,0,1,0,ride_component_31,1,0,0.0,0,0,8.57,4.73,26.46,57.5,2.37,17.2,2.6,REPEATED_LOCKED_PAIR,Cap lap lai va phu thuoc bat thuong,Tai xe va khach hang di voi nhau nhieu lan va co muc do phu thuoc bat thuong so voi hanh vi thong thuong.,57.5,,,,,,
698be7b174e6e2fb,026916fb1f095711,5,0,5,5,xanh_car,Tỉnh Ninh Thuận,1.0,1.0,0.0,xanh_car|Tỉnh Ninh Thuận,4.956400000000031,1.0,0.5,0.5,1.0,0.5,1.0,0.7472,6.0,0.3363,True,0.7472,56.23,56.23,112800.0,564000.0,60000.0,1,2026-07-29,Tỉnh Ninh Thuận,87.45,"Phường Phan Rang, Tỉnh Khánh Hòa, Việt Nam -> Xã Phước Hữu, Khánh Hòa",1,0.2,False,0.0,0.06,1.0,0.0,1.8,26.29,52.69,21.68,29.43,0,1,2,0,0,ride_component_32,1,0,0.0,0,0,10.81,5.97,29.43,57.46,2.37,17.2,3.28,REPEATED_LOCKED_PAIR,Cap lap lai va phu thuoc bat thuong,Tai xe va khach hang di voi nhau nhieu lan va co muc do phu thuoc bat thuong so voi hanh vi thong thuong.,57.46,,,,,,
c03d36f85c38f891,a62fc60157f97a9b,5,1,5,5,xanh_car,Tỉnh Hậu Giang,1.0,1.0,0.2,xanh_car|Tỉnh Hậu Giang,4.966000000000008,1.0,0.5,0.5,1.0,0.5,1.0,0.7472,6.0,0.3356,True,0.7472,56.2,56.2,322600.0,1613000.0,146000.0,1,2026-07-29,Tỉnh Hậu Giang,43.2,"7 Đường Số 3, Khu dân cư Đại Ngân, Phường Tân An, Thành phố Cần Thơ, Việt Nam -> Xã Châu Thành, Thành phố Cần Thơ, Việt Nam",1,0.2,False,0.2,0.06,1.0,0.0,11.8,31.78,81.9,25.61,39.68,0,0,1,0,0,ride_component_33,1,0,0.0,0,0,5.4,3.14,39.68,57.43,11.87,18.86,1.73,REPEATED_LOCKED_PAIR,Cap lap lai va phu thuoc bat thuong,Tai xe va khach hang di voi nhau nhieu lan va co muc do phu thuoc bat thuong so voi hanh vi thong thuong.,57.43,,,,,,
1f8e872b216ce0ae,83fdc59c5686db7a,5,0,5,5,service_xanh_tour_car_long-distance_one_way,Tỉnh Tiền Giang,1.0,1.0,0.0,service_xanh_tour_car_long-distance_one_way|Tỉnh Tiền Giang,4.9938,1.0,0.5,0.5,1.0,0.5,1.0,0.7472,6.0,0.3337,True,0.7472,56.11,56.11,403400.0,2017000.0,22000.0,1,2026-07-29,Tỉnh Tiền Giang,55.46666666666667,"12 Đường Lý Nam Đế, Phường Minh Phụng, Thành phố Hồ Chí Minh, Việt Nam(UTC+7) -> Xã Thanh Bình, Huyện Chợ Gạo, Tỉnh Tiền Giang",1,0.2,False,0.0,0.06,1.0,0.0,1.8,26.24,61.29,21.39,31.36,0,1,0,1,0,ride_component_34,1,0,0.0,0,0,8.57,4.73,31.36,57.35,2.37,17.18,2.6,REPEATED_LOCKED_PAIR,Cap lap lai va phu thuoc bat thuong,Tai xe va khach hang di voi nhau nhieu lan va co muc do phu thuoc bat thuong so voi hanh vi thong thuong.,57.35,,,,,,
0351b8f7f452ed0d,6c62d95b19301a82,5,0,5,5,xanh_premium,Tỉnh Trà Vinh,1.0,1.0,0.0,xanh_premium|Tỉnh Trà Vinh,5.0,1.0,0.5,0.5,1.0,0.5,1.0,0.7472,6.0,0.3333,True,0.7472,56.09,56.09,197000.0,985000.0,62000.0,1,2026-07-29,Tỉnh Trà Vinh,79.58333333333333,"Khóm 2, Xã Càng Long, Tỉnh Vĩnh Long, Việt Nam -> Phường Nguyệt Hoá, Tỉnh Vĩnh Long, Việt Nam",1,0.2,False,0.0,0.06,1.0,0.0,1.8,26.23,63.09,21.63,32.0,0,1,1,1,0,ride_component_35,1,0,0.0,0,0,10.81,5.96,32.0,57.33,2.37,17.18,3.28,REPEATED_LOCKED_PAIR,Cap lap lai va phu thuoc bat thuong,Tai xe va khach hang di voi nhau nhieu lan va co muc do phu thuoc bat thuong so voi hanh vi thong thuong.,57.33,,,,,,
25b83bc3af3840ed,2c4213e3e18ab56f,5,0,5,5,xanh_premium,Tỉnh Trà Vinh,1.0,1.0,0.0,xanh_premium|Tỉnh Trà Vinh,5.0,1.0,0.5,0.5,1.0,0.5,1.0,0.7472,6.0,0.3333,True,0.7472,56.09,56.09,114000.0,570000.0,49000.0,1,2026-07-29,Tỉnh Trà Vinh,40.916666666666664,"Phường Long Đức, Tỉnh Vĩnh Long, Việt Nam -> 414 Võ Nguyên Giáp, Phường Nguyệt Hóa, Vĩnh Long, VNM",1,0.2,False,0.0,0.06,0.3333,0.2222,6.24,28.67,51.86,23.86,30.86,0,2,1,1,0,ride_component_36,1,0,0.0,0,0,12.55,7.09,30.86,57.33,5.26,17.18,3.9,REPEATED_LOCKED_PAIR,Cap lap lai va phu thuoc bat thuong,Tai xe va khach hang di voi nhau nhieu lan va co muc do phu thuoc bat thuong so voi hanh vi thong thuong.,57.33,,,,,,
26e89cb7b9a36e47,8bf8bc97a375b8f3,5,0,5,5,xanh_car,Thành phố Hà Nội,1.0,1.0,0.0,xanh_car|Thành phố Hà Nội,5.0,0.9999,0.5,0.5,1.0,0.5,1.0,0.7472,6.0,0.3333,True,0.7472,56.09,56.09,280400.0,1402000.0,104000.0,1,2026-07-29,Thành phố Hà Nội,85.08333333333333,"Mê Linh, Hà Nội -> 1, Xóm 3, Thôn Đông Cao, Xã Mê Linh, Thành phố Hà Nội, Việt Nam",1,0.2,False,0.0,0.06,1.0,0.0,1.8,26.23,76.01,20.44,34.33,0,0,0,0,0,ride_component_37,1,0,0.0,0,0,0.0,0.0,34.33,57.33,2.37,17.18,0.0,REPEATED_LOCKED_PAIR,Cap lap lai va phu thuoc bat thuong,Tai xe va khach hang di voi nhau nhieu lan va co muc do phu thuoc bat thuong so voi hanh vi thong thuong.,57.33,,,,,,
63f1aecc57683469,840e7cf6f5690a11,5,0,5,5,xanh_car,Tỉnh Bà Rịa - Vũng Tàu,1.0,1.0,0.0,xanh_car|Tỉnh Bà Rịa - Vũng Tàu,5.0,0.9999,0.5,0.5,1.0,0.5,1.0,0.7472,6.0,0.3333,True,0.7472,56.09,56.09,205000.0,1025000.0,81000.0,1,2026-07-29,Tỉnh Bà Rịa - Vũng Tàu,16.9,"190A Cách Mạng Tháng Tám, Phường Long Hương, Thành phố Hồ Chí Minh, VNM -> G439+JJQ, Tân Hải, Tân Thành, Bà Rịa - Vũng Tàu, Việt Nam",1,0.2,False,0.0,0.3657,0.75,0.0833,12.64,32.19,68.17,26.32,36.78,0,1,1,0,0,ride_component_38,1,0,0.0,0,0,8.57,5.01,36.78,57.33,15.53,22.27,2.76,REPEATED_LOCKED_PAIR,Cap lap lai va phu thuoc bat thuong,Tai xe va khach hang di voi nhau nhieu lan va co muc do phu thuoc bat thuong so voi hanh vi thong thuong.,57.33,,,,,,
6486b27f4c823a0e,816b8ff669fb288c,5,0,5,5,xanh_car,Thành phố Hà Nội,1.0,1.0,0.0,xanh_car|Thành phố Hà Nội,5.0,0.9999,0.5,0.5,1.0,0.5,1.0,0.7472,6.0,0.3333,True,0.7472,56.09,56.09,207200.0,1036000.0,123000.0,1,2026-07-29,Thành phố Hà Nội,92.25,"292 Phố Tây Sơn, Phường Đống Đa, Thành Phố Hà Nội, Việt Nam -> Nhân Hiền, Hiền Giang, Thường Tín, Hà Nội, Việt Nam",1,0.2,False,0.0,0.06,0.8333,0.0555,2.91,26.84,75.36,21.54,35.0,0,1,0,0,0,ride_component_39,1,0,0.0,0,0,5.4,3.0,35.0,57.33,3.09,17.18,1.65,REPEATED_LOCKED_PAIR,Cap lap lai va phu thuoc bat thuong,Tai xe va khach hang di voi nhau nhieu lan va co muc do phu thuoc bat thuong so voi hanh vi thong thuong.,57.33,,,,,,
6f60e32fb1448ac0,4fbf91c321805800,5,0,5,5,xanh_car,Thành phố Hà Nội,1.0,1.0,0.0,xanh_car|Thành phố Hà Nội,5.0,0.9999,0.5,0.5,1.0,0.5,1.0,0.7472,6.0,0.3333,True,0.7472,56.09,56.09,118400.0,592000.0,11000.0,1,2026-07-29,Thành phố Hà Nội,29.983333333333334,"Phường Bồ Đề, Thành Phố Hà Nội, Việt Nam -> Phường Bồ Đề, Thành Phố Hà Nội, Việt Nam",2,0.4,False,0.0,0.1204,0.4167,0.1944,7.5,29.37,41.86,23.62,28.18,0,1,0,0,0,ride_component_40,1,0,0.0,0,0,5.4,3.07,28.18,57.33,7.28,27.35,1.69,REPEATED_LOCKED_PAIR,Cap lap lai va phu thuoc bat thuong,Tai xe va khach hang di voi nhau nhieu lan va co muc do phu thuoc bat thuong so voi hanh vi thong thuong.,57.33,,,,,,
7ec11ab6d5572daf,27d936c8b49491ee,5,2,5,5,gf_vip,Thành phố Hồ Chí Minh,1.0,1.0,0.4,gf_vip|Thành phố Hồ Chí Minh,5.0,1.0,0.5,0.5,1.0,0.5,1.0,0.7472,6.0,0.3333,True,0.7472,56.09,56.09,123400.0,617000.0,0.0,1,2026-07-29,Thành phố Hồ Chí Minh,89.43333333333334,"Khu phố 1, Phường Phú Thuận, Thành phố Hồ Chí Minh, Việt Nam -> Tân Phong, Quận 7, Thành phố Hồ Chí Minh",1,0.2,False,0.4,0.06,1.0,0.0,21.8,37.23,37.55,30.1,31.96,0,0,1,0,0,ride_component_41,1,0,0.0,0,0,5.4,3.3,31.96,57.33,21.37,20.51,1.82,REPEATED_LOCKED_PAIR,Cap lap lai va phu thuoc bat thuong,Tai xe va khach hang di voi nhau nhieu lan va co muc do phu thuoc bat thuong so voi hanh vi thong thuong.,57.33,,,,,,
86c40d438daa709a,32a8f8c52c0b0c0d,5,0,5,5,xanh_car,Thành phố Hà Nội,1.0,1.0,0.0,xanh_car|Thành phố Hà Nội,5.0,0.9999,0.5,0.5,1.0,0.5,1.0,0.7472,6.0,0.3333,True,0.7472,56.09,56.09,153400.0,767000.0,50000.0,1,2026-07-29,Thành phố Hà Nội,10.666666666666666,"18 Tổ 3 Khu tiên trượng, Xã Xuân Mai, Thành phố Hà Nội, Việt Nam -> Xã Hòa Xá, Thành phố Hà Nội",1,0.2,False,0.0,0.5111,0.5,0.1666,18.67,35.51,57.59,29.06,36.19,0,1,0,1,0,ride_component_42,1,0,0.0,0,0,8.57,5.16,36.19,57.33,22.36,24.7,2.84,REPEATED_LOCKED_PAIR,Cap lap lai va phu thuoc bat thuong,Tai xe va khach hang di voi nhau nhieu lan va co muc do phu thuoc bat thuong so voi hanh vi thong thuong.,57.33,,,,,,
8c99c56adefbb40d,1b7bffae4a20a2bb,5,0,5,5,xanh_car,Thành phố Hà Nội,1.0,1.0,0.0,xanh_car|Thành phố Hà Nội,5.0,0.9999,0.5,0.5,1.0,0.5,1.0,0.7472,6.0,0.3333,True,0.7472,56.09,56.09,200800.0,1004000.0,67000.0,1,2026-07-29,Thành phố Hà Nội,36.03333333333333,"84 Thợ Nhuộm, Phường Cửa Nam, Thành Phố Hà Nội, Việt Nam -> Xã Phù Đổng, Thành phố Hà Nội, Việt Nam",1,0.2,False,0.0,0.06,0.75,0.0833,3.47,27.15,64.86,22.15,32.83,1,1,0,0,0,ride_component_43,1,0,0.0,0,0,8.57,4.77,32.83,57.33,3.46,17.18,2.62,REPEATED_LOCKED_PAIR,Cap lap lai va phu thuoc bat thuong,Tai xe va khach hang di voi nhau nhieu lan va co muc do phu thuoc bat thuong so voi hanh vi thong thuong.,57.33,,,,,,
93cceee450c5b1f7,21f0cc10dbdfc10e,5,0,5,5,xanh_premium,Tỉnh Thái Bình,1.0,1.0,0.0,xanh_premium|Tỉnh Thái Bình,5.0,1.0,0.5,0.5,1.0,0.5,1.0,0.7472,6.0,0.3333,True,0.7472,56.09,56.09,292600.0,1463000.0,104000.0,1,2026-07-29,Tỉnh Thái Bình,46.93333333333333,"Minh Hòa, Huyện Hưng Hà, Tỉnh Thái Bình -> Phường Trần Lãm, Tỉnh Hưng Yên, Việt Nam",1,0.2,False,0.0,0.06,1.0,0.0,1.8,26.23,76.28,21.63,35.29,0,2,0,1,0,ride_component_44,1,0,0.0,0,0,10.81,5.96,35.29,57.33,2.37,17.18,3.28,REPEATED_LOCKED_PAIR,Cap lap lai va phu thuoc bat thuong,Tai xe va khach hang di voi nhau nhieu lan va co muc do phu thuoc bat thuong so voi hanh vi thong thuong.,57.33,,,,,,
ab34adbdc7072524,5671e25f444f18a5,5,0,5,5,xanh_car,Tỉnh Bà Rịa - Vũng Tàu,1.0,1.0,0.0,xanh_car|Tỉnh Bà Rịa - Vũng Tàu,5.0,0.9999,0.5,0.5,1.0,0.5,1.0,0.7472,6.0,0.3333,True,0.7472,56.09,56.09,445600.0,2228000.0,119000.0,1,2026-07-29,Tỉnh Bà Rịa - Vũng Tàu,83.46666666666667,"181 Đường Thùy Vân, Phường Tam Thắng, Thành phố Hồ Chí Minh, Việt Nam -> Phường Vũng Tàu, Thành phố Hồ Chí Minh, Việt Nam",1,0.2,False,0.0,0.06,1.0,0.0,1.8,26.23,80.51,28.18,41.26,0,3,2,1,0,ride_component_45,3,2,0.6667,3,2,70.17,38.71,41.26,57.33,2.37,17.18,47.96,COORDINATED_NETWORK_PATTERN,Mau lien ket theo mang,Cap nay khong dung mot minh ma nam trong mot nhom lien ket voi cac cap dang nghi khac.,47.96,Mau lien ket theo mang,KB-C_SUSPICIOUS_COMPONENT,COORDINATED_NETWORK_PATTERN,Mau lien ket theo mang,Cap nay khong dung mot minh ma nam trong mot nhom lien ket voi cac cap dang nghi khac.,47.96
aff4fa1df3308050,7e2e987e50ffc584,5,0,5,5,xanh_car,Tỉnh Bình Dương,1.0,1.0,0.0,xanh_car|Tỉnh Bình Dương,5.0,1.0,0.5,0.5,1.0,0.5,1.0,0.7472,6.0,0.3333,True,0.7472,56.09,56.09,175400.0,877000.0,82000.0,1,2026-07-29,Thành phố Hồ Chí Minh,11.916666666666666,"85 Quốc lộ 13, Phường Hiệp Bình, Thành phố Hồ Chí Minh, Việt Nam -> Phường Tân Sơn, Thành phố Hồ Chí Minh",1,0.2,False,0.0,0.4819,0.5,0.1666,17.79,35.03,66.09,28.28,37.73,0,1,0,0,0,ride_component_46,1,0,0.0,0,0,5.4,3.24,37.73,57.33,21.2,24.21,1.78,REPEATED_LOCKED_PAIR,Cap lap lai va phu thuoc bat thuong,Tai xe va khach hang di voi nhau nhieu lan va co muc do phu thuoc bat thuong so voi hanh vi thong thuong.,57.33,,,,,,
b7227788f15f452c,db8754e638f4718f,5,0,5,5,xanh_car,Tỉnh Bình Dương,1.0,1.0,0.0,xanh_car|Tỉnh Bình Dương,5.0,1.0,0.5,0.5,1.0,0.5,1.0,0.7472,6.0,0.3333,True,0.7472,56.09,56.09,398600.0,1993000.0,116000.0,1,2026-07-29,Tỉnh Bình Dương,85.73333333333333,"749B Đường tỉnh 751, Xã Minh Thạnh, Thành Phố Hồ Chí Minh, Việt Nam -> Tỉnh lộ 751, Xã Minh Thạnh, Thành phố Hồ Chí Minh, Việt Nam",1,0.2,False,0.0,0.06,1.0,0.0,1.8,26.23,79.36,25.34,38.84,0,3,0,0,0,ride_component_45,3,2,0.6667,1,1,44.35,24.47,38.84,57.33,2.37,17.18,27.63,REPEATED_LOCKED_PAIR,Cap lap lai va phu thuoc bat thuong,Tai xe va khach hang di voi nhau nhieu lan va co muc do phu thuoc bat thuong so voi hanh vi thong thuong.,57.33,,,,,,
ebac0fee2c1da35a,af6a506315ff66f6,5,4,5,5,xanh_car_just_taxi,Tỉnh Phú Thọ,1.0,1.0,0.8,xanh_car_just_taxi|Tỉnh Phú Thọ,5.0,1.0,0.5,0.5,1.0,0.5,1.0,0.7472,6.0,0.3333,True,0.7472,56.09,56.09,31200.0,156000.0,0.0,1,2026-07-29,Tỉnh Phú Thọ,0.45,Tỉnh Phú Thọ ->  Tỉnh Phú Thọ,3,0.6,True,0.8,0.8695,1.0,0.0,66.08,61.59,23.01,49.37,42.78,0,0,0,0,0,ride_component_47,1,0,0.0,0,0,0.0,0.0,42.78,57.33,72.34,55.67,0.0,GHOST_TRIP_EXECUTION_PATTERN,Mau thuc thi ghost trip,"Cap nay co dau hieu thuc thi ghost trip, voi nhieu chuyen nghi ngo gia lap hoac quay dau phi thuc te.",72.34,Mau thuc thi ghost trip,KB-C_HIGH_GHOST_RATE,GHOST_TRIP_EXECUTION_PATTERN,Mau thuc thi ghost trip,"Cap nay co dau hieu thuc thi ghost trip, voi nhieu chuyen nghi ngo gia lap hoac quay dau phi thuc te.",72.34
f12c86ab2bcf8178,4f792e94c929ebe1,5,0,5,5,xanh_car,Tỉnh Bình Dương,1.0,1.0,0.0,xanh_car|Tỉnh Bình Dương,5.0,1.0,0.5,0.5,1.0,0.5,1.0,0.7472,6.0,0.3333,True,0.7472,56.09,56.09,238200.0,1191000.0,69000.0,1,2026-07-29,Tỉnh Bình Dương,22.583333333333332,"Dat Cuoc Commune, Bac, Xã Bắc Tân Uyên, Thành Phố Hồ Chí Minh, Việt Nam -> Đường Tỉnh 747, Ấp 1, Phường Bình Cơ, Thành phố Hồ Chí Minh, Việt Nam",1,0.2,False,0.0,0.2331,0.75,0.0833,8.66,30.0,69.4,24.51,35.73,1,0,1,0,0,ride_component_48,1,0,0.0,0,0,8.57,4.9,35.73,57.33,10.29,20.06,2.7,REPEATED_LOCKED_PAIR,Cap lap lai va phu thuoc bat thuong,Tai xe va khach hang di voi nhau nhieu lan va co muc do phu thuoc bat thuong so voi hanh vi thong thuong.,57.33,,,,,,
f6f41bf8c710e472,f29c065633859ea6,5,0,5,5,xanh_car,Tỉnh Bà Rịa - Vũng Tàu,1.0,1.0,0.0,xanh_car|Tỉnh Bà Rịa - Vũng Tàu,5.0,0.9999,0.5,0.5,1.0,0.5,1.0,0.7472,6.0,0.3333,True,0.7472,56.09,56.09,146200.0,731000.0,90000.0,1,2026-07-29,Tỉnh Đồng Nai,135.21666666666667,"911 Đường 21 Tháng 4, Phường Bình Lộc, Tỉnh Đồng Nai, Việt Nam -> Đồng Nai",1,0.2,False,0.0,0.06,0.5,0.1666,5.13,28.06,62.4,23.15,32.96,0,1,1,1,0,ride_component_49,1,0,0.0,0,0,10.81,6.07,32.96,57.33,4.53,17.18,3.34,REPEATED_LOCKED_PAIR,Cap lap lai va phu thuoc bat thuong,Tai xe va khach hang di voi nhau nhieu lan va co muc do phu thuoc bat thuong so voi hanh vi thong thuong.,57.33,,,,,,
f7f2fc7ea3c0ab55,c1f69fb1a068ff32,5,1,5,5,xanh_premium,Tỉnh Trà Vinh,1.0,1.0,0.2,xanh_premium|Tỉnh Trà Vinh,5.0,1.0,0.5,0.5,1.0,0.5,1.0,0.7472,6.0,0.3333,True,0.7472,56.09,56.09,147000.0,735000.0,62000.0,1,2026-07-29,Tỉnh Trà Vinh,52.983333333333334,"22 Đường Nguyễn Thiện Thành, Khóm 4, Phường Hoà Thuận, Tỉnh Vĩnh Long, Việt Nam -> Xã Châu Thành, Tỉnh Vĩnh Long, Việt Nam",1,0.2,False,0.2,0.06,0.6667,0.1111,14.02,32.95,58.51,27.42,35.19,0,2,0,2,0,ride_component_50,1,0,0.0,0,0,12.55,7.38,35.19,57.33,13.31,18.84,4.06,REPEATED_LOCKED_PAIR,Cap lap lai va phu thuoc bat thuong,Tai xe va khach hang di voi nhau nhieu lan va co muc do phu thuoc bat thuong so voi hanh vi thong thuong.,57.33,,,,,,
6ac447c7a0bdf9e4,73cf6441682389f9,9,0,9,11,xanh_car,Tỉnh Quảng Bình,1.0,0.8181818181818182,0.0,xanh_car|Tỉnh Quảng Bình,8.541799999999967,1.0,0.5,0.25,0.8182,0.25,0.7576,0.9603,6.0,0.3512,True,0.7275,55.82,55.82,124888.88888888889,1124000.0,126000.0,1,2026-07-29,Tỉnh Quảng Bình,14.45,"Việt Nam -> Xã Ninh Châu, Quảng Trị",2,0.2222222222222222,False,0.0,0.4295,1.0,0.0,12.88,32.21,77.68,27.1,39.75,0,2,1,3,0,ride_component_51,1,0,0.0,0,0,15.17,8.86,39.75,56.95,16.96,29.19,4.87,REPEATED_LOCKED_PAIR,Cap lap lai va phu thuoc bat thuong,Tai xe va khach hang di voi nhau nhieu lan va co muc do phu thuoc bat thuong so voi hanh vi thong thuong.,56.95,Cap lap lai va phu thuoc bat thuong,KB-C_EXTREME_VOLUME | KB-C_TIGHT_PAIR_SHARE,REPEATED_LOCKED_PAIR,Cap lap lai va phu thuoc bat thuong,Tai xe va khach hang di voi nhau nhieu lan va co muc do phu thuoc bat thuong so voi hanh vi thong thuong.,56.95
48cfb216428280f9,8b8606ee2bbdc10b,5,0,5,6,xanhsm_bike_hn,Thành phố Hà Nội,1.0,0.8333333333333334,0.0,xanhsm_bike_hn|Thành phố Hà Nội,3.0,1.0,0.5,0.3333333333333333,0.8333,0.3333,0.75,0.7472,6.0,0.5556,True,0.5604,55.82,55.82,52400.0,262000.0,42000.0,1,2026-07-29,Thành phố Hà Nội,5.866666666666666,"27 Đường Cổ Linh, Phường Long Biên, Thành Phố Hà Nội, Việt Nam -> 72A Đường Nguyễn Trãi, Phường Thanh Xuân, Thành Phố Hà Nội, Việt Nam",1,0.2,False,0.0,0.6231,1.0,0.0,18.69,35.4,46.61,28.6,33.1,0,0,0,1,0,ride_component_52,1,0,0.0,0,0,5.4,3.25,33.1,55.84,24.61,26.53,1.79,REPEATED_LOCKED_PAIR,Cap lap lai va phu thuoc bat thuong,Tai xe va khach hang di voi nhau nhieu lan va co muc do phu thuoc bat thuong so voi hanh vi thong thuong.,55.84,,,,,,
64e69e6ac121ffe8,133841525ae1514e,26,0,37,26,xanh_limo_6_cho,Tỉnh Bà Rịa - Vũng Tàu,0.7027027027027027,1.0,0.0,xanh_limo_6_cho|Tỉnh Bà Rịa - Vũng Tàu,21.476599999999053,1.0,0.07692307692307693,0.5,0.7027,0.0769,0.6779,1.0,6.0,0.4035,True,0.6779,55.44,55.44,44230.769230769234,1150000.0,0.0,1,2026-07-29,Tỉnh Bà Rịa - Vũng Tàu,1.2166666666666666,"242 Đường Thống Nhất, Phường Tam Thắng, Thành phố Hồ Chí Minh, Việt Nam -> Phường Tam Thắng, Thành phố Hồ Chí Minh, Việt Nam",3,0.11538461538461539,False,0.0,0.7062,1.0,0.0,21.19,36.6,50.53,34.97,38.86,0,0,1,1,0,ride_component_45,3,2,0.6667,2,1,49.61,30.14,38.86,56.26,27.9,28.79,35.74,REPEATED_LOCKED_PAIR,Cap lap lai va phu thuoc bat thuong,Tai xe va khach hang di voi nhau nhieu lan va co muc do phu thuoc bat thuong so voi hanh vi thong thuong.,56.26,Cap lap lai va phu thuoc bat thuong,KB-C_EXTREME_VOLUME | KB-C_TIGHT_PAIR_SHARE,REPEATED_LOCKED_PAIR,Cap lap lai va phu thuoc bat thuong,Tai xe va khach hang di voi nhau nhieu lan va co muc do phu thuoc bat thuong so voi hanh vi thong thuong.,56.26
d2a356488a6d7005,67b19ffa85ba28c1,9,0,13,9,xanh_car,Thành phố Hà Nội,0.6923076923076923,1.0,0.0,xanh_car|Thành phố Hà Nội,5.0,1.0,0.3333333333333333,0.5,0.6923,0.3333,0.5385,0.9603,6.0,0.6,True,0.5171,55.44,55.44,36000.0,324000.0,0.0,1,2026-07-29,Thành phố Hà Nội,2.55,"Xã Tiến Thắng, Thành Phố Hà Nội, Việt Nam -> Phú Thọ",3,0.3333333333333333,False,0.0,0.7405,0.25,0.45,31.22,42.12,35.88,34.55,34.88,0,0,1,1,0,ride_component_53,1,0,0.0,0,0,8.57,5.47,34.88,55.19,35.1,41.46,3.01,REPEATED_LOCKED_PAIR,Cap lap lai va phu thuoc bat thuong,Tai xe va khach hang di voi nhau nhieu lan va co muc do phu thuoc bat thuong so voi hanh vi thong thuong.,55.19,Cap lap lai va phu thuoc bat thuong,KB-C_EXTREME_VOLUME | KB-C_TIGHT_PAIR_SHARE,REPEATED_LOCKED_PAIR,Cap lap lai va phu thuoc bat thuong,Tai xe va khach hang di voi nhau nhieu lan va co muc do phu thuoc bat thuong so voi hanh vi thong thuong.,55.19
878e399bfbc7e273,1d915b18ebb03e36,7,0,8,7,xanh_premium,Tỉnh Khánh Hòa,0.875,1.0,0.0,xanh_premium|Tỉnh Khánh Hòa,6.545399999999972,1.0,0.3333333333333333,0.5,0.875,0.3333,0.8125,0.8672,6.0,0.3565,True,0.7046,54.8,54.8,34000.0,238000.0,0.0,1,2026-07-29,Tỉnh Khánh Hòa,2.6,"349 Đường Hòn Khói, Phường Đông Ninh Hòa, Tỉnh Khánh Hòa, Việt Nam -> TDP6, Bình Tây, Phường Đông Ninh Hòa, Tỉnh Khánh Hòa, Việt Nam",1,0.14285714285714285,False,0.0,0.6822,0.25,0.2674,25.81,38.86,28.32,30.79,30.17,0,0,0,0,0,ride_component_54,1,0,0.0,0,0,0.0,0.0,30.17,55.84,30.42,29.72,0.0,REPEATED_LOCKED_PAIR,Cap lap lai va phu thuoc bat thuong,Tai xe va khach hang di voi nhau nhieu lan va co muc do phu thuoc bat thuong so voi hanh vi thong thuong.,55.84,,,,,,
d6f7c63c9ece887d,e18e24d03a0dead3,7,0,8,7,xanh_car,Tỉnh Nam Định,0.875,1.0,0.0,xanh_car|Tỉnh Nam Định,6.729400000000169,1.0,0.3333333333333333,0.5,0.875,0.3333,0.8125,0.8672,6.0,0.3467,True,0.7046,54.35,54.35,224571.42857142858,1572000.0,181000.0,1,2026-07-29,Tỉnh Nam Định,46.81666666666667,"144 Đường Đông A, Phường Đông A, Tỉnh Ninh Bình, Việt Nam -> Thôn Đại Thắng, Đường Tỉnh 486B, Phường Mỹ Lộc, Tỉnh Ninh Bình, Việt Nam",1,0.14285714285714285,False,0.0,0.0429,1.0,0.0,1.29,25.16,82.97,20.78,36.33,0,2,1,0,0,ride_component_55,1,0,0.0,0,0,10.81,5.88,36.33,55.43,1.7,16.87,3.23,REPEATED_LOCKED_PAIR,Cap lap lai va phu thuoc bat thuong,Tai xe va khach hang di voi nhau nhieu lan va co muc do phu thuoc bat thuong so voi hanh vi thong thuong.,55.43,,,,,,
7219f030ab3e66e6,3b28f9ab4f28b902,8,0,10,8,xanh_limo_6_cho,Thành phố Đà Nẵng,0.8,1.0,0.0,xanh_limo_6_cho|Thành phố Đà Nẵng,7.055599999999686,1.0,0.25,0.5,0.8,0.25,0.7333,0.9163,6.0,0.378,True,0.672,53.97,53.97,168000.0,1344000.0,172000.0,1,2026-07-29,Thành phố Đà Nẵng,15.066666666666666,"115 Đường Lý Tử Tấn, Phường Sơn Trà, Thành phố Đà Nẵng, Việt Nam -> Phường Ngũ Hành Sơn, Thành phố Đà Nẵng, Việt Nam",1,0.125,False,0.0,0.3859,1.0,0.0,11.58,30.65,82.18,30.41,43.35,0,2,1,2,0,ride_component_11,3,2,0.6667,2,1,55.01,31.56,43.35,54.85,15.25,22.69,36.53,REPEATED_LOCKED_PAIR,Cap lap lai va phu thuoc bat thuong,Tai xe va khach hang di voi nhau nhieu lan va co muc do phu thuoc bat thuong so voi hanh vi thong thuong.,54.85,Cap lap lai va phu thuoc bat thuong,KB-C_EXTREME_VOLUME | KB-C_TIGHT_PAIR_SHARE,REPEATED_LOCKED_PAIR,Cap lap lai va phu thuoc bat thuong,Tai xe va khach hang di voi nhau nhieu lan va co muc do phu thuoc bat thuong so voi hanh vi thong thuong.,54.85
efd9f546041d3c96,67a012ed1dd82895,9,0,16,9,xanh_car,Thành phố Hồ Chí Minh,0.5625,1.0,0.0,xanh_car|Thành phố Hồ Chí Minh,5.0,1.0,0.1111111111111111,0.5,0.5625,0.1111,0.5078,0.9603,6.0,0.6,True,0.4876,53.82,53.82,34000.0,306000.0,3000.0,1,2026-07-29,Thành phố Hồ Chí Minh,2.4166666666666665,"197B2 Đường Thành Thái, Phường Hòa Hưng, Thành phố Hồ Chí Minh, Việt Nam -> Phường Tân Hòa, Thành phố Hồ Chí Minh, Việt Nam",1,0.1111111111111111,False,0.0,0.6769,0.25,0.45,29.31,40.34,36.04,33.1,33.84,0,1,1,0,0,ride_component_56,1,0,0.0,0,0,8.57,5.37,33.84,53.48,32.59,27.72,2.95,REPEATED_LOCKED_PAIR,Cap lap lai va phu thuoc bat thuong,Tai xe va khach hang di voi nhau nhieu lan va co muc do phu thuoc bat thuong so voi hanh vi thong thuong.,53.48,Cap lap lai va phu thuoc bat thuong,KB-C_EXTREME_VOLUME,REPEATED_LOCKED_PAIR,Cap lap lai va phu thuoc bat thuong,Tai xe va khach hang di voi nhau nhieu lan va co muc do phu thuoc bat thuong so voi hanh vi thong thuong.,53.48
d0326e314d6eb336,79dc1b539955c253,5,5,5,5,xanh_premium,Thành phố Hồ Chí Minh,1.0,1.0,1.0,xanh_premium|Thành phố Hồ Chí Minh,6.0,0.9998,0.5,0.5,1.0,0.5,1.0,0.7472,6.0,0.2778,False,0.7472,53.6,53.6,120800.0,604000.0,136000.0,1,2026-07-29,Thành phố Hồ Chí Minh,0.5666666666666667,"Phường Cát Lái, Thành phố Hồ Chí Minh -> 92-94 Đường Lê Lợi, Phường Sài Gòn, Thành phố Hồ Chí Minh, Việt Nam",3,0.6,True,1.0,0.8668,0.6667,0.0926,77.86,66.94,65.25,55.46,57.91,0,1,1,1,0,ride_component_57,1,0,0.0,0,0,10.81,8.34,57.91,55.01,82.94,56.98,4.59,GHOST_TRIP_EXECUTION_PATTERN,Mau thuc thi ghost trip,"Cap nay co dau hieu thuc thi ghost trip, voi nhieu chuyen nghi ngo gia lap hoac quay dau phi thuc te.",82.94,Mau thuc thi ghost trip,KB-C_HIGH_GHOST_RATE,GHOST_TRIP_EXECUTION_PATTERN,Mau thuc thi ghost trip,"Cap nay co dau hieu thuc thi ghost trip, voi nhieu chuyen nghi ngo gia lap hoac quay dau phi thuc te.",82.94
98e1dbccc7c2d84d,e51fea4ca35416df,14,0,20,14,xanh_premium,Tỉnh Quảng Ninh,0.7,1.0,0.0,xanh_premium|Tỉnh Quảng Ninh,12.183799999999565,1.0,0.125,0.5,0.7,0.125,0.6571,1.0,6.0,0.383,True,0.6571,53.38,53.38,34500.0,483000.0,23000.0,1,2026-07-29,Tỉnh Quảng Ninh,3.05,"Phường Cẩm Phả, Tỉnh Quảng Ninh, Việt Nam -> Phường Cẩm Phả, Tỉnh Quảng Ninh, Việt Nam",2,0.14285714285714285,False,0.0,0.6717,0.3333,0.2553,25.26,37.91,44.39,36.62,38.56,0,2,1,1,0,ride_component_58,2,1,1.0,2,1,53.59,32.83,38.56,54.2,29.85,29.3,40.56,REPEATED_LOCKED_PAIR,Cap lap lai va phu thuoc bat thuong,Tai xe va khach hang di voi nhau nhieu lan va co muc do phu thuoc bat thuong so voi hanh vi thong thuong.,54.2,Cap lap lai va phu thuoc bat thuong,KB-C_EXTREME_VOLUME | KB-C_TIGHT_PAIR_SHARE,REPEATED_LOCKED_PAIR,Cap lap lai va phu thuoc bat thuong,Tai xe va khach hang di voi nhau nhieu lan va co muc do phu thuoc bat thuong so voi hanh vi thong thuong.,54.2
83d08e845496ece2,3878b58d604fc3ee,9,0,14,9,xanh_premium,Thành phố Hồ Chí Minh,0.6428571428571429,1.0,0.0,xanh_premium|Thành phố Hồ Chí Minh,6.0,1.0,0.16666666666666666,0.5,0.6429,0.1667,0.5714,0.9603,6.0,0.5,True,0.5487,52.68,52.68,123222.22222222222,1109000.0,155000.0,1,2026-07-29,Thành phố Hồ Chí Minh,22.783333333333335,"16-18 Đường Số 65, Phường An Khánh, Thành phố Hồ Chí Minh -> Phường Sài Gòn, Thành phố Hồ Chí Minh, Việt Nam",1,0.1111111111111111,False,0.0,0.2017,0.8333,0.0833,7.72,27.95,81.77,23.12,37.78,0,2,0,1,0,ride_component_59,1,0,0.0,0,0,10.81,6.03,37.78,52.83,9.05,18.05,3.32,REPEATED_LOCKED_PAIR,Cap lap lai va phu thuoc bat thuong,Tai xe va khach hang di voi nhau nhieu lan va co muc do phu thuoc bat thuong so voi hanh vi thong thuong.,52.83,Cap lap lai va phu thuoc bat thuong,KB-C_EXTREME_VOLUME | KB-C_TIGHT_PAIR_SHARE,REPEATED_LOCKED_PAIR,Cap lap lai va phu thuoc bat thuong,Tai xe va khach hang di voi nhau nhieu lan va co muc do phu thuoc bat thuong so voi hanh vi thong thuong.,52.83
5b79765c2814ee13,073d3e48370d1b80,4,0,4,4,green_mini_3_khach,Thành phố Cần Thơ,1.0,1.0,0.0,green_mini_3_khach|Thành phố Cần Thơ,3.865000000000009,1.0,0.5,0.5,1.0,0.5,1.0,0.6712,6.0,0.345,True,0.6712,52.44,52.44,29500.0,118000.0,0.0,1,2026-07-29,Thành phố Cần Thơ,29.45,"19-19B Đường Mậu Thân, Phường Ninh Kiều, Thành phố Cần Thơ, Việt Nam -> 1 Đường 30 Tháng 4, Phường Ninh Kiều, Thành phố Cần Thơ, Việt Nam",1,0.25,False,0.0,0.0878,1.0,0.0,2.64,25.05,21.9,20.71,21.01,0,0,2,1,0,ride_component_60,1,0,0.0,0,0,10.81,5.85,21.01,53.42,3.47,15.58,3.22,REPEATED_LOCKED_PAIR,Cap lap lai va phu thuoc bat thuong,Tai xe va khach hang di voi nhau nhieu lan va co muc do phu thuoc bat thuong so voi hanh vi thong thuong.,53.42,,,,,,
0469d202051f06c5,057092ebbaba9c88,4,1,4,4,bship_bike,Tỉnh Vĩnh Long,1.0,1.0,0.25,bship_bike|Tỉnh Vĩnh Long,3.901200000000017,1.0,0.5,0.5,1.0,0.5,1.0,0.6712,6.0,0.3418,True,0.6712,52.3,52.3,117750.0,471000.0,0.0,1,2026-07-29,Tỉnh Vĩnh Long,113.23333333333333,"3D Đường Hưng Đạo Vương, Phường Long Châu, Tỉnh Vĩnh Long, Việt Nam -> Xã Tân Lược, Vĩnh Long",1,0.25,False,0.25,0.075,1.0,0.0,14.75,31.65,33.68,24.94,27.12,0,0,0,0,0,ride_component_61,1,0,0.0,0,0,0.0,0.0,27.12,53.29,14.84,17.06,0.0,REPEATED_LOCKED_PAIR,Cap lap lai va phu thuoc bat thuong,Tai xe va khach hang di voi nhau nhieu lan va co muc do phu thuoc bat thuong so voi hanh vi thong thuong.,53.29,,,,,,
4388bf88f619a8f2,51cba4837e3aa8e3,8,0,10,8,xanh_car_just_taxi,Tỉnh Tuyên Quang,0.8,1.0,0.0,xanh_car_just_taxi|Tỉnh Tuyên Quang,7.851200000000006,1.0,0.25,0.5,0.8,0.25,0.7333,0.9163,6.0,0.3397,True,0.672,52.25,52.25,88000.0,704000.0,0.0,1,2026-07-29,Tỉnh Tuyên Quang,13.0,"Phường An Tường, Tỉnh Tuyên Quang, Việt Nam -> location_address_display (0.000000, 0.000000)",2,0.25,False,0.0,0.4717,1.0,0.0,14.15,31.3,39.56,25.64,29.12,0,0,1,1,0,ride_component_62,1,0,0.0,0,0,8.57,4.93,29.12,53.25,18.63,31.02,2.71,REPEATED_LOCKED_PAIR,Cap lap lai va phu thuoc bat thuong,Tai xe va khach hang di voi nhau nhieu lan va co muc do phu thuoc bat thuong so voi hanh vi thong thuong.,53.25,Cap lap lai va phu thuoc bat thuong,KB-C_EXTREME_VOLUME | KB-C_TIGHT_PAIR_SHARE,REPEATED_LOCKED_PAIR,Cap lap lai va phu thuoc bat thuong,Tai xe va khach hang di voi nhau nhieu lan va co muc do phu thuoc bat thuong so voi hanh vi thong thuong.,53.25
1182f23477409232,9eabd581a6dca254,4,0,4,4,service_xanh_tour_car_long-distance_one_way,Tỉnh Gia Lai,1.0,1.0,0.0,service_xanh_tour_car_long-distance_one_way|Tỉnh Gia Lai,3.9954000000000036,1.0,0.5,0.5,1.0,0.5,1.0,0.6712,6.0,0.3337,True,0.6712,51.93,51.93,246250.0,985000.0,0.0,1,2026-07-29,Tỉnh Gia Lai,98.0,"Bệnh viện Hùng Vương Gia Lai, 236A Đường Lê Duẩn, Phường Hội Phú, Tỉnh Gia Lai, Việt Nam(UTC+7) -> Huyện Ia Grai, Tỉnh Gia Lai",1,0.25,False,0.0,0.075,1.0,0.0,2.25,24.61,45.1,19.77,26.1,0,0,0,1,0,ride_component_63,1,0,0.0,0,0,5.4,2.91,26.1,52.94,2.96,15.36,1.6,REPEATED_LOCKED_PAIR,Cap lap lai va phu thuoc bat thuong,Tai xe va khach hang di voi nhau nhieu lan va co muc do phu thuoc bat thuong so voi hanh vi thong thuong.,52.94,,,,,,
8aa87712ff553cc5,3a6ce0d7274985fe,4,0,4,4,service_xanh_tour_car_long-distance_one_way,Tỉnh Hưng Yên,1.0,1.0,0.0,service_xanh_tour_car_long-distance_one_way|Tỉnh Hưng Yên,3.9968000000000004,1.0,0.5,0.5,1.0,0.5,1.0,0.6712,6.0,0.3336,True,0.6712,51.93,51.93,395750.0,1583000.0,64000.0,1,2026-07-29,Tỉnh Hưng Yên,174.75,"Gần Bình Vinhomes, Phường Tây Mỗ, Quận Nam Từ Liêm, Thành phố Hà Nội, Việt Nam -> Quán Lăng Lựu Quốc lộ 38, Xã Tân Phúc, Huyện Ân Thi, Tỉnh Hưng Yên, Việt Nam",1,0.25,False,0.0,0.075,1.0,0.0,2.25,24.61,70.17,20.35,32.8,0,2,0,1,0,ride_component_64,1,0,0.0,0,0,10.81,5.82,32.8,52.94,2.96,15.36,3.2,REPEATED_LOCKED_PAIR,Cap lap lai va phu thuoc bat thuong,Tai xe va khach hang di voi nhau nhieu lan va co muc do phu thuoc bat thuong so voi hanh vi thong thuong.,52.94,,,,,,
192c2855cda8cf91,0f100393ffe1e384,8,0,11,8,xanh_premium,Thành phố Hà Nội,0.7272727272727273,1.0,0.0,xanh_premium|Thành phố Hà Nội,6.843000000000757,1.0,0.2,0.5,0.7273,0.2,0.6591,0.9163,6.0,0.3897,True,0.6039,50.75,50.75,142750.0,1142000.0,146000.0,1,2026-07-29,Thành phố Hà Nội,13.1,"8 Phố Bùi Huy Bích, Phường Hoàng Mai, Thành Phố Hà Nội, Việt Nam -> Hà Nội",1,0.125,False,0.0,0.4318,1.0,0.0,12.95,29.96,79.76,24.81,38.55,0,1,0,2,0,ride_component_65,1,0,0.0,0,0,10.81,6.12,38.55,51.39,17.05,23.12,3.37,REPEATED_LOCKED_PAIR,Cap lap lai va phu thuoc bat thuong,Tai xe va khach hang di voi nhau nhieu lan va co muc do phu thuoc bat thuong so voi hanh vi thong thuong.,51.39,Cap lap lai va phu thuoc bat thuong,KB-C_EXTREME_VOLUME | KB-C_TIGHT_PAIR_SHARE,REPEATED_LOCKED_PAIR,Cap lap lai va phu thuoc bat thuong,Tai xe va khach hang di voi nhau nhieu lan va co muc do phu thuoc bat thuong so voi hanh vi thong thuong.,51.39
71bd2702b4dec081,a86bef374bc7b8e6,6,0,7,6,xanh_premium,Tỉnh Ninh Thuận,0.8571428571428571,1.0,0.0,xanh_premium|Tỉnh Ninh Thuận,5.978700000000018,1.0,0.3333333333333333,0.5,0.8571,0.3333,0.7857,0.8115,6.0,0.3345,True,0.6376,50.12,50.12,157166.66666666666,943000.0,105000.0,1,2026-07-29,Tỉnh Ninh Thuận,41.766666666666666,"HX8X+4RG, Đường Mười Sáu Tháng Tư, Phường Đông Hải, Tỉnh Khánh Hòa, Việt Nam -> Khánh Hòa",1,0.16666666666666666,False,0.0,0.05,1.0,0.0,1.5,23.38,70.19,19.36,32.07,0,1,2,0,0,ride_component_66,1,0,0.0,0,0,10.81,5.73,32.07,51.03,1.98,17.68,3.15,REPEATED_LOCKED_PAIR,Cap lap lai va phu thuoc bat thuong,Tai xe va khach hang di voi nhau nhieu lan va co muc do phu thuoc bat thuong so voi hanh vi thong thuong.,51.03,,,,,,
097434f1c5dc6b75,2d0608e865c62d66,6,0,7,6,xanh_premium,Thành phố Hồ Chí Minh,0.8571428571428571,1.0,0.0,xanh_premium|Thành phố Hồ Chí Minh,6.0,0.9999,0.3333333333333333,0.5,0.8571,0.3333,0.7857,0.8115,6.0,0.3333,True,0.6376,50.07,50.07,46166.666666666664,277000.0,33000.0,1,2026-07-29,Thành phố Hồ Chí Minh,8.116666666666667,"280 Đường Vành Đai Trong, Phường An Lạc, Thành phố Hồ Chí Minh -> Bình Trị Đông B, Bình Tân, Hồ Chí Minh",1,0.16666666666666666,False,0.0,0.5606,0.3333,0.2222,21.26,34.23,40.9,28.57,31.65,0,1,2,1,0,ride_component_67,1,0,0.0,0,0,12.55,7.39,31.65,50.98,25.03,27.89,4.06,REPEATED_LOCKED_PAIR,Cap lap lai va phu thuoc bat thuong,Tai xe va khach hang di voi nhau nhieu lan va co muc do phu thuoc bat thuong so voi hanh vi thong thuong.,50.98,,,,,,
3b60cbaafc02bdb9,9847b4d93c17c5f9,6,0,7,7,xanh_premium,Tỉnh Thanh Hóa,0.8571428571428571,0.8571428571428571,0.0,xanh_premium|Tỉnh Thanh Hóa,6.0,1.0,0.3333333333333333,0.3333333333333333,0.8571,0.3333,0.7857,0.8115,6.0,0.3333,True,0.6376,50.07,50.07,124833.33333333333,749000.0,120000.0,1,2026-07-29,Tỉnh Thanh Hóa,59.56666666666667,"Lô 2, KP.1, Tt.Tân Phong, H.Quảng Xương, Thanh Hóa, 40000, Vietnam -> Phường Quảng Phú, Tỉnh Thanh Hóa, Việt Nam",1,0.16666666666666666,False,0.0,0.05,1.0,0.0,1.5,23.36,68.47,18.77,31.2,0,1,0,0,0,ride_component_68,1,0,0.0,0,0,5.4,2.86,31.2,50.98,1.98,17.68,1.57,REPEATED_LOCKED_PAIR,Cap lap lai va phu thuoc bat thuong,Tai xe va khach hang di voi nhau nhieu lan va co muc do phu thuoc bat thuong so voi hanh vi thong thuong.,50.98,,,,,,
8397bdba08f52473,ceafc6827726a992,6,0,6,7,xanh_car,Tỉnh Thái Bình,1.0,0.8571428571428571,0.0,xanh_car|Tỉnh Thái Bình,6.0,1.0,0.5,0.3333333333333333,0.8571,0.3333,0.7857,0.8115,6.0,0.3333,True,0.6376,50.07,50.07,28000.0,168000.0,10000.0,1,2026-07-29,Tỉnh Thái Bình,7.066666666666666,"Hưng Yên -> Vũ Thư, Thái Bình, Huyện Vũ Thư, Tỉnh Thái Bình, VNM",2,0.3333333333333333,False,0.0,0.6351,1.0,0.0,19.05,33.01,27.97,27.56,27.66,0,2,1,1,0,ride_component_69,1,0,0.0,0,0,12.55,7.31,27.66,50.98,25.08,38.55,4.02,REPEATED_LOCKED_PAIR,Cap lap lai va phu thuoc bat thuong,Tai xe va khach hang di voi nhau nhieu lan va co muc do phu thuoc bat thuong so voi hanh vi thong thuong.,50.98,,,,,,
4ca9efdf4aec5e82,810bf608648060b8,5,5,5,5,xanh_premium,Tỉnh Đồng Tháp,1.0,1.0,1.0,xanh_premium|Tỉnh Đồng Tháp,10.970000000000027,0.9737,0.5,0.5,1.0,0.5,1.0,0.7472,6.0,0.1519,False,0.7472,47.93,47.93,84000.0,420000.0,0.0,1,2026-07-29,Tỉnh Đồng Tháp,1.55,"Cao Lãnh, Đồng Tháp -> Phường Mỹ Trà, Tỉnh Đồng Tháp, Việt Nam",5,1.0,True,1.0,0.9638,1.0,0.0,78.92,64.97,29.08,52.29,46.49,0,0,0,0,0,ride_component_70,1,0,0.0,0,0,0.0,0.0,46.49,49.72,85.57,76.22,0.0,GHOST_TRIP_EXECUTION_PATTERN,Mau thuc thi ghost trip,"Cap nay co dau hieu thuc thi ghost trip, voi nhieu chuyen nghi ngo gia lap hoac quay dau phi thuc te.",85.57,Mau thuc thi ghost trip,KB-C_HIGH_GHOST_RATE,GHOST_TRIP_EXECUTION_PATTERN,Mau thuc thi ghost trip,"Cap nay co dau hieu thuc thi ghost trip, voi nhieu chuyen nghi ngo gia lap hoac quay dau phi thuc te.",85.57
a7647b9a93aa0d10,215ff117173a3f78,4,3,5,4,xanhsm_bike_sg,Thành phố Hồ Chí Minh,0.8,1.0,0.75,xanhsm_bike_sg|Thành phố Hồ Chí Minh,3.0,1.0,0.3333333333333333,0.5,0.8,0.3333,0.7,0.6712,6.0,0.4444,True,0.4698,45.84,45.84,42750.0,171000.0,28000.0,1,2026-07-29,Thành phố Hồ Chí Minh,34.65,"Phường An Phú Đông, Thành phố Hồ Chí Minh, Việt Nam -> 742/10 Đường Nguyễn Kiệm, Phường Đức Nhuận, Thành phố Hồ Chí Minh, Việt Nam",2,0.5,True,0.75,0.15,1.0,0.0,42.0,43.73,36.35,35.63,35.81,0,1,0,0,0,ride_component_71,1,0,0.0,0,0,5.4,3.44,35.81,45.92,41.55,29.92,1.89,GHOST_TRIP_EXECUTION_PATTERN,Mau thuc thi ghost trip,"Cap nay co dau hieu thuc thi ghost trip, voi nhieu chuyen nghi ngo gia lap hoac quay dau phi thuc te.",41.55,Mau thuc thi ghost trip,KB-C_HIGH_GHOST_RATE,GHOST_TRIP_EXECUTION_PATTERN,Mau thuc thi ghost trip,"Cap nay co dau hieu thuc thi ghost trip, voi nhieu chuyen nghi ngo gia lap hoac quay dau phi thuc te.",41.55
5550465e49148cd9,43215367f30e9850,5,4,6,5,xanh_limo_6_cho,Tỉnh Long An,0.8333333333333334,1.0,0.8,xanh_limo_6_cho|Tỉnh Long An,5.0,1.0,0.3333333333333333,0.5,0.8333,0.3333,0.75,0.7472,6.0,0.3333,True,0.5604,45.82,45.82,45400.0,227000.0,5000.0,1,2026-07-29,Tỉnh Long An,84.53333333333333,"111 Đường Trần Văn Trà, Thị trấn Thạnh Hóa, Huyện Thạnh Hóa, Tỉnh Long An, Việt Nam -> Xã Thạnh Hóa, Tỉnh Tây Ninh, Việt Nam",1,0.2,True,0.8,0.06,0.5,0.1666,45.13,45.44,29.4,37.04,35.13,0,1,0,0,0,ride_component_72,1,0,0.0,0,0,5.4,3.49,35.13,46.5,42.53,22.56,1.92,GHOST_TRIP_EXECUTION_PATTERN,Mau thuc thi ghost trip,"Cap nay co dau hieu thuc thi ghost trip, voi nhieu chuyen nghi ngo gia lap hoac quay dau phi thuc te.",42.53,Mau thuc thi ghost trip,KB-C_HIGH_GHOST_RATE,GHOST_TRIP_EXECUTION_PATTERN,Mau thuc thi ghost trip,"Cap nay co dau hieu thuc thi ghost trip, voi nhieu chuyen nghi ngo gia lap hoac quay dau phi thuc te.",42.53
92471f28a815792a,b3daa25218eb2dfc,5,4,6,5,xanh_car,Thành phố Hà Nội,0.8333333333333334,1.0,0.8,xanh_car|Thành phố Hà Nội,5.0,0.9999,0.3333333333333333,0.5,0.8333,0.3333,0.75,0.7472,6.0,0.3333,True,0.5604,45.82,45.82,32400.0,162000.0,0.0,1,2026-07-29,Thành phố Hà Nội,1.7333333333333334,"Đại Dương, Vinhomes Ocean Park, Xã Gia Lâm, Thành phố Hà Nội, VNM -> Căn 2A, SP02-02, 2 Đường San Hô, Vinhomes Ocean Park, Gia Lâm, Hà Nội, Việt Nam",4,0.8,True,0.8,0.8996,0.1667,0.2778,72.54,60.52,23.55,49.47,42.99,1,0,0,0,0,ride_component_73,1,0,0.0,0,0,5.4,3.93,42.99,46.5,77.14,64.05,2.16,GHOST_TRIP_EXECUTION_PATTERN,Mau thuc thi ghost trip,"Cap nay co dau hieu thuc thi ghost trip, voi nhieu chuyen nghi ngo gia lap hoac quay dau phi thuc te.",77.14,Mau thuc thi ghost trip,KB-C_HIGH_GHOST_RATE,GHOST_TRIP_EXECUTION_PATTERN,Mau thuc thi ghost trip,"Cap nay co dau hieu thuc thi ghost trip, voi nhieu chuyen nghi ngo gia lap hoac quay dau phi thuc te.",77.14
e3b4187e59c3f0bf,95d8a21d98964d66,6,3,8,6,xanh_car,Tỉnh Nam Định,0.75,1.0,0.5,xanh_car|Tỉnh Nam Định,6.729400000000169,0.9996,0.3333333333333333,0.5,0.75,0.3333,0.625,0.8115,6.0,0.2972,False,0.5072,41.27,41.27,139333.33333333334,836000.0,108000.0,1,2026-07-29,Tỉnh Nam Định,31.716666666666665,"Ninh Binh City, 7000 -> Giao Thuỷ, Nam Định",1,0.16666666666666666,True,0.5,0.05,0.5,0.1486,29.47,34.78,67.91,28.71,38.51,0,1,1,0,0,ride_component_74,1,0,0.0,0,0,8.57,5.0,38.51,41.9,27.66,21.36,2.75,GHOST_TRIP_EXECUTION_PATTERN,Mau thuc thi ghost trip,"Cap nay co dau hieu thuc thi ghost trip, voi nhieu chuyen nghi ngo gia lap hoac quay dau phi thuc te.",27.66,Mau thuc thi ghost trip,KB-C_HIGH_GHOST_RATE,GHOST_TRIP_EXECUTION_PATTERN,Mau thuc thi ghost trip,"Cap nay co dau hieu thuc thi ghost trip, voi nhieu chuyen nghi ngo gia lap hoac quay dau phi thuc te.",27.66
590bdf54de4d3902,711a624edf8af675,6,6,8,6,xanh_car,Tỉnh Quảng Ngãi,0.75,1.0,1.0,xanh_car|Tỉnh Quảng Ngãi,9.139999999999418,0.9995,0.25,0.5,0.75,0.25,0.6667,0.8115,6.0,0.2188,False,0.541,39.6,39.6,41833.333333333336,251000.0,29000.0,1,2026-07-29,Tỉnh Quảng Ngãi,50.483333333333334,"KĐT Ngọc Bảo Viên, Phường Cẩm Thành, Tỉnh Quảng Ngãi, Việt Nam -> Phường Cẩm Thành, Tỉnh Quảng Ngãi, Việt Nam",1,0.16666666666666666,True,1.0,0.05,0.25,0.1641,54.78,47.95,36.49,39.92,39.06,0,1,2,0,0,ride_component_75,1,0,0.0,0,0,10.81,7.06,39.06,40.57,51.61,26.11,3.88,GHOST_TRIP_EXECUTION_PATTERN,Mau thuc thi ghost trip,"Cap nay co dau hieu thuc thi ghost trip, voi nhieu chuyen nghi ngo gia lap hoac quay dau phi thuc te.",51.61,Mau thuc thi ghost trip,KB-C_HIGH_GHOST_RATE,GHOST_TRIP_EXECUTION_PATTERN,Mau thuc thi ghost trip,"Cap nay co dau hieu thuc thi ghost trip, voi nhieu chuyen nghi ngo gia lap hoac quay dau phi thuc te.",51.61
c6963e8e70b25ecd,92f5b10955f7b62e,5,3,6,6,xanh_car,Tỉnh Quảng Ngãi,0.8333333333333334,0.8333333333333334,0.6,xanh_car|Tỉnh Quảng Ngãi,9.139999999999418,0.9981,0.3333333333333333,0.3333333333333333,0.8333,0.3333,0.75,0.7472,6.0,0.1823,False,0.5604,39.03,39.03,166800.0,834000.0,80000.0,1,2026-07-29,Tỉnh Quảng Ngãi,82.28333333333333,"H.Bình Sơn, Quảng Ngãi, Binh Minh Commune -> Tịnh Phong, Sơn Tịnh, Quảng Ngãi",1,0.2,True,0.6,0.06,0.75,0.0456,32.71,35.55,60.49,29.01,36.88,0,0,0,1,0,ride_component_76,1,0,0.0,0,0,5.4,3.16,36.88,40.16,31.46,20.05,1.74,GHOST_TRIP_EXECUTION_PATTERN,Mau thuc thi ghost trip,"Cap nay co dau hieu thuc thi ghost trip, voi nhieu chuyen nghi ngo gia lap hoac quay dau phi thuc te.",31.46,Mau thuc thi ghost trip,KB-C_HIGH_GHOST_RATE,GHOST_TRIP_EXECUTION_PATTERN,Mau thuc thi ghost trip,"Cap nay co dau hieu thuc thi ghost trip, voi nhieu chuyen nghi ngo gia lap hoac quay dau phi thuc te.",31.46
2a4ca5a561e3e31e,739e2aff98e4a16f,4,2,5,4,xanh_car,Tỉnh Bình Dương,0.8,1.0,0.5,xanh_car|Tỉnh Bình Dương,5.0,0.9995,0.3333333333333333,0.5,0.8,0.3333,0.7,0.6712,6.0,0.2667,False,0.4698,37.84,37.84,136250.0,545000.0,61000.0,1,2026-07-29,Tỉnh Bình Dương,157.63333333333333,"7QFM+VP6, ĐH502, Xã Phước Hòa, Thành phố Hồ Chí Minh, Việt Nam -> Đường Võ Nguyên Giáp, Phường Bình Dương, Thành phố Hồ Chí Minh, Việt Nam",1,0.25,True,0.5,0.075,0.25,0.2,31.25,34.22,51.37,27.31,33.32,0,0,0,0,0,ride_component_77,1,0,0.0,0,0,0.0,0.0,33.32,38.45,29.31,17.28,0.0,GHOST_TRIP_EXECUTION_PATTERN,Mau thuc thi ghost trip,"Cap nay co dau hieu thuc thi ghost trip, voi nhieu chuyen nghi ngo gia lap hoac quay dau phi thuc te.",29.31,Mau thuc thi ghost trip,KB-C_HIGH_GHOST_RATE,GHOST_TRIP_EXECUTION_PATTERN,Mau thuc thi ghost trip,"Cap nay co dau hieu thuc thi ghost trip, voi nhieu chuyen nghi ngo gia lap hoac quay dau phi thuc te.",29.31
8bf250d1d2c80b96,f8dfbcfc81b1a598,4,2,5,4,xanh_limo_6_cho,Tỉnh Long An,0.8,1.0,0.5,xanh_limo_6_cho|Tỉnh Long An,5.0,0.9915,0.3333333333333333,0.5,0.8,0.3333,0.7,0.6712,6.0,0.2667,False,0.4698,37.84,37.84,190000.0,760000.0,92000.0,1,2026-07-29,Tỉnh Long An,35.68333333333333,"62 Đường Hùng Vương nối dài, Phường Long An, Tỉnh Tây Ninh, Việt Nam -> Luyện, Ho Chi Minh City, 82000",1,0.25,True,0.5,0.075,1.0,0.0,27.25,32.02,62.22,31.36,39.08,0,0,1,2,0,ride_component_27,2,1,1.0,2,1,51.85,29.25,39.08,38.45,26.71,17.28,38.59,GHOST_TRIP_EXECUTION_PATTERN,Mau thuc thi ghost trip,"Cap nay co dau hieu thuc thi ghost trip, voi nhieu chuyen nghi ngo gia lap hoac quay dau phi thuc te.",26.71,Mau thuc thi ghost trip,KB-C_HIGH_GHOST_RATE,GHOST_TRIP_EXECUTION_PATTERN,Mau thuc thi ghost trip,"Cap nay co dau hieu thuc thi ghost trip, voi nhieu chuyen nghi ngo gia lap hoac quay dau phi thuc te.",26.71
92acbc3b41d2c2ee,29e39b5f0ca2fdb1,4,3,5,4,xanh_limo_6_cho,Tỉnh Kiên Giang,0.8,1.0,0.75,xanh_limo_6_cho|Tỉnh Kiên Giang,5.900499999999965,0.996,0.3333333333333333,0.5,0.8,0.3333,0.7,0.6712,6.0,0.226,False,0.4698,36.01,36.01,168000.0,672000.0,32000.0,1,2026-07-29,Tỉnh Kiên Giang,21.783333333333335,"254 Đường Nguyễn Trung Trực, Đặc khu Phú Quốc, Tỉnh An Giang, Việt Nam -> Nguyễn Trung Trực, Dương Đông, tỉnh Kiên Giang, Đặc khu Phú Quốc, Tỉnh An Giang, Việt Nam",2,0.5,True,0.75,0.3417,1.0,0.0,47.75,42.47,47.29,34.09,37.39,0,0,0,0,0,ride_component_78,1,0,0.0,0,0,0.0,0.0,37.39,36.74,49.12,31.49,0.0,GHOST_TRIP_EXECUTION_PATTERN,Mau thuc thi ghost trip,"Cap nay co dau hieu thuc thi ghost trip, voi nhieu chuyen nghi ngo gia lap hoac quay dau phi thuc te.",49.12,Mau thuc thi ghost trip,KB-C_HIGH_GHOST_RATE,GHOST_TRIP_EXECUTION_PATTERN,Mau thuc thi ghost trip,"Cap nay co dau hieu thuc thi ghost trip, voi nhieu chuyen nghi ngo gia lap hoac quay dau phi thuc te.",49.12
02661eba28d6ccb7,1f24da76796a531d,4,4,5,4,xanh_premium,Tỉnh Quảng Nam,0.8,1.0,1.0,xanh_premium|Tỉnh Quảng Nam,6.0,0.9949,0.3333333333333333,0.5,0.8,0.3333,0.7,0.6712,6.0,0.2222,False,0.4698,35.84,35.84,212500.0,850000.0,122000.0,1,2026-07-29,Tỉnh Quảng Nam,34.03333333333333,"Block Ha My, Phường Hội An, Thành phố Đà Nẵng, Việt Nam -> 10B Đường Trần Hưng Đạo, Phường Hội An, Thành phố Đà Nẵng, Việt Nam",1,0.25,True,1.0,0.075,1.0,0.0,52.25,44.87,69.29,37.42,45.39,0,2,0,1,0,ride_component_79,1,0,0.0,0,0,10.81,6.83,45.39,36.58,50.46,20.42,3.76,GHOST_TRIP_EXECUTION_PATTERN,Mau thuc thi ghost trip,"Cap nay co dau hieu thuc thi ghost trip, voi nhieu chuyen nghi ngo gia lap hoac quay dau phi thuc te.",50.46,Mau thuc thi ghost trip,KB-C_HIGH_GHOST_RATE,GHOST_TRIP_EXECUTION_PATTERN,Mau thuc thi ghost trip,"Cap nay co dau hieu thuc thi ghost trip, voi nhieu chuyen nghi ngo gia lap hoac quay dau phi thuc te.",50.46
9b44fe56e1ed7703,00dec2344ef326bf,4,4,6,4,xanh_premium,Tỉnh Hà Nam,0.6666666666666666,1.0,1.0,xanh_premium|Tỉnh Hà Nam,4.0,1.0,0.25,0.5,0.6667,0.25,0.5556,0.6712,6.0,0.3333,True,0.3729,35.51,35.51,34000.0,136000.0,7000.0,1,2026-07-29,Tỉnh Hà Nam,3.8833333333333333,"Thôn Đò, Xã Tân Thanh, Tỉnh Ninh Bình, Việt Nam -> Phường Châu Sơn, Tỉnh Ninh Bình, Việt Nam",4,1.0,True,1.0,0.9094,1.0,0.0,77.28,58.48,25.32,48.41,42.64,0,2,0,0,0,ride_component_80,1,0,0.0,0,0,8.57,6.05,42.64,35.63,83.42,59.01,3.33,GHOST_TRIP_EXECUTION_PATTERN,Mau thuc thi ghost trip,"Cap nay co dau hieu thuc thi ghost trip, voi nhieu chuyen nghi ngo gia lap hoac quay dau phi thuc te.",83.42,Mau thuc thi ghost trip,KB-C_HIGH_GHOST_RATE,GHOST_TRIP_EXECUTION_PATTERN,Mau thuc thi ghost trip,"Cap nay co dau hieu thuc thi ghost trip, voi nhieu chuyen nghi ngo gia lap hoac quay dau phi thuc te.",83.42
d26cb90fab59d2fb,7a0b51a791536acf,6,3,12,6,xanh_premium,Tỉnh Đồng Nai,0.5,1.0,0.5,xanh_premium|Tỉnh Đồng Nai,5.705300000000079,1.0,0.14285714285714285,0.5,0.5,0.1429,0.4167,0.8115,6.0,0.3506,True,0.3381,34.37,34.37,139500.0,837000.0,22000.0,1,2026-07-29,Tỉnh Đồng Nai,58.53333333333333,"Phường Tam Hiệp, Tỉnh Đồng Nai, Việt Nam -> 19 Đ. Hùng Vương, Xã Trảng Bom, Tỉnh Đồng Nai, Việt Nam",1,0.16666666666666666,True,0.5,0.05,1.0,0.0,26.5,30.04,51.94,24.9,31.66,0,2,0,0,0,ride_component_81,1,0,0.0,0,0,8.57,4.71,31.66,34.33,25.73,20.32,2.59,GHOST_TRIP_EXECUTION_PATTERN,Mau thuc thi ghost trip,"Cap nay co dau hieu thuc thi ghost trip, voi nhieu chuyen nghi ngo gia lap hoac quay dau phi thuc te.",25.73,Mau thuc thi ghost trip,KB-C_HIGH_GHOST_RATE,GHOST_TRIP_EXECUTION_PATTERN,Mau thuc thi ghost trip,"Cap nay co dau hieu thuc thi ghost trip, voi nhieu chuyen nghi ngo gia lap hoac quay dau phi thuc te.",25.73
c96bcf5aae68974c,d49232163ae3fa7e,4,4,5,6,xanh_car,Tỉnh Tuyên Quang,0.8,0.6666666666666666,1.0,xanh_car|Tỉnh Tuyên Quang,3.9312999999999647,1.0,0.3333333333333333,0.3333333333333333,0.6667,0.3333,0.5,0.6712,6.0,0.3392,True,0.3356,33.72,33.72,247000.0,988000.0,0.0,1,2026-07-29,Tỉnh Tuyên Quang,88.35,"199 Quốc lộ 2, Xã Hàm Yên, Tỉnh Tuyên Quang, Việt Nam -> Thái Sơn, Tuyên Quang, Việt Nam",1,0.25,True,1.0,0.075,1.0,0.0,52.25,43.91,45.48,35.99,38.36,0,0,1,0,0,ride_component_82,1,0,0.0,0,0,5.4,3.37,38.36,33.71,50.46,20.21,1.85,GHOST_TRIP_EXECUTION_PATTERN,Mau thuc thi ghost trip,"Cap nay co dau hieu thuc thi ghost trip, voi nhieu chuyen nghi ngo gia lap hoac quay dau phi thuc te.",50.46,Mau thuc thi ghost trip,KB-C_HIGH_GHOST_RATE,GHOST_TRIP_EXECUTION_PATTERN,Mau thuc thi ghost trip,"Cap nay co dau hieu thuc thi ghost trip, voi nhieu chuyen nghi ngo gia lap hoac quay dau phi thuc te.",50.46
6c6f744ff92fe7f4,18e8747bef4275ef,4,3,5,4,xanh_car,Tỉnh Phú Yên,0.8,1.0,0.75,xanh_car|Tỉnh Phú Yên,7.843299999999999,0.9962,0.3333333333333333,0.5,0.8,0.3333,0.7,0.6712,6.0,0.17,False,0.4698,33.49,33.49,129500.0,518000.0,76000.0,1,2026-07-29,Tỉnh Phú Yên,26.9,"Phường Hòa Hiệp, Tỉnh Đắk Lắk, Việt Nam -> Phường Đông Hòa, Tỉnh Đắk Lắk, Việt Nam",1,0.25,True,0.75,0.1473,0.5,0.085,43.62,39.06,52.28,31.35,36.58,0,0,0,0,0,ride_component_83,1,0,0.0,0,0,0.0,0.0,36.58,34.39,42.55,19.48,0.0,GHOST_TRIP_EXECUTION_PATTERN,Mau thuc thi ghost trip,"Cap nay co dau hieu thuc thi ghost trip, voi nhieu chuyen nghi ngo gia lap hoac quay dau phi thuc te.",42.55,Mau thuc thi ghost trip,KB-C_HIGH_GHOST_RATE,GHOST_TRIP_EXECUTION_PATTERN,Mau thuc thi ghost trip,"Cap nay co dau hieu thuc thi ghost trip, voi nhieu chuyen nghi ngo gia lap hoac quay dau phi thuc te.",42.55
93334b96b1fd720f,fe44413f1f1c09ff,4,3,5,4,xanh_car,Tỉnh Quảng Ngãi,0.8,1.0,0.75,xanh_car|Tỉnh Quảng Ngãi,9.139999999999418,0.9963,0.3333333333333333,0.5,0.8,0.3333,0.7,0.6712,6.0,0.1459,False,0.4698,32.4,32.4,217250.0,869000.0,68000.0,1,2026-07-29,Tỉnh Quảng Ngãi,129.65,"24B Quốc lộ 1A, Xã Cây Trúc, Ngã Ba, Xã Trường Giang, Tỉnh Quảng Ngãi, Việt Nam -> Phường Trương Quang Trọng, Tỉnh Quảng Ngãi, Việt Nam",1,0.25,True,0.75,0.075,1.0,0.0,39.75,36.44,59.03,30.49,37.62,0,1,2,0,0,ride_component_84,1,0,0.0,0,0,10.81,6.3,37.62,33.37,38.59,18.41,3.46,GHOST_TRIP_EXECUTION_PATTERN,Mau thuc thi ghost trip,"Cap nay co dau hieu thuc thi ghost trip, voi nhieu chuyen nghi ngo gia lap hoac quay dau phi thuc te.",38.59,Mau thuc thi ghost trip,KB-C_HIGH_GHOST_RATE,GHOST_TRIP_EXECUTION_PATTERN,Mau thuc thi ghost trip,"Cap nay co dau hieu thuc thi ghost trip, voi nhieu chuyen nghi ngo gia lap hoac quay dau phi thuc te.",38.59
c7ab40c1165db3a7,36aaa8dd850a90f2,5,4,7,8,xanh_premium,Tỉnh Khánh Hòa,0.7142857142857143,0.625,0.8,xanh_premium|Tỉnh Khánh Hòa,6.545399999999972,0.9996,0.25,0.3333333333333333,0.625,0.25,0.5,0.7472,6.0,0.2546,False,0.3736,32.01,32.01,39000.0,195000.0,8000.0,1,2026-07-29,Tỉnh Khánh Hòa,1.7166666666666666,"9 Đường 23 Tháng 10, Xã Diên Khánh, Tỉnh Khánh Hòa, Việt Nam -> Phường Tây Nha Trang, Tỉnh Khánh Hòa, Việt Nam",1,0.2,True,0.8,0.7199,0.5,0.1273,64.14,49.68,27.94,41.19,37.88,0,1,1,0,0,ride_component_85,1,0,0.0,0,0,8.57,5.61,37.88,32.36,68.09,31.83,3.09,GHOST_TRIP_EXECUTION_PATTERN,Mau thuc thi ghost trip,"Cap nay co dau hieu thuc thi ghost trip, voi nhieu chuyen nghi ngo gia lap hoac quay dau phi thuc te.",68.09,Mau thuc thi ghost trip,KB-C_HIGH_GHOST_RATE,GHOST_TRIP_EXECUTION_PATTERN,Mau thuc thi ghost trip,"Cap nay co dau hieu thuc thi ghost trip, voi nhieu chuyen nghi ngo gia lap hoac quay dau phi thuc te.",68.09
5e1375169a59617b,a9a2f493c3290054,5,5,20,5,xanhsm_bike_hn,Thành phố Hà Nội,0.25,1.0,1.0,xanhsm_bike_hn|Thành phố Hà Nội,3.0,1.0,0.1111111111111111,0.5,0.25,0.1111,0.1563,0.7472,6.0,0.5556,True,0.1168,31.43,31.43,14800.0,74000.0,6000.0,1,2026-07-29,Thành phố Hà Nội,1.1666666666666667,"Phường Xuân Đỉnh, Thành Phố Hà Nội, Việt Nam -> 399 Đường Phạm Văn Đồng, Phường Xuân Đỉnh, Thành Phố Hà Nội, Việt Nam",1,0.2,True,1.0,0.7328,0.5,0.2778,77.54,56.79,26.92,54.86,47.88,0,0,1,3,3,ride_component_86,2,1,1.0,3,1,64.76,44.85,47.88,30.11,80.06,33.64,52.17,GHOST_TRIP_EXECUTION_PATTERN,Mau thuc thi ghost trip,"Cap nay co dau hieu thuc thi ghost trip, voi nhieu chuyen nghi ngo gia lap hoac quay dau phi thuc te.",80.06,Mau thuc thi ghost trip,KB-C_HIGH_GHOST_RATE,GHOST_TRIP_EXECUTION_PATTERN,Mau thuc thi ghost trip,"Cap nay co dau hieu thuc thi ghost trip, voi nhieu chuyen nghi ngo gia lap hoac quay dau phi thuc te.",80.06
5e1375169a59617b,f73d51571f8f15e5,5,5,20,5,xanhsm_bike_hn,Thành phố Hà Nội,0.25,1.0,1.0,xanhsm_bike_hn|Thành phố Hà Nội,3.0,1.0,0.1111111111111111,0.5,0.25,0.1111,0.1563,0.7472,6.0,0.5556,True,0.1168,31.43,31.43,14800.0,74000.0,4000.0,1,2026-07-29,Thành phố Hà Nội,0.48333333333333334,"Phường Xuân Đỉnh, Thành Phố Hà Nội, Việt Nam -> Phường Nghĩa Đô, Thành Phố Hà Nội, Việt Nam",2,0.4,True,1.0,0.8087,0.5,0.2778,79.82,58.04,25.88,55.98,48.46,0,0,1,3,3,ride_component_86,2,1,1.0,3,1,64.76,45.3,48.46,30.11,83.06,44.07,52.42,GHOST_TRIP_EXECUTION_PATTERN,Mau thuc thi ghost trip,"Cap nay co dau hieu thuc thi ghost trip, voi nhieu chuyen nghi ngo gia lap hoac quay dau phi thuc te.",83.06,Mau thuc thi ghost trip,KB-C_HIGH_GHOST_RATE,GHOST_TRIP_EXECUTION_PATTERN,Mau thuc thi ghost trip,"Cap nay co dau hieu thuc thi ghost trip, voi nhieu chuyen nghi ngo gia lap hoac quay dau phi thuc te.",83.06
70e6be43ef2f72ee,0c8f7f6584f62bfc,5,5,20,5,xanhsm_bike_sg,Thành phố Hồ Chí Minh,0.25,1.0,1.0,xanhsm_bike_sg|Thành phố Hồ Chí Minh,3.0,1.0,0.1111111111111111,0.5,0.25,0.1111,0.1563,0.7472,6.0,0.5556,True,0.1168,31.43,31.43,31600.0,158000.0,27000.0,1,2026-07-29,Thành phố Hồ Chí Minh,1.3333333333333333,"Phường Tam Bình, Thành phố Hồ Chí Minh, Việt Nam -> Khu phố 4, Tam Bình, Thủ Đức, Hồ Chí Minh",2,0.4,True,1.0,0.7889,0.8333,0.0926,75.52,55.68,37.42,46.16,43.97,0,1,1,0,0,ride_component_87,1,0,0.0,0,0,8.57,5.88,43.97,30.11,79.87,43.74,3.23,GHOST_TRIP_EXECUTION_PATTERN,Mau thuc thi ghost trip,"Cap nay co dau hieu thuc thi ghost trip, voi nhieu chuyen nghi ngo gia lap hoac quay dau phi thuc te.",79.87,Mau thuc thi ghost trip,KB-C_HIGH_GHOST_RATE,GHOST_TRIP_EXECUTION_PATTERN,Mau thuc thi ghost trip,"Cap nay co dau hieu thuc thi ghost trip, voi nhieu chuyen nghi ngo gia lap hoac quay dau phi thuc te.",79.87
70e6be43ef2f72ee,f0de9b54817b4337,5,3,20,5,xanhsm_bike_sg,Thành phố Hồ Chí Minh,0.25,1.0,0.6,xanhsm_bike_sg|Thành phố Hồ Chí Minh,3.0,1.0,0.1111111111111111,0.5,0.25,0.1111,0.1563,0.7472,6.0,0.5556,True,0.1168,31.43,31.43,17600.0,88000.0,12000.0,1,2026-07-29,Thành phố Hồ Chí Minh,0.8333333333333334,"Phường Tam Bình, Thành phố Hồ Chí Minh, Việt Nam -> 240-242 Đường Phạm Văn Đồng, Phường Hiệp Bình, Thành phố Hồ Chí Minh, Việt Nam",1,0.2,True,0.6,0.7406,0.6667,0.1852,55.92,44.9,31.11,37.52,35.92,0,2,1,0,0,ride_component_88,1,0,0.0,0,0,10.81,6.79,35.92,30.11,60.16,30.44,3.73,GHOST_TRIP_EXECUTION_PATTERN,Mau thuc thi ghost trip,"Cap nay co dau hieu thuc thi ghost trip, voi nhieu chuyen nghi ngo gia lap hoac quay dau phi thuc te.",60.16,Mau thuc thi ghost trip,KB-C_HIGH_GHOST_RATE,GHOST_TRIP_EXECUTION_PATTERN,Mau thuc thi ghost trip,"Cap nay co dau hieu thuc thi ghost trip, voi nhieu chuyen nghi ngo gia lap hoac quay dau phi thuc te.",60.16
07b48acb0c535a99,0ec9b24ee8567597,9,9,26,16,xanh_limo_6_cho,Thành phố Hồ Chí Minh,0.34615384615384615,0.5625,1.0,xanh_limo_6_cho|Thành phố Hồ Chí Minh,8.294600000001083,1.0,0.09090909090909091,0.3333333333333333,0.3462,0.0909,0.2808,0.9603,6.0,0.3617,True,0.2696,31.1,31.1,120000.0,1080000.0,270000.0,1,2026-07-29,Thành phố Hồ Chí Minh,0.35,"1287 Đường Huỳnh Tấn Phát, Phường Phú Thuận, Thành phố Hồ Chí Minh, Việt Nam -> 92-94 nam kỳ khởi nghĩa, Phường Sài Gòn, Thành phố Hồ Chí Minh",7,0.7777777777777778,True,1.0,0.9252,1.0,0.0,77.76,56.76,81.31,47.06,55.62,0,1,0,1,0,ride_component_89,1,0,0.0,0,0,8.57,5.93,55.62,30.83,84.05,75.95,3.26,GHOST_TRIP_EXECUTION_PATTERN,Mau thuc thi ghost trip,"Cap nay co dau hieu thuc thi ghost trip, voi nhieu chuyen nghi ngo gia lap hoac quay dau phi thuc te.",84.05,Mau thuc thi ghost trip | Mau farming theo tuyen,KB-C_HIGH_GHOST_RATE | KB-C_SUPERFAST_GAP | KB-C_ROUTE_LOOP,GHOST_TRIP_EXECUTION_PATTERN,Mau thuc thi ghost trip,"Cap nay co dau hieu thuc thi ghost trip, voi nhieu chuyen nghi ngo gia lap hoac quay dau phi thuc te.",84.05
07b48acb0c535a99,70b7492cc2373735,9,9,26,9,xanh_limo_6_cho,Thành phố Hồ Chí Minh,0.34615384615384615,1.0,1.0,xanh_limo_6_cho|Thành phố Hồ Chí Minh,8.294600000001083,1.0,0.09090909090909091,0.5,0.3462,0.0909,0.2808,0.9603,6.0,0.3617,True,0.2696,31.1,31.1,115555.55555555556,1040000.0,230000.0,1,2026-07-29,Thành phố Hồ Chí Minh,0.36666666666666664,"2/1/1015 Huỳnh Tấn Phát, Phường Phú Thuận, Thành Phố Hồ Chí Minh, Việt Nam -> 92-94 nam kỳ khởi nghĩa, Phường Sài Gòn, Thành phố Hồ Chí Minh",5,0.5555555555555556,True,1.0,0.8581,0.75,0.0904,77.55,56.65,80.0,55.27,61.45,0,1,1,1,1,ride_component_90,2,1,1.0,4,1,68.59,47.43,61.45,30.83,82.57,62.38,58.59,GHOST_TRIP_EXECUTION_PATTERN,Mau thuc thi ghost trip,"Cap nay co dau hieu thuc thi ghost trip, voi nhieu chuyen nghi ngo gia lap hoac quay dau phi thuc te.",82.57,Cap lap lai va phu thuoc bat thuong | Mau thuc thi ghost trip,KB-C_EXTREME_VOLUME | KB-C_HIGH_GHOST_RATE | KB-C_SUPERFAST_GAP,GHOST_TRIP_EXECUTION_PATTERN,Mau thuc thi ghost trip,"Cap nay co dau hieu thuc thi ghost trip, voi nhieu chuyen nghi ngo gia lap hoac quay dau phi thuc te.",82.57
24ab3b2d4383bf19,8ca8435bc939559b,4,4,6,4,xanh_car,Tỉnh Bình Phước,0.6666666666666666,1.0,1.0,xanh_car|Tỉnh Bình Phước,5.836099999999988,0.9988,0.25,0.5,0.6667,0.25,0.5556,0.6712,6.0,0.2285,False,0.3729,30.79,30.79,119500.0,478000.0,21000.0,1,2026-07-29,Tỉnh Bình Phước,232.93333333333334,"Phường An Lộc, Tỉnh Đồng Nai, Việt Nam -> 405 Đường Nguyễn Huệ, Phường Bình Long, Thành phố Đồng Nai, Việt Nam",1,0.25,True,1.0,0.075,1.0,0.0,52.25,42.59,39.65,34.95,36.12,0,0,0,1,0,ride_component_91,1,0,0.0,0,0,5.4,3.32,36.12,31.22,50.46,19.91,1.83,GHOST_TRIP_EXECUTION_PATTERN,Mau thuc thi ghost trip,"Cap nay co dau hieu thuc thi ghost trip, voi nhieu chuyen nghi ngo gia lap hoac quay dau phi thuc te.",50.46,Mau thuc thi ghost trip,KB-C_HIGH_GHOST_RATE,GHOST_TRIP_EXECUTION_PATTERN,Mau thuc thi ghost trip,"Cap nay co dau hieu thuc thi ghost trip, voi nhieu chuyen nghi ngo gia lap hoac quay dau phi thuc te.",50.46
27837776ac87752e,7d58bfa7b079c685,4,2,5,5,xanh_premium,Tỉnh Quảng Ninh,0.8,0.8,0.5,xanh_premium|Tỉnh Quảng Ninh,12.183799999999565,0.999,0.3333333333333333,0.3333333333333333,0.8,0.3333,0.7,0.6712,6.0,0.1094,False,0.4698,30.76,30.76,121500.0,486000.0,45000.0,1,2026-07-29,Tỉnh Quảng Ninh,42.28333333333333,"Phường Móng Cái 1, Quảng Ninh -> Phường Móng Cái 1, Tỉnh Quảng Ninh, Việt Nam",2,0.5,True,0.5,0.15,0.6667,0.0365,30.23,30.47,44.65,25.31,30.14,0,2,0,0,0,ride_component_92,1,0,0.0,0,0,8.57,4.7,30.14,31.84,30.15,26.74,2.58,GHOST_TRIP_EXECUTION_PATTERN,Mau thuc thi ghost trip,"Cap nay co dau hieu thuc thi ghost trip, voi nhieu chuyen nghi ngo gia lap hoac quay dau phi thuc te.",30.15,Mau thuc thi ghost trip,KB-C_HIGH_GHOST_RATE,GHOST_TRIP_EXECUTION_PATTERN,Mau thuc thi ghost trip,"Cap nay co dau hieu thuc thi ghost trip, voi nhieu chuyen nghi ngo gia lap hoac quay dau phi thuc te.",30.15
5af27589af3bf642,c0a4e21d940b4893,4,4,7,4,xanh_car,Tỉnh Thái Nguyên,0.5714285714285714,1.0,1.0,xanh_car|Tỉnh Thái Nguyên,4.586599999999635,0.9998,0.2,0.5,0.5714,0.2,0.4643,0.6712,6.0,0.2907,False,0.3116,30.22,30.22,83250.0,333000.0,49000.0,1,2026-07-29,Tỉnh Thái Nguyên,68.13333333333334,"52 Đường Lê Quý Đôn, Xã Đồng Hỷ, Tỉnh Thái Nguyên, Việt Nam -> Đường Bắc Sơn, Phường Phan Đình Phùng, Tỉnh Thái Nguyên, Việt Nam",1,0.25,True,1.0,0.075,1.0,0.0,52.25,42.34,46.43,34.09,37.18,0,0,0,0,0,ride_component_93,1,0,0.0,0,0,0.0,0.0,37.18,30.28,50.46,19.86,0.0,GHOST_TRIP_EXECUTION_PATTERN,Mau thuc thi ghost trip,"Cap nay co dau hieu thuc thi ghost trip, voi nhieu chuyen nghi ngo gia lap hoac quay dau phi thuc te.",50.46,Mau thuc thi ghost trip,KB-C_HIGH_GHOST_RATE,GHOST_TRIP_EXECUTION_PATTERN,Mau thuc thi ghost trip,"Cap nay co dau hieu thuc thi ghost trip, voi nhieu chuyen nghi ngo gia lap hoac quay dau phi thuc te.",50.46
48d5a0452dfe0fdc,3467d851381a1cb3,4,2,7,4,xanh_car,Thành phố Đà Nẵng,0.5714285714285714,1.0,0.5,xanh_car|Thành phố Đà Nẵng,5.22269999999844,0.9998,0.2,0.5,0.5714,0.2,0.4643,0.6712,6.0,0.2553,False,0.3116,28.63,28.63,103750.0,415000.0,40000.0,1,2026-07-29,Thành phố Đà Nẵng,34.75,"Phường Hòa Cường, Thành phố Đà Nẵng, Việt Nam -> Phường Hải Châu, Thành phố Đà Nẵng, Việt Nam",1,0.25,True,0.5,0.075,1.0,0.0,27.25,27.87,43.68,29.06,32.71,1,0,3,3,0,ride_component_11,3,2,0.6667,2,2,63.71,33.89,32.71,28.8,26.71,16.36,40.31,COORDINATED_NETWORK_PATTERN,Mau lien ket theo mang,Cap nay khong dung mot minh ma nam trong mot nhom lien ket voi cac cap dang nghi khac.,40.31,Mau lien ket theo mang | Mau thuc thi ghost trip,KB-C_SUSPICIOUS_COMPONENT | KB-C_HIGH_GHOST_RATE,COORDINATED_NETWORK_PATTERN,Mau lien ket theo mang,Cap nay khong dung mot minh ma nam trong mot nhom lien ket voi cac cap dang nghi khac.,40.31
e9891eba8f1c5b20,1e3ad0f8ddf700e8,9,9,18,9,xanh_limo_6_cho,Tỉnh Bắc Ninh,0.5,1.0,1.0,xanh_limo_6_cho|Tỉnh Bắc Ninh,9.0,1.0,0.3333333333333333,0.5,0.5,0.3333,0.25,0.9603,6.0,0.3333,True,0.2401,28.2,28.2,37000.0,333000.0,0.0,1,2026-07-29,Tỉnh Bắc Ninh,0.6666666666666666,"Phường Vũ Ninh, Bắc Ninh -> Phường Vũ Ninh, Tỉnh Bắc Ninh, Việt Nam",5,0.5555555555555556,True,1.0,0.8511,1.0,0.0,75.53,54.23,31.36,52.46,47.18,0,0,2,2,2,ride_component_94,2,1,1.0,3,1,63.71,43.02,47.18,27.92,81.12,61.81,51.16,GHOST_TRIP_EXECUTION_PATTERN,Mau thuc thi ghost trip,"Cap nay co dau hieu thuc thi ghost trip, voi nhieu chuyen nghi ngo gia lap hoac quay dau phi thuc te.",81.12,Cap lap lai va phu thuoc bat thuong | Mau thuc thi ghost trip,KB-C_EXTREME_VOLUME | KB-C_HIGH_GHOST_RATE | KB-C_SUPERFAST_GAP,GHOST_TRIP_EXECUTION_PATTERN,Mau thuc thi ghost trip,"Cap nay co dau hieu thuc thi ghost trip, voi nhieu chuyen nghi ngo gia lap hoac quay dau phi thuc te.",81.12
e9891eba8f1c5b20,a3b605e8ec38399f,9,9,18,9,xanh_limo_6_cho,Tỉnh Bắc Ninh,0.5,1.0,1.0,xanh_limo_6_cho|Tỉnh Bắc Ninh,9.0,1.0,0.3333333333333333,0.5,0.5,0.3333,0.25,0.9603,6.0,0.3333,True,0.2401,28.2,28.2,37000.0,333000.0,0.0,1,2026-07-29,Tỉnh Bắc Ninh,0.65,"Phường Vũ Ninh, Tỉnh Bắc Ninh, Việt Nam -> Phường Vũ Ninh, Tỉnh Bắc Ninh, Việt Nam",6,0.6666666666666666,True,1.0,0.8848,1.0,0.0,76.54,54.79,31.36,52.96,47.56,0,0,2,2,2,ride_component_94,2,1,1.0,3,1,63.71,43.22,47.56,27.92,82.45,68.59,51.27,GHOST_TRIP_EXECUTION_PATTERN,Mau thuc thi ghost trip,"Cap nay co dau hieu thuc thi ghost trip, voi nhieu chuyen nghi ngo gia lap hoac quay dau phi thuc te.",82.45,Cap lap lai va phu thuoc bat thuong | Mau thuc thi ghost trip,KB-C_EXTREME_VOLUME | KB-C_HIGH_GHOST_RATE | KB-C_SUPERFAST_GAP,GHOST_TRIP_EXECUTION_PATTERN,Mau thuc thi ghost trip,"Cap nay co dau hieu thuc thi ghost trip, voi nhieu chuyen nghi ngo gia lap hoac quay dau phi thuc te.",82.45
0f1047106164e3ab,ff1a8f9af1bef878,4,2,9,4,xanh_car,Tỉnh Sóc Trăng,0.4444444444444444,1.0,0.5,xanh_car|Tỉnh Sóc Trăng,3.9470000000000027,1.0,0.14285714285714285,0.5,0.4444,0.1429,0.3519,0.6712,6.0,0.3378,True,0.2362,28.19,28.19,172750.0,691000.0,0.0,1,2026-07-29,Tỉnh Sóc Trăng,151.86666666666667,"Phường Phú Lợi, Thành phố Cần Thơ, Việt Nam -> Đường Tỉnh 933, Xã Tân Thạnh, Thành phố Cần Thơ, Việt Nam",2,0.5,True,0.5,0.15,1.0,0.0,29.5,28.91,38.72,23.72,27.47,0,0,1,0,0,ride_component_95,1,0,0.0,0,0,5.4,2.9,27.47,27.89,29.68,26.49,1.6,GHOST_TRIP_EXECUTION_PATTERN,Mau thuc thi ghost trip,"Cap nay co dau hieu thuc thi ghost trip, voi nhieu chuyen nghi ngo gia lap hoac quay dau phi thuc te.",29.68,Mau thuc thi ghost trip,KB-C_HIGH_GHOST_RATE,GHOST_TRIP_EXECUTION_PATTERN,Mau thuc thi ghost trip,"Cap nay co dau hieu thuc thi ghost trip, voi nhieu chuyen nghi ngo gia lap hoac quay dau phi thuc te.",29.68
7e921076b52814ff,5c9f7eca7f3538c6,4,2,6,5,xanh_car,Tỉnh Phú Yên,0.6666666666666666,0.8,0.5,xanh_car|Tỉnh Phú Yên,7.843299999999999,0.9962,0.25,0.3333333333333333,0.6667,0.25,0.5556,0.6712,6.0,0.17,False,0.3729,28.16,28.16,180750.0,723000.0,94000.0,1,2026-07-29,Tỉnh Phú Yên,44.416666666666664,"15 Đường Nguyễn Hữu Thọ, Phường Tuy Hòa, Tỉnh Đắk Lắk, Việt Nam -> Đắk Lắk",1,0.25,True,0.5,0.075,1.0,0.0,27.25,27.66,59.9,22.12,31.56,0,0,0,0,0,ride_component_96,1,0,0.0,0,0,0.0,0.0,31.56,28.77,26.71,16.32,0.0,GHOST_TRIP_EXECUTION_PATTERN,Mau thuc thi ghost trip,"Cap nay co dau hieu thuc thi ghost trip, voi nhieu chuyen nghi ngo gia lap hoac quay dau phi thuc te.",26.71,Mau thuc thi ghost trip,KB-C_HIGH_GHOST_RATE,GHOST_TRIP_EXECUTION_PATTERN,Mau thuc thi ghost trip,"Cap nay co dau hieu thuc thi ghost trip, voi nhieu chuyen nghi ngo gia lap hoac quay dau phi thuc te.",26.71
8890e9020d5fe840,a931c7ea7b3dd1a4,4,4,16,4,xanhsm_bike_sg,Thành phố Hồ Chí Minh,0.25,1.0,1.0,xanhsm_bike_sg|Thành phố Hồ Chí Minh,3.0,1.0,0.07142857142857142,0.5,0.25,0.0714,0.1923,0.6712,6.0,0.4444,True,0.1291,27.1,27.1,12000.0,48000.0,5000.0,1,2026-07-29,Thành phố Hồ Chí Minh,0.6333333333333333,"P.An Phú Đông, TP.Hồ Chí Minh, An Phu Dong Ward -> Đường Tô Ngọc Vân, Phường Thới An, Thành phố Hồ Chí Minh, Việt Nam",3,0.75,True,1.0,0.9102,0.1667,0.3703,84.71,58.79,23.27,48.36,42.09,0,1,0,0,0,ride_component_97,1,0,0.0,0,0,5.4,3.77,42.09,26.15,88.27,49.01,2.07,GHOST_TRIP_EXECUTION_PATTERN,Mau thuc thi ghost trip,"Cap nay co dau hieu thuc thi ghost trip, voi nhieu chuyen nghi ngo gia lap hoac quay dau phi thuc te.",88.27,Mau thuc thi ghost trip,KB-C_HIGH_GHOST_RATE,GHOST_TRIP_EXECUTION_PATTERN,Mau thuc thi ghost trip,"Cap nay co dau hieu thuc thi ghost trip, voi nhieu chuyen nghi ngo gia lap hoac quay dau phi thuc te.",88.27
242118b1762cf284,0503b6c28f039be5,4,2,8,4,xanh_premium,Tỉnh Nam Định,0.5,1.0,0.5,xanh_premium|Tỉnh Nam Định,5.0,0.9952,0.16666666666666666,0.5,0.5,0.1667,0.4,0.6712,6.0,0.2667,False,0.2685,26.77,26.77,67250.0,269000.0,23000.0,1,2026-07-29,Tỉnh Nam Định,35.95,"Phường Nam Định, Tỉnh Ninh Bình, Việt Nam -> Phường Nam Định, Tỉnh Ninh Bình, Việt Nam",2,0.5,True,0.5,0.15,1.0,0.0,29.5,28.27,36.95,23.79,27.08,0,2,1,0,0,ride_component_98,1,0,0.0,0,0,10.81,5.75,27.08,26.78,29.68,26.34,3.16,GHOST_TRIP_EXECUTION_PATTERN,Mau thuc thi ghost trip,"Cap nay co dau hieu thuc thi ghost trip, voi nhieu chuyen nghi ngo gia lap hoac quay dau phi thuc te.",29.68,Mau thuc thi ghost trip,KB-C_HIGH_GHOST_RATE,GHOST_TRIP_EXECUTION_PATTERN,Mau thuc thi ghost trip,"Cap nay co dau hieu thuc thi ghost trip, voi nhieu chuyen nghi ngo gia lap hoac quay dau phi thuc te.",29.68
88f273294e0f8aac,f953ea6da8fc32ab,4,3,7,4,xanh_car,Tỉnh Bà Rịa - Vũng Tàu,0.5714285714285714,1.0,0.75,xanh_car|Tỉnh Bà Rịa - Vũng Tàu,5.0,0.9991,0.3333333333333333,0.5,0.5714,0.3333,0.3571,0.6712,6.0,0.2667,False,0.2397,25.18,25.18,48000.0,192000.0,12000.0,1,2026-07-29,Tỉnh Bà Rịa - Vũng Tàu,96.63333333333334,"TL.52, Xã Đất Đỏ, Thành phố Hồ Chí Minh, Việt Nam -> ĐT 44A, Xã Phước Hải, Thành Phố Hồ Chí Minh, Việt Nam",1,0.25,True,0.75,0.075,0.25,0.2,43.75,35.39,29.37,29.11,29.18,0,1,0,0,0,ride_component_99,1,0,0.0,0,0,5.4,3.07,29.18,25.1,41.19,17.68,1.69,GHOST_TRIP_EXECUTION_PATTERN,Mau thuc thi ghost trip,"Cap nay co dau hieu thuc thi ghost trip, voi nhieu chuyen nghi ngo gia lap hoac quay dau phi thuc te.",41.19,Mau thuc thi ghost trip,KB-C_HIGH_GHOST_RATE,GHOST_TRIP_EXECUTION_PATTERN,Mau thuc thi ghost trip,"Cap nay co dau hieu thuc thi ghost trip, voi nhieu chuyen nghi ngo gia lap hoac quay dau phi thuc te.",41.19
e741b0f43cd412f4,8adbff30c33eebba,4,2,7,4,xanh_car,Tỉnh Khánh Hòa,0.5714285714285714,1.0,0.5,xanh_car|Tỉnh Khánh Hòa,8.0,0.9991,0.2,0.5,0.5714,0.2,0.4643,0.6712,6.0,0.1667,False,0.3116,24.64,24.64,90250.0,361000.0,43000.0,1,2026-07-29,Tỉnh Khánh Hòa,57.6,"Phường Bắc Cam Ranh, Tỉnh Khánh Hòa, Việt Nam -> Phường Bắc Cam Ranh, Tỉnh Khánh Hòa, Việt Nam",2,0.5,True,0.5,0.15,1.0,0.0,29.5,27.31,42.41,23.03,27.88,0,3,0,0,0,ride_component_100,1,0,0.0,0,0,10.81,5.67,27.88,25.07,29.68,26.13,3.12,GHOST_TRIP_EXECUTION_PATTERN,Mau thuc thi ghost trip,"Cap nay co dau hieu thuc thi ghost trip, voi nhieu chuyen nghi ngo gia lap hoac quay dau phi thuc te.",29.68,Mau thuc thi ghost trip,KB-C_HIGH_GHOST_RATE,GHOST_TRIP_EXECUTION_PATTERN,Mau thuc thi ghost trip,"Cap nay co dau hieu thuc thi ghost trip, voi nhieu chuyen nghi ngo gia lap hoac quay dau phi thuc te.",29.68
d69f6d6739baff20,26998ffcb290636b,7,4,18,7,xanh_premium,Thành phố Hà Nội,0.3888888888888889,1.0,0.5714285714285714,xanh_premium|Thành phố Hà Nội,6.843000000000757,0.9999,0.25,0.5,0.3889,0.25,0.1852,0.8672,6.0,0.341,True,0.1606,24.18,24.18,83142.85714285714,582000.0,0.0,1,2026-07-29,Thành phố Hà Nội,0.7333333333333333,Thành phố Hà Nội -> Thành phố Hà Nội,2,0.2857142857142857,True,0.5714,0.7686,0.5,0.1705,55.04,41.15,36.63,40.35,39.42,0,0,1,1,1,ride_component_1,2,1,1.0,3,1,59.35,35.6,39.42,23.64,59.72,40.43,47.08,GHOST_TRIP_EXECUTION_PATTERN,Mau thuc thi ghost trip,"Cap nay co dau hieu thuc thi ghost trip, voi nhieu chuyen nghi ngo gia lap hoac quay dau phi thuc te.",59.72,Mau thuc thi ghost trip,KB-C_HIGH_GHOST_RATE | KB-C_SUPERFAST_GAP,GHOST_TRIP_EXECUTION_PATTERN,Mau thuc thi ghost trip,"Cap nay co dau hieu thuc thi ghost trip, voi nhieu chuyen nghi ngo gia lap hoac quay dau phi thuc te.",59.72
3bece78d3afae000,cb4ebc9637629633,4,2,10,4,xanh_limo_6_cho,Tỉnh Quảng Ninh,0.4,1.0,0.5,xanh_limo_6_cho|Tỉnh Quảng Ninh,4.838899999999967,0.9994,0.125,0.5,0.4,0.125,0.3143,0.6712,6.0,0.2755,False,0.2109,24.0,24.0,147750.0,591000.0,0.0,1,2026-07-29,Tỉnh Quảng Ninh,33.36666666666667,"152-156 Đường Bãi Cháy, Phường Bãi Cháy, Tỉnh Quảng Ninh, Việt Nam -> Đường Trần Quốc Nghiễn, Phường Hồng Gai, Tỉnh Quảng Ninh, Việt Nam",1,0.25,True,0.5,0.075,1.0,0.0,27.25,25.79,35.59,25.78,28.23,0,0,1,1,0,ride_component_58,2,1,1.0,2,1,49.61,25.59,28.23,23.8,26.71,15.9,36.57,GHOST_TRIP_EXECUTION_PATTERN,Mau thuc thi ghost trip,"Cap nay co dau hieu thuc thi ghost trip, voi nhieu chuyen nghi ngo gia lap hoac quay dau phi thuc te.",26.71,Mau thuc thi ghost trip,KB-C_HIGH_GHOST_RATE,GHOST_TRIP_EXECUTION_PATTERN,Mau thuc thi ghost trip,"Cap nay co dau hieu thuc thi ghost trip, voi nhieu chuyen nghi ngo gia lap hoac quay dau phi thuc te.",26.71
2e2017c070161bf9,84e4824a65ff0fad,5,5,11,5,xanh_limo_6_cho,Thành phố Đà Nẵng,0.45454545454545453,1.0,1.0,xanh_limo_6_cho|Thành phố Đà Nẵng,7.055599999999686,0.9996,0.2,0.5,0.4545,0.2,0.3182,0.7472,6.0,0.2362,False,0.2378,23.71,23.71,36200.0,181000.0,0.0,1,2026-07-29,Thành phố Đà Nẵng,0.5166666666666667,"Phường An Khê, Thành phố Đà Nẵng, Việt Nam -> 50 Phố Nguyễn Đình Tứ, Phường An Khê, Thành phố Đà Nẵng, Việt Nam",3,0.6,True,1.0,0.8679,0.3333,0.1575,79.19,54.22,22.95,45.08,39.55,0,0,1,1,0,ride_component_101,1,0,0.0,0,0,8.57,5.75,39.55,23.71,83.83,53.26,3.16,GHOST_TRIP_EXECUTION_PATTERN,Mau thuc thi ghost trip,"Cap nay co dau hieu thuc thi ghost trip, voi nhieu chuyen nghi ngo gia lap hoac quay dau phi thuc te.",83.83,Mau thuc thi ghost trip,KB-C_HIGH_GHOST_RATE,GHOST_TRIP_EXECUTION_PATTERN,Mau thuc thi ghost trip,"Cap nay co dau hieu thuc thi ghost trip, voi nhieu chuyen nghi ngo gia lap hoac quay dau phi thuc te.",83.83
dd9402e53f9c96fa,f62ed22af24413ef,4,2,21,4,xanhsm_bike_sg,Thành phố Hồ Chí Minh,0.19047619047619047,1.0,0.5,xanhsm_bike_sg|Thành phố Hồ Chí Minh,3.0,1.0,0.1,0.5,0.1905,0.1,0.1005,0.6712,6.0,0.4444,True,0.0675,23.71,23.71,14750.0,59000.0,11000.0,1,2026-07-29,Thành phố Hồ Chí Minh,9.716666666666667,"Phường Trung Mỹ Tây, Thành phố Hồ Chí Minh, Việt Nam -> Phường Trung Mỹ Tây, Thành phố Hồ Chí Minh, Việt Nam",3,0.75,True,0.5,0.6983,0.5,0.2222,50.39,38.39,26.58,30.97,29.87,0,0,0,0,0,ride_component_102,1,0,0.0,0,0,0.0,0.0,29.87,22.58,54.22,42.52,0.0,GHOST_TRIP_EXECUTION_PATTERN,Mau thuc thi ghost trip,"Cap nay co dau hieu thuc thi ghost trip, voi nhieu chuyen nghi ngo gia lap hoac quay dau phi thuc te.",54.22,Mau thuc thi ghost trip,KB-C_HIGH_GHOST_RATE,GHOST_TRIP_EXECUTION_PATTERN,Mau thuc thi ghost trip,"Cap nay co dau hieu thuc thi ghost trip, voi nhieu chuyen nghi ngo gia lap hoac quay dau phi thuc te.",54.22
1ada822335f31052,ccac9d5f800643ae,4,4,10,4,xanh_car,Thành phố Hồ Chí Minh,0.4,1.0,1.0,xanh_car|Thành phố Hồ Chí Minh,5.0,0.9998,0.125,0.5,0.4,0.125,0.3143,0.6712,6.0,0.2667,False,0.2109,23.6,23.6,99000.0,396000.0,97000.0,1,2026-07-29,Thành phố Hồ Chí Minh,1.1166666666666667,"Phường Tân Sơn Nhì, Thành Phố Hồ Chí Minh, Việt Nam -> Nam Kỳ Khởi Nghĩa, Phường Sài Gòn, Thành phố Hồ Chí Minh",2,0.5,True,1.0,0.8239,0.75,0.0667,76.05,52.45,54.37,43.2,45.99,0,1,0,0,0,ride_component_103,1,0,0.0,0,0,5.4,3.57,45.99,23.43,80.91,38.35,1.96,GHOST_TRIP_EXECUTION_PATTERN,Mau thuc thi ghost trip,"Cap nay co dau hieu thuc thi ghost trip, voi nhieu chuyen nghi ngo gia lap hoac quay dau phi thuc te.",80.91,Mau thuc thi ghost trip,KB-C_HIGH_GHOST_RATE,GHOST_TRIP_EXECUTION_PATTERN,Mau thuc thi ghost trip,"Cap nay co dau hieu thuc thi ghost trip, voi nhieu chuyen nghi ngo gia lap hoac quay dau phi thuc te.",80.91
651a3063c6a444db,c274aef907e1f4a8,4,3,9,4,xanh_premium,Tỉnh Quảng Nam,0.4444444444444444,1.0,0.75,xanh_premium|Tỉnh Quảng Nam,6.0,0.9949,0.14285714285714285,0.5,0.4444,0.1429,0.3519,0.6712,6.0,0.2222,False,0.2362,22.99,22.99,110500.0,442000.0,49000.0,1,2026-07-29,Tỉnh Quảng Nam,37.8,"Tỉnh Quảng Nam -> CMX3+5WC, Xã Núi Thành, Thành phố Đà Nẵng, Việt Nam",1,0.25,True,0.75,0.075,0.5,0.1111,41.97,33.43,46.94,28.14,32.84,0,3,0,0,0,ride_component_104,1,0,0.0,0,0,10.81,6.01,32.84,23.03,40.03,17.47,3.31,GHOST_TRIP_EXECUTION_PATTERN,Mau thuc thi ghost trip,"Cap nay co dau hieu thuc thi ghost trip, voi nhieu chuyen nghi ngo gia lap hoac quay dau phi thuc te.",40.03,Mau thuc thi ghost trip,KB-C_HIGH_GHOST_RATE,GHOST_TRIP_EXECUTION_PATTERN,Mau thuc thi ghost trip,"Cap nay co dau hieu thuc thi ghost trip, voi nhieu chuyen nghi ngo gia lap hoac quay dau phi thuc te.",40.03
ed270be12955b977,3156bab8d95b884e,4,4,9,5,xanh_premium,Tỉnh Thừa Thiên Huế,0.4444444444444444,0.8,1.0,xanh_premium|Tỉnh Thừa Thiên Huế,6.0,0.9962,0.14285714285714285,0.3333333333333333,0.4444,0.1429,0.3519,0.6712,6.0,0.2222,False,0.2362,22.99,22.99,121250.0,485000.0,44000.0,1,2026-07-29,Tỉnh Thừa Thiên Huế,131.5,"16 Lê Lợi-Tp Huế, Phường Thuận Hóa, Thành Phố Huế, Việt Nam -> Phường Thanh Thủy, Thành phố Huế, Việt Nam",1,0.25,True,1.0,0.075,1.0,0.0,52.25,39.08,46.29,32.83,36.2,0,2,0,1,0,ride_component_105,1,0,0.0,0,0,10.81,6.35,36.2,23.03,50.46,19.13,3.49,GHOST_TRIP_EXECUTION_PATTERN,Mau thuc thi ghost trip,"Cap nay co dau hieu thuc thi ghost trip, voi nhieu chuyen nghi ngo gia lap hoac quay dau phi thuc te.",50.46,Mau thuc thi ghost trip,KB-C_HIGH_GHOST_RATE,GHOST_TRIP_EXECUTION_PATTERN,Mau thuc thi ghost trip,"Cap nay co dau hieu thuc thi ghost trip, voi nhieu chuyen nghi ngo gia lap hoac quay dau phi thuc te.",50.46
e02658517804c0d0,43874f2f5258e39d,4,2,11,4,xanh_car,Thành phố Hà Nội,0.36363636363636365,1.0,0.5,xanh_car|Thành phố Hà Nội,5.0,0.9998,0.1111111111111111,0.5,0.3636,0.1111,0.2841,0.6712,6.0,0.2667,False,0.1907,22.49,22.49,250250.0,1001000.0,94000.0,1,2026-07-29,Tỉnh Hưng Yên,186.66666666666666,"20 Đường Đàm Quang Trung, Phường Long Biên, Thành Phố Hà Nội, Việt Nam -> Xã Mễ Sở, Tỉnh Hưng Yên, Việt Nam",1,0.25,True,0.5,0.075,0.9167,0.0222,27.69,25.35,67.49,21.21,32.78,0,2,0,0,0,ride_component_106,1,0,0.0,0,0,8.57,4.39,32.78,22.26,27.0,15.75,2.41,GHOST_TRIP_EXECUTION_PATTERN,Mau thuc thi ghost trip,"Cap nay co dau hieu thuc thi ghost trip, voi nhieu chuyen nghi ngo gia lap hoac quay dau phi thuc te.",27.0,Mau thuc thi ghost trip,KB-C_HIGH_GHOST_RATE,GHOST_TRIP_EXECUTION_PATTERN,Mau thuc thi ghost trip,"Cap nay co dau hieu thuc thi ghost trip, voi nhieu chuyen nghi ngo gia lap hoac quay dau phi thuc te.",27.0
02cf792ec9d1ff02,90682f5367c9bc14,4,3,7,4,xanh_premium,Tỉnh Quảng Ninh,0.5714285714285714,1.0,0.75,xanh_premium|Tỉnh Quảng Ninh,12.183799999999565,0.999,0.2,0.5,0.5714,0.2,0.4643,0.6712,6.0,0.1094,False,0.3116,22.06,22.06,143500.0,574000.0,40000.0,1,2026-07-29,Tỉnh Quảng Ninh,88.71666666666667,"Tổ 1, Khu 8, Đặc khu Vân Đồn, Tỉnh Quảng Ninh, Việt Nam -> Phường Mông Dương, Tỉnh Quảng Ninh, Việt Nam",1,0.25,True,0.75,0.075,1.0,0.0,39.75,31.79,44.53,26.54,31.04,0,2,0,0,0,ride_component_107,1,0,0.0,0,0,8.57,4.68,31.04,22.67,38.59,17.37,2.57,GHOST_TRIP_EXECUTION_PATTERN,Mau thuc thi ghost trip,"Cap nay co dau hieu thuc thi ghost trip, voi nhieu chuyen nghi ngo gia lap hoac quay dau phi thuc te.",38.59,Mau thuc thi ghost trip,KB-C_HIGH_GHOST_RATE,GHOST_TRIP_EXECUTION_PATTERN,Mau thuc thi ghost trip,"Cap nay co dau hieu thuc thi ghost trip, voi nhieu chuyen nghi ngo gia lap hoac quay dau phi thuc te.",38.59
f078f4a33e35c538,6c86705b3a9c0c3d,5,5,12,5,xanh_premium,Tỉnh Khánh Hòa,0.4166666666666667,1.0,1.0,xanh_premium|Tỉnh Khánh Hòa,6.545399999999972,0.9996,0.25,0.5,0.4167,0.25,0.2222,0.7472,6.0,0.2546,False,0.166,20.59,20.59,40200.0,201000.0,0.0,1,2026-07-29,Tỉnh Khánh Hòa,0.8166666666666667,"Phường Nam Nha Trang, Tỉnh Khánh Hòa, Việt Nam -> Nha Trang, Khánh Hòa",2,0.4,True,1.0,0.8009,0.75,0.0636,75.3,50.68,24.4,48.78,42.68,0,0,1,1,1,ride_component_108,2,1,1.0,3,1,59.35,38.46,42.68,20.32,79.96,42.59,48.65,GHOST_TRIP_EXECUTION_PATTERN,Mau thuc thi ghost trip,"Cap nay co dau hieu thuc thi ghost trip, voi nhieu chuyen nghi ngo gia lap hoac quay dau phi thuc te.",79.96,Mau thuc thi ghost trip,KB-C_HIGH_GHOST_RATE,GHOST_TRIP_EXECUTION_PATTERN,Mau thuc thi ghost trip,"Cap nay co dau hieu thuc thi ghost trip, voi nhieu chuyen nghi ngo gia lap hoac quay dau phi thuc te.",79.96
ee6ec8c6716696b9,0a5c6ec515f42543,4,4,16,4,xanh_sm_bike_premium,Thành phố Đà Nẵng,0.25,1.0,1.0,xanh_sm_bike_premium|Thành phố Đà Nẵng,4.485300000000279,0.9998,0.07142857142857142,0.5,0.25,0.0714,0.1923,0.6712,6.0,0.2973,False,0.1291,20.48,20.48,12500.0,50000.0,3000.0,1,2026-07-29,Thành phố Đà Nẵng,2.3833333333333333,"243 Đường Lý Thái Tông, Phường Hòa Khánh, Thành phố Đà Nẵng, Việt Nam -> Phường Hòa Khánh, Thành phố Đà Nẵng, Việt Nam",1,0.25,True,1.0,0.7194,1.0,0.0,71.58,48.59,19.22,40.47,35.16,0,0,1,1,0,ride_component_109,1,0,0.0,0,0,8.57,5.45,35.16,19.97,75.92,27.47,3.0,GHOST_TRIP_EXECUTION_PATTERN,Mau thuc thi ghost trip,"Cap nay co dau hieu thuc thi ghost trip, voi nhieu chuyen nghi ngo gia lap hoac quay dau phi thuc te.",75.92,Mau thuc thi ghost trip,KB-C_HIGH_GHOST_RATE,GHOST_TRIP_EXECUTION_PATTERN,Mau thuc thi ghost trip,"Cap nay co dau hieu thuc thi ghost trip, voi nhieu chuyen nghi ngo gia lap hoac quay dau phi thuc te.",75.92
9cab892ccb1cd9f6,0ec9b24ee8567597,7,7,7,16,xanh_limo_6_cho,Thành phố Hồ Chí Minh,1.0,0.4375,1.0,xanh_limo_6_cho|Thành phố Hồ Chí Minh,8.294600000001083,0.9998,0.5,0.3333333333333333,0.4375,0.3333,0.1562,0.8672,6.0,0.2813,False,0.1355,20.11,20.11,114285.71428571429,800000.0,170000.0,1,2026-07-29,Thành phố Hồ Chí Minh,0.4,"Phường Phú Thuận, Thành phố Hồ Chí Minh, Việt Nam -> 92-94 nam kỳ khởi nghĩa, Phường Sài Gòn, Thành phố Hồ Chí Minh",5,0.7142857142857143,True,1.0,0.905,0.5,0.1406,79.96,53.03,71.55,52.08,56.95,0,1,1,1,1,ride_component_90,2,1,1.0,4,1,68.59,45.29,56.95,19.67,85.07,70.4,57.41,GHOST_TRIP_EXECUTION_PATTERN,Mau thuc thi ghost trip,"Cap nay co dau hieu thuc thi ghost trip, voi nhieu chuyen nghi ngo gia lap hoac quay dau phi thuc te.",85.07,Mau thuc thi ghost trip,KB-C_HIGH_GHOST_RATE | KB-C_SUPERFAST_GAP,GHOST_TRIP_EXECUTION_PATTERN,Mau thuc thi ghost trip,"Cap nay co dau hieu thuc thi ghost trip, voi nhieu chuyen nghi ngo gia lap hoac quay dau phi thuc te.",85.07
180e389dc9e916ba,45d8462070fb8452,6,5,17,6,xanhsm_bike_hn,Thành phố Cần Thơ,0.35294117647058826,1.0,0.8333333333333334,xanhsm_bike_hn|Thành phố Cần Thơ,13.905299999998988,0.9997,0.07692307692307693,0.5,0.3529,0.0769,0.299,0.8115,6.0,0.1438,False,0.2427,19.82,19.82,14166.666666666666,85000.0,8000.0,1,2026-07-29,Thành phố Cần Thơ,20.416666666666668,"39, Phường Hưng Phú, Thành phố Cần Thơ, Việt Nam -> Phường Hưng Phú, Thành phố Cần Thơ, Việt Nam",2,0.3333333333333333,True,0.8333,0.3236,0.5,0.0719,52.81,37.97,20.88,31.33,28.72,0,0,0,1,0,ride_component_110,1,0,0.0,0,0,5.4,3.12,28.72,20.12,53.3,36.11,1.72,GHOST_TRIP_EXECUTION_PATTERN,Mau thuc thi ghost trip,"Cap nay co dau hieu thuc thi ghost trip, voi nhieu chuyen nghi ngo gia lap hoac quay dau phi thuc te.",53.3,Mau thuc thi ghost trip,KB-C_HIGH_GHOST_RATE,GHOST_TRIP_EXECUTION_PATTERN,Mau thuc thi ghost trip,"Cap nay co dau hieu thuc thi ghost trip, voi nhieu chuyen nghi ngo gia lap hoac quay dau phi thuc te.",53.3
353372fca9a86c2a,8bfa248a246a3a4e,5,5,10,5,xanh_limo_6_cho,Thành phố Hà Nội,0.5,1.0,1.0,xanh_limo_6_cho|Thành phố Hà Nội,8.313999999998487,0.9995,0.3333333333333333,0.5,0.5,0.3333,0.25,0.7472,6.0,0.2005,False,0.1868,19.3,19.3,230400.0,1152000.0,236000.0,1,2026-07-29,Thành phố Hà Nội,1.3833333333333333,"166 Nguyễn Văn Cừ, Phường Bồ Đề, Thành phố Hà Nội, VNM -> KDC Hoàng Văn Thụ, Phường Dương Nội, Thành Phố Hà Nội, Việt Nam",1,0.2,True,1.0,0.7277,1.0,0.0,71.83,48.19,79.28,40.16,49.94,0,1,0,1,0,ride_component_111,1,0,0.0,0,0,8.57,5.43,49.94,19.26,76.24,32.04,2.99,GHOST_TRIP_EXECUTION_PATTERN,Mau thuc thi ghost trip,"Cap nay co dau hieu thuc thi ghost trip, voi nhieu chuyen nghi ngo gia lap hoac quay dau phi thuc te.",76.24,Mau thuc thi ghost trip,KB-C_HIGH_GHOST_RATE,GHOST_TRIP_EXECUTION_PATTERN,Mau thuc thi ghost trip,"Cap nay co dau hieu thuc thi ghost trip, voi nhieu chuyen nghi ngo gia lap hoac quay dau phi thuc te.",76.24
353372fca9a86c2a,aa8a1e169553d044,5,5,10,5,xanh_limo_6_cho,Thành phố Hà Nội,0.5,1.0,1.0,xanh_limo_6_cho|Thành phố Hà Nội,8.313999999998487,0.9995,0.3333333333333333,0.5,0.5,0.3333,0.25,0.7472,6.0,0.2005,False,0.1868,19.3,19.3,204200.0,1021000.0,200000.0,1,2026-07-29,Thành phố Hà Nội,2.183333333333333,"Phường Văn Miếu-Quốc Tử Giám, Thành Phố Hà Nội, Việt Nam -> 136 Đường Phạm Văn Đồng, Phường Đông Ngạc, Thành Phố Hà Nội, Việt Nam",1,0.2,True,1.0,0.7091,0.6667,0.0668,72.61,48.62,75.28,40.12,48.91,0,1,0,0,0,ride_component_112,1,0,0.0,0,0,5.4,3.43,48.91,19.26,76.38,31.73,1.89,GHOST_TRIP_EXECUTION_PATTERN,Mau thuc thi ghost trip,"Cap nay co dau hieu thuc thi ghost trip, voi nhieu chuyen nghi ngo gia lap hoac quay dau phi thuc te.",76.38,Mau thuc thi ghost trip,KB-C_HIGH_GHOST_RATE,GHOST_TRIP_EXECUTION_PATTERN,Mau thuc thi ghost trip,"Cap nay co dau hieu thuc thi ghost trip, voi nhieu chuyen nghi ngo gia lap hoac quay dau phi thuc te.",76.38
d8196ee5fda95640,bf9ae5e1acd0cbf1,4,4,12,4,xanh_car,Tỉnh Khánh Hòa,0.3333333333333333,1.0,1.0,xanh_car|Tỉnh Khánh Hòa,8.0,0.9991,0.1,0.5,0.3333,0.1,0.2593,0.6712,6.0,0.1667,False,0.174,17.07,17.07,58000.0,232000.0,17000.0,1,2026-07-29,Tỉnh Khánh Hòa,45.75,"60 Đường Trần Phú, Phường Nha Trang, Tỉnh Khánh Hòa, Việt Nam -> 22 Đường 23 Tháng 10, Phường Tây Nha Trang, Tỉnh Khánh Hòa, Việt Nam",1,0.25,True,1.0,0.075,0.5,0.0833,53.92,37.34,31.53,31.22,31.3,0,2,0,0,0,ride_component_113,1,0,0.0,0,0,8.57,4.9,31.3,17.09,51.55,18.54,2.7,GHOST_TRIP_EXECUTION_PATTERN,Mau thuc thi ghost trip,"Cap nay co dau hieu thuc thi ghost trip, voi nhieu chuyen nghi ngo gia lap hoac quay dau phi thuc te.",51.55,Mau thuc thi ghost trip,KB-C_HIGH_GHOST_RATE,GHOST_TRIP_EXECUTION_PATTERN,Mau thuc thi ghost trip,"Cap nay co dau hieu thuc thi ghost trip, voi nhieu chuyen nghi ngo gia lap hoac quay dau phi thuc te.",51.55
04bac34a72dd169a,895ce88696a624c1,4,4,24,4,xanh_car,Tỉnh Phú Thọ,0.16666666666666666,1.0,1.0,xanh_car|Tỉnh Phú Thọ,5.0,0.9984,0.05263157894736842,0.5,0.1667,0.0526,0.1204,0.6712,6.0,0.2667,False,0.0808,16.45,16.45,21000.0,84000.0,0.0,1,2026-07-29,Tỉnh Phú Thọ,1.7833333333333334,"C6Cr+Phc, Phường Phú Thọ, Tỉnh Phú Thọ, Việt Nam -> Phường Phú Thọ, Tỉnh Phú Thọ, Việt Nam",1,0.25,True,1.0,0.7334,1.0,0.0,72.0,47.0,19.26,38.83,33.94,0,0,0,1,0,ride_component_114,1,0,0.0,0,0,5.4,3.37,33.94,15.89,76.47,27.26,1.85,GHOST_TRIP_EXECUTION_PATTERN,Mau thuc thi ghost trip,"Cap nay co dau hieu thuc thi ghost trip, voi nhieu chuyen nghi ngo gia lap hoac quay dau phi thuc te.",76.47,Mau thuc thi ghost trip,KB-C_HIGH_GHOST_RATE,GHOST_TRIP_EXECUTION_PATTERN,Mau thuc thi ghost trip,"Cap nay co dau hieu thuc thi ghost trip, voi nhieu chuyen nghi ngo gia lap hoac quay dau phi thuc te.",76.47
2e2017c070161bf9,e3e370da87d02b22,4,4,11,4,xanh_limo_6_cho,Thành phố Đà Nẵng,0.36363636363636365,1.0,1.0,xanh_limo_6_cho|Thành phố Đà Nẵng,7.055599999999686,0.9972,0.2,0.5,0.3636,0.2,0.2045,0.6712,6.0,0.189,False,0.1373,16.06,16.06,36500.0,146000.0,0.0,1,2026-07-29,Thành phố Đà Nẵng,0.7333333333333333,"Phường An Khê, Thành phố Đà Nẵng, Việt Nam -> Phường An Khê, Thành phố Đà Nẵng, Việt Nam",2,0.5,True,1.0,0.8329,0.6667,0.063,76.25,49.16,19.86,40.62,35.43,0,0,1,0,0,ride_component_115,1,0,0.0,0,0,5.4,3.43,35.43,15.9,81.22,37.71,1.89,GHOST_TRIP_EXECUTION_PATTERN,Mau thuc thi ghost trip,"Cap nay co dau hieu thuc thi ghost trip, voi nhieu chuyen nghi ngo gia lap hoac quay dau phi thuc te.",81.22,Mau thuc thi ghost trip,KB-C_HIGH_GHOST_RATE,GHOST_TRIP_EXECUTION_PATTERN,Mau thuc thi ghost trip,"Cap nay co dau hieu thuc thi ghost trip, voi nhieu chuyen nghi ngo gia lap hoac quay dau phi thuc te.",81.22
e3fb38bc7c06afb2,bea3ec26b3e993eb,4,2,14,4,xanh_car_just_taxi,Tỉnh Vĩnh Phúc,0.2857142857142857,1.0,0.5,xanh_car_just_taxi|Tỉnh Vĩnh Phúc,9.37960000000021,0.999,0.09090909090909091,0.5,0.2857,0.0909,0.2143,0.6712,6.0,0.1422,False,0.1438,14.31,14.31,12000.0,48000.0,0.0,1,2026-07-29,Tỉnh Vĩnh Phúc,1.2333333333333334,Tỉnh Vĩnh Phúc ->  Tỉnh Vĩnh Phúc,2,0.5,True,0.5,0.8212,1.0,0.0,49.64,33.74,15.15,27.35,24.3,0,0,0,0,0,ride_component_116,1,0,0.0,0,0,0.0,0.0,24.3,14.31,56.19,34.05,0.0,GHOST_TRIP_EXECUTION_PATTERN,Mau thuc thi ghost trip,"Cap nay co dau hieu thuc thi ghost trip, voi nhieu chuyen nghi ngo gia lap hoac quay dau phi thuc te.",56.19,Mau thuc thi ghost trip,KB-C_HIGH_GHOST_RATE,GHOST_TRIP_EXECUTION_PATTERN,Mau thuc thi ghost trip,"Cap nay co dau hieu thuc thi ghost trip, voi nhieu chuyen nghi ngo gia lap hoac quay dau phi thuc te.",56.19
95479e6cd7d7d3cb,70f099cf6f3c11ea,4,2,12,4,xanh_limo_6_cho,Thành phố Hà Nội,0.3333333333333333,1.0,0.5,xanh_limo_6_cho|Thành phố Hà Nội,8.313999999998487,0.9993,0.2,0.5,0.3333,0.2,0.1667,0.6712,6.0,0.1604,False,0.1119,13.37,13.37,48500.0,194000.0,0.0,1,2026-07-29,Thành phố Hà Nội,1.0666666666666667,"Xã Đông Anh, Thành Phố Hà Nội, Việt Nam -> Xã Đông Anh, Thành Phố Hà Nội, Việt Nam",2,0.5,True,0.5,0.8251,0.3333,0.1069,51.89,34.56,21.98,28.03,26.52,0,0,0,0,0,ride_component_117,1,0,0.0,0,0,0.0,0.0,26.52,13.23,57.73,34.01,0.0,GHOST_TRIP_EXECUTION_PATTERN,Mau thuc thi ghost trip,"Cap nay co dau hieu thuc thi ghost trip, voi nhieu chuyen nghi ngo gia lap hoac quay dau phi thuc te.",57.73,Mau thuc thi ghost trip,KB-C_HIGH_GHOST_RATE,GHOST_TRIP_EXECUTION_PATTERN,Mau thuc thi ghost trip,"Cap nay co dau hieu thuc thi ghost trip, voi nhieu chuyen nghi ngo gia lap hoac quay dau phi thuc te.",57.73
f078f4a33e35c538,17b83183e1277e16,4,3,12,4,xanh_premium,Tỉnh Khánh Hòa,0.3333333333333333,1.0,0.75,xanh_premium|Tỉnh Khánh Hòa,6.545399999999972,0.9978,0.25,0.5,0.3333,0.25,0.1111,0.6712,6.0,0.2037,False,0.0746,13.27,13.27,53750.0,215000.0,0.0,1,2026-07-29,Tỉnh Khánh Hòa,1.0833333333333333,"Phường Nam Nha Trang, Tỉnh Khánh Hòa, Việt Nam -> Phường Nam Nha Trang, Tỉnh Khánh Hòa, Việt Nam",2,0.5,True,0.75,0.8247,1.0,0.0,62.24,40.2,23.92,39.57,35.66,0,0,1,1,1,ride_component_108,2,1,1.0,3,1,59.35,34.61,35.66,12.88,68.2,35.66,46.54,GHOST_TRIP_EXECUTION_PATTERN,Mau thuc thi ghost trip,"Cap nay co dau hieu thuc thi ghost trip, voi nhieu chuyen nghi ngo gia lap hoac quay dau phi thuc te.",68.2,Mau thuc thi ghost trip,KB-C_HIGH_GHOST_RATE,GHOST_TRIP_EXECUTION_PATTERN,Mau thuc thi ghost trip,"Cap nay co dau hieu thuc thi ghost trip, voi nhieu chuyen nghi ngo gia lap hoac quay dau phi thuc te.",68.2
f852ee96fe963dbb,b2b93481786cc7ac,4,2,22,4,xanh_limo_6_cho,Thành phố Hồ Chí Minh,0.18181818181818182,1.0,0.5,xanh_limo_6_cho|Thành phố Hồ Chí Minh,8.294600000001083,0.9995,0.16666666666666666,0.5,0.1818,0.1667,0.0182,0.6712,6.0,0.1607,False,0.0122,7.9,7.9,35500.0,142000.0,4000.0,1,2026-07-29,Thành phố Hồ Chí Minh,1.1666666666666667,"Phường Long Bình, Thành phố Hồ Chí Minh, Việt Nam -> Đường D2A, Phường Long Bình, Thành phố Hồ Chí Minh, VNM",2,0.5,True,0.5,0.8228,0.25,0.1205,52.09,32.21,20.41,26.78,25.19,0,1,0,0,0,ride_component_118,1,0,0.0,0,0,5.4,2.88,25.19,7.46,57.81,33.43,1.58,GHOST_TRIP_EXECUTION_PATTERN,Mau thuc thi ghost trip,"Cap nay co dau hieu thuc thi ghost trip, voi nhieu chuyen nghi ngo gia lap hoac quay dau phi thuc te.",57.81,Mau thuc thi ghost trip,KB-C_HIGH_GHOST_RATE,GHOST_TRIP_EXECUTION_PATTERN,Mau thuc thi ghost trip,"Cap nay co dau hieu thuc thi ghost trip, voi nhieu chuyen nghi ngo gia lap hoac quay dau phi thuc te.",57.81
