driver_id,customer_id,n_trips,n_ghost,min_gap_min,avg_gmv,total_gmv,total_discount,active_days,latest_order_date,top_service_name,top_pickup_province_name,top_dropoff_province_name,ghost_rate,driver_trip_count,customer_trip_count,pair_share_driver,pair_share_customer,dominant_route_key,dominant_route_trip_count,dominant_route_share,trip_threshold,high_confidence,rule_score,rule_name,reason_code,flag_reason,supporting_signal
652280701c4d0c32,0cb58995c54abba0,64,5,0.9,12390.625,793000.0,9000.0,4,2026-07-17,xanhsm_bike_sg,Thành phố Hồ Chí Minh,Thành phố Hồ Chí Minh,0.078125,130,64,0.49230769230769234,1.0,"Phường Linh Xuân, Thành phố Hồ Chí Minh, Việt Nam -> Phường Linh Xuân, Thành phố Hồ Chí Minh, Việt Nam",6,0.09375,12.0,True,66.65,REPEATED_CUSTOMER_DRIVER,KB-C_EXTREME_VOLUME,Driver-customer pair exceeds the 0.9999 trip-count threshold in the active 4-day window.,edge_weight_outlier
e504bb113eedbb01,b362416ee69d1f84,45,1,5.366666666666666,28800.0,1296000.0,71000.0,4,2026-07-17,xanhsm_bike_hn,Thành phố Hải Phòng,Thành phố Hải Phòng,0.022222222222222223,103,45,0.4368932038834951,1.0,"3 Đường Lê Thánh Tông, Phường Ngô Quyền, Thành Phố Hải Phòng, Việt Nam -> 19 Trần Quang Khải, Phường Hồng Bàng, Thành phố Hải Phòng, Việt Nam",2,0.044444444444444446,12.0,False,38.53,REPEATED_CUSTOMER_DRIVER,KB-C_EXTREME_VOLUME,Driver-customer pair exceeds the 0.9999 trip-count threshold in the active 4-day window.,edge_weight_outlier
e0b74e9fda5b1515,a19523ae8b17153c,36,36,0.35,116972.22222222222,4211000.0,1041000.0,4,2026-07-17,xanh_car,Thành phố Hồ Chí Minh,Thành phố Hồ Chí Minh,1.0,40,38,0.9,0.9473684210526315,"91 Đường Cầu Xéo, Phường Phú Thọ Hòa, Thành Phố Hồ Chí Minh, Việt Nam -> Đường Pasteur, Phường Sài Gòn, Thành phố Hồ Chí Minh, Việt Nam",9,0.25,12.0,True,77.74,REPEATED_CUSTOMER_DRIVER,KB-C_EXTREME_VOLUME,Driver-customer pair exceeds the 0.9999 trip-count threshold in the active 4-day window.,edge_weight_outlier
730d8a7145a50272,1a2fbde4f7fe5c8d,34,0,1.4333333333333333,78617.64705882352,2673000.0,285000.0,4,2026-07-17,xanh_premium_meter,Tỉnh Thái Bình,Tỉnh Thái Bình,0.0,63,34,0.5396825396825397,1.0,"530A Đường Lý Bôn, Phường Trần Hưng Đạo, Tỉnh Hưng Yên, Việt Nam -> 460 Đường Lý Bôn, Phường Trần Hưng Đạo, Tỉnh Hưng Yên, Việt Nam",2,0.058823529411764705,12.0,True,42.07,REPEATED_CUSTOMER_DRIVER,KB-C_EXTREME_VOLUME,Driver-customer pair exceeds the 0.9999 trip-count threshold in the active 4-day window.,edge_weight_outlier
741ef02502f2fff9,696b8b4786b36d70,34,0,11.05,108441.17647058824,3687000.0,137000.0,4,2026-07-17,xanh_premium,Tỉnh Quảng Trị,Tỉnh Quảng Trị,0.0,51,34,0.6666666666666666,1.0,"Tỉnh Quảng Trị -> location_address_display (0.000000, 0.000000)",3,0.08823529411764706,12.0,False,30.86,REPEATED_CUSTOMER_DRIVER,KB-C_EXTREME_VOLUME,Driver-customer pair exceeds the 0.9999 trip-count threshold in the active 4-day window.,edge_weight_outlier
c8ac0f901ef56f58,e2bbf4ab42016f07,31,17,1.5666666666666667,38967.74193548387,1208000.0,48000.0,3,2026-07-17,lado_service_name,Tỉnh Bình Thuận,Tỉnh Bình Thuận,0.5483870967741935,31,34,1.0,0.9117647058823529,"Thôn Bình Tiến, Xã Bắc Bình, Tỉnh Lâm Đồng, Việt Nam -> Lâm Đồng",8,0.25806451612903225,12.0,True,65.84,REPEATED_CUSTOMER_DRIVER,KB-C_EXTREME_VOLUME,Driver-customer pair exceeds the 0.9999 trip-count threshold in the active 4-day window.,edge_weight_outlier
d0ffcfc1dd0cd0d5,e7ecf049b876ba58,28,0,16.25,129892.85714285714,3637000.0,376000.0,4,2026-07-17,xanh_car,Tỉnh Thanh Hóa,Tỉnh Thanh Hóa,0.0,49,31,0.5714285714285714,0.9032258064516129,"110, Phu Son Ward, Thanh Hoa City, Thanh Hoa, 40000, Vietnam ->  Nhà Văn Hóa-Quang Trung, 2, Phường Quảng Thắng, Thành phố Thanh Hóa, Tỉnh Thanh Hóa, Việt Nam",1,0.03571428571428571,12.0,False,25.29,REPEATED_CUSTOMER_DRIVER,KB-C_EXTREME_VOLUME,Driver-customer pair exceeds the 0.9999 trip-count threshold in the active 4-day window.,edge_weight_outlier
53cc6d5844c1dc86,80390c0393c4f064,26,3,21.65,129769.23076923077,3374000.0,221000.0,4,2026-07-17,xanh_car,Tỉnh Nam Định,Tỉnh Nam Định,0.11538461538461539,27,26,0.9629629629629629,1.0,"321 Quốc lộ 21, Tổ Dân phố 3, Xã Hải Hậu, Tỉnh Ninh Bình, Việt Nam -> Xã Hải Xuân, Tỉnh Ninh Bình, Việt Nam",3,0.11538461538461539,12.0,False,31.87,REPEATED_CUSTOMER_DRIVER,KB-C_EXTREME_VOLUME,Driver-customer pair exceeds the 0.9999 trip-count threshold in the active 4-day window.,edge_weight_outlier
0615ca7f371a083a,6d37377f7867dfa4,25,1,5.35,123640.0,3091000.0,0.0,4,2026-07-17,gf_vip,Thành phố Hồ Chí Minh,Thành phố Hồ Chí Minh,0.04,40,26,0.625,0.9615384615384616,"Phường Trung Mỹ Tây, Thành phố Hồ Chí Minh, Việt Nam -> Đường Ht35, Phường Tân Thới Hiệp, Thành phố Hồ Chí Minh, Việt Nam",3,0.12,12.0,False,29.12,REPEATED_CUSTOMER_DRIVER,KB-C_EXTREME_VOLUME,Driver-customer pair exceeds the 0.9999 trip-count threshold in the active 4-day window.,edge_weight_outlier
8f3fdcaba9cd227e,fc93cbfb75bd312b,24,0,13.166666666666666,106541.66666666667,2557000.0,0.0,4,2026-07-17,xanh_car_meter,Tỉnh Quảng Bình,Tỉnh Quảng Bình,0.0,29,25,0.8275862068965517,0.96,"Huyện Lệ Thủy, Tỉnh Quảng Bình -> location_address_display (0.000000, 0.000000)",3,0.125,12.0,False,25.71,REPEATED_CUSTOMER_DRIVER,KB-C_EXTREME_VOLUME,Driver-customer pair exceeds the 0.9999 trip-count threshold in the active 4-day window.,edge_weight_outlier
c8829c1ad55e7f1c,41d3cd0ae4e12f2e,24,0,6.35,99458.33333333333,2387000.0,0.0,4,2026-07-17,xanh_car_just_taxi,Tỉnh Hòa Bình,Tỉnh Hòa Bình,0.0,34,24,0.7058823529411765,1.0,"Tỉnh Hòa Bình -> location_address_display (0.000000, 0.000000)",3,0.125,12.0,False,26.93,REPEATED_CUSTOMER_DRIVER,KB-C_EXTREME_VOLUME,Driver-customer pair exceeds the 0.9999 trip-count threshold in the active 4-day window.,edge_weight_outlier
7befb7ce8e219542,73ff5ba45a062901,23,5,1.3,44956.52173913043,1034000.0,85000.0,4,2026-07-17,xanh_premium,Thành phố Hà Nội,Thành phố Hà Nội,0.21739130434782608,39,23,0.5897435897435898,1.0,"15 Đường Phạm Hùng, Phường Cầu Giấy, Thành Phố Hà Nội, Việt Nam -> 144 Đường Xuân Thủy, Phường Nghĩa Đô, Thành Phố Hà Nội, Việt Nam",1,0.043478260869565216,12.0,True,46.24,REPEATED_CUSTOMER_DRIVER,KB-C_EXTREME_VOLUME,Driver-customer pair exceeds the 0.9999 trip-count threshold in the active 4-day window.,edge_weight_outlier
a8d353522cb0b70a,6b064c925f03dd1b,23,0,2.9166666666666665,36391.30434782609,837000.0,120000.0,4,2026-07-17,xanh_premium,Tỉnh Nam Định,Tỉnh Nam Định,0.0,38,23,0.6052631578947368,1.0,"Xã Hải Hưng, Tỉnh Ninh Bình, Việt Nam -> Xã Hải Hưng, Tỉnh Ninh Bình, Việt Nam",5,0.21739130434782608,12.0,True,30.47,REPEATED_CUSTOMER_DRIVER,KB-C_EXTREME_VOLUME,Driver-customer pair exceeds the 0.9999 trip-count threshold in the active 4-day window.,edge_weight_outlier
aa929b3ec727ec4f,f1cc09a62c35963f,23,0,25.05,151913.04347826086,3494000.0,464000.0,4,2026-07-17,xanh_car,Tỉnh Khánh Hòa,Tỉnh Khánh Hòa,0.0,39,24,0.5897435897435898,0.9583333333333334,"Xã Diên Điền, Tỉnh Khánh Hòa, Việt Nam -> Xã Diên Điền, Tỉnh Khánh Hòa, Việt Nam",2,0.08695652173913043,12.0,False,22.83,REPEATED_CUSTOMER_DRIVER,KB-C_EXTREME_VOLUME,Driver-customer pair exceeds the 0.9999 trip-count threshold in the active 4-day window.,edge_weight_outlier
cba9f83e8f52d6dc,285f905f8f9f4caa,23,0,2.5166666666666666,30000.0,690000.0,0.0,4,2026-07-17,xanh_car,Tỉnh Ninh Bình,Tỉnh Ninh Bình,0.0,28,23,0.8214285714285714,1.0,"Phường Trung Sơn, Tỉnh Ninh Bình, Việt Nam -> Phường Trung Sơn, Tỉnh Ninh Bình, Việt Nam",9,0.391304347826087,12.0,True,34.38,REPEATED_CUSTOMER_DRIVER,KB-C_EXTREME_VOLUME,Driver-customer pair exceeds the 0.9999 trip-count threshold in the active 4-day window.,edge_weight_outlier
813823fc2b15e305,73b9190e93d5fbcf,22,2,9.466666666666667,89545.45454545454,1970000.0,0.0,4,2026-07-17,xanh_car,Tỉnh Phú Thọ,Tỉnh Phú Thọ,0.09090909090909091,48,22,0.4583333333333333,1.0,"206 Đường Nguyễn Du, Phường Nông Trang, Tỉnh Phú Thọ, Việt Nam -> 60 Vincom Việt Trì, Đường Hùng Vương, Phường Túc Duyên, Phường Thanh Miếu, Tỉnh Phú Thọ, Việt Nam",1,0.045454545454545456,12.0,False,26.48,REPEATED_CUSTOMER_DRIVER,KB-C_EXTREME_VOLUME,Driver-customer pair exceeds the 0.9999 trip-count threshold in the active 4-day window.,edge_weight_outlier
3a3c0eb1926d9e65,e9395bd45deffea8,22,0,29.716666666666665,189636.36363636365,4172000.0,269000.0,4,2026-07-17,xanh_premium,Thành phố Cần Thơ,Thành phố Cần Thơ,0.0,29,22,0.7586206896551724,1.0,"1A Đường Hòa Bình, Phường Ninh Kiều, Thành phố Cần Thơ, Việt Nam -> location_address_display (0.000000, 0.000000)",1,0.045454545454545456,12.0,False,22.75,REPEATED_CUSTOMER_DRIVER,KB-C_EXTREME_VOLUME,Driver-customer pair exceeds the 0.9999 trip-count threshold in the active 4-day window.,edge_weight_outlier
44969366800a4c6a,69577266c946a1ae,22,0,35.25,187681.81818181818,4129000.0,610000.0,4,2026-07-17,xanh_premium,Tỉnh Quảng Ngãi,Tỉnh Quảng Ngãi,0.0,27,22,0.8148148148148148,1.0,"255 Quốc Lộ 1A, Thôn Phước Thịnh, Xã Mỏ Cày, Tỉnh Quảng Ngãi, Việt Nam -> Biển, 2WF8+JV6, Xã Mỏ Cày, Tỉnh Quảng Ngãi, Việt Nam",1,0.045454545454545456,12.0,False,22.93,REPEATED_CUSTOMER_DRIVER,KB-C_EXTREME_VOLUME,Driver-customer pair exceeds the 0.9999 trip-count threshold in the active 4-day window.,edge_weight_outlier
4ff2a9f85ebbea4d,494c26079753736c,22,0,15.083333333333334,90727.27272727272,1996000.0,158000.0,4,2026-07-17,xanh_car,Tỉnh Ninh Thuận,Tỉnh Ninh Thuận,0.0,35,22,0.6285714285714286,1.0,"Phường Phan Rang, Tỉnh Khánh Hòa, Việt Nam -> Phường Phan Rang, Tỉnh Khánh Hòa, Việt Nam",4,0.18181818181818182,12.0,False,24.12,REPEATED_CUSTOMER_DRIVER,KB-C_EXTREME_VOLUME,Driver-customer pair exceeds the 0.9999 trip-count threshold in the active 4-day window.,edge_weight_outlier
a55a58cd57481ec4,d2a0fa7b30a14a94,22,0,28.283333333333335,231272.72727272726,5088000.0,415000.0,4,2026-07-17,xanh_car,Tỉnh Bà Rịa - Vũng Tàu,Tỉnh Bà Rịa - Vũng Tàu,0.0,24,22,0.9166666666666666,1.0,"Xã Đất Đỏ, Thành Phố Hồ Chí Minh, Việt Nam -> Phường Bà Rịa, Thành phố Hồ Chí Minh, Việt Nam",2,0.09090909090909091,12.0,False,24.03,REPEATED_CUSTOMER_DRIVER,KB-C_EXTREME_VOLUME,Driver-customer pair exceeds the 0.9999 trip-count threshold in the active 4-day window.,edge_weight_outlier
ea40a28abaa9b11d,47883e2ef0e6174d,21,0,3.7333333333333334,45761.90476190476,961000.0,115000.0,4,2026-07-17,xanh_premium,Thành phố Hà Nội,Thành phố Hà Nội,0.0,49,32,0.42857142857142855,0.65625,"Phường Tây Mỗ, Thành Phố Hà Nội, Việt Nam -> Phường Tây Mỗ, Thành Phố Hà Nội, Việt Nam",2,0.09523809523809523,12.0,True,23.98,REPEATED_CUSTOMER_DRIVER,KB-C_EXTREME_VOLUME,Driver-customer pair exceeds the 0.9999 trip-count threshold in the active 4-day window.,edge_weight_outlier
0c4547ef96051cad,cb3a42f41d8ed1bc,20,1,8.9,125500.0,2510000.0,237000.0,4,2026-07-17,xanh_premium,Tỉnh Bình Dương,Tỉnh Bình Dương,0.05,25,20,0.8,1.0,"P.Bình Dương, Thành phố Hồ Chí Minh, Vietnam -> Đường Cách Mạng Tháng Tám, Phường Thủ Dầu Một, Thành phố Hồ Chí Minh, Việt Nam",3,0.15,12.0,False,26.5,REPEATED_CUSTOMER_DRIVER,KB-C_EXTREME_VOLUME,Driver-customer pair exceeds the 0.9999 trip-count threshold in the active 4-day window.,edge_weight_outlier
1f6eef737a3df91d,cbb1f8290f89ca1b,20,1,16.866666666666667,151490.0,3029800.0,260000.0,4,2026-07-17,xanh_premium,Tỉnh Tây Ninh,Tỉnh Tây Ninh,0.05,31,25,0.6451612903225806,0.8,"Tây Ninh -> Ấp Trâm Vàng 2, Phường Gò Dầu, Tỉnh Tây Ninh, Việt Nam",2,0.1,12.0,False,23.16,REPEATED_CUSTOMER_DRIVER,KB-C_EXTREME_VOLUME,Driver-customer pair exceeds the 0.9999 trip-count threshold in the active 4-day window.,edge_weight_outlier
ac5841a1105233bf,7519969e1285bffd,20,1,11.966666666666667,69400.0,1388000.0,163000.0,4,2026-07-17,xanh_car,Tỉnh Thừa Thiên Huế,Tỉnh Thừa Thiên Huế,0.05,50,24,0.4,0.8333333333333334,"Phường Thanh Thủy, Thành phố Huế, Việt Nam -> 46 Duong Ky St, Phường An Cựu, Thành Phố Huế, Việt Nam",2,0.1,12.0,False,22.59,REPEATED_CUSTOMER_DRIVER,KB-C_EXTREME_VOLUME,Driver-customer pair exceeds the 0.9999 trip-count threshold in the active 4-day window.,edge_weight_outlier
a163314b3b102782,1d61fdd66a4800d8,20,0,10.55,32000.0,640000.0,70000.0,4,2026-07-17,xanhsm_bike_hn,Tỉnh Thừa Thiên Huế,Tỉnh Thừa Thiên Huế,0.0,28,29,0.7142857142857143,0.6896551724137931,"Phường An Cựu, Thành Phố Huế, Việt Nam -> Tỉnh Thừa Thiên Huế",2,0.1,12.0,False,21.58,REPEATED_CUSTOMER_DRIVER,KB-C_EXTREME_VOLUME,Driver-customer pair exceeds the 0.9999 trip-count threshold in the active 4-day window.,edge_weight_outlier
e207528b99558b4f,650f0297f82bcc5a,20,0,6.016666666666667,87750.0,1755000.0,0.0,3,2026-07-17,xanh_car,Tỉnh Bà Rịa - Vũng Tàu,Tỉnh Bà Rịa - Vũng Tàu,0.0,42,23,0.47619047619047616,0.8695652173913043,"Phường Rạch Dừa, Thành phố Hồ Chí Minh, Việt Nam -> Phường Rạch Dừa, Thành phố Hồ Chí Minh, Việt Nam",3,0.15,12.0,False,23.22,REPEATED_CUSTOMER_DRIVER,KB-C_EXTREME_VOLUME,Driver-customer pair exceeds the 0.9999 trip-count threshold in the active 4-day window.,edge_weight_outlier
e6226a83e74cde2c,31e9d70f116f13a0,20,0,18.033333333333335,20600.0,412000.0,70000.0,4,2026-07-17,xanhsm_bike_sg,Thành phố Hồ Chí Minh,Thành phố Hồ Chí Minh,0.0,55,20,0.36363636363636365,1.0,"Xã Bình Mỹ, Thành phố Hồ Chí Minh, Việt Nam -> Xã Bình Mỹ, Thành phố Hồ Chí Minh, Việt Nam",7,0.35,12.0,False,23.09,REPEATED_CUSTOMER_DRIVER,KB-C_EXTREME_VOLUME,Driver-customer pair exceeds the 0.9999 trip-count threshold in the active 4-day window.,edge_weight_outlier
cb6f08de0b546cd4,059838b33de86e2e,19,19,0.6833333333333333,36631.57894736842,696000.0,76000.0,4,2026-07-17,xanh_limo_6_cho,Thành phố Đà Nẵng,Thành phố Đà Nẵng,1.0,36,19,0.5277777777777778,1.0,"22 Đường Mỹ Khê 4, Phường An Hải, Thành phố Đà Nẵng, Việt Nam -> Phường Ngũ Hành Sơn, Thành phố Đà Nẵng, Việt Nam",4,0.21052631578947367,12.0,True,65.83,REPEATED_CUSTOMER_DRIVER,KB-C_EXTREME_VOLUME,Driver-customer pair exceeds the 0.9999 trip-count threshold in the active 4-day window.,edge_weight_outlier
4063905a737fb063,487ca3e45c1531df,19,4,5.983333333333333,40526.31578947369,770000.0,92000.0,4,2026-07-17,xanh_premium,Thành phố Hồ Chí Minh,Thành phố Hồ Chí Minh,0.21052631578947367,42,20,0.4523809523809524,0.95,"Phường Tân Tạo, Thành Phố Hồ Chí Minh, Việt Nam -> 104-110 Đường số 54, Phường Tân Tạo, Thành phố Hồ Chí Minh",2,0.10526315789473684,12.0,False,31.26,REPEATED_CUSTOMER_DRIVER,KB-C_EXTREME_VOLUME,Driver-customer pair exceeds the 0.9999 trip-count threshold in the active 4-day window.,edge_weight_outlier
ee9a55ea5e7b6316,6e7a2cfe8823aaa2,19,3,18.766666666666666,89263.15789473684,1696000.0,166000.0,4,2026-07-17,xanh_car,Thành phố Hà Nội,Thành phố Hà Nội,0.15789473684210525,29,19,0.6551724137931034,1.0,"Khu Trại Giống Lúa, Xã Thường Tín, Thành Phố Hà Nội, Việt Nam -> Thôn 3, Xã Nam Phù, Thành Phố Hà Nội, Việt Nam",3,0.15789473684210525,12.0,False,28.58,REPEATED_CUSTOMER_DRIVER,KB-C_EXTREME_VOLUME,Driver-customer pair exceeds the 0.9999 trip-count threshold in the active 4-day window.,edge_weight_outlier
0f20a157430f8a90,df39fe3d472cd132,19,2,12.7,163947.36842105264,3115000.0,568000.0,4,2026-07-17,xanh_car,Thành phố Hà Nội,Thành phố Hà Nội,0.10526315789473684,23,22,0.8260869565217391,0.8636363636363636,"Xã Quang Minh, Thành Phố Hà Nội, Việt Nam -> Me Linh St., Xã Mê Linh, Thành Phố Hà Nội, Việt Nam",2,0.10526315789473684,12.0,False,26.55,REPEATED_CUSTOMER_DRIVER,KB-C_EXTREME_VOLUME,Driver-customer pair exceeds the 0.9999 trip-count threshold in the active 4-day window.,edge_weight_outlier
6db042c5dd3c1ac2,cd4eb772a03a76c9,19,1,1.5333333333333334,23789.473684210527,452000.0,0.0,3,2026-07-16,xanh_premium,Tỉnh Quảng Ngãi,Tỉnh Quảng Ngãi,0.05263157894736842,19,19,1.0,1.0,"Xã Đông Sơn, Tỉnh Quảng Ngãi, Việt Nam -> Xã Đông Sơn, Tỉnh Quảng Ngãi, Việt Nam",3,0.15789473684210525,12.0,True,37.9,REPEATED_CUSTOMER_DRIVER,KB-C_EXTREME_VOLUME,Driver-customer pair exceeds the 0.9999 trip-count threshold in the active 4-day window.,edge_weight_outlier
7e95a457342c949e,231ffd702ff5c31f,19,1,13.016666666666667,308263.15789473685,5857000.0,593000.0,4,2026-07-17,xanh_premium,Tỉnh Tây Ninh,Tỉnh Tây Ninh,0.05263157894736842,24,19,0.7916666666666666,1.0,Tây Ninh -> Tây Ninh,2,0.10526315789473684,12.0,False,24.82,REPEATED_CUSTOMER_DRIVER,KB-C_EXTREME_VOLUME,Driver-customer pair exceeds the 0.9999 trip-count threshold in the active 4-day window.,edge_weight_outlier
83d08e845496ece2,e91b2b6e5c8d8602,19,1,10.133333333333333,99368.42105263157,1888000.0,162000.0,4,2026-07-17,xanh_premium,Thành phố Hồ Chí Minh,Thành phố Hồ Chí Minh,0.05263157894736842,65,20,0.2923076923076923,0.95,"12 Đường Nguyễn Siêu, Phường Sài Gòn, Thành phố Hồ Chí Minh, Việt Nam -> 334 Đường Tô Hiến Thành, Phường Diên Hồng, Thành Phố Hồ Chí Minh, Việt Nam",1,0.05263157894736842,12.0,False,21.99,REPEATED_CUSTOMER_DRIVER,KB-C_EXTREME_VOLUME,Driver-customer pair exceeds the 0.9999 trip-count threshold in the active 4-day window.,edge_weight_outlier
bf9db9dce49fa7ae,0f7c4f452502f87e,19,1,9.65,149210.52631578947,2835000.0,431000.0,4,2026-07-17,xanh_car,Tỉnh Bình Dương,Tỉnh Bình Dương,0.05263157894736842,24,21,0.7916666666666666,0.9047619047619048,"152 Đường Huỳnh Văn Cù, Phường Thủ Dầu Một, Thành Phố Hồ Chí Minh, Việt Nam -> Thành phố Hồ Chí Minh",1,0.05263157894736842,12.0,False,24.36,REPEATED_CUSTOMER_DRIVER,KB-C_EXTREME_VOLUME,Driver-customer pair exceeds the 0.9999 trip-count threshold in the active 4-day window.,edge_weight_outlier
3d8dc2593d90ba63,72159a75972cb55d,19,0,12.65,211421.05263157896,4017000.0,131000.0,4,2026-07-17,xanh_car,Tỉnh Bến Tre,Tỉnh Bến Tre,0.0,38,19,0.5,1.0,"109 Đường Đoàn Hoàng Minh, Phường An Hội, Tỉnh Vĩnh Long, Việt Nam -> Vĩnh Long",1,0.05263157894736842,12.0,False,20.69,REPEATED_CUSTOMER_DRIVER,KB-C_EXTREME_VOLUME,Driver-customer pair exceeds the 0.9999 trip-count threshold in the active 4-day window.,edge_weight_outlier
8b2774ab97315ac7,80213f13fd005fb2,19,0,1.5333333333333334,39157.89473684211,744000.0,24000.0,3,2026-07-17,xanh_premium,Thành phố Hồ Chí Minh,Thành phố Hồ Chí Minh,0.0,20,19,0.95,1.0,"Phường Linh Xuân, Thành Phố Hồ Chí Minh, Việt Nam -> 26/14 Đường Kha Vạn Cân, Khu phố Bình Đường 2, Phường Linh Xuân, Thành phố Hồ Chí Minh, Việt Nam",2,0.10526315789473684,12.0,True,34.93,REPEATED_CUSTOMER_DRIVER,KB-C_EXTREME_VOLUME,Driver-customer pair exceeds the 0.9999 trip-count threshold in the active 4-day window.,edge_weight_outlier
8d061bb3dfc6eb32,a70b225da59a8482,19,0,11.616666666666667,181473.68421052632,3448000.0,301000.0,4,2026-07-17,xanh_car,Tỉnh Tây Ninh,Tỉnh Tây Ninh,0.0,23,19,0.8260869565217391,1.0,"82 Đường Phạm Văn Đồng, Phường Thanh Điền, Tỉnh Tây Ninh, Việt Nam -> Tây Ninh",2,0.10526315789473684,12.0,False,22.99,REPEATED_CUSTOMER_DRIVER,KB-C_EXTREME_VOLUME,Driver-customer pair exceeds the 0.9999 trip-count threshold in the active 4-day window.,edge_weight_outlier
90bb8bd83b4eb6dc,a30fbaeeee25d79f,19,0,54.35,169000.0,3211000.0,525000.0,4,2026-07-17,xanh_premium,Tỉnh Đồng Nai,Tỉnh Đồng Nai,0.0,32,23,0.59375,0.8260869565217391,"Phường Trấn Biên, Tỉnh Đồng Nai, Việt Nam -> 2 Đường Đồng Khởi, Phường Tam Hiệp, Tỉnh Đồng Nai, Việt Nam",3,0.15789473684210525,12.0,False,20.13,REPEATED_CUSTOMER_DRIVER,KB-C_EXTREME_VOLUME,Driver-customer pair exceeds the 0.9999 trip-count threshold in the active 4-day window.,edge_weight_outlier
a7bcfa41a7ab7a2b,842986a5254f5046,19,0,13.683333333333334,273894.7368421053,5204000.0,474000.0,4,2026-07-17,xanh_premium,Tỉnh Bình Phước,Tỉnh Bình Phước,0.0,28,19,0.6785714285714286,1.0,"Phường Bình Long, Tỉnh Đồng Nai, Việt Nam -> Đồng Nai",3,0.15789473684210525,12.0,False,22.52,REPEATED_CUSTOMER_DRIVER,KB-C_EXTREME_VOLUME,Driver-customer pair exceeds the 0.9999 trip-count threshold in the active 4-day window.,edge_weight_outlier
b0a2bc1b3d054668,3903c15392a6664e,19,0,11.25,117473.68421052632,2232000.0,365000.0,3,2026-07-17,xanh_car,Tỉnh Khánh Hòa,Tỉnh Khánh Hòa,0.0,26,24,0.7307692307692307,0.7916666666666666,"Khánh Hòa -> 63W2+C86, Xã Diên Lạc, Tỉnh Khánh Hòa, Việt Nam",2,0.10526315789473684,12.0,False,21.53,REPEATED_CUSTOMER_DRIVER,KB-C_EXTREME_VOLUME,Driver-customer pair exceeds the 0.9999 trip-count threshold in the active 4-day window.,edge_weight_outlier
bb5fe6f564f3c8e9,886410826ab6759d,19,0,39.583333333333336,115684.21052631579,2198000.0,293000.0,4,2026-07-17,xanh_car,Thành phố Hà Nội,Thành phố Hà Nội,0.0,35,19,0.5428571428571428,1.0,"Xã Sóc Sơn, Thành phố Hà Nội, Việt Nam -> Xã Sóc Sơn, Thành phố Hà Nội, Việt Nam",2,0.10526315789473684,12.0,False,20.36,REPEATED_CUSTOMER_DRIVER,KB-C_EXTREME_VOLUME,Driver-customer pair exceeds the 0.9999 trip-count threshold in the active 4-day window.,edge_weight_outlier
eaf5527abaf7dfde,093803273e9e7d56,19,0,25.933333333333334,102157.8947368421,1941000.0,287000.0,4,2026-07-17,xanh_car,Tỉnh Quảng Ngãi,Tỉnh Quảng Ngãi,0.0,30,19,0.6333333333333333,1.0,Quảng Ngãi -> Quảng Ngãi,3,0.15789473684210525,12.0,False,21.6,REPEATED_CUSTOMER_DRIVER,KB-C_EXTREME_VOLUME,Driver-customer pair exceeds the 0.9999 trip-count threshold in the active 4-day window.,edge_weight_outlier
fb93e790f8df6749,c3fec78e57fc03f1,19,0,16.683333333333334,124000.0,2356000.0,107000.0,4,2026-07-17,xanh_premium,Thành phố Hồ Chí Minh,Thành phố Hồ Chí Minh,0.0,39,19,0.48717948717948717,1.0,"215 Đường Hồng Bàng, Phường Chợ Lớn, Thành phố Hồ Chí Minh, Việt Nam -> 395 Đường Kinh Dương Vương, Phường An Lạc, Thành phố Hồ Chí Minh, Việt Nam",2,0.10526315789473684,12.0,False,20.77,REPEATED_CUSTOMER_DRIVER,KB-C_EXTREME_VOLUME,Driver-customer pair exceeds the 0.9999 trip-count threshold in the active 4-day window.,edge_weight_outlier
fbd00f338ecdc1cb,976a7d40077abb79,19,0,16.9,147421.05263157896,2801000.0,33000.0,4,2026-07-17,xanh_car,Tỉnh Đồng Tháp,Tỉnh Đồng Tháp,0.0,41,24,0.4634146341463415,0.7916666666666666,"848 Đường , Xã Mỹ An Hưng, Tỉnh Đồng Tháp, Việt Nam -> 01 Đường Ngô Thì Nhậm, Phường Cao Lãnh, Tỉnh Đồng Tháp, Việt Nam",2,0.10526315789473684,12.0,False,19.59,REPEATED_CUSTOMER_DRIVER,KB-C_EXTREME_VOLUME,Driver-customer pair exceeds the 0.9999 trip-count threshold in the active 4-day window.,edge_weight_outlier
c9ce03ce680b2fd7,d938b03bbf02a6df,18,18,0.31666666666666665,116000.0,2088000.0,522000.0,2,2026-07-17,xanh_limo_6_cho,Thành phố Hồ Chí Minh,Thành phố Hồ Chí Minh,1.0,37,46,0.4864864864864865,0.391304347826087,"5A Đường Phạm Hùng Nối Dài, Ấp, Xã Bình Hưng, Thành phố Hồ Chí Minh, Việt Nam -> 92-94 nam kỳ khởi nghĩa, Phường Sài Gòn, Thành phố Hồ Chí Minh",9,0.5,12.0,True,64.89,REPEATED_CUSTOMER_DRIVER,KB-C_EXTREME_VOLUME,Driver-customer pair exceeds the 0.9999 trip-count threshold in the active 4-day window.,edge_weight_outlier
02120e1d17fa92e9,b9a158e9775155e9,18,4,38.666666666666664,99111.11111111111,1784000.0,250000.0,4,2026-07-17,xanh_premium,Tỉnh Quảng Ngãi,Tỉnh Quảng Ngãi,0.2222222222222222,25,18,0.72,1.0,"Phường Cẩm Thành, Tỉnh Quảng Ngãi, Việt Nam -> Phường Nghĩa Lộ, Tỉnh Quảng Ngãi, Việt Nam",3,0.16666666666666666,12.0,False,30.54,REPEATED_CUSTOMER_DRIVER,KB-C_EXTREME_VOLUME,Driver-customer pair exceeds the 0.9999 trip-count threshold in the active 4-day window.,edge_weight_outlier
06dc1428ff38bf0b,8b3402138b33ade8,18,4,28.1,118111.11111111111,2126000.0,915000.0,4,2026-07-17,xanh_premium,Tỉnh Nam Định,Tỉnh Nam Định,0.2222222222222222,25,19,0.72,0.9473684210526315,"Xóm Đồng Ngãi, Phường Vị Khê, Tỉnh Ninh Bình, Việt Nam -> Phường Nam Định, Tỉnh Ninh Bình, Việt Nam",2,0.1111111111111111,12.0,False,29.92,REPEATED_CUSTOMER_DRIVER,KB-C_EXTREME_VOLUME,Driver-customer pair exceeds the 0.9999 trip-count threshold in the active 4-day window.,edge_weight_outlier
ab523274f635601c,b32d99ee945b8d89,18,3,7.016666666666667,74388.88888888889,1339000.0,102000.0,3,2026-07-17,xanh_car,Tỉnh Quảng Bình,Tỉnh Quảng Bình,0.16666666666666666,37,18,0.4864864864864865,1.0,"Phường Đồng Hới, Tỉnh Quảng Trị, Việt Nam -> Phường Đồng Thuận, Quảng Trị",2,0.1111111111111111,12.0,False,28.84,REPEATED_CUSTOMER_DRIVER,KB-C_EXTREME_VOLUME,Driver-customer pair exceeds the 0.9999 trip-count threshold in the active 4-day window.,edge_weight_outlier
b484d702fe2a4a36,cd5afeb9f0f8112f,18,2,43.31666666666667,134055.55555555556,2413000.0,253000.0,4,2026-07-17,xanh_car,Tỉnh Phú Yên,Tỉnh Phú Yên,0.1111111111111111,31,18,0.5806451612903226,1.0,"Phường Tuy Hòa, Tỉnh Đắk Lắk, Việt Nam -> Phường Bình Kiến, Tỉnh Đắk Lắk, Việt Nam",2,0.1111111111111111,12.0,False,24.61,REPEATED_CUSTOMER_DRIVER,KB-C_EXTREME_VOLUME,Driver-customer pair exceeds the 0.9999 trip-count threshold in the active 4-day window.,edge_weight_outlier
4a1f1508d39ae240,158e8a240a710356,18,1,10.066666666666666,117833.33333333333,2121000.0,36000.0,4,2026-07-17,xanh_car,Thành phố Hà Nội,Thành phố Hà Nội,0.05555555555555555,31,20,0.5806451612903226,0.9,"22 Phố Quảng Khánh, Phường Tây Hồ, Thành Phố Hà Nội, Việt Nam -> Phường Hà Đông, Thành Phố Hà Nội, Việt Nam",1,0.05555555555555555,12.0,False,22.76,REPEATED_CUSTOMER_DRIVER,KB-C_EXTREME_VOLUME,Driver-customer pair exceeds the 0.9999 trip-count threshold in the active 4-day window.,edge_weight_outlier
9292c8471f83af23,0b6b162edb7bdeff,18,1,2.466666666666667,14000.0,252000.0,35000.0,1,2026-07-17,xanhsm_bike_hn,Thành phố Cần Thơ,Thành phố Cần Thơ,0.05555555555555555,40,18,0.45,1.0,"106 Đường Cách Mạng Tháng 8, Phường Cái Khế, Thành phố Cần Thơ, Việt Nam -> Phường Ninh Kiều, Thành phố Cần Thơ, Việt Nam",1,0.05555555555555555,12.0,True,28.73,REPEATED_CUSTOMER_DRIVER,KB-C_EXTREME_VOLUME,Driver-customer pair exceeds the 0.9999 trip-count threshold in the active 4-day window.,edge_weight_outlier
99580e7d5fe3dca9,a98cb95a7247930e,18,1,14.5,158555.55555555556,2854000.0,328000.0,4,2026-07-17,xanh_car,Tỉnh Bà Rịa - Vũng Tàu,Tỉnh Bà Rịa - Vũng Tàu,0.05555555555555555,25,18,0.72,1.0,"Thành phố Hồ Chí Minh -> Xã Ngãi Giao, Thành phố Hồ Chí Minh, Việt Nam",2,0.1111111111111111,12.0,False,23.91,REPEATED_CUSTOMER_DRIVER,KB-C_EXTREME_VOLUME,Driver-customer pair exceeds the 0.9999 trip-count threshold in the active 4-day window.,edge_weight_outlier
fcf4d80d41cffe7d,5249641d0fff7fb8,18,1,60.31666666666667,153166.66666666666,2757000.0,396000.0,4,2026-07-17,xanh_limo_6_cho,Tỉnh Bà Rịa - Vũng Tàu,Tỉnh Bà Rịa - Vũng Tàu,0.05555555555555555,20,18,0.9,1.0,"Phường Phú Mỹ, Thành phố Hồ Chí Minh, Việt Nam -> 03 Đường N2, Phường Tân Phước, Thành phố Hồ Chí Minh, Việt Nam",4,0.2222222222222222,12.0,False,24.87,REPEATED_CUSTOMER_DRIVER,KB-C_EXTREME_VOLUME,Driver-customer pair exceeds the 0.9999 trip-count threshold in the active 4-day window.,edge_weight_outlier
111584d348f70b95,de355ad6baf1aa51,18,0,13.4,129944.44444444444,2339000.0,262000.0,4,2026-07-17,xanh_car,Tỉnh Quảng Ngãi,Tỉnh Quảng Ngãi,0.0,32,18,0.5625,1.0,"06 Đường Cao Bá Quát, Phường Cẩm Thành, Tỉnh Quảng Ngãi, Việt Nam -> Xã Ba Gia, Tỉnh Quảng Ngãi, Việt Nam",1,0.05555555555555555,12.0,False,20.36,REPEATED_CUSTOMER_DRIVER,KB-C_EXTREME_VOLUME,Driver-customer pair exceeds the 0.9999 trip-count threshold in the active 4-day window.,edge_weight_outlier
13497bbecd3f2d5f,9bb51642bb59ada7,18,0,21.683333333333334,242388.88888888888,4363000.0,85000.0,4,2026-07-17,xanh_car,Tỉnh Long An,Tỉnh Long An,0.0,25,18,0.72,1.0,"Tây Ninh -> VFHR+9H8, Xã Mỹ Hạnh, Tỉnh Tây Ninh, Việt Nam",2,0.1111111111111111,12.0,False,21.13,REPEATED_CUSTOMER_DRIVER,KB-C_EXTREME_VOLUME,Driver-customer pair exceeds the 0.9999 trip-count threshold in the active 4-day window.,edge_weight_outlier
3a8cad57f76cd018,0a5a8c88fab1d577,18,0,39.71666666666667,174611.11111111112,3143000.0,453000.0,4,2026-07-17,xanh_car,Tỉnh Đồng Nai,Tỉnh Đồng Nai,0.0,23,19,0.782608695652174,0.9473684210526315,"Đồng Nai -> Xã Xuân Lộc, Tỉnh Đồng Nai, Việt Nam",3,0.16666666666666666,12.0,False,21.32,REPEATED_CUSTOMER_DRIVER,KB-C_EXTREME_VOLUME,Driver-customer pair exceeds the 0.9999 trip-count threshold in the active 4-day window.,edge_weight_outlier
4a84b9300b957bf6,4beb62befad9bc14,18,0,33.333333333333336,183555.55555555556,3304000.0,198000.0,4,2026-07-17,xanh_limo_6_cho,Thành phố Hồ Chí Minh,Thành phố Hồ Chí Minh,0.0,27,25,0.6666666666666666,0.72,"Phường An Khánh, Thành phố Hồ Chí Minh, Việt Nam -> Tầng 1, Lotte Mart Phú Thọ, 968 Đường 3/2, Phường Phú Thọ, Thành Phố Hồ Chí Minh, Việt Nam",2,0.1111111111111111,12.0,False,19.14,REPEATED_CUSTOMER_DRIVER,KB-C_EXTREME_VOLUME,Driver-customer pair exceeds the 0.9999 trip-count threshold in the active 4-day window.,edge_weight_outlier
5dd78d9a81cbed8f,b17fc5490aa266e4,18,0,2.75,31555.555555555555,568000.0,517000.0,3,2026-07-17,xanh_car,Thành phố Hà Nội,Thành phố Hà Nội,0.0,45,18,0.4,1.0,"Thành phố Hà Nội -> Đường Thụy Lôi, Xã Thư Lâm, Thành phố Hà Nội, Việt Nam",3,0.16666666666666666,12.0,True,26.44,REPEATED_CUSTOMER_DRIVER,KB-C_EXTREME_VOLUME,Driver-customer pair exceeds the 0.9999 trip-count threshold in the active 4-day window.,edge_weight_outlier
83d08e845496ece2,a71f06019bfe3ede,18,0,2.25,81777.77777777778,1472000.0,227000.0,2,2026-07-16,xanh_premium,Thành phố Hồ Chí Minh,Thành phố Hồ Chí Minh,0.0,65,18,0.27692307692307694,1.0,"Phường Sài Gòn, Thành phố Hồ Chí Minh, Việt Nam -> Đường Pasteur, Phường Sài Gòn, Thành phố Hồ Chí Minh, Việt Nam",2,0.1111111111111111,12.0,True,26.88,REPEATED_CUSTOMER_DRIVER,KB-C_EXTREME_VOLUME,Driver-customer pair exceeds the 0.9999 trip-count threshold in the active 4-day window.,edge_weight_outlier
875f7558903ca6a7,e37c1c635113bf58,18,0,20.433333333333334,182305.55555555556,3281500.0,543000.0,4,2026-07-17,xanh_car,Tỉnh Bà Rịa - Vũng Tàu,Tỉnh Bà Rịa - Vũng Tàu,0.0,24,18,0.75,1.0,"Xã Bình Châu, Thành phố Hồ Chí Minh, Việt Nam -> Xã Bình Châu, Thành phố Hồ Chí Minh, Việt Nam",2,0.1111111111111111,12.0,False,21.34,REPEATED_CUSTOMER_DRIVER,KB-C_EXTREME_VOLUME,Driver-customer pair exceeds the 0.9999 trip-count threshold in the active 4-day window.,edge_weight_outlier
cd68f266461f708d,c2ba05545db896d5,18,0,11.0,91722.22222222222,1651000.0,30000.0,4,2026-07-17,xanh_car_just_taxi,Tỉnh Ninh Bình,Tỉnh Ninh Bình,0.0,45,18,0.4,1.0,"Phường Nam Hoa Lư, Tỉnh Ninh Bình, Việt Nam -> location_address_display (0.000000, 0.000000)",3,0.16666666666666666,12.0,False,20.98,REPEATED_CUSTOMER_DRIVER,KB-C_EXTREME_VOLUME,Driver-customer pair exceeds the 0.9999 trip-count threshold in the active 4-day window.,edge_weight_outlier
d6f7c63c9ece887d,e18e24d03a0dead3,18,0,32.93333333333333,131944.44444444444,2375000.0,299000.0,4,2026-07-17,xanh_car,Tỉnh Nam Định,Tỉnh Nam Định,0.0,23,18,0.782608695652174,1.0,"Thôn Đại Thắng, Đường Tỉnh 486B, Phường Mỹ Lộc, Tỉnh Ninh Bình, Việt Nam -> Huyện Mỹ Lộc, Tỉnh Nam Định, VNM",5,0.2777777777777778,12.0,False,22.8,REPEATED_CUSTOMER_DRIVER,KB-C_EXTREME_VOLUME,Driver-customer pair exceeds the 0.9999 trip-count threshold in the active 4-day window.,edge_weight_outlier
f570d1f2b4f754fe,61f882ceb4384cd2,18,0,17.35,124833.33333333333,2247000.0,327000.0,4,2026-07-17,xanh_car,Tỉnh Bình Dương,Tỉnh Bình Dương,0.0,21,18,0.8571428571428571,1.0,"Đường 22 Tháng 12, Khu phố Hòa Lân 1, Phường Thuận Giao, Thành phố Hồ Chí Minh, Việt Nam -> Phường Phú An, Thành phố Hồ Chí Minh",2,0.1111111111111111,12.0,False,22.05,REPEATED_CUSTOMER_DRIVER,KB-C_EXTREME_VOLUME,Driver-customer pair exceeds the 0.9999 trip-count threshold in the active 4-day window.,edge_weight_outlier
d69c518bb874969b,cf4ed370c7c89d68,17,11,0.7166666666666667,32941.17647058824,560000.0,0.0,4,2026-07-17,xanh_car,Tỉnh Bình Dương,Tỉnh Bình Dương,0.6470588235294118,33,17,0.5151515151515151,1.0,"Phường Hòa Lợi, Thành phố Hồ Chí Minh, Việt Nam -> Phường Hòa Lợi, Thành phố Hồ Chí Minh, Việt Nam",6,0.35294117647058826,12.0,True,66.02,REPEATED_CUSTOMER_DRIVER,KB-C_EXTREME_VOLUME,Driver-customer pair exceeds the 0.9999 trip-count threshold in the active 4-day window.,edge_weight_outlier
8d2a5bfc65173907,3dad95a30c806f59,17,10,3.9833333333333334,28823.529411764706,490000.0,22000.0,2,2026-07-17,xanh_car,Tỉnh Thanh Hóa,Tỉnh Thanh Hóa,0.5882352941176471,42,17,0.40476190476190477,1.0,"4 Đường Cộng Hòa, Xã An Khánh, Thành Phố Hà Nội, Việt Nam -> Xã An Khánh, Thành Phố Hà Nội, Việt Nam",1,0.058823529411764705,12.0,True,47.06,REPEATED_CUSTOMER_DRIVER,KB-C_EXTREME_VOLUME,Driver-customer pair exceeds the 0.9999 trip-count threshold in the active 4-day window.,edge_weight_outlier
127dc7f8b4d33fcc,c456e2066f2cceda,17,7,31.016666666666666,263117.64705882355,4473000.0,464000.0,4,2026-07-17,xanh_premium,Tỉnh Bình Phước,Tỉnh Bình Phước,0.4117647058823529,21,18,0.8095238095238095,0.9444444444444444,"Xã Long Hà, Tỉnh Đồng Nai, Việt Nam -> Đồng Nai",2,0.11764705882352941,12.0,True,37.66,REPEATED_CUSTOMER_DRIVER,KB-C_EXTREME_VOLUME,Driver-customer pair exceeds the 0.9999 trip-count threshold in the active 4-day window.,edge_weight_outlier
71bd2702b4dec081,a86bef374bc7b8e6,17,3,29.583333333333332,130352.94117647059,2216000.0,374000.0,4,2026-07-17,xanh_premium,Tỉnh Ninh Thuận,Tỉnh Ninh Thuận,0.17647058823529413,25,18,0.68,0.9444444444444444,"Quốc lộ 27, Phường Đô Vinh, Tỉnh Ninh Thuận, Việt Nam -> Phường Đông Hải, Tỉnh Khánh Hòa, Việt Nam",2,0.11764705882352941,12.0,False,27.24,REPEATED_CUSTOMER_DRIVER,KB-C_EXTREME_VOLUME,Driver-customer pair exceeds the 0.9999 trip-count threshold in the active 4-day window.,edge_weight_outlier
2b28ebc6e1cf0b93,e229d734dc02b00f,17,2,16.3,116764.70588235294,1985000.0,150000.0,4,2026-07-17,xanh_premium,Tỉnh Tây Ninh,Tỉnh Tây Ninh,0.11764705882352941,28,17,0.6071428571428571,1.0,"Tây Ninh -> Phường Tân Ninh, Tỉnh Tây Ninh, Việt Nam",2,0.11764705882352941,12.0,False,25.26,REPEATED_CUSTOMER_DRIVER,KB-C_EXTREME_VOLUME,Driver-customer pair exceeds the 0.9999 trip-count threshold in the active 4-day window.,edge_weight_outlier
4388bf88f619a8f2,51cba4837e3aa8e3,17,1,12.55,91882.35294117648,1562000.0,0.0,3,2026-07-17,xanh_car_just_taxi,Tỉnh Tuyên Quang,Tỉnh Tuyên Quang,0.058823529411764705,36,18,0.4722222222222222,0.9444444444444444,"Phường Minh Xuân, Tỉnh Tuyên Quang, Việt Nam -> location_address_display (0.000000, 0.000000)",3,0.17647058823529413,12.0,False,22.81,REPEATED_CUSTOMER_DRIVER,KB-C_EXTREME_VOLUME,Driver-customer pair exceeds the 0.9999 trip-count threshold in the active 4-day window.,edge_weight_outlier
b000369895322197,3b741f6e7b796df3,17,1,6.366666666666666,502000.0,8534000.0,935000.0,4,2026-07-17,xanh_car,Tỉnh Bắc Ninh,Tỉnh Bắc Ninh,0.058823529411764705,20,18,0.85,0.9444444444444444,"Đường YP6, Xã Yên Trung, Tỉnh Bắc Ninh, Việt Nam -> KCN Thương mại và Dịch vụ VSIP Bắc Ninh II, Số 21 Đường 8, Xã Tam Giang, Tỉnh Bắc Ninh, Việt Nam",4,0.23529411764705882,12.0,False,26.83,REPEATED_CUSTOMER_DRIVER,KB-C_EXTREME_VOLUME,Driver-customer pair exceeds the 0.9999 trip-count threshold in the active 4-day window.,edge_weight_outlier
d9920060ab3c4718,63d60e8c5a07a6a8,17,1,32.81666666666667,196294.11764705883,3337000.0,323000.0,4,2026-07-17,xanh_premium,Tỉnh Kiên Giang,Tỉnh Kiên Giang,0.058823529411764705,32,17,0.53125,1.0,"KP.9, Đặc khu Phú Quốc, Tỉnh An Giang, Việt Nam -> 30 Tháng 4 Street, Đặc khu Phú Quốc, Tỉnh An Giang, Việt Nam",2,0.11764705882352941,12.0,False,21.81,REPEATED_CUSTOMER_DRIVER,KB-C_EXTREME_VOLUME,Driver-customer pair exceeds the 0.9999 trip-count threshold in the active 4-day window.,edge_weight_outlier
1d6cd3502b8141b6,2f969fac9a9a404a,17,0,9.283333333333333,162647.0588235294,2765000.0,515000.0,4,2026-07-17,xanh_car,Tỉnh Tây Ninh,Tỉnh Tây Ninh,0.0,27,17,0.6296296296296297,1.0,Tây Ninh -> Tây Ninh,2,0.11764705882352941,12.0,False,21.4,REPEATED_CUSTOMER_DRIVER,KB-C_EXTREME_VOLUME,Driver-customer pair exceeds the 0.9999 trip-count threshold in the active 4-day window.,edge_weight_outlier
562e1d609b883479,cd292d4d75f40bc3,17,0,10.366666666666667,290529.4117647059,4939000.0,273000.0,4,2026-07-17,xanh_car,Tỉnh Bình Dương,Tỉnh Bình Dương,0.0,62,17,0.27419354838709675,1.0,"182 Quốc Lộ 1A, Phường Tam Bình, Thành phố Hồ Chí Minh, Việt Nam -> Số 1 Đại lộ Bình Dương, Phường Thuận Giao, Thành phố Hồ Chí Minh, Việt Nam",1,0.058823529411764705,12.0,False,18.81,REPEATED_CUSTOMER_DRIVER,KB-C_EXTREME_VOLUME,Driver-customer pair exceeds the 0.9999 trip-count threshold in the active 4-day window.,edge_weight_outlier
6d41d622812350e8,a85190bfdf72ee03,17,0,92.8,155117.64705882352,2637000.0,257000.0,4,2026-07-17,xanh_car,Thành phố Hồ Chí Minh,Thành phố Hồ Chí Minh,0.0,30,17,0.5666666666666667,1.0,"395 Đường Kinh Dương Vương, Phường An Lạc, Thành phố Hồ Chí Minh, Việt Nam -> 1061 Đường Phạm Văn Đồng, Phường Linh Xuân, Thành phố Hồ Chí Minh",1,0.058823529411764705,12.0,False,18.55,REPEATED_CUSTOMER_DRIVER,KB-C_EXTREME_VOLUME,Driver-customer pair exceeds the 0.9999 trip-count threshold in the active 4-day window.,edge_weight_outlier
7fcf436466291cb1,f70e6a906ebaf50a,17,0,23.6,141941.17647058822,2413000.0,293000.0,4,2026-07-17,xanh_premium,Thành phố Hà Nội,Thành phố Hà Nội,0.0,22,17,0.7727272727272727,1.0,"2 Đường Trần Thánh Tông, Phường Hai Bà Trưng, Thành Phố Hà Nội, Việt Nam -> 169 Phố Tây Sơn, Phường Kim Liên, Thành Phố Hà Nội, Việt Nam",1,0.058823529411764705,12.0,False,20.22,REPEATED_CUSTOMER_DRIVER,KB-C_EXTREME_VOLUME,Driver-customer pair exceeds the 0.9999 trip-count threshold in the active 4-day window.,edge_weight_outlier
8fb6b07b7391b857,4cf3ccf5ac8b6342,17,0,7.916666666666667,58117.64705882353,988000.0,25000.0,4,2026-07-17,xanh_car_just_taxi,Tỉnh Quảng Trị,Tỉnh Quảng Trị,0.0,63,18,0.2698412698412698,0.9444444444444444,"Phường Đông Hà, Tỉnh Quảng Trị, Việt Nam -> Phường Nam Đông Hà, Tỉnh Quảng Trị, Việt Nam",2,0.11764705882352941,12.0,False,19.69,REPEATED_CUSTOMER_DRIVER,KB-C_EXTREME_VOLUME,Driver-customer pair exceeds the 0.9999 trip-count threshold in the active 4-day window.,edge_weight_outlier
90f04d5b7996e4ce,1cd5c6b613ae0316,17,0,9.6,43058.82352941176,732000.0,12000.0,4,2026-07-17,xanh_premium,Thành phố Hồ Chí Minh,Thành phố Hồ Chí Minh,0.0,35,20,0.4857142857142857,0.85,"126-1F Đường Số 10, Phường Tân Hưng, Thành phố Hồ Chí Minh, Việt Nam -> Phường Tân Hưng, Thành phố Hồ Chí Minh, Việt Nam",6,0.35294117647058826,12.0,False,22.21,REPEATED_CUSTOMER_DRIVER,KB-C_EXTREME_VOLUME,Driver-customer pair exceeds the 0.9999 trip-count threshold in the active 4-day window.,edge_weight_outlier
a6052a3c47ad0aef,f276efada16ade43,17,0,19.233333333333334,101941.17647058824,1733000.0,193000.0,3,2026-07-17,xanh_premium,Tỉnh Quảng Ngãi,Tỉnh Quảng Ngãi,0.0,31,19,0.5483870967741935,0.8947368421052632,"Huyện Tư Nghĩa, Quảng Ngãi, Xã Nghĩa Giang, Tỉnh Quảng Ngãi, Việt Nam -> Xã Tư Nghĩa, Tỉnh Quảng Ngãi, Việt Nam",2,0.11764705882352941,12.0,False,19.35,REPEATED_CUSTOMER_DRIVER,KB-C_EXTREME_VOLUME,Driver-customer pair exceeds the 0.9999 trip-count threshold in the active 4-day window.,edge_weight_outlier
a8c7587466510e33,bdfb93bc5ad8f39b,17,0,38.61666666666667,185647.0588235294,3156000.0,463000.0,4,2026-07-17,xanh_car,Tỉnh Bà Rịa - Vũng Tàu,Tỉnh Bà Rịa - Vũng Tàu,0.0,24,17,0.7083333333333334,1.0,"203 Đường Hùng Vương, Xã Ngãi Giao, Thành phố Hồ Chí Minh, Việt Nam -> Đường Tỉnh 911, Xã Xuân Sơn, Thành phố Hồ Chí Minh, Việt Nam",1,0.058823529411764705,12.0,False,19.56,REPEATED_CUSTOMER_DRIVER,KB-C_EXTREME_VOLUME,Driver-customer pair exceeds the 0.9999 trip-count threshold in the active 4-day window.,edge_weight_outlier
bda92b40b3e4107c,b1fb6b76871ea033,17,0,20.9,98705.88235294117,1678000.0,0.0,4,2026-07-17,green_mini_3_khach,Thành phố Hà Nội,Thành phố Hà Nội,0.0,34,17,0.5,1.0,"Phường Phúc Lợi, Thành Phố Hà Nội, Việt Nam -> Xã Phù Đổng, Thành phố Hà Nội, Việt Nam",5,0.29411764705882354,12.0,False,21.31,REPEATED_CUSTOMER_DRIVER,KB-C_EXTREME_VOLUME,Driver-customer pair exceeds the 0.9999 trip-count threshold in the active 4-day window.,edge_weight_outlier
def6f67206cb7756,25bdbfc71916c38c,17,0,9.933333333333334,58058.82352941176,987000.0,0.0,4,2026-07-17,xanh_car,Tỉnh Đồng Nai,Tỉnh Đồng Nai,0.0,33,17,0.5151515151515151,1.0,"Dốc Mơ, Gia Tân, Thống Nhất, Đồng Nai -> Xã Gia Kiệm, Tỉnh Đồng Nai, Việt Nam",4,0.23529411764705882,12.0,False,21.86,REPEATED_CUSTOMER_DRIVER,KB-C_EXTREME_VOLUME,Driver-customer pair exceeds the 0.9999 trip-count threshold in the active 4-day window.,edge_weight_outlier
7622ac93ab222bda,8c495cb7d86f66e0,16,15,0.7166666666666667,31000.0,496000.0,8000.0,3,2026-07-16,xanh_car,Tỉnh Long An,Tỉnh Long An,0.9375,20,16,0.8,1.0,"Khu Phố 8, Xã Tân An Hội, Thành phố Hồ Chí Minh, Việt Nam -> giáp hải, Xã Tân An Hội, Thành phố Hồ Chí Minh",3,0.1875,12.0,True,65.21,REPEATED_CUSTOMER_DRIVER,KB-C_EXTREME_VOLUME,Driver-customer pair exceeds the 0.9999 trip-count threshold in the active 4-day window.,edge_weight_outlier
065c763e856f1601,d4451c264d27d378,16,12,41.8,235437.5,3767000.0,276000.0,4,2026-07-17,xanh_premium,Tỉnh Lào Cai,Tỉnh Lào Cai,0.75,20,16,0.8,1.0,"Xã Võ Lao, Tỉnh Lào Cai, Việt Nam -> Lào Cai",3,0.1875,12.0,True,45.69,REPEATED_CUSTOMER_DRIVER,KB-C_EXTREME_VOLUME,Driver-customer pair exceeds the 0.9999 trip-count threshold in the active 4-day window.,edge_weight_outlier
3d4bc7664a63f64e,27d97ab4af6b5c26,16,5,18.216666666666665,165000.0,2640000.0,312000.0,4,2026-07-17,xanh_premium,Tỉnh Thừa Thiên Huế,Tỉnh Thừa Thiên Huế,0.3125,33,16,0.48484848484848486,1.0,"Phường Phong Dinh, Thành phố Huế, Việt Nam -> Quảng Trị",1,0.0625,12.0,True,31.5,REPEATED_CUSTOMER_DRIVER,KB-C_EXTREME_VOLUME,Driver-customer pair exceeds the 0.9999 trip-count threshold in the active 4-day window.,edge_weight_outlier
c741ae6c3e0a3d6d,6776db9fdc2b706c,16,2,23.033333333333335,124500.0,1992000.0,230000.0,4,2026-07-17,xanh_premium,Tỉnh Quảng Ngãi,Tỉnh Quảng Ngãi,0.125,31,32,0.5161290322580645,0.5,"Thống Nhất, Phường Trương Quang Trọng, Tỉnh Quảng Ngãi, Việt Nam -> 02 Đường Tôn Đức Thắng, Phường Nghĩa Lộ, Tỉnh Quảng Ngãi, Việt Nam",3,0.1875,12.0,False,22.37,REPEATED_CUSTOMER_DRIVER,KB-C_EXTREME_VOLUME,Driver-customer pair exceeds the 0.9999 trip-count threshold in the active 4-day window.,edge_weight_outlier
28030084ef1d15fd,080742672f865082,16,1,5.65,122500.0,1960000.0,171000.0,3,2026-07-17,xanh_premium,Tỉnh Tiền Giang,Tỉnh Tiền Giang,0.0625,34,18,0.47058823529411764,0.8888888888888888,"Phường 1, Mỹ Tho, Tiền Giang -> 69 Đường Trần Hưng Đạo, Phường Thới Sơn, Tỉnh Đồng Tháp, Việt Nam",2,0.125,12.0,False,23.52,REPEATED_CUSTOMER_DRIVER,KB-C_EXTREME_VOLUME,Driver-customer pair exceeds the 0.9999 trip-count threshold in the active 4-day window.,edge_weight_outlier
29d732f810a391b8,36f1688d126debcc,16,1,35.233333333333334,132062.5,2113000.0,200000.0,3,2026-07-16,xanh_premium,Thành phố Hồ Chí Minh,Thành phố Hồ Chí Minh,0.0625,22,16,0.7272727272727273,1.0,"256 Đường Nam Kỳ Khởi Nghĩa, Phường Xuân Hòa, Thành phố Hồ Chí Minh, Việt Nam -> Khu Đô Thị The Global City, Phường Bình Trưng, Thành Phố Hồ Chí Minh, Việt Nam",1,0.0625,12.0,False,21.77,REPEATED_CUSTOMER_DRIVER,KB-C_EXTREME_VOLUME,Driver-customer pair exceeds the 0.9999 trip-count threshold in the active 4-day window.,edge_weight_outlier
7339b3039e0b81de,cb380d89d9967de9,16,1,8.616666666666667,107406.25,1718500.0,129000.0,3,2026-07-17,xanh_car,Tỉnh Đồng Nai,Tỉnh Đồng Nai,0.0625,33,16,0.48484848484848486,1.0,"18 Đường Võ Thị Sáu, Phường Trấn Biên, Tỉnh Đồng Nai, Việt Nam -> Đường Phạm Văn Diêu, Phường Biên Hòa, Tỉnh Đồng Nai, Việt Nam",1,0.0625,12.0,False,22.31,REPEATED_CUSTOMER_DRIVER,KB-C_EXTREME_VOLUME,Driver-customer pair exceeds the 0.9999 trip-count threshold in the active 4-day window.,edge_weight_outlier
9e95ba7c6cd9cbe0,9f7404280a7b9d1b,16,1,30.683333333333334,146812.5,2349000.0,311000.0,3,2026-07-17,xanh_car,Tỉnh Nam Định,Tỉnh Nam Định,0.0625,19,19,0.8421052631578947,0.8421052631578947,"Ninh Bình -> Quốc lộ 21, Xã Hải Hậu, Tỉnh Ninh Bình, Việt Nam",2,0.125,12.0,False,22.26,REPEATED_CUSTOMER_DRIVER,KB-C_EXTREME_VOLUME,Driver-customer pair exceeds the 0.9999 trip-count threshold in the active 4-day window.,edge_weight_outlier
be2abdcdef98bb69,b3ad04538fb6a4ce,16,1,19.75,83625.0,1338000.0,81000.0,4,2026-07-17,xanh_car,Thành phố Hồ Chí Minh,Thành phố Hồ Chí Minh,0.0625,71,16,0.22535211267605634,1.0,"346 Bến Vân Đồn, Phường Vĩnh Hội, Thành phố Hồ Chí Minh, Việt nam -> Phường Diên Hồng, Thành Phố Hồ Chí Minh, Việt Nam",8,0.5,12.0,False,24.08,REPEATED_CUSTOMER_DRIVER,KB-C_EXTREME_VOLUME,Driver-customer pair exceeds the 0.9999 trip-count threshold in the active 4-day window.,edge_weight_outlier
cf3431835962aed2,a577f350e0da5900,16,1,9.883333333333333,103312.5,1653000.0,238000.0,4,2026-07-17,xanh_car,Tỉnh Thái Bình,Tỉnh Thái Bình,0.0625,25,16,0.64,1.0,"Thôn Giang Tiến, Xã Kiến Xương, Tỉnh Hưng Yên, Việt Nam -> Hoàng Văn TháI, Phường Trần Lãm, Tỉnh Hưng Yên, Việt Nam",2,0.125,12.0,False,23.41,REPEATED_CUSTOMER_DRIVER,KB-C_EXTREME_VOLUME,Driver-customer pair exceeds the 0.9999 trip-count threshold in the active 4-day window.,edge_weight_outlier
d6847928ebf6cabc,08e261dc4ce0c4b4,16,1,20.233333333333334,125000.0,2000000.0,316000.0,4,2026-07-17,xanh_premium,Tỉnh Nam Định,Tỉnh Nam Định,0.0625,26,16,0.6153846153846154,1.0,"Xã Hải Hưng, Tỉnh Ninh Bình, Việt Nam -> Xã Hải Hậu, Tỉnh Ninh Bình, Việt Nam",2,0.125,12.0,False,22.25,REPEATED_CUSTOMER_DRIVER,KB-C_EXTREME_VOLUME,Driver-customer pair exceeds the 0.9999 trip-count threshold in the active 4-day window.,edge_weight_outlier
0c0d3b18d51d2bc6,c85a3f9824a70c80,16,0,11.533333333333333,112687.5,1803000.0,0.0,4,2026-07-17,xanh_car_just_taxi,Tỉnh Phú Thọ,Tỉnh Phú Thọ,0.0,30,16,0.5333333333333333,1.0,"Phường Nông Trang, Tỉnh Phú Thọ, Việt Nam ->  Tp.Việt Trì, Phú Thọ, Thuy Van Commune",2,0.125,12.0,False,19.98,REPEATED_CUSTOMER_DRIVER,KB-C_EXTREME_VOLUME,Driver-customer pair exceeds the 0.9999 trip-count threshold in the active 4-day window.,edge_weight_outlier
11e4996e955e9754,c74aa8d733e635a5,16,0,2.4,38375.0,614000.0,64000.0,2,2026-07-16,xanh_premium,Tỉnh Nam Định,Tỉnh Nam Định,0.0,22,16,0.7272727272727273,1.0,"106 Đường Hoàng Quốc Việt, Phường Nghĩa Đô, Thành Phố Hà Nội, Việt Nam -> Phường Nghĩa Đô, Thành Phố Hà Nội, Việt Nam",1,0.0625,12.0,True,26.93,REPEATED_CUSTOMER_DRIVER,KB-C_EXTREME_VOLUME,Driver-customer pair exceeds the 0.9999 trip-count threshold in the active 4-day window.,edge_weight_outlier
203636fbdad4f658,f291604243bf604d,16,0,22.216666666666665,182375.0,2918000.0,395000.0,4,2026-07-17,xanh_car,Tỉnh Thừa Thiên Huế,Tỉnh Thừa Thiên Huế,0.0,27,16,0.5925925925925926,1.0,"17 Đường Hà Nội, Phường Thuận Hóa, Thành Phố Huế, Việt Nam -> Phường Hương Trà, Thành phố Huế, Việt Nam",1,0.0625,12.0,False,18.82,REPEATED_CUSTOMER_DRIVER,KB-C_EXTREME_VOLUME,Driver-customer pair exceeds the 0.9999 trip-count threshold in the active 4-day window.,edge_weight_outlier
27a037a955313720,f3d192e9e695ca64,16,0,34.6,158750.0,2540000.0,170000.0,4,2026-07-17,xanh_premium,Thành phố Hồ Chí Minh,Thành phố Hồ Chí Minh,0.0,107,16,0.14953271028037382,1.0,"Phường An Khánh, Thành Phố Hồ Chí Minh, Việt Nam -> Phường Bình Trưng, Thành Phố Hồ Chí Minh, Việt Nam",4,0.25,12.0,False,18.16,REPEATED_CUSTOMER_DRIVER,KB-C_EXTREME_VOLUME,Driver-customer pair exceeds the 0.9999 trip-count threshold in the active 4-day window.,edge_weight_outlier
293b3e8f6a777eac,cabab82d43bfb5b6,16,0,18.766666666666666,187125.0,2994000.0,233000.0,4,2026-07-17,xanh_car,Tỉnh Hải Dương,Tỉnh Hải Dương,0.0,26,16,0.6153846153846154,1.0,"Xã An Phú, Thành Phố Hải Phòng, Việt Nam -> Thành phố Hải Phòng",2,0.125,12.0,False,19.73,REPEATED_CUSTOMER_DRIVER,KB-C_EXTREME_VOLUME,Driver-customer pair exceeds the 0.9999 trip-count threshold in the active 4-day window.,edge_weight_outlier
29f440399a879639,50cc41b989a326e3,16,0,32.93333333333333,185062.5,2961000.0,460000.0,4,2026-07-17,xanh_premium,Tỉnh Quảng Ngãi,Tỉnh Quảng Ngãi,0.0,18,16,0.8888888888888888,1.0,"06 Đường Cao Bá Quát, Phường Cẩm Thành, Tỉnh Quảng Ngãi, Việt Nam -> 2R2M+JH3, Xã Đình Cương, Tỉnh Quảng Ngãi, Việt Nam",1,0.0625,12.0,False,20.01,REPEATED_CUSTOMER_DRIVER,KB-C_EXTREME_VOLUME,Driver-customer pair exceeds the 0.9999 trip-count threshold in the active 4-day window.,edge_weight_outlier
33af613bd024e85f,0525af43bc2e7103,16,0,23.666666666666668,111500.0,1784000.0,43000.0,4,2026-07-17,xanh_limo_6_cho,Tỉnh Đồng Nai,Tỉnh Đồng Nai,0.0,27,16,0.5925925925925926,1.0,"Xã Xuân Lộc, Tỉnh Đồng Nai, Việt Nam -> Đồng Nai",5,0.3125,12.0,False,21.27,REPEATED_CUSTOMER_DRIVER,KB-C_EXTREME_VOLUME,Driver-customer pair exceeds the 0.9999 trip-count threshold in the active 4-day window.,edge_weight_outlier
3811606fc9df9062,7df6a8c17b2fe5ba,16,0,20.3,102968.75,1647500.0,216000.0,4,2026-07-17,xanh_car,Tỉnh Quảng Nam,Tỉnh Quảng Nam,0.0,26,16,0.6153846153846154,1.0,"10 Đường Nguyễn Du, Phường An Mỹ, Phường Bàn Thạch, Thành phố Đà Nẵng, Việt Nam -> Phường Bàn Thạch, Thành phố Đà Nẵng, Việt Nam",1,0.0625,12.0,False,19.02,REPEATED_CUSTOMER_DRIVER,KB-C_EXTREME_VOLUME,Driver-customer pair exceeds the 0.9999 trip-count threshold in the active 4-day window.,edge_weight_outlier
3de202db6629cb3d,be88e71c067189e8,16,0,43.61666666666667,196687.5,3147000.0,309000.0,4,2026-07-17,xanh_premium,Tỉnh Quảng Ngãi,Tỉnh Quảng Ngãi,0.0,26,16,0.6153846153846154,1.0,"Thôn Tân Mỹ, Xã An Phú, Tỉnh Quảng Ngãi, Việt Nam -> 01 Đinh Tiên Hoàng, Nghĩa Chánh Bắc, Quảng Ngãi, Việt Nam",2,0.125,12.0,False,19.12,REPEATED_CUSTOMER_DRIVER,KB-C_EXTREME_VOLUME,Driver-customer pair exceeds the 0.9999 trip-count threshold in the active 4-day window.,edge_weight_outlier
49ac003a891fec94,64acbb8c9f04432a,16,0,31.95,191875.0,3070000.0,594000.0,4,2026-07-17,xanh_premium,Tỉnh Thanh Hóa,Tỉnh Thanh Hóa,0.0,37,25,0.43243243243243246,0.64,"Phường Sầm Sơn, Tỉnh Thanh Hóa, Việt Nam -> Phường Sầm Sơn, Tỉnh Thanh Hóa, Việt Nam",2,0.125,12.0,False,16.57,REPEATED_CUSTOMER_DRIVER,KB-C_EXTREME_VOLUME,Driver-customer pair exceeds the 0.9999 trip-count threshold in the active 4-day window.,edge_weight_outlier
49e7c2d47f318a0f,11471c4b47abcba9,16,0,10.866666666666667,144812.5,2317000.0,355000.0,3,2026-07-16,xanh_car,Tỉnh Tây Ninh,Tỉnh Tây Ninh,0.0,20,17,0.8,0.9411764705882353,"Phường Bình Minh, Tỉnh Tây Ninh, Việt Nam -> 19 Đường Đặng Ngọc Chinh, Phường Tân Ninh, Tỉnh Tây Ninh, Việt Nam",2,0.125,12.0,False,21.13,REPEATED_CUSTOMER_DRIVER,KB-C_EXTREME_VOLUME,Driver-customer pair exceeds the 0.9999 trip-count threshold in the active 4-day window.,edge_weight_outlier
71636c1381642543,3194aa892d0a54e2,16,0,45.8,375812.5,6013000.0,472000.0,4,2026-07-17,xanh_premium,Tỉnh Thái Nguyên,Tỉnh Thái Nguyên,0.0,17,18,0.9411764705882353,0.8888888888888888,"Phường Bách Quang, Thái Nguyên -> Phường Phú Thượng, Thành Phố Hà Nội, Việt Nam",2,0.125,12.0,False,20.17,REPEATED_CUSTOMER_DRIVER,KB-C_EXTREME_VOLUME,Driver-customer pair exceeds the 0.9999 trip-count threshold in the active 4-day window.,edge_weight_outlier
7219f030ab3e66e6,3b28f9ab4f28b902,16,0,21.033333333333335,182750.0,2924000.0,186000.0,4,2026-07-17,xanh_limo_6_cho,Thành phố Đà Nẵng,Thành phố Đà Nẵng,0.0,28,16,0.5714285714285714,1.0,"155 157 Đường Lê Quang Đạo, Bắc Mỹ Phú, Ngũ Hành Sơn, Thành phố Đà Nẵng, Việt Nam -> Phường An Hải, Thành phố Đà Nẵng, Việt Nam",1,0.0625,12.0,False,18.77,REPEATED_CUSTOMER_DRIVER,KB-C_EXTREME_VOLUME,Driver-customer pair exceeds the 0.9999 trip-count threshold in the active 4-day window.,edge_weight_outlier
764c89999cab3069,dc554f0074dc1e18,16,0,26.916666666666668,118281.25,1892500.0,133000.0,4,2026-07-17,xanh_premium,Tỉnh Nam Định,Tỉnh Nam Định,0.0,22,16,0.7272727272727273,1.0,"Xã Hải Hưng, Tỉnh Ninh Bình, Việt Nam ->  Tỉnh Nam Định",3,0.1875,12.0,False,20.59,REPEATED_CUSTOMER_DRIVER,KB-C_EXTREME_VOLUME,Driver-customer pair exceeds the 0.9999 trip-count threshold in the active 4-day window.,edge_weight_outlier
7afd4c3507395b2f,b235143704083232,16,0,3.183333333333333,20187.5,323000.0,0.0,4,2026-07-17,xanh_premium,Tỉnh Hòa Bình,Tỉnh Hòa Bình,0.0,21,16,0.7619047619047619,1.0,"Xã Mai Châu, Tỉnh Phú Thọ, Việt Nam -> Xã Mai Châu, Tỉnh Phú Thọ, Việt Nam",5,0.3125,12.0,True,27.55,REPEATED_CUSTOMER_DRIVER,KB-C_EXTREME_VOLUME,Driver-customer pair exceeds the 0.9999 trip-count threshold in the active 4-day window.,edge_weight_outlier
82d5331601c74dfa,b85b6cc4f2dd1d85,16,0,26.816666666666666,97625.0,1562000.0,0.0,4,2026-07-17,xanh_car,Tỉnh Long An,Tỉnh Long An,0.0,27,20,0.5925925925925926,0.8,"Đức Hòa Hạ, Đức Hòa, Long An -> Xã Hòa Khánh, Tỉnh Tây Ninh, Việt Nam",4,0.25,12.0,False,19.54,REPEATED_CUSTOMER_DRIVER,KB-C_EXTREME_VOLUME,Driver-customer pair exceeds the 0.9999 trip-count threshold in the active 4-day window.,edge_weight_outlier
8397bdba08f52473,e5074f8eac9ff231,16,0,22.166666666666668,28000.0,448000.0,30000.0,4,2026-07-17,xanh_car,Tỉnh Thái Bình,Tỉnh Thái Bình,0.0,22,18,0.7272727272727273,0.8888888888888888,"Hưng Yên -> Vũ Thư, Thái Bình, Huyện Vũ Thư, Tỉnh Thái Bình, VNM",8,0.5,12.0,False,23.32,REPEATED_CUSTOMER_DRIVER,KB-C_EXTREME_VOLUME,Driver-customer pair exceeds the 0.9999 trip-count threshold in the active 4-day window.,edge_weight_outlier
845edc919dee8d2e,d0dba09514e71a2b,16,0,25.05,129187.5,2067000.0,182000.0,2,2026-07-15,xanh_premium,Thành phố Hồ Chí Minh,Thành phố Hồ Chí Minh,0.0,27,18,0.5925925925925926,0.8888888888888888,"Phường Cát Lái, Thành phố Hồ Chí Minh, Việt Nam -> 8 Đường Tú Xương, Khu phố 1, Quận 9, Phường Tăng Nhơn Phú, Thành phố Hồ Chí Minh, Việt Nam",2,0.125,12.0,False,18.79,REPEATED_CUSTOMER_DRIVER,KB-C_EXTREME_VOLUME,Driver-customer pair exceeds the 0.9999 trip-count threshold in the active 4-day window.,edge_weight_outlier
97e064518e105a83,65cc0724efd3100e,16,0,35.5,173000.0,2768000.0,178000.0,4,2026-07-17,xanh_car,Tỉnh Bình Phước,Tỉnh Bình Phước,0.0,19,16,0.8421052631578947,1.0,"251 QL14, Xã Bù Đăng, Tỉnh Đồng Nai, Việt Nam -> Xã Thọ Sơn, Tỉnh Đồng Nai, Việt Nam",1,0.0625,12.0,False,19.73,REPEATED_CUSTOMER_DRIVER,KB-C_EXTREME_VOLUME,Driver-customer pair exceeds the 0.9999 trip-count threshold in the active 4-day window.,edge_weight_outlier
9bb8c7a3ad9dd15f,2fcbe6d871648111,16,0,10.716666666666667,26625.0,426000.0,29000.0,4,2026-07-17,xanh_sm_bike_premium,Tỉnh Đồng Nai,Tỉnh Đồng Nai,0.0,67,16,0.23880597014925373,1.0,"Phường Tam Hiệp, Tỉnh Đồng Nai, Việt Nam -> 1135 Đường Nguyễn Ái Quốc, Phường Tam Hiệp, Tỉnh Đồng Nai, Việt Nam",2,0.125,12.0,False,18.64,REPEATED_CUSTOMER_DRIVER,KB-C_EXTREME_VOLUME,Driver-customer pair exceeds the 0.9999 trip-count threshold in the active 4-day window.,edge_weight_outlier
a14a61d5fddec080,a8c69b5d256a31a6,16,0,25.916666666666668,150312.5,2405000.0,373000.0,4,2026-07-17,xanh_car,Tỉnh Nam Định,Tỉnh Nam Định,0.0,25,18,0.64,0.8888888888888888,"Ninh Bình -> Xã Giao Thủy, Tỉnh Ninh Bình, Việt Nam",2,0.125,12.0,False,19.0,REPEATED_CUSTOMER_DRIVER,KB-C_EXTREME_VOLUME,Driver-customer pair exceeds the 0.9999 trip-count threshold in the active 4-day window.,edge_weight_outlier
a6362216194c7591,4f7f4c1947224b7e,16,0,57.86666666666667,229437.5,3671000.0,376000.0,4,2026-07-17,xanh_premium,Thành phố Hà Nội,Thành phố Hà Nội,0.0,21,16,0.7619047619047619,1.0,"429 Đường , Xã Phú Xuyên, Thành phố Hà Nội, Việt Nam -> Km13+500 Quốc lộ 1A, Xã Ngọc Hồi, Thành phố Hà Nội, Việt Nam",1,0.0625,12.0,False,19.11,REPEATED_CUSTOMER_DRIVER,KB-C_EXTREME_VOLUME,Driver-customer pair exceeds the 0.9999 trip-count threshold in the active 4-day window.,edge_weight_outlier
af6aec0451123935,a29f77f258fcb9db,16,0,38.1,169562.5,2713000.0,354000.0,4,2026-07-17,xanh_premium,Tỉnh Ninh Thuận,Tỉnh Ninh Thuận,0.0,18,16,0.8888888888888888,1.0,"16/4 Đường Nguyễn Tri Phương, Quảng Trường, Phường Đông Hải, Khánh Hòa, Việt Nam -> Thôn Hoài Trung, Xã Phước Hữu, Tỉnh Khánh Hòa, Việt Nam",1,0.0625,12.0,False,19.93,REPEATED_CUSTOMER_DRIVER,KB-C_EXTREME_VOLUME,Driver-customer pair exceeds the 0.9999 trip-count threshold in the active 4-day window.,edge_weight_outlier
b5b4a56620b19669,51b643c08a9ba25c,16,0,41.46666666666667,117937.5,1887000.0,214000.0,4,2026-07-17,xanh_premium,Thành phố Hồ Chí Minh,Thành phố Hồ Chí Minh,0.0,16,16,1.0,1.0,"Phường An Lạc, Thành phố Hồ Chí Minh, Việt Nam -> 2225 Phạm Thế Hiển, Phường Bình Đông, Thành phố Hồ Chí Minh",2,0.125,12.0,False,21.07,REPEATED_CUSTOMER_DRIVER,KB-C_EXTREME_VOLUME,Driver-customer pair exceeds the 0.9999 trip-count threshold in the active 4-day window.,edge_weight_outlier
b7e9d097f77e6318,62e3a7ecb3c79a6b,16,0,12.7,122625.0,1962000.0,98000.0,4,2026-07-17,xanh_car,Tỉnh Đồng Nai,Tỉnh Đồng Nai,0.0,17,16,0.9411764705882353,1.0,"Xã La Ngà, Tỉnh Đồng Nai, Việt Nam -> Xã Thống Nhất, Thành phố Đồng Nai, Việt Nam",3,0.1875,12.0,False,22.49,REPEATED_CUSTOMER_DRIVER,KB-C_EXTREME_VOLUME,Driver-customer pair exceeds the 0.9999 trip-count threshold in the active 4-day window.,edge_weight_outlier
c26d5e1ba3d4223d,9ccc0d1c99461348,16,0,4.316666666666666,131187.5,2099000.0,366000.0,4,2026-07-17,xanh_premium,Thành phố Hồ Chí Minh,Thành phố Hồ Chí Minh,0.0,78,16,0.20512820512820512,1.0,"133 Nguyễn Huệ, Phường Sài Gòn, Thành phố Hồ Chí Minh, VNM -> P.Bến Thành, Q.1, Hồ Chí Minh",1,0.0625,12.0,True,20.62,REPEATED_CUSTOMER_DRIVER,KB-C_EXTREME_VOLUME,Driver-customer pair exceeds the 0.9999 trip-count threshold in the active 4-day window.,edge_weight_outlier
c3d7ac3f89793351,d09b93bb2845979b,16,0,17.65,105750.0,1692000.0,128000.0,4,2026-07-17,xanh_car,Thành phố Hồ Chí Minh,Thành phố Hồ Chí Minh,0.0,18,17,0.8888888888888888,0.9411764705882353,"Phường Thạnh Mỹ Tây, Thành phố Hồ Chí Minh, Việt Nam -> Phường An Hội Đông, Thành Phố Hồ Chí Minh, Việt Nam",2,0.125,12.0,False,20.87,REPEATED_CUSTOMER_DRIVER,KB-C_EXTREME_VOLUME,Driver-customer pair exceeds the 0.9999 trip-count threshold in the active 4-day window.,edge_weight_outlier
ceb7989983d5a85e,9db5ddf47eea3c6a,16,0,16.516666666666666,83625.0,1338000.0,199000.0,4,2026-07-17,xanh_car,Tỉnh Vĩnh Phúc,Tỉnh Vĩnh Phúc,0.0,36,16,0.4444444444444444,1.0,"Thôn Lạc Ý 3, Phường Vĩnh Yên, Tỉnh Phú Thọ, Việt Nam -> Phường Vĩnh Phúc, Tỉnh Phú Thọ, Việt Nam",5,0.3125,12.0,False,20.89,REPEATED_CUSTOMER_DRIVER,KB-C_EXTREME_VOLUME,Driver-customer pair exceeds the 0.9999 trip-count threshold in the active 4-day window.,edge_weight_outlier
da2afb3ae684c9ad,8244ccb1e79c8d8f,16,0,60.13333333333333,198250.0,3172000.0,405000.0,4,2026-07-17,xanh_car,Tỉnh Long An,Tỉnh Long An,0.0,22,16,0.7272727272727273,1.0,"215 Đường Hồng Bàng, Phường Chợ Lớn, Thành phố Hồ Chí Minh, Việt Nam -> Tây Ninh",1,0.0625,12.0,False,18.93,REPEATED_CUSTOMER_DRIVER,KB-C_EXTREME_VOLUME,Driver-customer pair exceeds the 0.9999 trip-count threshold in the active 4-day window.,edge_weight_outlier
dbd3af237a6a0d93,22e91850bceebfd0,16,0,8.266666666666667,27875.0,446000.0,64000.0,4,2026-07-17,xanhsm_bike_hn,Tỉnh Nghệ An,Tỉnh Nghệ An,0.0,82,16,0.1951219512195122,1.0,"Phường Thành Vinh, Tỉnh Nghệ An, Việt Nam -> 119 Đường Lê Hồng Phong, Phường Thành Vinh, Tỉnh Nghệ An, Việt Nam",3,0.1875,12.0,False,19.6,REPEATED_CUSTOMER_DRIVER,KB-C_EXTREME_VOLUME,Driver-customer pair exceeds the 0.9999 trip-count threshold in the active 4-day window.,edge_weight_outlier
dd9701b7a5e51c8e,b8a77214db2d345e,16,0,4.666666666666667,94125.0,1506000.0,122000.0,3,2026-07-17,xanh_car,Tỉnh Bà Rịa - Vũng Tàu,Tỉnh Bà Rịa - Vũng Tàu,0.0,39,16,0.41025641025641024,1.0,"111 Đường Trần Hưng Đạo, Phường Bà Rịa, Thành phố Hồ Chí Minh, Việt Nam -> 227 Đường Cách Mạng Tháng 8, Phường Bà Rịa, Thành phố Hồ Chí Minh, Việt Nam",1,0.0625,12.0,True,21.3,REPEATED_CUSTOMER_DRIVER,KB-C_EXTREME_VOLUME,Driver-customer pair exceeds the 0.9999 trip-count threshold in the active 4-day window.,edge_weight_outlier
eac3c481113fb21b,ef43cfb5cd9cd9e6,16,0,35.45,125187.5,2003000.0,307000.0,4,2026-07-17,xanh_premium,Tỉnh Quảng Ngãi,Tỉnh Quảng Ngãi,0.0,23,16,0.6956521739130435,1.0,"184 Hùng Vương, Phường Nghĩa Lộ, Quảng Ngãi -> Khu Lộc Phát 3, Khu đô thị An Phú Sinh, Phường Cẩm Thành, Quảng Ngãi, Việt Nam",3,0.1875,12.0,False,20.25,REPEATED_CUSTOMER_DRIVER,KB-C_EXTREME_VOLUME,Driver-customer pair exceeds the 0.9999 trip-count threshold in the active 4-day window.,edge_weight_outlier
ed5b914c9f7f9205,89cc5fafb2729c2c,16,0,96.81666666666666,110812.5,1773000.0,264000.0,4,2026-07-17,xanh_car,Tỉnh Ninh Thuận,Tỉnh Ninh Thuận,0.0,19,16,0.8421052631578947,1.0,"Khánh Hòa -> Phường Ninh Chử, Tỉnh Khánh Hòa, Việt Nam",4,0.25,12.0,False,21.25,REPEATED_CUSTOMER_DRIVER,KB-C_EXTREME_VOLUME,Driver-customer pair exceeds the 0.9999 trip-count threshold in the active 4-day window.,edge_weight_outlier
ef70b555c7500f2a,d1304aa066912948,16,0,35.88333333333333,148687.5,2379000.0,331000.0,4,2026-07-17,xanh_premium,Thành phố Hà Nội,Thành phố Hà Nội,0.0,19,16,0.8421052631578947,1.0,"1 Đường Ngọc Hồi, Phường Yên Sở, Thành Phố Hà Nội, Việt Nam -> 55 Đường Nguyễn Hoàng, Phường Từ Liêm, Thành Phố Hà Nội, Việt Nam",1,0.0625,12.0,False,19.73,REPEATED_CUSTOMER_DRIVER,KB-C_EXTREME_VOLUME,Driver-customer pair exceeds the 0.9999 trip-count threshold in the active 4-day window.,edge_weight_outlier
07b48acb0c535a99,89cb3800ad24bd8a,15,14,0.3,116000.0,1740000.0,432000.0,2,2026-07-16,xanh_limo_6_cho,Thành phố Hồ Chí Minh,Thành phố Hồ Chí Minh,0.9333333333333333,65,15,0.23076923076923078,1.0,"92-94 nam kỳ khởi nghĩa, Phường Sài Gòn, Thành phố Hồ Chí Minh -> Xã Bình Hưng, Thành phố Hồ Chí Minh",8,0.5333333333333333,12.0,True,65.24,REPEATED_CUSTOMER_DRIVER,KB-C_EXTREME_VOLUME,Driver-customer pair exceeds the 0.9999 trip-count threshold in the active 4-day window.,edge_weight_outlier
590bdf54de4d3902,711a624edf8af675,15,11,20.666666666666668,78600.0,1179000.0,152000.0,4,2026-07-17,xanh_car,Tỉnh Quảng Ngãi,Tỉnh Quảng Ngãi,0.7333333333333333,31,17,0.4838709677419355,0.8823529411764706,"Phường Trương Quang Trọng, Tỉnh Quảng Ngãi, Việt Nam -> 246 Đường Phan Bội Châu, Phường Cẩm Thành, Tỉnh Quảng Ngãi, Việt Nam",2,0.13333333333333333,12.0,True,42.88,REPEATED_CUSTOMER_DRIVER,KB-C_EXTREME_VOLUME,Driver-customer pair exceeds the 0.9999 trip-count threshold in the active 4-day window.,edge_weight_outlier
6016c3c1fb5d2f5a,56e460362800559a,15,11,14.633333333333333,110400.0,1656000.0,156000.0,4,2026-07-17,xanh_car,Tỉnh Ninh Bình,Tỉnh Ninh Bình,0.7333333333333333,20,16,0.75,0.9375,"Phường Hoa Lư, Tỉnh Ninh Bình, Việt Nam -> Phường Hoa Lư, Tỉnh Ninh Bình, Việt Nam",2,0.13333333333333333,12.0,True,44.89,REPEATED_CUSTOMER_DRIVER,KB-C_EXTREME_VOLUME,Driver-customer pair exceeds the 0.9999 trip-count threshold in the active 4-day window.,edge_weight_outlier
0f2aea22548ff1dd,0912db1a6ebf8c8f,15,10,18.85,140200.0,2103000.0,379000.0,4,2026-07-17,xanh_premium,Tỉnh Lào Cai,Tỉnh Lào Cai,0.6666666666666666,41,16,0.36585365853658536,0.9375,"Phường Lào Cai, Tỉnh Lào Cai, Việt Nam -> Lào Cai",2,0.13333333333333333,12.0,True,42.66,REPEATED_CUSTOMER_DRIVER,KB-C_EXTREME_VOLUME,Driver-customer pair exceeds the 0.9999 trip-count threshold in the active 4-day window.,edge_weight_outlier
11fc357296214268,d8a9ac96ff7d8c18,15,6,2.8833333333333333,139533.33333333334,2093000.0,562000.0,4,2026-07-17,xanh_car,Thành phố Hồ Chí Minh,Thành phố Hồ Chí Minh,0.4,43,18,0.3488372093023256,0.8333333333333334,"1/1 Đường Trường Chinh, Phường Tây Thạnh, Thành phố Hồ Chí Minh, Việt Nam -> 92-94 nam kỳ khởi nghĩa, Phường Sài Gòn, Thành phố Hồ Chí Minh",4,0.26666666666666666,12.0,True,40.93,REPEATED_CUSTOMER_DRIVER,KB-C_EXTREME_VOLUME,Driver-customer pair exceeds the 0.9999 trip-count threshold in the active 4-day window.,edge_weight_outlier
b5d1bbee8ad1e4bf,fb2d8233b4054fc8,15,6,2.7666666666666666,252000.0,3780000.0,612000.0,3,2026-07-17,xanh_limo_6_cho,Thành phố Hà Nội,Thành phố Hà Nội,0.4,15,17,1.0,0.8823529411764706,"308 Đường Tỉnh 308, Xã Tiến Thắng, Thành phố Hà Nội, Việt Nam -> Quốc lộ 2A, Xã Sóc Sơn, Thành phố Hà Nội, Việt Nam",1,0.06666666666666667,12.0,True,42.72,REPEATED_CUSTOMER_DRIVER,KB-C_EXTREME_VOLUME,Driver-customer pair exceeds the 0.9999 trip-count threshold in the active 4-day window.,edge_weight_outlier
029c527405d359e5,ee101b9cc24de36e,15,5,37.766666666666666,178866.66666666666,2683000.0,324000.0,4,2026-07-17,xanh_premium,Tỉnh Thừa Thiên Huế,Tỉnh Thừa Thiên Huế,0.3333333333333333,36,16,0.4166666666666667,0.9375,"174 Bà Triệu, Phường Thuận Hóa, Thành phố Huế, VNM -> H. Phú Vang, P.Thuận An, TP.Huế, 49000, Vietnam",1,0.06666666666666667,12.0,True,30.61,REPEATED_CUSTOMER_DRIVER,KB-C_EXTREME_VOLUME,Driver-customer pair exceeds the 0.9999 trip-count threshold in the active 4-day window.,edge_weight_outlier
38b1d1ce9081e11f,e2ce0537b92e4bed,15,2,9.5,203400.0,3051000.0,522000.0,4,2026-07-17,xanh_car,Thành phố Hồ Chí Minh,Thành phố Hồ Chí Minh,0.13333333333333333,30,36,0.5,0.4166666666666667,"128 Đường Đào Duy Anh, Phường Đức Nhuận, Thành phố Hồ Chí Minh, Việt Nam -> Xã Nhà Bè, Thành phố Hồ Chí Minh, Việt Nam",1,0.06666666666666667,12.0,False,21.66,REPEATED_CUSTOMER_DRIVER,KB-C_EXTREME_VOLUME,Driver-customer pair exceeds the 0.9999 trip-count threshold in the active 4-day window.,edge_weight_outlier
2815a2b825f3c981,5c098c91fef4f1ed,15,1,32.666666666666664,236200.0,3543000.0,547000.0,4,2026-07-17,xanh_premium,Thành phố Cần Thơ,Thành phố Cần Thơ,0.06666666666666667,15,15,1.0,1.0,"Xã Thới Lai, Thành phố Cần Thơ -> 209 Đường 30 Tháng 4, Phường Ninh Kiều, Thành phố Cần Thơ, Việt Nam",2,0.13333333333333333,12.0,False,23.47,REPEATED_CUSTOMER_DRIVER,KB-C_EXTREME_VOLUME,Driver-customer pair exceeds the 0.9999 trip-count threshold in the active 4-day window.,edge_weight_outlier
2e381a87120df6b8,7d11bb695cb0a121,15,1,11.233333333333333,138733.33333333334,2081000.0,218000.0,4,2026-07-17,xanh_limo_6_cho,Tỉnh Đồng Nai,Tỉnh Đồng Nai,0.06666666666666667,28,15,0.5357142857142857,1.0,"KP. Tam Hòa, Phường Trấn Biên, Tỉnh Đồng Nai, Việt Nam -> 2 Đường Đồng Khởi, Phường Tam Hiệp, Tỉnh Đồng Nai, Việt Nam",2,0.13333333333333333,12.0,False,22.32,REPEATED_CUSTOMER_DRIVER,KB-C_EXTREME_VOLUME,Driver-customer pair exceeds the 0.9999 trip-count threshold in the active 4-day window.,edge_weight_outlier
5c80c95ec49760e4,41c1e90362494e4d,15,1,54.81666666666667,150266.66666666666,2254000.0,183000.0,4,2026-07-17,xanh_premium,Thành phố Hồ Chí Minh,Thành phố Hồ Chí Minh,0.06666666666666667,19,15,0.7894736842105263,1.0,"1A Đường Điện Biên Phủ, Phường Tân Định, Thành phố Hồ Chí Minh, Việt Nam -> Ấp 4, Xã Lương Hòa, Tỉnh Tây Ninh, Việt Nam",1,0.06666666666666667,12.0,False,21.51,REPEATED_CUSTOMER_DRIVER,KB-C_EXTREME_VOLUME,Driver-customer pair exceeds the 0.9999 trip-count threshold in the active 4-day window.,edge_weight_outlier
5ebb5444302dbe3e,17c7c1b1c4643c01,15,1,27.983333333333334,128000.0,1920000.0,357000.0,4,2026-07-17,xanh_premium,Tỉnh Thái Nguyên,Tỉnh Thái Nguyên,0.06666666666666667,34,15,0.4411764705882353,1.0,"241 Đường Bến Oánh, Phường Phan Đình Phùng, Tỉnh Thái Nguyên, Việt Nam -> Phường Quan Triều, Tỉnh Thái Nguyên, Việt Nam",2,0.13333333333333333,12.0,False,20.78,REPEATED_CUSTOMER_DRIVER,KB-C_EXTREME_VOLUME,Driver-customer pair exceeds the 0.9999 trip-count threshold in the active 4-day window.,edge_weight_outlier
60327a3bcd2deda6,b69fcac5e6216873,15,1,56.016666666666666,160866.66666666666,2413000.0,390000.0,4,2026-07-17,xanh_car,Tỉnh Bình Dương,Tỉnh Bình Dương,0.06666666666666667,19,16,0.7894736842105263,0.9375,"KĐT Huỳnh Gia Residence, Xã Bàu Bàng, Thành Phố Hồ Chí Minh, Việt Nam -> Xã Bàu Bàng, Thành Phố Hồ Chí Minh, Việt Nam",2,0.13333333333333333,12.0,False,21.85,REPEATED_CUSTOMER_DRIVER,KB-C_EXTREME_VOLUME,Driver-customer pair exceeds the 0.9999 trip-count threshold in the active 4-day window.,edge_weight_outlier
6c8e364fb0fb7829,fe6b99a9acd39e52,15,1,6.35,28933.333333333332,434000.0,46000.0,3,2026-07-17,xanh_car,Thành phố Hồ Chí Minh,Thành phố Hồ Chí Minh,0.06666666666666667,39,15,0.38461538461538464,1.0,"111 Đường Dương Thị Mười, Phường Trung Mỹ Tây, Thành phố Hồ Chí Minh, Việt Nam -> 53H/1 Đường Nguyễn Ảnh Thủ, Phường Trung Mỹ Tây, Thành phố Hồ Chí Minh, Việt Nam",1,0.06666666666666667,12.0,False,22.27,REPEATED_CUSTOMER_DRIVER,KB-C_EXTREME_VOLUME,Driver-customer pair exceeds the 0.9999 trip-count threshold in the active 4-day window.,edge_weight_outlier
8c9486526f9cbbf5,5285d17e3f7b02a2,15,1,12.15,83333.33333333333,1250000.0,190000.0,3,2026-07-17,xanh_car,Tỉnh Thừa Thiên Huế,Tỉnh Thừa Thiên Huế,0.06666666666666667,48,15,0.3125,1.0,"1 Đường Lê Duẩn, Phường Phú Xuân, Thành Phố Huế, Việt Nam -> Thị, Phường Thanh Thủy, Thành Phố Huế, Việt Nam",1,0.06666666666666667,12.0,False,20.4,REPEATED_CUSTOMER_DRIVER,KB-C_EXTREME_VOLUME,Driver-customer pair exceeds the 0.9999 trip-count threshold in the active 4-day window.,edge_weight_outlier
aaa09484f8ee3af4,8b57b528cdc0b3cc,15,1,6.266666666666667,116800.0,1752000.0,199000.0,4,2026-07-17,xanh_car,Tỉnh Khánh Hòa,Tỉnh Khánh Hòa,0.06666666666666667,16,15,0.9375,1.0,"Xã Diên Điền, Tỉnh Khánh Hòa, Việt Nam -> Phường Nam Nha Trang, Tỉnh Khánh Hòa, Việt Nam",2,0.13333333333333333,12.0,False,25.74,REPEATED_CUSTOMER_DRIVER,KB-C_EXTREME_VOLUME,Driver-customer pair exceeds the 0.9999 trip-count threshold in the active 4-day window.,edge_weight_outlier
0539a81b56b7960e,7db6a84fcac2a668,15,0,38.333333333333336,136066.66666666666,2041000.0,168000.0,4,2026-07-17,xanh_premium,Tỉnh Bến Tre,Tỉnh Bến Tre,0.0,19,15,0.7894736842105263,1.0,"44 Đường Đoàn Hoàng Minh, Phường Sơn Đông, Tỉnh Vĩnh Long, Việt Nam -> Ấp Tân Long 2, Xã Tân Thành Bình, Tỉnh Vĩnh Long, Việt Nam",3,0.2,12.0,False,20.22,REPEATED_CUSTOMER_DRIVER,KB-C_EXTREME_VOLUME,Driver-customer pair exceeds the 0.9999 trip-count threshold in the active 4-day window.,edge_weight_outlier
0e4bfdd0cb02ea7a,f9962d521ff90242,15,0,43.666666666666664,213133.33333333334,3197000.0,297000.0,4,2026-07-17,xanh_limo_6_cho,Tỉnh Bà Rịa - Vũng Tàu,Tỉnh Bà Rịa - Vũng Tàu,0.0,29,15,0.5172413793103449,1.0,"Đường Số 6, Phường Rạch Dừa, Thành phố Hồ Chí Minh, Việt Nam -> 2 Đường Trương Công Định, Phường Vũng Tàu, Thành phố Hồ Chí Minh, Việt Nam",7,0.4666666666666667,12.0,False,21.46,REPEATED_CUSTOMER_DRIVER,KB-C_EXTREME_VOLUME,Driver-customer pair exceeds the 0.9999 trip-count threshold in the active 4-day window.,edge_weight_outlier
14656b606b45cae8,c47229597888f7ef,15,0,3.5,33466.666666666664,502000.0,51000.0,4,2026-07-17,xanh_car,Tỉnh Long An,Tỉnh Long An,0.0,36,15,0.4166666666666667,1.0,"2272 Đường Phạm Thế Hiển, Phường Bình Đông, Thành phố Hồ Chí Minh, Việt Nam -> Phường Bình Đông, Thành Phố Hồ Chí Minh, Việt Nam",1,0.06666666666666667,12.0,True,22.21,REPEATED_CUSTOMER_DRIVER,KB-C_EXTREME_VOLUME,Driver-customer pair exceeds the 0.9999 trip-count threshold in the active 4-day window.,edge_weight_outlier
2855d45f9da1858b,7f1cf423dd81fb01,15,0,13.2,189266.66666666666,2839000.0,305000.0,3,2026-07-17,xanh_car,Thành phố Hà Nội,Thành phố Hà Nội,0.0,15,25,1.0,0.6,"11 Phố Ô Chợ Dừa, Phường Đống Đa, Thành Phố Hà Nội, Việt Nam -> Trâu Quỳ, Gia Lâm, Hà Nội",1,0.06666666666666667,12.0,False,18.93,REPEATED_CUSTOMER_DRIVER,KB-C_EXTREME_VOLUME,Driver-customer pair exceeds the 0.9999 trip-count threshold in the active 4-day window.,edge_weight_outlier
28d7620a273e4c47,8c24479810f02da7,15,0,43.333333333333336,25866.666666666668,388000.0,0.0,4,2026-07-17,green_mini_3_khach,Tỉnh Gia Lai,Tỉnh Gia Lai,0.0,90,17,0.16666666666666666,0.8823529411764706,"Trần Xuân Soạn, Phường Diên Hồng, Tỉnh Gia Lai, Việt Nam -> Tổ 1, Phường Diên Hồng, Tỉnh Gia Lai, Việt Nam",8,0.5333333333333333,12.0,False,19.79,REPEATED_CUSTOMER_DRIVER,KB-C_EXTREME_VOLUME,Driver-customer pair exceeds the 0.9999 trip-count threshold in the active 4-day window.,edge_weight_outlier
2a00b6c6151a5734,adceaf7e171a9279,15,0,14.533333333333333,66600.0,999000.0,80000.0,4,2026-07-17,xanh_premium,Tỉnh Thừa Thiên Huế,Tỉnh Thừa Thiên Huế,0.0,53,19,0.2830188679245283,0.7894736842105263,"3 Đường Số 1, Khu Quy Hoạch Giai Đoạn, Phường Thanh Thủy, Thành phố Huế, Việt Nam -> 16 Đường Lê Lợi, Phường Thuận Hóa, Thành Phố Huế, Việt Nam",3,0.2,12.0,False,17.49,REPEATED_CUSTOMER_DRIVER,KB-C_EXTREME_VOLUME,Driver-customer pair exceeds the 0.9999 trip-count threshold in the active 4-day window.,edge_weight_outlier
2a4e33baa4d7b717,aa780d10917e10db,15,0,38.78333333333333,271333.3333333333,4070000.0,571000.0,4,2026-07-17,xanh_premium,Tỉnh Thừa Thiên Huế,Tỉnh Thừa Thiên Huế,0.0,26,15,0.5769230769230769,1.0,"16 Lê Lợi-Tp Huế, Phường Thuận Hóa, Thành Phố Huế, Việt Nam -> H. Phú Vang, P.Thuận An, TP.Huế, 49000, Vietnam",1,0.06666666666666667,12.0,False,17.82,REPEATED_CUSTOMER_DRIVER,KB-C_EXTREME_VOLUME,Driver-customer pair exceeds the 0.9999 trip-count threshold in the active 4-day window.,edge_weight_outlier
2f69145fbaab2968,bdf8d991b12e6b81,15,0,17.483333333333334,157333.33333333334,2360000.0,422000.0,4,2026-07-17,xanh_premium,Tỉnh Thừa Thiên Huế,Tỉnh Thừa Thiên Huế,0.0,19,15,0.7894736842105263,1.0,"Xã Phú Vang, Thành phố Huế -> Xã Phú Hồ, Thành phố Huế, Việt Nam",3,0.2,12.0,False,20.84,REPEATED_CUSTOMER_DRIVER,KB-C_EXTREME_VOLUME,Driver-customer pair exceeds the 0.9999 trip-count threshold in the active 4-day window.,edge_weight_outlier
33c083b10c9726b7,e831dd2a08faea77,15,0,16.45,202133.33333333334,3032000.0,377000.0,4,2026-07-17,xanh_premium,Tỉnh Trà Vinh,Tỉnh Trà Vinh,0.0,19,15,0.7894736842105263,1.0,"Xã Tiểu Cần, Tỉnh Vĩnh Long, Việt Nam -> Quốc lộ 60, Xã Tiểu Cần, Tỉnh Vĩnh Long, Việt Nam",2,0.13333333333333333,12.0,False,20.25,REPEATED_CUSTOMER_DRIVER,KB-C_EXTREME_VOLUME,Driver-customer pair exceeds the 0.9999 trip-count threshold in the active 4-day window.,edge_weight_outlier
373ad0220443d475,b1906e333b1b538a,15,0,20.75,149826.66666666666,2247400.0,347000.0,3,2026-07-16,xanh_premium,Tỉnh Bình Dương,Tỉnh Bình Dương,0.0,22,15,0.6818181818181818,1.0,"Phường Tân Hiệp, Thành phố Hồ Chí Minh, Việt Nam -> Phường Phú Lợi, Thành phố Hồ Chí Minh, Việt Nam",2,0.13333333333333333,12.0,False,19.46,REPEATED_CUSTOMER_DRIVER,KB-C_EXTREME_VOLUME,Driver-customer pair exceeds the 0.9999 trip-count threshold in the active 4-day window.,edge_weight_outlier
3f7304bde7b71444,3d11ffe5ca01796c,15,0,12.316666666666666,175866.66666666666,2638000.0,240000.0,4,2026-07-17,xanh_premium,Tỉnh Tây Ninh,Tỉnh Tây Ninh,0.0,20,15,0.75,1.0,"Xã Tân Đông, Tây Ninh -> Tây Ninh",2,0.13333333333333333,12.0,False,20.46,REPEATED_CUSTOMER_DRIVER,KB-C_EXTREME_VOLUME,Driver-customer pair exceeds the 0.9999 trip-count threshold in the active 4-day window.,edge_weight_outlier
4883e2cabf854e70,3dd7d344992e765a,15,0,55.3,135666.66666666666,2035000.0,96000.0,4,2026-07-17,xanh_car,Thành phố Hồ Chí Minh,Thành phố Hồ Chí Minh,0.0,17,15,0.8823529411764706,1.0,"187A Đường Lê Văn Lương, Xã Nhà Bè, Thành phố Hồ Chí Minh -> Xã Hiệp Phước, Thành phố Hồ Chí Minh, Việt Nam",2,0.13333333333333333,12.0,False,19.86,REPEATED_CUSTOMER_DRIVER,KB-C_EXTREME_VOLUME,Driver-customer pair exceeds the 0.9999 trip-count threshold in the active 4-day window.,edge_weight_outlier
48bc569cfba60ba8,9be606402e4b34be,15,0,76.7,198200.0,2973000.0,464000.0,4,2026-07-17,xanh_car,Tỉnh Long An,Tỉnh Long An,0.0,26,16,0.5769230769230769,0.9375,"395 Đường Kinh Dương Vương, Phường An Lạc, Thành phố Hồ Chí Minh, Việt Nam -> Xã Mỹ Lộc, Tỉnh Tây Ninh, Việt Nam",1,0.06666666666666667,12.0,False,17.25,REPEATED_CUSTOMER_DRIVER,KB-C_EXTREME_VOLUME,Driver-customer pair exceeds the 0.9999 trip-count threshold in the active 4-day window.,edge_weight_outlier
4f6e4f474092559d,e704502657ae2f46,15,0,18.583333333333332,91866.66666666667,1378000.0,168000.0,4,2026-07-17,xanh_car,Tỉnh Thanh Hóa,Tỉnh Thanh Hóa,0.0,27,15,0.5555555555555556,1.0,"268 Nghĩa Sơn 1, Phường Nguyệt Viên, Tỉnh Thanh Hóa, Việt Nam -> 307 Đường Lê Lai, Phường Hạc Thành, Tỉnh Thanh Hóa, Việt Nam",1,0.06666666666666667,12.0,False,18.27,REPEATED_CUSTOMER_DRIVER,KB-C_EXTREME_VOLUME,Driver-customer pair exceeds the 0.9999 trip-count threshold in the active 4-day window.,edge_weight_outlier
69ef3117bdc1dc9c,3dc8ed1972acdb51,15,0,25.2,194733.33333333334,2921000.0,408000.0,4,2026-07-17,xanh_car,Tỉnh Quảng Trị,Tỉnh Quảng Trị,0.0,51,16,0.29411764705882354,0.9375,"266 Đường Hùng Vương, Phường Nam Đông Hà, Tỉnh Quảng Trị, Việt Nam -> Xã Gio Linh, Tỉnh Quảng Trị, Việt Nam",2,0.13333333333333333,12.0,False,17.04,REPEATED_CUSTOMER_DRIVER,KB-C_EXTREME_VOLUME,Driver-customer pair exceeds the 0.9999 trip-count threshold in the active 4-day window.,edge_weight_outlier
76f43dc04198e3a6,bd69da6bbb89cb4c,15,0,25.266666666666666,131000.0,1965000.0,258000.0,4,2026-07-17,xanh_premium,Tỉnh Nam Định,Tỉnh Nam Định,0.0,23,18,0.6521739130434783,0.8333333333333334,"Cầu Đông, Xã Hải Hậu, Tỉnh Ninh Bình, Việt Nam -> Xóm 13, Xã Hải Hậu, Tỉnh Ninh Bình, Việt Nam",2,0.13333333333333333,12.0,False,18.3,REPEATED_CUSTOMER_DRIVER,KB-C_EXTREME_VOLUME,Driver-customer pair exceeds the 0.9999 trip-count threshold in the active 4-day window.,edge_weight_outlier
7857ed6bd95a63a1,e703c61eae2edc1f,15,0,4.316666666666666,50933.333333333336,764000.0,36000.0,4,2026-07-17,xanh_premium,Thành phố Hà Nội,Thành phố Hà Nội,0.0,42,15,0.35714285714285715,1.0,"1 Đường Lê Đức Thọ, Phường Từ Liêm, Thành Phố Hà Nội, Việt Nam -> Phường Từ Liêm, Thành Phố Hà Nội, Việt Nam",2,0.13333333333333333,12.0,True,21.5,REPEATED_CUSTOMER_DRIVER,KB-C_EXTREME_VOLUME,Driver-customer pair exceeds the 0.9999 trip-count threshold in the active 4-day window.,edge_weight_outlier
7a2ae29e325cb4e9,3c9818e93f8997cf,15,0,36.4,86666.66666666667,1300000.0,0.0,4,2026-07-17,xanh_car,Tỉnh Bà Rịa - Vũng Tàu,Tỉnh Bà Rịa - Vũng Tàu,0.0,35,15,0.42857142857142855,1.0,"Phường Tam Long, Thành phố Hồ Chí Minh, Việt Nam -> Đường Số 35, Xã Nghĩa Thành, Thành phố Hồ Chí Minh, Việt Nam",2,0.13333333333333333,12.0,False,17.78,REPEATED_CUSTOMER_DRIVER,KB-C_EXTREME_VOLUME,Driver-customer pair exceeds the 0.9999 trip-count threshold in the active 4-day window.,edge_weight_outlier
7be274e1a73b4efb,0757b3cb55662c3d,15,0,25.933333333333334,258066.66666666666,3871000.0,352000.0,4,2026-07-17,xanh_premium,Tỉnh Long An,Tỉnh Long An,0.0,17,15,0.8823529411764706,1.0,"A18 Tan Do Hai Son St., Xã Đức Hòa, Tỉnh Tây Ninh, Việt Nam -> Thạnh Lợi, Bến Lức, Long An",2,0.13333333333333333,12.0,False,20.27,REPEATED_CUSTOMER_DRIVER,KB-C_EXTREME_VOLUME,Driver-customer pair exceeds the 0.9999 trip-count threshold in the active 4-day window.,edge_weight_outlier
7e53e71e2b6db7db,df5d87baf7552a31,15,0,17.683333333333334,221600.0,3324000.0,291000.0,3,2026-07-17,xanh_premium,Thành phố Hồ Chí Minh,Thành phố Hồ Chí Minh,0.0,28,15,0.5357142857142857,1.0,"Xã Cần Giờ, Thành phố Hồ Chí Minh, Việt Nam -> Thị trấn Cần Thạnh, Xã Cần Giờ, Thành phố Hồ Chí Minh, Việt Nam",3,0.2,12.0,False,19.56,REPEATED_CUSTOMER_DRIVER,KB-C_EXTREME_VOLUME,Driver-customer pair exceeds the 0.9999 trip-count threshold in the active 4-day window.,edge_weight_outlier
7e81267e27eedf95,27e1e70114f032c9,15,0,4.583333333333333,34000.0,510000.0,54000.0,4,2026-07-17,xanh_premium,Tỉnh Ninh Bình,Tỉnh Ninh Bình,0.0,24,15,0.625,1.0,"Phường Trung Sơn, Tỉnh Ninh Bình, Việt Nam -> Phường Trung Sơn, Tỉnh Ninh Bình, Việt Nam",6,0.4,12.0,True,25.24,REPEATED_CUSTOMER_DRIVER,KB-C_EXTREME_VOLUME,Driver-customer pair exceeds the 0.9999 trip-count threshold in the active 4-day window.,edge_weight_outlier
8b3acdfd3a10bde9,f5b6d53896dfb707,15,0,37.2,224866.66666666666,3373000.0,475000.0,4,2026-07-17,xanh_car,Tỉnh Thừa Thiên Huế,Tỉnh Thừa Thiên Huế,0.0,22,23,0.6818181818181818,0.6521739130434783,"Hòa Khê, Thanh Khê, Thành phố Đà Nẵng, Việt Nam -> Phường Thanh Khê, Thành phố Đà Nẵng, Việt Nam",1,0.06666666666666667,12.0,False,16.62,REPEATED_CUSTOMER_DRIVER,KB-C_EXTREME_VOLUME,Driver-customer pair exceeds the 0.9999 trip-count threshold in the active 4-day window.,edge_weight_outlier
9021a24fdf156353,ce2a687d7f1b8677,15,0,25.216666666666665,236666.66666666666,3550000.0,390000.0,4,2026-07-17,xanh_car,Tỉnh Tây Ninh,Tỉnh Tây Ninh,0.0,21,15,0.7142857142857143,1.0,Tây Ninh -> Tây Ninh,2,0.13333333333333333,12.0,False,19.45,REPEATED_CUSTOMER_DRIVER,KB-C_EXTREME_VOLUME,Driver-customer pair exceeds the 0.9999 trip-count threshold in the active 4-day window.,edge_weight_outlier
9260bb31f0764250,4289e00d05f21b73,15,0,14.55,88133.33333333333,1322000.0,247000.0,4,2026-07-17,xanh_car,Tỉnh Khánh Hòa,Tỉnh Khánh Hòa,0.0,27,17,0.5555555555555556,0.8823529411764706,"1270 Đường 2 Tháng 4, Phường Nha Trang, Tỉnh Khánh Hòa, Việt Nam -> Lư Giang, Phường Nam Nha Trang, Tỉnh Khánh Hòa, Việt Nam",1,0.06666666666666667,12.0,False,17.98,REPEATED_CUSTOMER_DRIVER,KB-C_EXTREME_VOLUME,Driver-customer pair exceeds the 0.9999 trip-count threshold in the active 4-day window.,edge_weight_outlier
9747f89401aacff5,a205272751dfdc7a,15,0,39.833333333333336,224466.66666666666,3367000.0,330000.0,4,2026-07-17,xanh_premium,Tỉnh Trà Vinh,Tỉnh Trà Vinh,0.0,20,15,0.75,1.0,"Phường Nguyệt Hóa, Vĩnh Long -> Phường Trà Vinh, Tỉnh Vĩnh Long, Việt Nam",2,0.13333333333333333,12.0,False,19.34,REPEATED_CUSTOMER_DRIVER,KB-C_EXTREME_VOLUME,Driver-customer pair exceeds the 0.9999 trip-count threshold in the active 4-day window.,edge_weight_outlier
9b445ad7b2551d07,76e25a170bb71209,15,0,39.0,133600.0,2004000.0,285000.0,3,2026-07-17,xanh_premium,Tỉnh Ninh Thuận,Tỉnh Ninh Thuận,0.0,40,15,0.375,1.0,"Thôn Thành Tín, Xã Ninh Phước, Tỉnh Khánh Hòa, Việt Nam -> Nguyễn Văn Cừ, Phường Ninh Chử, Khánh Hòa",2,0.13333333333333333,12.0,False,17.47,REPEATED_CUSTOMER_DRIVER,KB-C_EXTREME_VOLUME,Driver-customer pair exceeds the 0.9999 trip-count threshold in the active 4-day window.,edge_weight_outlier
a3e9c92846bd9113,9a08edeed492e00c,15,0,9.466666666666667,152666.66666666666,2290000.0,62000.0,3,2026-07-17,xanh_limo_6_cho,Tỉnh Đồng Nai,Tỉnh Đồng Nai,0.0,36,15,0.4166666666666667,1.0,"Phường Trảng Dài, Tỉnh Đồng Nai, Việt Nam -> Hẻm 66 Đường Bùi Trọng Nghĩa, Phường Trảng Dài, Tỉnh Đồng Nai, Việt Nam",4,0.26666666666666666,12.0,False,20.61,REPEATED_CUSTOMER_DRIVER,KB-C_EXTREME_VOLUME,Driver-customer pair exceeds the 0.9999 trip-count threshold in the active 4-day window.,edge_weight_outlier
a8d353522cb0b70a,627c630c7b3b8633,15,0,3.433333333333333,36200.0,543000.0,47000.0,4,2026-07-17,xanh_premium,Tỉnh Nam Định,Tỉnh Nam Định,0.0,38,15,0.39473684210526316,1.0,"Xã Hải Hưng, Tỉnh Ninh Bình, Việt Nam -> Xã Hải Hưng, Tỉnh Ninh Bình, Việt Nam",4,0.26666666666666666,12.0,True,24.22,REPEATED_CUSTOMER_DRIVER,KB-C_EXTREME_VOLUME,Driver-customer pair exceeds the 0.9999 trip-count threshold in the active 4-day window.,edge_weight_outlier
adb0fe6e6c3efdf1,4fd0ed8fda975166,15,0,56.15,213133.33333333334,3197000.0,329000.0,4,2026-07-17,xanh_premium,Tỉnh Đồng Nai,Tỉnh Đồng Nai,0.0,18,15,0.8333333333333334,1.0,"480/5 Đường Tỉnh, Xã Bình An, Tỉnh Đồng Nai, Việt Nam -> Đường Tỉnh 769, Xã Long Thành, Tỉnh Đồng Nai, Việt Nam",1,0.06666666666666667,12.0,False,18.94,REPEATED_CUSTOMER_DRIVER,KB-C_EXTREME_VOLUME,Driver-customer pair exceeds the 0.9999 trip-count threshold in the active 4-day window.,edge_weight_outlier
be35ef8bdcbd8665,bc009370dbef61a0,15,0,28.216666666666665,166400.0,2496000.0,216000.0,4,2026-07-17,xanh_car,Tỉnh Đồng Nai,Tỉnh Đồng Nai,0.0,28,15,0.5357142857142857,1.0,"2 Đường Đồng Khởi, Phường Tam Hiệp, Tỉnh Đồng Nai, Việt Nam -> Đồng Nai",2,0.13333333333333333,12.0,False,18.47,REPEATED_CUSTOMER_DRIVER,KB-C_EXTREME_VOLUME,Driver-customer pair exceeds the 0.9999 trip-count threshold in the active 4-day window.,edge_weight_outlier
be4daaf0cb6dba02,9428558dcae677e3,15,0,7.2,103133.33333333333,1547000.0,108000.0,4,2026-07-17,xanh_car_just_taxi,Tỉnh Vĩnh Phúc,Tỉnh Vĩnh Phúc,0.0,24,15,0.625,1.0,"Phường Vĩnh Phúc, Tỉnh Phú Thọ, Việt Nam -> location_address_display (0.000000, 0.000000)",4,0.26666666666666666,12.0,False,22.32,REPEATED_CUSTOMER_DRIVER,KB-C_EXTREME_VOLUME,Driver-customer pair exceeds the 0.9999 trip-count threshold in the active 4-day window.,edge_weight_outlier
bf32cc007fcfdde0,52db855481c9c242,15,0,18.05,237853.33333333334,3567800.0,92000.0,4,2026-07-17,xanh_premium_just_taxi,Tỉnh Đồng Nai,Tỉnh Đồng Nai,0.0,15,15,1.0,1.0,"Phường Trấn Biên, Tỉnh Đồng Nai, Việt Nam -> location_address_display (0.000000, 0.000000)",3,0.2,12.0,False,21.86,REPEATED_CUSTOMER_DRIVER,KB-C_EXTREME_VOLUME,Driver-customer pair exceeds the 0.9999 trip-count threshold in the active 4-day window.,edge_weight_outlier
c4d11286db254289,de1c791137b1fe57,15,0,49.7,189333.33333333334,2840000.0,204000.0,4,2026-07-17,xanh_premium,Tỉnh Bình Phước,Tỉnh Bình Phước,0.0,21,15,0.7142857142857143,1.0,"KCN Becamex, Phường Chơn Thành, Tỉnh Đồng Nai, Việt Nam -> TT. Lai Uyên, Bàu Bàng, Bình Dương",1,0.06666666666666667,12.0,False,18.39,REPEATED_CUSTOMER_DRIVER,KB-C_EXTREME_VOLUME,Driver-customer pair exceeds the 0.9999 trip-count threshold in the active 4-day window.,edge_weight_outlier
d12f804924315002,612419bc5cf38756,15,0,3.8,156200.0,2343000.0,79000.0,4,2026-07-17,xanh_premium,Tỉnh Khánh Hòa,Tỉnh Khánh Hòa,0.0,21,26,0.7142857142857143,0.5769230769230769,"Phường Nam Nha Trang, Tỉnh Khánh Hòa, Việt Nam -> Phường Nam Nha Trang, Tỉnh Khánh Hòa, Việt Nam",2,0.13333333333333333,12.0,True,21.8,REPEATED_CUSTOMER_DRIVER,KB-C_EXTREME_VOLUME,Driver-customer pair exceeds the 0.9999 trip-count threshold in the active 4-day window.,edge_weight_outlier
d1b5368c6d605e6c,41c2d70ca10b46b8,15,0,13.083333333333334,153666.66666666666,2305000.0,218000.0,4,2026-07-17,xanh_premium,Tỉnh Bình Phước,Tỉnh Bình Phước,0.0,25,15,0.6,1.0,"9JFC+PGX, Thành Tâm, Chơn Thành, Bình Phước, Việt Nam -> Phường Chơn Thành, Đồng Nai",1,0.06666666666666667,12.0,False,18.95,REPEATED_CUSTOMER_DRIVER,KB-C_EXTREME_VOLUME,Driver-customer pair exceeds the 0.9999 trip-count threshold in the active 4-day window.,edge_weight_outlier
d453440c5feb96ec,72b86be33a9770fd,15,0,15.433333333333334,193733.33333333334,2906000.0,379000.0,4,2026-07-17,xanh_car,Tỉnh Đồng Nai,Tỉnh Đồng Nai,0.0,18,16,0.8333333333333334,0.9375,"Đồng Nai -> Xã Xuân Lộc, Tỉnh Đồng Nai, Việt Nam",2,0.13333333333333333,12.0,False,20.23,REPEATED_CUSTOMER_DRIVER,KB-C_EXTREME_VOLUME,Driver-customer pair exceeds the 0.9999 trip-count threshold in the active 4-day window.,edge_weight_outlier
d6cb70e5b6bc69d2,e05741370b52d681,15,0,31.2,196533.33333333334,2948000.0,454000.0,4,2026-07-17,xanh_premium,Tỉnh Tây Ninh,Tỉnh Tây Ninh,0.0,20,15,0.75,1.0,"217-219 Đường Ba Mươi Tháng Tư, Phường Tân Ninh, Tỉnh Tây Ninh, Việt Nam -> Đường K48, Ấp Tân Thạnh, Xã Tân Phú, Tỉnh Tây Ninh, Việt Nam",1,0.06666666666666667,12.0,False,18.81,REPEATED_CUSTOMER_DRIVER,KB-C_EXTREME_VOLUME,Driver-customer pair exceeds the 0.9999 trip-count threshold in the active 4-day window.,edge_weight_outlier
da93432dc99aeb84,6685b6c1f7849e1c,15,0,20.2,168933.33333333334,2534000.0,132000.0,4,2026-07-17,xanh_car,Tỉnh Long An,Tỉnh Long An,0.0,24,16,0.625,0.9375,"1 Đường Nơ Trang Long, Phường Gia Định, Thành phố Hồ Chí Minh, Việt Nam -> Xã Đức Huệ, Tỉnh Tây Ninh, Việt Nam",1,0.06666666666666667,12.0,False,18.22,REPEATED_CUSTOMER_DRIVER,KB-C_EXTREME_VOLUME,Driver-customer pair exceeds the 0.9999 trip-count threshold in the active 4-day window.,edge_weight_outlier
dff67a4fdd760ba5,affff2efdb94e79c,15,0,62.81666666666667,401000.0,6015000.0,251000.0,4,2026-07-17,xanh_car,Tỉnh Lào Cai,Tỉnh Lào Cai,0.0,17,15,0.8823529411764706,1.0,"Huyện Văn Bàn, Tỉnh Lào Cai -> location_address_display (0.000000, 0.000000)",3,0.2,12.0,False,20.48,REPEATED_CUSTOMER_DRIVER,KB-C_EXTREME_VOLUME,Driver-customer pair exceeds the 0.9999 trip-count threshold in the active 4-day window.,edge_weight_outlier
e042e4b3d6d44205,ee4f62caaa84a840,15,0,27.366666666666667,181866.66666666666,2728000.0,0.0,4,2026-07-17,xanh_car_just_taxi,Tỉnh Tuyên Quang,Tỉnh Tuyên Quang,0.0,26,15,0.5769230769230769,1.0,"Xã Hàm Yên, Tỉnh Tuyên Quang, Việt Nam ->  Thị trấn Tân Yên, Huyện Hàm Yên, Tỉnh Tuyên Quang, Việt Nam",2,0.13333333333333333,12.0,False,18.7,REPEATED_CUSTOMER_DRIVER,KB-C_EXTREME_VOLUME,Driver-customer pair exceeds the 0.9999 trip-count threshold in the active 4-day window.,edge_weight_outlier
fa8894678b919cb0,e666395b2c3f9291,15,0,64.15,196000.0,2940000.0,25000.0,4,2026-07-17,xanh_car,Tỉnh Tiền Giang,Tỉnh Tiền Giang,0.0,25,16,0.6,0.9375,"Đường Huyện 31, Ấp Tân Phú, Xã Tân Hương, Tỉnh Đồng Tháp, Việt Nam -> Phường Mỹ Phong, Tỉnh Đồng Tháp, Việt Nam",4,0.26666666666666666,12.0,False,19.42,REPEATED_CUSTOMER_DRIVER,KB-C_EXTREME_VOLUME,Driver-customer pair exceeds the 0.9999 trip-count threshold in the active 4-day window.,edge_weight_outlier
6aea7fd274fc9d28,7596cc0493e73321,14,14,0.8333333333333334,52928.57142857143,741000.0,84000.0,4,2026-07-17,xanh_car,Thành phố Hồ Chí Minh,Thành phố Hồ Chí Minh,1.0,30,16,0.4666666666666667,0.875,"nguyễn xiển, Phường Long Bình, Thành phố Hồ Chí Minh -> NXNP 24 Vinhome Grand Park Đường Nguyễn Xiển – Long Phước, Phường Long Bình, Thành phố Hồ Chí Minh, Việt Nam",3,0.21428571428571427,12.0,True,62.02,REPEATED_CUSTOMER_DRIVER,KB-C_EXTREME_VOLUME,Driver-customer pair exceeds the 0.9999 trip-count threshold in the active 4-day window.,edge_weight_outlier
82b2cc73405e8687,cbd055fc57409cb9,14,13,0.5,35785.71428571428,501000.0,0.0,3,2026-07-16,xanh_limo_6_cho,Tỉnh Bắc Ninh,Tỉnh Bắc Ninh,0.9285714285714286,15,14,0.9333333333333333,1.0,"7 Đường Quang Trung, Phường Trần Hưng Đạo, Tỉnh Hưng Yên, Việt Nam -> Đường Trần Hưng Đạo, Phường Thái Bình, Tỉnh Hưng Yên, Việt Nam",2,0.14285714285714285,12.0,True,64.26,REPEATED_CUSTOMER_DRIVER,KB-C_EXTREME_VOLUME,Driver-customer pair exceeds the 0.9999 trip-count threshold in the active 4-day window.,edge_weight_outlier
1f0f4372b9c9ff4f,3474b5368d3ce5c3,14,5,3.6166666666666667,18857.14285714286,264000.0,0.0,4,2026-07-17,xanhsm_bike_hn,Thành phố Hà Nội,Thành phố Hà Nội,0.35714285714285715,67,14,0.208955223880597,1.0,"27-29 Ngõ 25 Đường Vạn Phúc, Phường Hà Đông, Thành phố Hà Nội, VNM -> Phường Đại Mỗ, Thành Phố Hà Nội, Việt Nam",1,0.07142857142857142,12.0,True,35.34,REPEATED_CUSTOMER_DRIVER,KB-C_EXTREME_VOLUME,Driver-customer pair exceeds the 0.9999 trip-count threshold in the active 4-day window.,edge_weight_outlier
1086bcbbc55c9a71,8c35250e8b45280d,14,4,6.7,129785.71428571429,1817000.0,403000.0,4,2026-07-17,xanh_car,Tỉnh Quảng Trị,Tỉnh Quảng Trị,0.2857142857142857,24,14,0.5833333333333334,1.0,"Quảng Trị, Trieu Phong Commune -> Phường Quảng Trị, Tỉnh Quảng Trị, Việt Nam",2,0.14285714285714285,12.0,False,32.4,REPEATED_CUSTOMER_DRIVER,KB-C_EXTREME_VOLUME,Driver-customer pair exceeds the 0.9999 trip-count threshold in the active 4-day window.,edge_weight_outlier
4b51c4f880ad44b7,bf86a9e8efc3ceda,14,4,19.533333333333335,146642.85714285713,2053000.0,240000.0,4,2026-07-17,xanh_car,Tỉnh Quảng Ngãi,Tỉnh Quảng Ngãi,0.2857142857142857,22,14,0.6363636363636364,1.0,"Xã Vạn Tường, Quảng Ngãi -> Xã Vạn Tường, Tỉnh Quảng Ngãi, Việt Nam",4,0.2857142857142857,12.0,False,32.13,REPEATED_CUSTOMER_DRIVER,KB-C_EXTREME_VOLUME,Driver-customer pair exceeds the 0.9999 trip-count threshold in the active 4-day window.,edge_weight_outlier
ad3b2a30813cdca9,2ae3a3f1742e7a00,14,3,21.6,261142.85714285713,3656000.0,312000.0,4,2026-07-17,xanh_premium,Tỉnh Đồng Nai,Tỉnh Đồng Nai,0.21428571428571427,26,14,0.5384615384615384,1.0,"Trị An, Đồng Nai, Việt Nam -> 33Jh+9X2, Ấp Lợi Hà, Xã Bàu Hàm, Tỉnh Đồng Nai, Việt Nam",1,0.07142857142857142,12.0,False,26.43,REPEATED_CUSTOMER_DRIVER,KB-C_EXTREME_VOLUME,Driver-customer pair exceeds the 0.9999 trip-count threshold in the active 4-day window.,edge_weight_outlier
d8ce0b99e008401e,ae3c7ed271ab1203,14,3,21.033333333333335,223142.85714285713,3124000.0,300000.0,4,2026-07-17,xanh_limo_6_cho,Thành phố Đà Nẵng,Thành phố Đà Nẵng,0.21428571428571427,33,14,0.42424242424242425,1.0,"122 Đường Hải Phòng, Phường Hải Châu, Thành phố Đà Nẵng, Việt Nam -> Thạc Gián, Thanh Khê, Đà Nẵng 550000, Việt Nam",1,0.07142857142857142,12.0,False,25.88,REPEATED_CUSTOMER_DRIVER,KB-C_EXTREME_VOLUME,Driver-customer pair exceeds the 0.9999 trip-count threshold in the active 4-day window.,edge_weight_outlier
e5639b40333338ac,484c4a31efe34f93,14,3,19.983333333333334,185000.0,2590000.0,316000.0,3,2026-07-17,xanh_car,Thành phố Hà Nội,Thành phố Hà Nội,0.21428571428571427,24,16,0.5833333333333334,0.875,"617 Đường Quảng Oai, Xã Quảng Oai, Thành phố Hà Nội, Việt Nam -> Xã Hoài Đức, Thành phố Hà Nội, Việt Nam",1,0.07142857142857142,12.0,False,26.1,REPEATED_CUSTOMER_DRIVER,KB-C_EXTREME_VOLUME,Driver-customer pair exceeds the 0.9999 trip-count threshold in the active 4-day window.,edge_weight_outlier
4617c2a585524f38,1c0e4723e771a599,14,2,56.71666666666667,205285.7142857143,2874000.0,411000.0,4,2026-07-17,xanh_limo_6_cho,Tỉnh Kiên Giang,Tỉnh Kiên Giang,0.14285714285714285,18,15,0.7777777777777778,0.9333333333333333,"Đặc khu Phú Quốc, Tỉnh An Giang, Việt Nam -> Đặc khu Phú Quốc, Tỉnh An Giang, Việt Nam",3,0.21428571428571427,12.0,False,25.17,REPEATED_CUSTOMER_DRIVER,KB-C_EXTREME_VOLUME,Driver-customer pair exceeds the 0.9999 trip-count threshold in the active 4-day window.,edge_weight_outlier
dc7f9bec55a8253b,caaf44890eb8e7ac,14,2,2.3333333333333335,40714.28571428572,570000.0,0.0,2,2026-07-16,xanh_limo_6_cho,Tỉnh Bà Rịa - Vũng Tàu,Tỉnh Bà Rịa - Vũng Tàu,0.14285714285714285,15,14,0.9333333333333333,1.0,"Phường Tam Long, Thành phố Hồ Chí Minh, Việt Nam -> Phường Tam Long, Thành phố Hồ Chí Minh, Việt Nam",2,0.14285714285714285,12.0,True,33.79,REPEATED_CUSTOMER_DRIVER,KB-C_EXTREME_VOLUME,Driver-customer pair exceeds the 0.9999 trip-count threshold in the active 4-day window.,edge_weight_outlier
dce542e7c96fd202,f951bcd41d7b02e9,14,2,12.066666666666666,68000.0,952000.0,0.0,4,2026-07-17,xanh_premium,Tỉnh Quảng Ninh,Tỉnh Quảng Ninh,0.14285714285714285,22,15,0.6363636363636364,0.9333333333333333,"Quảng Ninh -> Đặc khu Vân Đồn, Tỉnh Quảng Ninh, Việt Nam",4,0.2857142857142857,12.0,False,26.48,REPEATED_CUSTOMER_DRIVER,KB-C_EXTREME_VOLUME,Driver-customer pair exceeds the 0.9999 trip-count threshold in the active 4-day window.,edge_weight_outlier
3c8cb51dbca77a0f,fad106247b38675d,14,1,66.9,284000.0,3976000.0,459000.0,4,2026-07-17,xanh_premium,Thành phố Cần Thơ,Thành phố Cần Thơ,0.07142857142857142,17,14,0.8235294117647058,1.0,"315 Đường Nguyễn Văn Linh, Phường Tân An, Thành phố Cần Thơ, Việt Nam -> Xã Phong Điền, Thành phố Cần Thơ, Việt Nam",1,0.07142857142857142,12.0,False,21.27,REPEATED_CUSTOMER_DRIVER,KB-C_EXTREME_VOLUME,Driver-customer pair exceeds the 0.9999 trip-count threshold in the active 4-day window.,edge_weight_outlier
3e93a5ae60ddcd54,f48afdf1444958c4,14,1,28.666666666666668,67771.42857142857,948800.0,128000.0,4,2026-07-17,xanh_premium,Tỉnh Thừa Thiên Huế,Tỉnh Thừa Thiên Huế,0.07142857142857142,61,14,0.22950819672131148,1.0,"2 Đường Lê Lợi, Phường Thuận Hóa, Thành Phố Huế, Việt Nam -> Đường Đoàn Nhữ Hải, Phường Thủy Xuân, Thành Phố Huế, Việt Nam",1,0.07142857142857142,12.0,False,18.7,REPEATED_CUSTOMER_DRIVER,KB-C_EXTREME_VOLUME,Driver-customer pair exceeds the 0.9999 trip-count threshold in the active 4-day window.,edge_weight_outlier
4bb25094a052a7cc,d5a2d533df3eb94a,14,1,25.8,153285.7142857143,2146000.0,202000.0,4,2026-07-17,xanh_premium,Tỉnh Quảng Ngãi,Tỉnh Quảng Ngãi,0.07142857142857142,43,15,0.32558139534883723,0.9333333333333333,"217 Đường Nguyễn Nghiêm, Phường Cẩm Thành, Tỉnh Quảng Ngãi, Việt Nam ->  Phường Lê Hồng Phong, Thành phố Quảng Ngãi, Tỉnh Quảng Ngãi, Việt Nam",1,0.07142857142857142,12.0,False,18.93,REPEATED_CUSTOMER_DRIVER,KB-C_EXTREME_VOLUME,Driver-customer pair exceeds the 0.9999 trip-count threshold in the active 4-day window.,edge_weight_outlier
4f817fff6cc944ea,3064798a41837700,14,1,22.716666666666665,158142.85714285713,2214000.0,391000.0,4,2026-07-17,xanh_premium,Tỉnh Thái Bình,Tỉnh Thái Bình,0.07142857142857142,32,16,0.4375,0.875,"460 Đường Lý Bôn, Phường Đề Thám, Thành phố Thái Bình, Tỉnh Thái Bình, Việt Nam -> 460 Đường Tỉnh, Xã Quốc Tuấn, Huyện Kiến Xương, Tỉnh Thái Bình, Việt Nam",1,0.07142857142857142,12.0,False,19.3,REPEATED_CUSTOMER_DRIVER,KB-C_EXTREME_VOLUME,Driver-customer pair exceeds the 0.9999 trip-count threshold in the active 4-day window.,edge_weight_outlier
505165354eb704bf,a2c4a4a1a92ef49a,14,1,17.466666666666665,149285.7142857143,2090000.0,214000.0,4,2026-07-17,xanh_car,Thành phố Hà Nội,Thành phố Hà Nội,0.07142857142857142,22,14,0.6363636363636364,1.0,"1 Đường Tôn Thất Tùng, Phường Kim Liên, Thành Phố Hà Nội, Việt Nam -> Bắc Giang",1,0.07142857142857142,12.0,False,21.18,REPEATED_CUSTOMER_DRIVER,KB-C_EXTREME_VOLUME,Driver-customer pair exceeds the 0.9999 trip-count threshold in the active 4-day window.,edge_weight_outlier
58e4417fc0ae5562,3d11234b5b1625e2,14,1,13.166666666666666,149428.57142857142,2092000.0,433000.0,4,2026-07-17,xanh_car,Tỉnh Quảng Bình,Tỉnh Quảng Bình,0.07142857142857142,24,14,0.5833333333333334,1.0,"99 Đường Đại lộ Đông Tây Điện Biên Phủ, Phường Đồng Hới, Tỉnh Quảng Trị, Việt Nam -> Quảng Trị",1,0.07142857142857142,12.0,False,21.29,REPEATED_CUSTOMER_DRIVER,KB-C_EXTREME_VOLUME,Driver-customer pair exceeds the 0.9999 trip-count threshold in the active 4-day window.,edge_weight_outlier
59dc9ef799fa7a1c,b5d12f9f56f03f7d,14,1,47.233333333333334,315785.71428571426,4421000.0,504000.0,4,2026-07-17,xanh_limo_6_cho,Tỉnh Bà Rịa - Vũng Tàu,Tỉnh Bà Rịa - Vũng Tàu,0.07142857142857142,16,16,0.875,0.875,"192 Đường Hai Bà Trưng, Xã Long Hải, Thành Phố Hồ Chí Minh, Việt Nam -> 372 Đường Hùng Vương, Phường Tam Long, Thành phố Hồ Chí Minh, Việt Nam",1,0.07142857142857142,12.0,False,21.03,REPEATED_CUSTOMER_DRIVER,KB-C_EXTREME_VOLUME,Driver-customer pair exceeds the 0.9999 trip-count threshold in the active 4-day window.,edge_weight_outlier
63721b896d929997,bd9bda41e30afd62,14,1,17.983333333333334,206000.0,2884000.0,230000.0,4,2026-07-17,xanh_premium,Thành phố Hà Nội,Thành phố Hà Nội,0.07142857142857142,18,14,0.7777777777777778,1.0,"257 Đường Giải Phóng, Phường Bạch Mai, Thành Phố Hà Nội, Việt Nam -> Thụy Dân, Tây Thụy Anh, Hưng Yên, Việt Nam",1,0.07142857142857142,12.0,False,21.86,REPEATED_CUSTOMER_DRIVER,KB-C_EXTREME_VOLUME,Driver-customer pair exceeds the 0.9999 trip-count threshold in the active 4-day window.,edge_weight_outlier
8124055e2bf5330f,c59de72a1a8acffc,14,1,28.9,129500.0,1813000.0,0.0,4,2026-07-17,xanh_car,Tỉnh Đồng Nai,Tỉnh Đồng Nai,0.07142857142857142,28,14,0.5,1.0,"Thống Nhất, Đồng Nai -> Xã Gia Kiệm, Tỉnh Đồng Nai, Việt Nam",2,0.14285714285714285,12.0,False,20.76,REPEATED_CUSTOMER_DRIVER,KB-C_EXTREME_VOLUME,Driver-customer pair exceeds the 0.9999 trip-count threshold in the active 4-day window.,edge_weight_outlier
84a427343f4c4ca3,3c6f6e7c4cfacae8,14,1,41.36666666666667,103142.85714285714,1444000.0,151000.0,2,2026-07-17,xanh_premium,Thành phố Hà Nội,Thành phố Hà Nội,0.07142857142857142,17,14,0.8235294117647058,1.0,"78 Đường Giải Phóng, Phường Kim Liên, Thành Phố Hà Nội, Việt Nam -> 1 Đường Ngọc Hồi, Phường Yên Sở, Thành Phố Hà Nội, Việt Nam",5,0.35714285714285715,12.0,False,24.32,REPEATED_CUSTOMER_DRIVER,KB-C_EXTREME_VOLUME,Driver-customer pair exceeds the 0.9999 trip-count threshold in the active 4-day window.,edge_weight_outlier
9292c8471f83af23,fd46bf9011021f28,14,1,3.1,14000.0,196000.0,28000.0,1,2026-07-17,xanhsm_bike_hn,Thành phố Cần Thơ,Thành phố Cần Thơ,0.07142857142857142,40,14,0.35,1.0,"14 Đường Phan Đình Phùng, Phường Ninh Kiều, Thành phố Cần Thơ, Việt Nam -> 77 Đường Võ Văn Tần, Phường Ninh Kiều, Thành phố Cần Thơ, Việt Nam",1,0.07142857142857142,12.0,True,25.06,REPEATED_CUSTOMER_DRIVER,KB-C_EXTREME_VOLUME,Driver-customer pair exceeds the 0.9999 trip-count threshold in the active 4-day window.,edge_weight_outlier
bf253b3e06a28f44,0f00804f131477ec,14,1,40.25,309857.14285714284,4338000.0,479000.0,4,2026-07-17,xanh_car,Tỉnh Bắc Ninh,Tỉnh Bắc Ninh,0.07142857142857142,29,14,0.4827586206896552,1.0,"Phường Mão Điền, Tỉnh Bắc Ninh, Việt Nam -> 33, Street No.10, Do Thi Va DV VSIP Bac Ninh Residence, X.Đại Đồng, H.Tiên Du, Bắc Ninh, Hanoi City, 16000",7,0.5,12.0,False,24.05,REPEATED_CUSTOMER_DRIVER,KB-C_EXTREME_VOLUME,Driver-customer pair exceeds the 0.9999 trip-count threshold in the active 4-day window.,edge_weight_outlier
c04e14ca1a2e9019,5f267429524d8ea0,14,1,38.3,145928.57142857142,2043000.0,161000.0,4,2026-07-17,xanh_premium,Tỉnh Bà Rịa - Vũng Tàu,Tỉnh Bà Rịa - Vũng Tàu,0.07142857142857142,19,14,0.7368421052631579,1.0,"100 Đường tỉnh 998, Xã Hòa Hội, Thành phố Hồ Chí Minh, Việt Nam -> Tỉnh lộ 765, Xã Sông Ray, Tỉnh Đồng Nai, Việt Nam",1,0.07142857142857142,12.0,False,21.06,REPEATED_CUSTOMER_DRIVER,KB-C_EXTREME_VOLUME,Driver-customer pair exceeds the 0.9999 trip-count threshold in the active 4-day window.,edge_weight_outlier
c3f92798b65d4e10,5ea23387ec691901,14,1,42.55,162000.0,2268000.0,156000.0,4,2026-07-17,xanh_car,Thành phố Hồ Chí Minh,Thành phố Hồ Chí Minh,0.07142857142857142,35,14,0.4,1.0,"103 Đường Hồ Học Lãm, Phường An Lạc, Thành phố Hồ Chí Minh -> 24 Đường Lương Định Của, Phường Bình Trưng, Thành Phố Hồ Chí Minh, Việt Nam",1,0.07142857142857142,12.0,False,19.33,REPEATED_CUSTOMER_DRIVER,KB-C_EXTREME_VOLUME,Driver-customer pair exceeds the 0.9999 trip-count threshold in the active 4-day window.,edge_weight_outlier
c46ea4a81e36afd2,b2e7f543f18d6396,14,1,64.66666666666667,24357.14285714286,341000.0,19000.0,4,2026-07-17,xanhsm_bike_hn,Tỉnh Thừa Thiên Huế,Tỉnh Thừa Thiên Huế,0.07142857142857142,77,14,0.18181818181818182,1.0,"Phường Kim Long, Thành Phố Huế, Việt Nam -> P.An Hòa, Q.Phú Xuân, TP.Huế, 49000, Vietnam",3,0.21428571428571427,12.0,False,19.5,REPEATED_CUSTOMER_DRIVER,KB-C_EXTREME_VOLUME,Driver-customer pair exceeds the 0.9999 trip-count threshold in the active 4-day window.,edge_weight_outlier
d69f6d6739baff20,63e68af526192dd7,14,1,0.95,41571.42857142857,582000.0,0.0,3,2026-07-17,xanh_limo_6_cho,Thành phố Hà Nội,Thành phố Hà Nội,0.07142857142857142,27,14,0.5185185185185185,1.0,"2GCG+FWP, Xã Hòa Lạc, Thành Phố Hà Nội, Việt Nam -> Xã Hòa Lạc, Thành Phố Hà Nội, Việt Nam",1,0.07142857142857142,12.0,True,39.45,REPEATED_CUSTOMER_DRIVER,KB-C_EXTREME_VOLUME,Driver-customer pair exceeds the 0.9999 trip-count threshold in the active 4-day window.,edge_weight_outlier
d78c8a113a8959ea,5c340713092f6b96,14,1,44.43333333333333,130857.14285714286,1832000.0,231000.0,4,2026-07-17,xanh_premium,Tỉnh Bà Rịa - Vũng Tàu,Tỉnh Bà Rịa - Vũng Tàu,0.07142857142857142,25,14,0.56,1.0,"Thành phố Hồ Chí Minh -> Xã Ngãi Giao, Thành phố Hồ Chí Minh, Việt Nam",3,0.21428571428571427,12.0,False,21.54,REPEATED_CUSTOMER_DRIVER,KB-C_EXTREME_VOLUME,Driver-customer pair exceeds the 0.9999 trip-count threshold in the active 4-day window.,edge_weight_outlier
f3529d83749a7d76,d561148ab8f64215,14,1,3.6333333333333333,122142.85714285714,1710000.0,0.0,4,2026-07-17,xanh_car_just_taxi,Tỉnh Phú Thọ,Tỉnh Phú Thọ,0.07142857142857142,40,14,0.35,1.0,Tỉnh Phú Thọ ->  Tỉnh Phú Thọ,2,0.14285714285714285,12.0,True,24.83,REPEATED_CUSTOMER_DRIVER,KB-C_EXTREME_VOLUME,Driver-customer pair exceeds the 0.9999 trip-count threshold in the active 4-day window.,edge_weight_outlier
0201eeeb1af9bfca,034f9bf0375ffb30,14,0,16.7,82785.71428571429,1159000.0,119000.0,4,2026-07-17,xanh_premium,Thành phố Hà Nội,Thành phố Hà Nội,0.0,21,14,0.6666666666666666,1.0,"Phường Sơn Tây, Thành Phố Hà Nội, Việt Nam -> 3FXH+733, Xã Đoài Phương, Thành phố Hà Nội, Việt Nam",3,0.21428571428571427,12.0,False,19.84,REPEATED_CUSTOMER_DRIVER,KB-C_EXTREME_VOLUME,Driver-customer pair exceeds the 0.9999 trip-count threshold in the active 4-day window.,edge_weight_outlier
025aa77f9591f6f3,bf328279bd440dc2,14,0,16.116666666666667,28357.14285714286,397000.0,35000.0,4,2026-07-17,xanhsm_bike_hn,Tỉnh Thừa Thiên Huế,Tỉnh Thừa Thiên Huế,0.0,67,15,0.208955223880597,0.9333333333333333,"122 Đường Lê Lợi, Phường Thuận Hóa, Thành Phố Huế, Việt Nam -> Phường An Đông, Quận Thuận Hóa, Thành phố Huế, Việt Nam",1,0.07142857142857142,12.0,False,15.83,REPEATED_CUSTOMER_DRIVER,KB-C_EXTREME_VOLUME,Driver-customer pair exceeds the 0.9999 trip-count threshold in the active 4-day window.,edge_weight_outlier
061cb4d45139ad4e,020ba31a4130c57c,14,0,23.016666666666666,232071.42857142858,3249000.0,312000.0,4,2026-07-17,xanh_car,Thành phố Hà Nội,Thành phố Hà Nội,0.0,28,15,0.5,0.9333333333333333,"16, Xã Phú Xuyên, Thành phố Hà Nội, Việt Nam -> Trần Hưng Đạo, Hoàn Kiếm, Hà Nội",1,0.07142857142857142,12.0,False,16.92,REPEATED_CUSTOMER_DRIVER,KB-C_EXTREME_VOLUME,Driver-customer pair exceeds the 0.9999 trip-count threshold in the active 4-day window.,edge_weight_outlier
0f76c03849cc6c39,6a0ac88ee2da6d71,14,0,61.68333333333333,264714.28571428574,3706000.0,243000.0,4,2026-07-17,xanh_car,Tỉnh Long An,Thành phố Hồ Chí Minh,0.0,26,14,0.5384615384615384,1.0,"371 Đường Điện Biên Phủ, Phường Bàn Cờ, Thành Phố Hồ Chí Minh, Việt Nam -> Xã Đức Hòa, Tỉnh Tây Ninh, Việt Nam",2,0.14285714285714285,12.0,False,17.61,REPEATED_CUSTOMER_DRIVER,KB-C_EXTREME_VOLUME,Driver-customer pair exceeds the 0.9999 trip-count threshold in the active 4-day window.,edge_weight_outlier
0fd6c8c8e70ed5d5,6010e8ab05493813,14,0,28.8,162071.42857142858,2269000.0,191000.0,4,2026-07-17,xanh_car,Tỉnh Bà Rịa - Vũng Tàu,Tỉnh Bà Rịa - Vũng Tàu,0.0,21,14,0.6666666666666666,1.0,"Xã Hòa Hội, Thành phố Hồ Chí Minh, Việt Nam -> Ấp 7, Xã Hòa Hội, Thành phố Hồ Chí Minh, Việt Nam",2,0.14285714285714285,12.0,False,18.62,REPEATED_CUSTOMER_DRIVER,KB-C_EXTREME_VOLUME,Driver-customer pair exceeds the 0.9999 trip-count threshold in the active 4-day window.,edge_weight_outlier
1031f3c976dc595a,32b7f528fb0dfabb,14,0,16.916666666666668,124785.71428571429,1747000.0,202000.0,4,2026-07-17,xanh_premium,Tỉnh Nam Định,Tỉnh Nam Định,0.0,17,15,0.8235294117647058,0.9333333333333333,Ninh Bình -> Ninh Bình,3,0.21428571428571427,12.0,False,20.28,REPEATED_CUSTOMER_DRIVER,KB-C_EXTREME_VOLUME,Driver-customer pair exceeds the 0.9999 trip-count threshold in the active 4-day window.,edge_weight_outlier
1106711ee9907970,52651d6e3e88b8d4,14,0,22.25,180035.7142857143,2520500.0,183000.0,3,2026-07-16,xanh_car,Tỉnh Đồng Nai,Tỉnh Đồng Nai,0.0,21,17,0.6666666666666666,0.8235294117647058,"201B Nguyễn Chí Thanh, Phường Chợ Lớn, Thành phố Hồ Chí Minh, Việt Nam -> Xã Bình Minh, Tỉnh Đồng Nai, Việt Nam",1,0.07142857142857142,12.0,False,17.23,REPEATED_CUSTOMER_DRIVER,KB-C_EXTREME_VOLUME,Driver-customer pair exceeds the 0.9999 trip-count threshold in the active 4-day window.,edge_weight_outlier
11a1e0590ab4b583,1ae123cd0ba9335d,14,0,48.78333333333333,204500.0,2863000.0,221000.0,4,2026-07-17,xanh_premium,Tỉnh Bình Phước,Tỉnh Bình Phước,0.0,26,14,0.5384615384615384,1.0,"276 Tỉnh Lộ 741, Xã Đồng Phú, Tỉnh Đồng Nai, Việt Nam -> Phường Bình Phước, Tỉnh Đồng Nai, Việt Nam",1,0.07142857142857142,12.0,False,16.98,REPEATED_CUSTOMER_DRIVER,KB-C_EXTREME_VOLUME,Driver-customer pair exceeds the 0.9999 trip-count threshold in the active 4-day window.,edge_weight_outlier
2027fb082f539725,1f4b920b0faf1aa9,14,0,33.31666666666667,158071.42857142858,2213000.0,210000.0,4,2026-07-17,xanh_premium,Tỉnh Bà Rịa - Vũng Tàu,Tỉnh Bà Rịa - Vũng Tàu,0.0,29,15,0.4827586206896552,0.9333333333333333,"55, Xã Long Điền, Thành Phố Hồ Chí Minh, Việt Nam -> Phường Tam Long, Thành phố Hồ Chí Minh, Việt Nam",1,0.07142857142857142,12.0,False,16.56,REPEATED_CUSTOMER_DRIVER,KB-C_EXTREME_VOLUME,Driver-customer pair exceeds the 0.9999 trip-count threshold in the active 4-day window.,edge_weight_outlier
22af0fee8653ecde,c7f199df635fca94,14,0,24.366666666666667,106250.0,1487500.0,43000.0,4,2026-07-17,xanh_car,Tỉnh Đồng Nai,Tỉnh Đồng Nai,0.0,35,14,0.4,1.0,"Lê Lợi, Xã Định Quán, Đồng Nai, VNM -> location_address_display (0.000000, 0.000000)",3,0.21428571428571427,12.0,False,18.13,REPEATED_CUSTOMER_DRIVER,KB-C_EXTREME_VOLUME,Driver-customer pair exceeds the 0.9999 trip-count threshold in the active 4-day window.,edge_weight_outlier
29b6a15490ec47bb,4496686ad91fd627,14,0,25.783333333333335,157071.42857142858,2199000.0,213000.0,4,2026-07-17,xanh_car,Thành phố Hà Nội,Thành phố Hà Nội,0.0,25,14,0.56,1.0,"30 Đường Cầu Bưu, Phường Thanh Liệt, Thành Phố Hà Nội, Việt Nam -> Phường Hai Bà Trưng, Thành Phố Hà Nội, Việt Nam",1,0.07142857142857142,12.0,False,17.46,REPEATED_CUSTOMER_DRIVER,KB-C_EXTREME_VOLUME,Driver-customer pair exceeds the 0.9999 trip-count threshold in the active 4-day window.,edge_weight_outlier
329e48f140ac51d5,19b3a8e04d026d46,14,0,46.1,246214.2857142857,3447000.0,293000.0,4,2026-07-17,xanh_limo_6_cho,Tỉnh Đồng Nai,Tỉnh Đồng Nai,0.0,15,14,0.9333333333333333,1.0,"Ấp Trầu, Xã Nhơn Trạch, Tỉnh Đồng Nai, Việt Nam -> Đồng Nai",3,0.21428571428571427,12.0,False,20.41,REPEATED_CUSTOMER_DRIVER,KB-C_EXTREME_VOLUME,Driver-customer pair exceeds the 0.9999 trip-count threshold in the active 4-day window.,edge_weight_outlier
32e31f63f6aea7ea,ae1f2889fe251a55,14,0,48.03333333333333,259714.2857142857,3636000.0,379000.0,4,2026-07-17,xanh_car,Tỉnh Bình Dương,Tỉnh Bình Dương,0.0,19,14,0.7368421052631579,1.0,"Phường Bến Cát, Thành Phố Hồ Chí Minh, Việt Nam -> Kp. 4, KCN VSIP 2, KP. 4, Phường Vĩnh Tân, Thành phố Hồ Chí Minh, Việt Nam",2,0.14285714285714285,12.0,False,18.7,REPEATED_CUSTOMER_DRIVER,KB-C_EXTREME_VOLUME,Driver-customer pair exceeds the 0.9999 trip-count threshold in the active 4-day window.,edge_weight_outlier
3e93a5ae60ddcd54,63de11fe861ddb59,14,0,108.16666666666667,190257.14285714287,2663600.0,208000.0,4,2026-07-17,xanh_premium,Tỉnh Thừa Thiên Huế,Tỉnh Thừa Thiên Huế,0.0,61,15,0.22950819672131148,0.9333333333333333,"2 Nguyễn Tri Phương, Phú Hội, Huế, Thành phố Huế, Việt Nam -> P.Vĩnh Ninh, Q.Thuận Hóa, TP.Huế, 49000, Vietnam",1,0.07142857142857142,12.0,False,14.88,REPEATED_CUSTOMER_DRIVER,KB-C_EXTREME_VOLUME,Driver-customer pair exceeds the 0.9999 trip-count threshold in the active 4-day window.,edge_weight_outlier
3f71a5433a150cb6,13ab73b171569484,14,0,15.3,167928.57142857142,2351000.0,211000.0,4,2026-07-17,xanh_premium,Tỉnh Khánh Hòa,Tỉnh Khánh Hòa,0.0,25,15,0.56,0.9333333333333333,"Khánh Hòa -> Xã Cam Lâm, Tỉnh Khánh Hòa, Việt Nam",3,0.21428571428571427,12.0,False,19.08,REPEATED_CUSTOMER_DRIVER,KB-C_EXTREME_VOLUME,Driver-customer pair exceeds the 0.9999 trip-count threshold in the active 4-day window.,edge_weight_outlier
3fa050abd2f86efa,037a1773321f2c4d,14,0,24.3,76857.14285714286,1076000.0,94000.0,4,2026-07-17,xanh_car,Thành phố Hà Nội,Thành phố Hà Nội,0.0,53,14,0.2641509433962264,1.0,"05 Đường Tân Mai, Phường Tương Mai, Thành Phố Hà Nội, Việt Nam -> Đường Quang An, Phường Tây Hồ, Thành Phố Hà Nội, Việt Nam",1,0.07142857142857142,12.0,False,16.02,REPEATED_CUSTOMER_DRIVER,KB-C_EXTREME_VOLUME,Driver-customer pair exceeds the 0.9999 trip-count threshold in the active 4-day window.,edge_weight_outlier
44bd8f1cd40f7982,07fc21970cd5eb35,14,0,38.28333333333333,591500.0,8281000.0,418000.0,4,2026-07-17,xanh_premium,Tỉnh Hà Nam,Tỉnh Hà Nam,0.0,14,14,1.0,1.0,"tt. Đồng Văn, Duy Tiên, Hà Nam -> KCN Hòa, Mạc, Phường Duy Tân, Tỉnh Ninh Bình, Việt Nam",4,0.2857142857142857,12.0,False,21.55,REPEATED_CUSTOMER_DRIVER,KB-C_EXTREME_VOLUME,Driver-customer pair exceeds the 0.9999 trip-count threshold in the active 4-day window.,edge_weight_outlier
508cb175074b2c1d,f66f054d19d6233e,14,0,43.9,183357.14285714287,2567000.0,209000.0,4,2026-07-17,xanh_car,Tỉnh Hậu Giang,Tỉnh Hậu Giang,0.0,25,14,0.56,1.0,"300 Đường Nguyễn Văn Cừ, Phường Tân An, Thành phố Cần Thơ, Việt Nam -> Thành phố Cần Thơ",2,0.14285714285714285,12.0,False,17.85,REPEATED_CUSTOMER_DRIVER,KB-C_EXTREME_VOLUME,Driver-customer pair exceeds the 0.9999 trip-count threshold in the active 4-day window.,edge_weight_outlier
554c01b63a4f7d9d,3fb57d58d2a5022f,14,0,8.416666666666666,140000.0,1960000.0,245000.0,4,2026-07-17,xanh_car,Tỉnh Hà Nam,Tỉnh Hà Nam,0.0,23,15,0.6086956521739131,0.9333333333333333,"Phường Nam Định, Tỉnh Ninh Bình, Việt Nam -> Phường Liêm Tuyền, Tỉnh Ninh Bình, Việt Nam",2,0.14285714285714285,12.0,False,19.68,REPEATED_CUSTOMER_DRIVER,KB-C_EXTREME_VOLUME,Driver-customer pair exceeds the 0.9999 trip-count threshold in the active 4-day window.,edge_weight_outlier
59b38d9591c2e606,844e1126f23438f7,14,0,31.5,245892.85714285713,3442500.0,274000.0,3,2026-07-16,xanh_car,Thành phố Hồ Chí Minh,Tỉnh Long An,0.0,24,14,0.5833333333333334,1.0,"2335 Đường Trần Văn Giàu, Xã Bình Lợi, Thành phố Hồ Chí Minh, Việt Nam -> Phường Cầu Ông Lãnh, Thành phố Hồ Chí Minh, Việt Nam",1,0.07142857142857142,12.0,False,17.43,REPEATED_CUSTOMER_DRIVER,KB-C_EXTREME_VOLUME,Driver-customer pair exceeds the 0.9999 trip-count threshold in the active 4-day window.,edge_weight_outlier
5e42b0800f6f1591,e6c2f5f88241332b,14,0,70.68333333333334,260500.0,3647000.0,487000.0,4,2026-07-17,xanh_car,Tỉnh Gia Lai,Tỉnh Gia Lai,0.0,16,15,0.875,0.9333333333333333,"Gia Lai -> Phường Diên Hồng, Tỉnh Gia Lai, Việt Nam",2,0.14285714285714285,12.0,False,18.92,REPEATED_CUSTOMER_DRIVER,KB-C_EXTREME_VOLUME,Driver-customer pair exceeds the 0.9999 trip-count threshold in the active 4-day window.,edge_weight_outlier
66c5b71be0e63cc7,8563a5c3fc3b5716,14,0,34.583333333333336,81142.85714285714,1136000.0,253000.0,4,2026-07-17,xanh_premium,Tỉnh Thái Nguyên,Tỉnh Thái Nguyên,0.0,26,14,0.5384615384615384,1.0,"Phường Vạn Xuân, Tỉnh Thái Nguyên, Việt Nam -> Đường Lý Nam Đế, Phường Vạn Xuân, Tỉnh Thái Nguyên, Việt Nam",4,0.2857142857142857,12.0,False,19.29,REPEATED_CUSTOMER_DRIVER,KB-C_EXTREME_VOLUME,Driver-customer pair exceeds the 0.9999 trip-count threshold in the active 4-day window.,edge_weight_outlier
69331f1204125db6,e0ac62c09680fbef,14,0,7.6,132928.57142857142,1861000.0,290000.0,4,2026-07-17,xanh_premium,Tỉnh Nam Định,Tỉnh Nam Định,0.0,14,14,1.0,1.0,"108 Tỉnh Lộ 488c, Xã Hải Tiến, Tỉnh Ninh Bình, Việt Nam -> Xóm Đức Thuận, Xã Hải Xuân, Tỉnh Ninh Bình, Việt Nam",1,0.07142857142857142,12.0,False,21.51,REPEATED_CUSTOMER_DRIVER,KB-C_EXTREME_VOLUME,Driver-customer pair exceeds the 0.9999 trip-count threshold in the active 4-day window.,edge_weight_outlier
6ac447c7a0bdf9e4,73cf6441682389f9,14,0,63.416666666666664,153642.85714285713,2151000.0,259000.0,4,2026-07-17,xanh_car,Tỉnh Quảng Bình,Tỉnh Quảng Bình,0.0,17,15,0.8235294117647058,0.9333333333333333,"Quảng Trị -> 8MW9+V4 Quảng Ninh Quảng Bình, Việt Nam",1,0.07142857142857142,12.0,False,17.98,REPEATED_CUSTOMER_DRIVER,KB-C_EXTREME_VOLUME,Driver-customer pair exceeds the 0.9999 trip-count threshold in the active 4-day window.,edge_weight_outlier
6b09a7a88829d6c3,2a960e72f4e8a6ab,14,0,39.666666666666664,172500.0,2415000.0,198000.0,4,2026-07-17,xanh_premium,Tỉnh Tây Ninh,Tỉnh Tây Ninh,0.0,22,14,0.6363636363636364,1.0,"12 Đường Số 49, Ấp Trường Lưu, Phường Long Hoa, Tỉnh Tây Ninh, Việt Nam -> 466 Trần Văn Trà, P.Bình Minh, Tây Ninh, 80000, Vietnam",1,0.07142857142857142,12.0,False,17.57,REPEATED_CUSTOMER_DRIVER,KB-C_EXTREME_VOLUME,Driver-customer pair exceeds the 0.9999 trip-count threshold in the active 4-day window.,edge_weight_outlier
70281a712361e74f,700046f7c13a6946,14,0,54.65,217642.85714285713,3047000.0,335000.0,4,2026-07-17,xanh_premium,Tỉnh Hưng Yên,Tỉnh Hưng Yên,0.0,38,16,0.3684210526315789,0.875,"Thôn Vĩnh Bảo, Xã Nghĩa Trụ, Tỉnh Hưng Yên, Việt Nam -> Phường Cửa Nam, Thành phố Hà Nội, Việt Nam",3,0.21428571428571427,12.0,False,16.89,REPEATED_CUSTOMER_DRIVER,KB-C_EXTREME_VOLUME,Driver-customer pair exceeds the 0.9999 trip-count threshold in the active 4-day window.,edge_weight_outlier
70e5cd97bc349805,4aa68fd2cee72a5e,14,0,21.083333333333332,94071.42857142857,1317000.0,170000.0,4,2026-07-17,xanh_premium,Tỉnh Kiên Giang,Tỉnh Kiên Giang,0.0,28,14,0.5,1.0,"Đặc khu Phú Quốc, Tỉnh An Giang, Việt Nam -> 973 Đường Tỉnh 973, Đặc Khu Phú Quốc, An Giang, Việt Nam",2,0.14285714285714285,12.0,False,18.04,REPEATED_CUSTOMER_DRIVER,KB-C_EXTREME_VOLUME,Driver-customer pair exceeds the 0.9999 trip-count threshold in the active 4-day window.,edge_weight_outlier
7246ed9979c3be0f,b607e4dccf9c8af1,14,0,23.683333333333334,251142.85714285713,3516000.0,446000.0,4,2026-07-17,xanh_car,Tỉnh Nam Định,Tỉnh Nam Định,0.0,14,14,1.0,1.0,"Giao Thuỷ, Nam Định -> Xã Giao Bình, Tỉnh Ninh Bình, Việt Nam",2,0.14285714285714285,12.0,False,20.44,REPEATED_CUSTOMER_DRIVER,KB-C_EXTREME_VOLUME,Driver-customer pair exceeds the 0.9999 trip-count threshold in the active 4-day window.,edge_weight_outlier
74ae935c59d820e9,171dba3516e7a23e,14,0,10.233333333333333,176357.14285714287,2469000.0,129000.0,4,2026-07-17,xanh_car,Thành phố Hồ Chí Minh,Thành phố Hồ Chí Minh,0.0,23,14,0.6086956521739131,1.0,"1065 Quốc lộ 22, Xã Thái Mỹ, Thành phố Hồ Chí Minh, Việt Nam -> Phường An Khánh, Thành phố Hồ Chí Minh, Việt Nam",1,0.07142857142857142,12.0,False,18.88,REPEATED_CUSTOMER_DRIVER,KB-C_EXTREME_VOLUME,Driver-customer pair exceeds the 0.9999 trip-count threshold in the active 4-day window.,edge_weight_outlier
7877207ad71f7d47,fa5d0b9d336bab64,14,0,25.183333333333334,76071.42857142857,1065000.0,94000.0,3,2026-07-16,xanh_car_just_taxi,Tỉnh Quảng Trị,Tỉnh Quảng Trị,0.0,45,15,0.3111111111111111,0.9333333333333333,"Phường Nam Đông Hà, Tỉnh Quảng Trị, Việt Nam ->  Phường 5, Thành phố Đông Hà, Tỉnh Quảng Trị, Việt Nam",2,0.14285714285714285,12.0,False,16.61,REPEATED_CUSTOMER_DRIVER,KB-C_EXTREME_VOLUME,Driver-customer pair exceeds the 0.9999 trip-count threshold in the active 4-day window.,edge_weight_outlier
7a403746057a8050,470f33995a81bd52,14,0,30.85,126857.14285714286,1776000.0,127000.0,3,2026-07-17,xanh_premium,Thành phố Hà Nội,Thành phố Hà Nội,0.0,37,14,0.3783783783783784,1.0,"1A Đường Trần Hưng Đạo, Phường Hai Bà Trưng, Thành Phố Hà Nội, Việt Nam -> Phường Xuân Đỉnh, Thành Phố Hà Nội, Việt Nam",1,0.07142857142857142,12.0,False,16.42,REPEATED_CUSTOMER_DRIVER,KB-C_EXTREME_VOLUME,Driver-customer pair exceeds the 0.9999 trip-count threshold in the active 4-day window.,edge_weight_outlier
85e0d5f5e3088c80,622dbf5fa7910048,14,0,27.35,105071.42857142857,1471000.0,85000.0,3,2026-07-17,xanh_car,Tỉnh Ninh Thuận,Tỉnh Ninh Thuận,0.0,21,15,0.6666666666666666,0.9333333333333333,"Nguyễn Văn Cừ, Phường Ninh Chử, Khánh Hòa -> Ninh Phước, Ninh Thuận, Unnamed Road",2,0.14285714285714285,12.0,False,18.33,REPEATED_CUSTOMER_DRIVER,KB-C_EXTREME_VOLUME,Driver-customer pair exceeds the 0.9999 trip-count threshold in the active 4-day window.,edge_weight_outlier
88ee864f2e5d4be9,fcffe19dc7e0903f,14,0,12.95,129785.71428571429,1817000.0,153000.0,4,2026-07-17,xanh_car,Thành phố Đà Nẵng,Thành phố Đà Nẵng,0.0,42,18,0.3333333333333333,0.7777777777777778,"187 Đường Hoàng Diệu, Phường Hải Châu, Thành Phố Đà Nẵng, Việt Nam -> Xã Bà Nà, Thành phố Đà Nẵng, Việt Nam",1,0.07142857142857142,12.0,False,15.98,REPEATED_CUSTOMER_DRIVER,KB-C_EXTREME_VOLUME,Driver-customer pair exceeds the 0.9999 trip-count threshold in the active 4-day window.,edge_weight_outlier
92471df4e8a5af55,bcc46b23e1d5dc6e,14,0,29.283333333333335,23928.571428571428,335000.0,39000.0,4,2026-07-17,xanhsm_bike_hn,Tỉnh Quảng Ninh,Tỉnh Quảng Ninh,0.0,121,16,0.11570247933884298,0.875,"1 Bãi Cháy, Quảng Ninh 200000, Việt Nam -> Phường Hạ Long, Tỉnh Quảng Ninh, Việt Nam",1,0.07142857142857142,12.0,False,14.52,REPEATED_CUSTOMER_DRIVER,KB-C_EXTREME_VOLUME,Driver-customer pair exceeds the 0.9999 trip-count threshold in the active 4-day window.,edge_weight_outlier
94e1574bca1786db,1428d749f56b8aaf,14,0,13.1,99142.85714285714,1388000.0,198000.0,4,2026-07-17,xanh_premium,Tỉnh Hòa Bình,Tỉnh Hòa Bình,0.0,16,14,0.875,1.0,"Xã Lương Sơn, Tỉnh Phú Thọ, Việt Nam -> Khu Công Nghiệp Lương Sơn, Xã Lương Sơn, Tỉnh Phú Thọ, Việt Nam",2,0.14285714285714285,12.0,False,20.5,REPEATED_CUSTOMER_DRIVER,KB-C_EXTREME_VOLUME,Driver-customer pair exceeds the 0.9999 trip-count threshold in the active 4-day window.,edge_weight_outlier
9c93e0c8cc8a3817,2f16d5c12ed95d2f,14,0,3.2666666666666666,34071.42857142857,477000.0,0.0,4,2026-07-17,xanh_premium,Tỉnh Tây Ninh,Tỉnh Tây Ninh,0.0,17,14,0.8235294117647058,1.0,"Huyện Tân Châu, Tỉnh Tây Ninh -> Tây Ninh",4,0.2857142857142857,12.0,True,26.26,REPEATED_CUSTOMER_DRIVER,KB-C_EXTREME_VOLUME,Driver-customer pair exceeds the 0.9999 trip-count threshold in the active 4-day window.,edge_weight_outlier
9d279554ac73d54b,b1c807470a8f1f06,14,0,36.13333333333333,145857.14285714287,2042000.0,312000.0,4,2026-07-17,xanh_limo_6_cho,Thành phố Hồ Chí Minh,Thành phố Hồ Chí Minh,0.0,32,14,0.4375,1.0,"Xã Đông Thạnh, Thành phố Hồ Chí Minh, Việt Nam -> 42 Quốc lộ 22, Xã Củ Chi, Thành phố Hồ Chí Minh, Việt Nam",2,0.14285714285714285,12.0,False,17.34,REPEATED_CUSTOMER_DRIVER,KB-C_EXTREME_VOLUME,Driver-customer pair exceeds the 0.9999 trip-count threshold in the active 4-day window.,edge_weight_outlier
a3bc78d0f9997b0d,defa753be0dd7e90,14,0,24.433333333333334,97785.71428571429,1369000.0,65000.0,4,2026-07-17,gf_vip,Thành phố Hồ Chí Minh,Thành phố Hồ Chí Minh,0.0,38,15,0.3684210526315789,0.9333333333333333,"3 c, Phường Tân Mỹ, Thành phố Hồ Chí Minh -> Đường Số 18, Phường Tân Mỹ, Thành phố Hồ Chí Minh, Việt Nam",5,0.35714285714285715,12.0,False,19.07,REPEATED_CUSTOMER_DRIVER,KB-C_EXTREME_VOLUME,Driver-customer pair exceeds the 0.9999 trip-count threshold in the active 4-day window.,edge_weight_outlier
ae5c614e16775356,7c77afbc59fe37df,14,0,30.616666666666667,147642.85714285713,2067000.0,320000.0,4,2026-07-17,xanh_car,Tỉnh Quảng Ngãi,Tỉnh Quảng Ngãi,0.0,28,14,0.5,1.0,"26 Đường Lê Thánh Tôn, Phường Cẩm Thành, Tỉnh Quảng Ngãi, Việt Nam -> Quảng Ngãi",1,0.07142857142857142,12.0,False,17.03,REPEATED_CUSTOMER_DRIVER,KB-C_EXTREME_VOLUME,Driver-customer pair exceeds the 0.9999 trip-count threshold in the active 4-day window.,edge_weight_outlier
b62beeb5e4a0a91d,4d3597b64605c678,14,0,73.45,163500.0,2289000.0,361000.0,4,2026-07-17,xanh_premium,Tỉnh Thừa Thiên Huế,Tỉnh Thừa Thiên Huế,0.0,19,14,0.7368421052631579,1.0,"Đường Phú Thứ, Xã Phú Vang, Thành Phố Huế, Việt Nam -> Phường Thuận Hóa, Thành Phố Huế, Việt Nam",3,0.21428571428571427,12.0,False,19.27,REPEATED_CUSTOMER_DRIVER,KB-C_EXTREME_VOLUME,Driver-customer pair exceeds the 0.9999 trip-count threshold in the active 4-day window.,edge_weight_outlier
b665094884f2a28c,72ad6ba462e34682,14,0,24.533333333333335,103285.71428571429,1446000.0,309000.0,4,2026-07-17,xanh_car,Tỉnh Thanh Hóa,Tỉnh Thanh Hóa,0.0,28,14,0.5,1.0,"Phố Sơn, Phường Đông Tiến, Tỉnh Thanh Hóa, Việt Nam -> Đông Tiến, Thanh Hóa, Việt Nam",2,0.14285714285714285,12.0,False,17.91,REPEATED_CUSTOMER_DRIVER,KB-C_EXTREME_VOLUME,Driver-customer pair exceeds the 0.9999 trip-count threshold in the active 4-day window.,edge_weight_outlier
bf0b8c4d80fb13cd,e1c4ddd1b890a9e0,14,0,51.38333333333333,176142.85714285713,2466000.0,284000.0,4,2026-07-17,xanh_premium,Thành phố Hà Nội,Thành phố Hà Nội,0.0,24,14,0.5833333333333334,1.0,"1E Đường Trường Chinh, Phường Tương Mai, Thành Phố Hà Nội, Việt Nam -> Thành phố Hà Nội",1,0.07142857142857142,12.0,False,17.19,REPEATED_CUSTOMER_DRIVER,KB-C_EXTREME_VOLUME,Driver-customer pair exceeds the 0.9999 trip-count threshold in the active 4-day window.,edge_weight_outlier
d3d8cc4808d1022f,0ddb389c94199b12,14,0,27.916666666666668,76428.57142857143,1070000.0,149000.0,3,2026-07-17,xanh_premium,Thành phố Đà Nẵng,Thành phố Đà Nẵng,0.0,43,14,0.32558139534883723,1.0,"124 Đường Hải Phòng, Phường Hải Châu, Thành phố Đà Nẵng, Việt Nam -> Đường Hồ Nghinh, Phường An Hải, Thành phố Đà Nẵng, Việt Nam",1,0.07142857142857142,12.0,False,16.23,REPEATED_CUSTOMER_DRIVER,KB-C_EXTREME_VOLUME,Driver-customer pair exceeds the 0.9999 trip-count threshold in the active 4-day window.,edge_weight_outlier
edf7f1a828aeb981,87dfff6954c65654,14,0,39.86666666666667,261214.2857142857,3657000.0,438000.0,4,2026-07-17,xanh_premium,Tỉnh Đồng Nai,Tỉnh Đồng Nai,0.0,22,14,0.6363636363636364,1.0,"1, Phường Long Bình, Đồng Nai -> Khu 3, Ấp Hưng Hiệp, Xã Dầu Giây, Tỉnh Đồng Nai, Việt Nam",1,0.07142857142857142,12.0,False,17.56,REPEATED_CUSTOMER_DRIVER,KB-C_EXTREME_VOLUME,Driver-customer pair exceeds the 0.9999 trip-count threshold in the active 4-day window.,edge_weight_outlier
f6c059af13c1d7e4,96478e6eeee55e48,14,0,31.616666666666667,228214.2857142857,3195000.0,527000.0,4,2026-07-17,xanh_car,Thành phố Hồ Chí Minh,Thành phố Hồ Chí Minh,0.0,15,14,0.9333333333333333,1.0,"141 Đường Nguyễn Hữu Trí, Xã Tân Nhựt, Thành phố Hồ Chí Minh, Việt Nam -> 141-143 Đường Pasteur, Phường Xuân Hòa, Thành phố Hồ Chí Minh",1,0.07142857142857142,12.0,False,19.18,REPEATED_CUSTOMER_DRIVER,KB-C_EXTREME_VOLUME,Driver-customer pair exceeds the 0.9999 trip-count threshold in the active 4-day window.,edge_weight_outlier
fe9c614486853538,cc4d8d00abbdde42,14,0,22.033333333333335,130285.71428571429,1824000.0,153000.0,4,2026-07-17,xanh_car,Thành phố Hồ Chí Minh,Thành phố Hồ Chí Minh,0.0,20,14,0.7,1.0,"Xã An Nhơn Tây, Thành phố Hồ Chí Minh, Việt Nam -> Xã An Nhơn Tây, Thành phố Hồ Chí Minh, Việt Nam",5,0.35714285714285715,12.0,False,21.15,REPEATED_CUSTOMER_DRIVER,KB-C_EXTREME_VOLUME,Driver-customer pair exceeds the 0.9999 trip-count threshold in the active 4-day window.,edge_weight_outlier
62147df766261018,dfe52136c9ce4617,13,10,89.96666666666667,171576.92307692306,2230500.0,156000.0,4,2026-07-17,xanh_premium,Tỉnh Thái Nguyên,Tỉnh Thái Nguyên,0.7692307692307693,22,13,0.5909090909090909,1.0,"Thái Nguyên -> Cửa Hàng Quần Áo Bảo Trân, Phường Vạn Xuân, Tỉnh Thái Nguyên, Việt Nam",3,0.23076923076923078,12.0,True,43.07,REPEATED_CUSTOMER_DRIVER,KB-C_EXTREME_VOLUME,Driver-customer pair exceeds the 0.9999 trip-count threshold in the active 4-day window.,edge_weight_outlier
a44961db886bba15,6776db9fdc2b706c,13,10,35.35,93461.53846153847,1215000.0,91000.0,4,2026-07-17,xanh_premium,Tỉnh Quảng Ngãi,Tỉnh Quảng Ngãi,0.7692307692307693,28,32,0.4642857142857143,0.40625,"1 Nguyễn Văn Linh Quảng Ngãi -> Phường Nghĩa Lộ, Tỉnh Quảng Ngãi, Việt Nam",4,0.3076923076923077,12.0,True,40.58,REPEATED_CUSTOMER_DRIVER,KB-C_EXTREME_VOLUME,Driver-customer pair exceeds the 0.9999 trip-count threshold in the active 4-day window.,edge_weight_outlier
3fef01f339580995,918287a41b752cae,13,8,28.4,174615.38461538462,2270000.0,282000.0,3,2026-07-17,xanh_limo_6_cho,Thành phố Đà Nẵng,Thành phố Đà Nẵng,0.6153846153846154,25,13,0.52,1.0,"19 Đường Trường Sa, Phường Ngũ Hành Sơn, Thành phố Đà Nẵng, Việt Nam -> Phường Hải Châu, Thành phố Đà Nẵng, Việt Nam",1,0.07692307692307693,12.0,True,41.66,REPEATED_CUSTOMER_DRIVER,KB-C_EXTREME_VOLUME,Driver-customer pair exceeds the 0.9999 trip-count threshold in the active 4-day window.,edge_weight_outlier
88f273294e0f8aac,af27cb60984cf34a,13,8,1.55,46461.53846153846,604000.0,0.0,4,2026-07-17,xanh_car,Tỉnh Bà Rịa - Vũng Tàu,Tỉnh Bà Rịa - Vũng Tàu,0.6153846153846154,23,13,0.5652173913043478,1.0,"Xã Phước Hải, Thành Phố Hồ Chí Minh, Việt Nam -> ĐT 44A, Xã Phước Hải, Thành Phố Hồ Chí Minh, Việt Nam",3,0.23076923076923078,12.0,True,55.62,REPEATED_CUSTOMER_DRIVER,KB-C_EXTREME_VOLUME,Driver-customer pair exceeds the 0.9999 trip-count threshold in the active 4-day window.,edge_weight_outlier
b6b7363ef981f1ad,17ad35f156c90372,13,8,19.2,162615.38461538462,2114000.0,302000.0,4,2026-07-17,xanh_premium,Tỉnh Thanh Hóa,Tỉnh Thanh Hóa,0.6153846153846154,31,13,0.41935483870967744,1.0,"206 Đường Văn Tiến Dũng, Phường Tào Xuyên, Thành phố Thanh Hóa, Tỉnh Thanh Hóa, Việt Nam -> Hà Trung, Thanh Hóa",1,0.07692307692307693,12.0,True,41.49,REPEATED_CUSTOMER_DRIVER,KB-C_EXTREME_VOLUME,Driver-customer pair exceeds the 0.9999 trip-count threshold in the active 4-day window.,edge_weight_outlier
760fba8856026e48,278434230a67d603,13,6,47.666666666666664,39076.92307692308,508000.0,0.0,4,2026-07-17,xanh_car,Tỉnh Ninh Bình,Tỉnh Ninh Bình,0.46153846153846156,27,13,0.48148148148148145,1.0,"Phường Hoa Lư, Tỉnh Ninh Bình, Việt Nam -> Phường Hoa Lư, Tỉnh Ninh Bình, Việt Nam",2,0.15384615384615385,12.0,True,36.18,REPEATED_CUSTOMER_DRIVER,KB-C_EXTREME_VOLUME,Driver-customer pair exceeds the 0.9999 trip-count threshold in the active 4-day window.,edge_weight_outlier
2ff877bcf6cc0493,faa480c51adf21e6,13,3,33.53333333333333,252153.84615384616,3278000.0,501000.0,4,2026-07-17,xanh_premium,Tỉnh Bình Phước,Tỉnh Bình Phước,0.23076923076923078,16,13,0.8125,1.0,"thôn Bù Ka, Xã Long Hà, Tỉnh Đồng Nai, Việt Nam -> Tỉnh lộ 741, Xã Phú Riềng, Tỉnh Đồng Nai, Việt Nam",3,0.23076923076923078,12.0,False,29.17,REPEATED_CUSTOMER_DRIVER,KB-C_EXTREME_VOLUME,Driver-customer pair exceeds the 0.9999 trip-count threshold in the active 4-day window.,edge_weight_outlier
7744f7b09b8c6c83,cab656a42ea501dd,13,3,60.13333333333333,196769.23076923078,2558000.0,122000.0,4,2026-07-17,xanh_car,Tỉnh Thái Nguyên,Tỉnh Thái Nguyên,0.23076923076923078,38,13,0.34210526315789475,1.0,"559 Đường Lương Ngọc Quyến, Phường Phan Đình Phùng, Tỉnh Thái Nguyên, Việt Nam -> Dương Tự Minh, Hoàng Văn Thụ, Thái Nguyên",1,0.07692307692307693,12.0,False,25.01,REPEATED_CUSTOMER_DRIVER,KB-C_EXTREME_VOLUME,Driver-customer pair exceeds the 0.9999 trip-count threshold in the active 4-day window.,edge_weight_outlier
0e56ba378bbb749c,7584634790b732da,13,2,52.266666666666666,99076.92307692308,1288000.0,160000.0,4,2026-07-17,xanh_car,Tỉnh Bà Rịa - Vũng Tàu,Tỉnh Bà Rịa - Vũng Tàu,0.15384615384615385,28,14,0.4642857142857143,0.9285714285714286,"Hương Lộ 8, Phường Tam Long, Thành phố Hồ Chí Minh, Việt Nam -> Đường Lê Thành Duy, Phường Bà Rịa, Thành phố Hồ Chí Minh, Việt Nam",1,0.07692307692307693,12.0,False,22.11,REPEATED_CUSTOMER_DRIVER,KB-C_EXTREME_VOLUME,Driver-customer pair exceeds the 0.9999 trip-count threshold in the active 4-day window.,edge_weight_outlier
1e0566761eec135a,1ef5a1410e4342a5,13,2,12.4,112461.53846153847,1462000.0,0.0,4,2026-07-17,xanh_car,Tỉnh Phú Thọ,Tỉnh Phú Thọ,0.15384615384615385,27,16,0.48148148148148145,0.8125,"368 Đường Nguyễn Tất Thành, Phường Việt Trì, Tỉnh Phú Thọ, Việt Nam -> Xã Hy Cương, Phú Thọ",1,0.07692307692307693,12.0,False,22.85,REPEATED_CUSTOMER_DRIVER,KB-C_EXTREME_VOLUME,Driver-customer pair exceeds the 0.9999 trip-count threshold in the active 4-day window.,edge_weight_outlier
36b20da0bf12140d,7caed88907e680f7,13,2,38.333333333333336,109923.07692307692,1429000.0,336000.0,4,2026-07-17,xanh_premium,Thành phố Hồ Chí Minh,Thành phố Hồ Chí Minh,0.15384615384615385,47,13,0.2765957446808511,1.0,"Phường Tân Bình, Thành phố Hồ Chí Minh, Việt Nam -> Phường Sài Gòn, Thành phố Hồ Chí Minh, Việt Nam",2,0.15384615384615385,12.0,False,22.44,REPEATED_CUSTOMER_DRIVER,KB-C_EXTREME_VOLUME,Driver-customer pair exceeds the 0.9999 trip-count threshold in the active 4-day window.,edge_weight_outlier
747da198be138501,5e74b6197579dd50,13,2,3.75,33538.46153846154,436000.0,0.0,4,2026-07-17,xanh_car,Tỉnh Phú Thọ,Tỉnh Phú Thọ,0.15384615384615385,42,13,0.30952380952380953,1.0,"Phường Việt Trì, Tỉnh Phú Thọ, Việt Nam -> location_address_display (0.000000, 0.000000)",2,0.15384615384615385,12.0,True,27.41,REPEATED_CUSTOMER_DRIVER,KB-C_EXTREME_VOLUME,Driver-customer pair exceeds the 0.9999 trip-count threshold in the active 4-day window.,edge_weight_outlier
9e8516b7f55e7e18,5b150a11b600587a,13,2,25.683333333333334,250153.84615384616,3252000.0,302000.0,4,2026-07-17,xanh_premium,Tỉnh Nam Định,Tỉnh Nam Định,0.15384615384615385,19,13,0.6842105263157895,1.0,"Ninh Bình -> Xã Hải Hưng, Tỉnh Ninh Bình, Việt Nam",2,0.15384615384615385,12.0,False,24.73,REPEATED_CUSTOMER_DRIVER,KB-C_EXTREME_VOLUME,Driver-customer pair exceeds the 0.9999 trip-count threshold in the active 4-day window.,edge_weight_outlier
a64ac2a9b008df42,bd794c40ab8c1d92,13,2,1.1166666666666667,273807.6923076923,3559500.0,108000.0,4,2026-07-17,xanh_car,Tỉnh Long An,Tỉnh Long An,0.15384615384615385,20,14,0.65,0.9285714285714286,"106A Đường Trần Phong Sắc, Phường Long An, Tỉnh Tây Ninh, Việt Nam -> Xã Tân Tây, Tỉnh Tây Ninh, Việt Nam",1,0.07692307692307693,12.0,True,40.57,REPEATED_CUSTOMER_DRIVER,KB-C_EXTREME_VOLUME,Driver-customer pair exceeds the 0.9999 trip-count threshold in the active 4-day window.,edge_weight_outlier
c32a443c0ff7531a,0c9cbaaedde7e6cb,13,2,2.2333333333333334,36000.0,468000.0,73000.0,2,2026-07-15,xanh_premium,Thành phố Hồ Chí Minh,Thành phố Hồ Chí Minh,0.15384615384615385,33,13,0.3939393939393939,1.0,"Phường Bình Trị Đông, Thành Phố Hồ Chí Minh, Việt Nam -> Đường Mã Lò, Phường Bình Trị Đông, Thành Phố Hồ Chí Minh, Việt Nam",2,0.15384615384615385,12.0,True,31.46,REPEATED_CUSTOMER_DRIVER,KB-C_EXTREME_VOLUME,Driver-customer pair exceeds the 0.9999 trip-count threshold in the active 4-day window.,edge_weight_outlier
ce1268dca72a8396,d2535ba2684bcf53,13,2,41.11666666666667,193923.07692307694,2521000.0,285000.0,4,2026-07-17,xanh_premium,Tỉnh Ninh Thuận,Tỉnh Ninh Thuận,0.15384615384615385,22,16,0.5909090909090909,0.8125,"An Hải, Ninh Phước, Ninh Thuận -> Xã Thuận Nam, Tỉnh Khánh Hòa, Việt Nam",1,0.07692307692307693,12.0,False,22.27,REPEATED_CUSTOMER_DRIVER,KB-C_EXTREME_VOLUME,Driver-customer pair exceeds the 0.9999 trip-count threshold in the active 4-day window.,edge_weight_outlier
02b9af5b08ae298d,13da7424f485b69f,13,1,31.816666666666666,99000.0,1287000.0,128000.0,4,2026-07-17,xanh_car,Tỉnh Thái Nguyên,Tỉnh Thái Nguyên,0.07692307692307693,21,16,0.6190476190476191,0.8125,"PG2-12B Vincom Shophouse, Phường Phan Đình Phùng, Tỉnh Thái Nguyên, Việt Nam -> Phường Quan Triều, Tỉnh Thái Nguyên, Việt Nam",5,0.38461538461538464,12.0,False,22.42,REPEATED_CUSTOMER_DRIVER,KB-C_EXTREME_VOLUME,Driver-customer pair exceeds the 0.9999 trip-count threshold in the active 4-day window.,edge_weight_outlier
0d79a4f4fbedf715,4c7068797ba31214,13,1,36.0,296923.07692307694,3860000.0,242000.0,4,2026-07-17,xanh_car,Tỉnh Quảng Trị,Tỉnh Quảng Trị,0.07692307692307693,21,15,0.6190476190476191,0.8666666666666667,Quảng Trị -> Quảng Trị,2,0.15384615384615385,12.0,False,20.31,REPEATED_CUSTOMER_DRIVER,KB-C_EXTREME_VOLUME,Driver-customer pair exceeds the 0.9999 trip-count threshold in the active 4-day window.,edge_weight_outlier
1b692a7215a8839a,9d0f9d69142010ba,13,1,32.46666666666667,125307.69230769231,1629000.0,221000.0,4,2026-07-17,xanh_car,Tỉnh Bà Rịa - Vũng Tàu,Tỉnh Bà Rịa - Vũng Tàu,0.07692307692307693,17,13,0.7647058823529411,1.0,"61 Đường Số 6, Thôn Trung Sơn, Xã Ngãi Giao, Thành phố Hồ Chí Minh, Việt Nam -> Thành phố Hồ Chí Minh",1,0.07692307692307693,12.0,False,21.0,REPEATED_CUSTOMER_DRIVER,KB-C_EXTREME_VOLUME,Driver-customer pair exceeds the 0.9999 trip-count threshold in the active 4-day window.,edge_weight_outlier
25b83bc3af3840ed,2c4213e3e18ab56f,13,1,40.06666666666667,142769.23076923078,1856000.0,166000.0,4,2026-07-17,xanh_premium,Tỉnh Trà Vinh,Tỉnh Trà Vinh,0.07692307692307693,23,14,0.5652173913043478,0.9285714285714286,"126 Đường Nguyễn Thiện Thành, Phường Hoà Thuận, Tỉnh Vĩnh Long, Việt Nam -> Phường Nguyệt Hoá, Tỉnh Vĩnh Long, Việt Nam",1,0.07692307692307693,12.0,False,19.53,REPEATED_CUSTOMER_DRIVER,KB-C_EXTREME_VOLUME,Driver-customer pair exceeds the 0.9999 trip-count threshold in the active 4-day window.,edge_weight_outlier
54341bb4da924bd3,feffdcc22e93d3e0,13,1,55.166666666666664,356000.0,4628000.0,513000.0,4,2026-07-17,xanh_limo_6_cho,Tỉnh Kiên Giang,Tỉnh Kiên Giang,0.07692307692307693,15,13,0.8666666666666667,1.0,"Đặc khu Phú Quốc, Tỉnh An Giang, Việt Nam -> Đặc khu Phú Quốc, Tỉnh An Giang, Việt Nam",2,0.15384615384615385,12.0,False,22.02,REPEATED_CUSTOMER_DRIVER,KB-C_EXTREME_VOLUME,Driver-customer pair exceeds the 0.9999 trip-count threshold in the active 4-day window.,edge_weight_outlier
6aa4fdcbd909ccdb,a1fee4a1907e15d3,13,1,18.783333333333335,366692.3076923077,4767000.0,422000.0,4,2026-07-17,xanh_premium,Tỉnh Tây Ninh,Tỉnh Tây Ninh,0.07692307692307693,13,13,1.0,1.0,"Xã Cầu Khởi, Tỉnh Tây Ninh, Việt Nam -> Đường Tỉnh 784, Ấp Khởi Hà, Xã Cầu Khởi, Tỉnh Tây Ninh, Việt Nam",2,0.15384615384615385,12.0,False,23.39,REPEATED_CUSTOMER_DRIVER,KB-C_EXTREME_VOLUME,Driver-customer pair exceeds the 0.9999 trip-count threshold in the active 4-day window.,edge_weight_outlier
73021c54dda571ae,4494ed26c3a163e5,13,1,39.333333333333336,276615.3846153846,3596000.0,229000.0,4,2026-07-17,xanh_premium,Tỉnh Bà Rịa - Vũng Tàu,Tỉnh Bà Rịa - Vũng Tàu,0.07692307692307693,14,13,0.9285714285714286,1.0,"Thành phố Hồ Chí Minh -> Đường Số 1, Xã Ngãi Giao, Thành phố Hồ Chí Minh, Việt Nam",2,0.15384615384615385,12.0,False,22.48,REPEATED_CUSTOMER_DRIVER,KB-C_EXTREME_VOLUME,Driver-customer pair exceeds the 0.9999 trip-count threshold in the active 4-day window.,edge_weight_outlier
788fa2c5b7057b0d,6e3f5d30d6626726,13,1,26.15,183461.53846153847,2385000.0,245000.0,4,2026-07-17,xanh_premium,Tỉnh Hà Nam,Tỉnh Hà Nam,0.07692307692307693,19,13,0.6842105263157895,1.0,"GX39+CRX, Xã Liêm Hà, Tỉnh Ninh Bình, Việt Nam -> Tổ Dân Phố 3, Phường Lý Thường Kiệt, Ninh Bình, VNM",2,0.15384615384615385,12.0,False,21.51,REPEATED_CUSTOMER_DRIVER,KB-C_EXTREME_VOLUME,Driver-customer pair exceeds the 0.9999 trip-count threshold in the active 4-day window.,edge_weight_outlier
7bf728b265bbf1bc,bcd730a51263e1de,13,1,20.05,161923.07692307694,2105000.0,232000.0,4,2026-07-17,xanh_premium,Tỉnh Bến Tre,Tỉnh Bến Tre,0.07692307692307693,36,13,0.3611111111111111,1.0,"109 Đường Đoàn Hoàng Minh, Phường An Hội, Tỉnh Vĩnh Long, Việt Nam -> 194A Đường Trương Định, Phường Sơn Đông, Tỉnh Vĩnh Long, Việt Nam",1,0.07692307692307693,12.0,False,19.36,REPEATED_CUSTOMER_DRIVER,KB-C_EXTREME_VOLUME,Driver-customer pair exceeds the 0.9999 trip-count threshold in the active 4-day window.,edge_weight_outlier
82bc2e1e98256a4b,975078a2184a4ca8,13,1,12.0,259384.61538461538,3372000.0,0.0,4,2026-07-17,xanh_car,Tỉnh Đồng Nai,Tỉnh Đồng Nai,0.07692307692307693,15,13,0.8666666666666667,1.0,"A1-9&10, Xã Long Thành, Tỉnh Đồng Nai, Việt Nam -> Đồng Nai",1,0.07692307692307693,12.0,False,22.56,REPEATED_CUSTOMER_DRIVER,KB-C_EXTREME_VOLUME,Driver-customer pair exceeds the 0.9999 trip-count threshold in the active 4-day window.,edge_weight_outlier
8836914060d6101f,afb6758206bca047,13,1,56.71666666666667,111615.38461538461,1451000.0,273000.0,4,2026-07-17,xanh_car,Tỉnh Nam Định,Tỉnh Nam Định,0.07692307692307693,26,15,0.5,0.8666666666666667,"Ninh Bình -> Quốc lộ 21, Xã Hải Hậu, Tỉnh Ninh Bình, Việt Nam",2,0.15384615384615385,12.0,False,19.51,REPEATED_CUSTOMER_DRIVER,KB-C_EXTREME_VOLUME,Driver-customer pair exceeds the 0.9999 trip-count threshold in the active 4-day window.,edge_weight_outlier
8b921df287615105,3d038183f1c2191f,13,1,14.35,176307.6923076923,2292000.0,183000.0,4,2026-07-17,xanh_car,Thành phố Hồ Chí Minh,Thành phố Hồ Chí Minh,0.07692307692307693,27,13,0.48148148148148145,1.0,"Xã Nhuận Đức, Thành phố Hồ Chí Minh, Việt Nam -> Xã An Nhơn Tây, Thành phố Hồ Chí Minh, Việt Nam",2,0.15384615384615385,12.0,False,21.13,REPEATED_CUSTOMER_DRIVER,KB-C_EXTREME_VOLUME,Driver-customer pair exceeds the 0.9999 trip-count threshold in the active 4-day window.,edge_weight_outlier
a021baca9e0218b4,62cbd875b6933599,13,1,65.28333333333333,364076.92307692306,4733000.0,227000.0,4,2026-07-17,xanh_car,Tỉnh Tây Ninh,Tỉnh Tây Ninh,0.07692307692307693,24,14,0.5416666666666666,0.9285714285714286,"Street Xc1, Phường Mỹ Phước, Thị xã Bến Cát, Tỉnh Bình Dương -> Khu công nghiệp Thành Thành Công, Phường Trảng Bàng, Tỉnh Tây Ninh, Việt Nam",3,0.23076923076923078,12.0,False,20.75,REPEATED_CUSTOMER_DRIVER,KB-C_EXTREME_VOLUME,Driver-customer pair exceeds the 0.9999 trip-count threshold in the active 4-day window.,edge_weight_outlier
be57c93f4bed0043,3646fda77050c2a8,13,1,37.93333333333333,121153.84615384616,1575000.0,0.0,4,2026-07-17,xanh_car_just_taxi,Tỉnh Tuyên Quang,Tỉnh Tuyên Quang,0.07692307692307693,26,13,0.5,1.0,"Huyện Yên Sơn, Tỉnh Tuyên Quang -> location_address_display (0.000000, 0.000000)",2,0.15384615384615385,12.0,False,20.35,REPEATED_CUSTOMER_DRIVER,KB-C_EXTREME_VOLUME,Driver-customer pair exceeds the 0.9999 trip-count threshold in the active 4-day window.,edge_weight_outlier
c37a94b61c04d59b,625d5f1ea2d69122,13,1,2.8666666666666667,95153.84615384616,1237000.0,33000.0,4,2026-07-17,xanhsm_bike_sg,Thành phố Hồ Chí Minh,Thành phố Hồ Chí Minh,0.07692307692307693,37,13,0.35135135135135137,1.0,"Phường Long Bình, Thành Phố Hồ Chí Minh, Việt Nam -> 405 Hoàng Diệu, Phường Vĩnh Hội, Thành phố Hồ Chí Minh",2,0.15384615384615385,12.0,True,26.06,REPEATED_CUSTOMER_DRIVER,KB-C_EXTREME_VOLUME,Driver-customer pair exceeds the 0.9999 trip-count threshold in the active 4-day window.,edge_weight_outlier
dd7b4c6f874e409f,64bd9602c77acb9d,13,1,25.533333333333335,119307.69230769231,1551000.0,165000.0,3,2026-07-17,xanh_car,Thành phố Hà Nội,Thành phố Hà Nội,0.07692307692307693,26,13,0.5,1.0,"216 Đường Trần Duy Hưng, Phường Yên Hòa, Thành Phố Hà Nội, Việt Nam -> Quốc Oai, Hà Nội",1,0.07692307692307693,12.0,False,19.84,REPEATED_CUSTOMER_DRIVER,KB-C_EXTREME_VOLUME,Driver-customer pair exceeds the 0.9999 trip-count threshold in the active 4-day window.,edge_weight_outlier
e5ea6ec16b25e5b1,1978e4c0cbb0bbb1,13,1,27.333333333333332,100076.92307692308,1301000.0,140000.0,4,2026-07-17,xanh_car,Tỉnh Khánh Hòa,Tỉnh Khánh Hòa,0.07692307692307693,35,13,0.37142857142857144,1.0,"Đường Trần Phú, Phường Nha Trang, Tỉnh Khánh Hòa, Việt Nam -> Đường Trần Phú, Phường Nha Trang, Tỉnh Khánh Hòa, Việt Nam",6,0.46153846153846156,12.0,False,22.99,REPEATED_CUSTOMER_DRIVER,KB-C_EXTREME_VOLUME,Driver-customer pair exceeds the 0.9999 trip-count threshold in the active 4-day window.,edge_weight_outlier
09a6686e435a0903,1009378fed7401c3,13,0,52.333333333333336,202692.3076923077,2635000.0,87000.0,3,2026-07-17,xanh_car,Tỉnh Bình Phước,Tỉnh Bình Phước,0.0,35,13,0.37142857142857144,1.0,"Phường Bình Long, Tỉnh Đồng Nai, Việt Nam -> Đồng Nai",2,0.15384615384615385,12.0,False,16.36,REPEATED_CUSTOMER_DRIVER,KB-C_EXTREME_VOLUME,Driver-customer pair exceeds the 0.9999 trip-count threshold in the active 4-day window.,edge_weight_outlier
0ac6449cb211d42d,3ca4869036a5f5c2,13,0,50.0,146884.61538461538,1909500.0,137000.0,4,2026-07-17,xanh_car,Tỉnh Bình Phước,Tỉnh Bình Phước,0.0,48,13,0.2708333333333333,1.0,"Phường Đồng Xoài, Tỉnh Đồng Nai, Việt Nam -> Quốc lộ 14, Xã Nha Bích, Tỉnh Đồng Nai, Việt Nam",2,0.15384615384615385,12.0,False,15.88,REPEATED_CUSTOMER_DRIVER,KB-C_EXTREME_VOLUME,Driver-customer pair exceeds the 0.9999 trip-count threshold in the active 4-day window.,edge_weight_outlier
133c99f260d02ce2,af65f21a3e07e0ae,13,0,73.1,168923.07692307694,2196000.0,210000.0,4,2026-07-17,xanh_car,Tỉnh Đồng Nai,Tỉnh Đồng Nai,0.0,15,13,0.8666666666666667,1.0,"Tổ 3, Ấp Suối Quýt, Xã Xuân Tỉnh Đồng Nai, Việt Nam -> Xã Xuân Tỉnh Đồng Nai, Việt Nam",3,0.23076923076923078,12.0,False,19.5,REPEATED_CUSTOMER_DRIVER,KB-C_EXTREME_VOLUME,Driver-customer pair exceeds the 0.9999 trip-count threshold in the active 4-day window.,edge_weight_outlier
1ab48984de24c900,28f7da65f2b6cee1,13,0,32.53333333333333,102384.61538461539,1331000.0,99000.0,4,2026-07-17,xanh_premium,Tỉnh Quảng Ngãi,Tỉnh Quảng Ngãi,0.0,27,13,0.48148148148148145,1.0,"Khu dân cư Số 3, Thôn Khánh Bắc, Phường Đức Phổ, Tỉnh Quảng Ngãi, Việt Nam -> Thôn Vùng 5, Phường Trà Câu, Tỉnh Quảng Ngãi, Việt Nam",1,0.07692307692307693,12.0,False,16.37,REPEATED_CUSTOMER_DRIVER,KB-C_EXTREME_VOLUME,Driver-customer pair exceeds the 0.9999 trip-count threshold in the active 4-day window.,edge_weight_outlier
1b66db2e069a4cb3,d75bf9a3e40ce8c0,13,0,15.9,100230.76923076923,1303000.0,154000.0,4,2026-07-17,xanh_premium,Thành phố Hà Nội,Thành phố Hà Nội,0.0,37,13,0.35135135135135137,1.0,"21 Đường Lê Văn Lương, Phường Thanh Xuân, Thành Phố Hà Nội, Việt Nam -> 35 Đường Phủ Doãn, Phường Hoàn Kiếm, Thành Phố Hà Nội, Việt Nam",1,0.07692307692307693,12.0,False,16.37,REPEATED_CUSTOMER_DRIVER,KB-C_EXTREME_VOLUME,Driver-customer pair exceeds the 0.9999 trip-count threshold in the active 4-day window.,edge_weight_outlier
1d3ede76159ef00d,f765719bae4e5667,13,0,24.933333333333334,145076.92307692306,1886000.0,0.0,3,2026-07-17,xanh_car_just_taxi,Tỉnh Phú Thọ,Tỉnh Phú Thọ,0.0,30,13,0.43333333333333335,1.0,"Xã Lâm Thao, Tỉnh Phú Thọ, Việt Nam -> location_address_display (0.000000, 0.000000)",2,0.15384615384615385,12.0,False,17.09,REPEATED_CUSTOMER_DRIVER,KB-C_EXTREME_VOLUME,Driver-customer pair exceeds the 0.9999 trip-count threshold in the active 4-day window.,edge_weight_outlier
1e8d77c40a7df795,da329b09b7e3f33d,13,0,42.13333333333333,167846.15384615384,2182000.0,27000.0,4,2026-07-17,xanh_car,Thành phố Hà Nội,Thành phố Hà Nội,0.0,27,14,0.48148148148148145,0.9285714285714286,"16 Ngách 101 Ngõ 16 ĐồngTrúc - Ngọc Liệp 16 Ngách 101 Ngõ 16 Đồng Trúc-Ngọc Liệp, X.Đồng Trúc, H.Thạch Thất, Hà Nội, 10000, Vietnam -> Nhà Hàng Khánh Gà, XJPP+M7V, Đường Bắc Nam, Thạch Thán, Quốc Oai, Thành phố Hà Nội, Việt Nam",1,0.07692307692307693,12.0,False,15.88,REPEATED_CUSTOMER_DRIVER,KB-C_EXTREME_VOLUME,Driver-customer pair exceeds the 0.9999 trip-count threshold in the active 4-day window.,edge_weight_outlier
1f004ffbd5a25273,a39463acc98eb34c,13,0,19.316666666666666,65038.46153846154,845500.0,82000.0,4,2026-07-17,xanh_car,Tỉnh Quảng Ninh,Tỉnh Quảng Ninh,0.0,59,14,0.22033898305084745,0.9285714285714286,"Đường Hạ Long, Phường Việt Hưng, Tỉnh Quảng Ninh, Việt Nam -> Phường Bãi Cháy, Tỉnh Quảng Ninh, Việt Nam",2,0.15384615384615385,12.0,False,15.9,REPEATED_CUSTOMER_DRIVER,KB-C_EXTREME_VOLUME,Driver-customer pair exceeds the 0.9999 trip-count threshold in the active 4-day window.,edge_weight_outlier
20ef7181f92be9fa,601a8476e7ce630b,13,0,57.233333333333334,218307.6923076923,2838000.0,243000.0,4,2026-07-17,xanh_car,Tỉnh Thừa Thiên Huế,Tỉnh Thừa Thiên Huế,0.0,26,13,0.5,1.0,"CR47+PJ4, Vinh An, Phú Vang, Thành phố Huế, Việt Nam -> Phú Vang, Thừa Thiên Huế, Việt Nam",1,0.07692307692307693,12.0,False,16.2,REPEATED_CUSTOMER_DRIVER,KB-C_EXTREME_VOLUME,Driver-customer pair exceeds the 0.9999 trip-count threshold in the active 4-day window.,edge_weight_outlier
27b0826b5656a305,df6ab4255c5f0f2c,13,0,12.95,230353.84615384616,2994600.0,181000.0,3,2026-07-17,xanh_premium,Tỉnh Thái Bình,Tỉnh Thái Bình,0.0,18,14,0.7222222222222222,0.9285714285714286,"53 Đường Trần Thái Tông, Phường Thái Bình, Tỉnh Hưng Yên, Việt Nam -> Phường Trà Lý, Tỉnh Hưng Yên, Việt Nam",1,0.07692307692307693,12.0,False,18.15,REPEATED_CUSTOMER_DRIVER,KB-C_EXTREME_VOLUME,Driver-customer pair exceeds the 0.9999 trip-count threshold in the active 4-day window.,edge_weight_outlier
2904b02904e9300b,ca328f4443fc792d,13,0,13.666666666666666,84846.15384615384,1103000.0,8000.0,3,2026-07-17,xanh_car,Thành phố Hà Nội,Thành phố Hà Nội,0.0,21,13,0.6190476190476191,1.0,"Phường Sơn Tây, Thành phố Hà Nội, Việt Nam -> Thôn Đồng Đổi-Yên Mỹ, Phường Sơn Tây, Thành Phố Hà Nội, Việt Nam",3,0.23076923076923078,12.0,False,19.45,REPEATED_CUSTOMER_DRIVER,KB-C_EXTREME_VOLUME,Driver-customer pair exceeds the 0.9999 trip-count threshold in the active 4-day window.,edge_weight_outlier
2c4b8e20529fbb53,658463a003003927,13,0,22.466666666666665,152307.6923076923,1980000.0,269000.0,3,2026-07-17,xanh_car,Thành phố Hà Nội,Thành phố Hà Nội,0.0,34,14,0.38235294117647056,0.9285714285714286,"Phường Phú Diễn, Thành Phố Hà Nội, Việt Nam -> 182 Đường Quang Trung, Phường Hà Đông, Thành Phố Hà Nội, Việt Nam",2,0.15384615384615385,12.0,False,16.57,REPEATED_CUSTOMER_DRIVER,KB-C_EXTREME_VOLUME,Driver-customer pair exceeds the 0.9999 trip-count threshold in the active 4-day window.,edge_weight_outlier
2c72ea7a81de2ab5,e5f0b964f83765c5,13,0,80.2,187076.92307692306,2432000.0,266000.0,4,2026-07-17,xanh_premium,Tỉnh Đồng Nai,Tỉnh Đồng Nai,0.0,20,13,0.65,1.0,"63 Bùi Thị Xuân, Phường Bến Thành, Thành phố Hồ Chí Minh -> Xã Nhơn Trạch, Đồng Nai",1,0.07692307692307693,12.0,False,16.85,REPEATED_CUSTOMER_DRIVER,KB-C_EXTREME_VOLUME,Driver-customer pair exceeds the 0.9999 trip-count threshold in the active 4-day window.,edge_weight_outlier
2df730dacdd75594,df17acaab310a1e3,13,0,28.5,127000.0,1651000.0,183000.0,4,2026-07-17,xanh_car,Tỉnh Bà Rịa - Vũng Tàu,Tỉnh Bà Rịa - Vũng Tàu,0.0,18,18,0.7222222222222222,0.7222222222222222,"Phường Phước Thắng, Thành phố Hồ Chí Minh, Việt Nam -> Phường Vũng Tàu, Thành phố Hồ Chí Minh, Việt Nam",2,0.15384615384615385,12.0,False,17.05,REPEATED_CUSTOMER_DRIVER,KB-C_EXTREME_VOLUME,Driver-customer pair exceeds the 0.9999 trip-count threshold in the active 4-day window.,edge_weight_outlier
3341b0909a0c0aad,cca4909ec0ea8e94,13,0,16.15,73538.46153846153,956000.0,151000.0,4,2026-07-17,xanh_car,Thành phố Đà Nẵng,Thành phố Đà Nẵng,0.0,59,13,0.22033898305084745,1.0,"Đường Lối vào Ga đi, Phường Hòa Cường, Thành phố Đà Nẵng, Việt Nam -> Phường An Khê, Thành phố Đà Nẵng, Việt Nam",2,0.15384615384615385,12.0,False,16.46,REPEATED_CUSTOMER_DRIVER,KB-C_EXTREME_VOLUME,Driver-customer pair exceeds the 0.9999 trip-count threshold in the active 4-day window.,edge_weight_outlier
36b216544e16f015,caea6450612b15d7,13,0,60.083333333333336,102000.0,1326000.0,95000.0,3,2026-07-17,xanh_car_just_taxi,Tỉnh Tây Ninh,Tỉnh Tây Ninh,0.0,28,15,0.4642857142857143,0.8666666666666667,"18 Đường Số 64, Ấp Long Thới, Phường Long Hoa, Tỉnh Tây Ninh, Việt Nam -> location_address_display (0.000000, 0.000000)",1,0.07692307692307693,12.0,False,15.34,REPEATED_CUSTOMER_DRIVER,KB-C_EXTREME_VOLUME,Driver-customer pair exceeds the 0.9999 trip-count threshold in the active 4-day window.,edge_weight_outlier
3b110e85b1a7a442,2e78fcee0dc0be1d,13,0,19.8,175153.84615384616,2277000.0,283000.0,4,2026-07-17,xanh_premium,Tỉnh Thanh Hóa,Tỉnh Thanh Hóa,0.0,23,15,0.5652173913043478,0.8666666666666667,"45 Quốc lộ 45, Xã Quảng Yên, Tỉnh Thanh Hóa, Việt Nam -> Phường Quảng Phú, Tỉnh Thanh Hóa, Việt Nam",1,0.07692307692307693,12.0,False,16.52,REPEATED_CUSTOMER_DRIVER,KB-C_EXTREME_VOLUME,Driver-customer pair exceeds the 0.9999 trip-count threshold in the active 4-day window.,edge_weight_outlier
3b60cbaafc02bdb9,ff5023854e2f7e1d,13,0,42.916666666666664,176230.76923076922,2291000.0,228000.0,4,2026-07-17,xanh_premium,Tỉnh Thanh Hóa,Tỉnh Thanh Hóa,0.0,24,14,0.5416666666666666,0.9285714285714286,"01 Phố Quang Trung, Phường Quảng Phú, Tỉnh Thanh Hóa, Việt Nam -> Phường Sầm Sơn, Tỉnh Thanh Hóa, Việt Nam",1,0.07692307692307693,12.0,False,16.17,REPEATED_CUSTOMER_DRIVER,KB-C_EXTREME_VOLUME,Driver-customer pair exceeds the 0.9999 trip-count threshold in the active 4-day window.,edge_weight_outlier
3e1eb281019e6353,e9182db33c896fc1,13,0,52.0,146076.92307692306,1899000.0,221000.0,4,2026-07-17,xanh_car,Thành phố Hồ Chí Minh,Thành phố Hồ Chí Minh,0.0,28,13,0.4642857142857143,1.0,"269 Tỉnh Lộ 8, Ấp 2A, Xã Phú Hòa Đông, Thành phố Hồ Chí Minh, Việt Nam -> 1950 Tỉnh Lộ 8, Ấp 3, Xã Bình Mỹ, Thành phố Hồ Chí Minh, Việt Nam",1,0.07692307692307693,12.0,False,16.06,REPEATED_CUSTOMER_DRIVER,KB-C_EXTREME_VOLUME,Driver-customer pair exceeds the 0.9999 trip-count threshold in the active 4-day window.,edge_weight_outlier
468210bb7196ad4b,47613426b9363847,13,0,18.1,209384.61538461538,2722000.0,282000.0,4,2026-07-17,xanh_premium,Tỉnh Ninh Bình,Tỉnh Ninh Bình,0.0,27,14,0.48148148148148145,0.9285714285714286,"17 Đường Trần Hưng Đạo, Phường Hoa Lư, Tỉnh Ninh Bình, Việt Nam -> Quốc lộ 38B, Thôn Trường Sơn, Phường Tây Hoa Lư, Tỉnh Ninh Bình, Việt Nam",1,0.07692307692307693,12.0,False,16.51,REPEATED_CUSTOMER_DRIVER,KB-C_EXTREME_VOLUME,Driver-customer pair exceeds the 0.9999 trip-count threshold in the active 4-day window.,edge_weight_outlier
4aa240e9b5625088,2989757b5a1605cc,13,0,37.833333333333336,85230.76923076923,1108000.0,152000.0,4,2026-07-17,xanh_premium,Tỉnh Quảng Ngãi,Tỉnh Quảng Ngãi,0.0,36,16,0.3611111111111111,0.8125,"Phường Cẩm Thành, Tỉnh Quảng Ngãi, Việt Nam -> Phường Nghĩa Lộ, Tỉnh Quảng Ngãi, Việt Nam",2,0.15384615384615385,12.0,False,15.52,REPEATED_CUSTOMER_DRIVER,KB-C_EXTREME_VOLUME,Driver-customer pair exceeds the 0.9999 trip-count threshold in the active 4-day window.,edge_weight_outlier
4fd03fb810fcd3c3,91f7d6b428016139,13,0,18.483333333333334,95230.76923076923,1238000.0,188000.0,4,2026-07-17,xanh_car,Tỉnh Nam Định,Tỉnh Nam Định,0.0,25,16,0.52,0.8125,"Ninh Bình -> Xã Hải Hưng, Tỉnh Ninh Bình, Việt Nam",2,0.15384615384615385,12.0,False,16.87,REPEATED_CUSTOMER_DRIVER,KB-C_EXTREME_VOLUME,Driver-customer pair exceeds the 0.9999 trip-count threshold in the active 4-day window.,edge_weight_outlier
5070495369e160cf,abff53738c51780b,13,0,14.216666666666667,166846.15384615384,2169000.0,238000.0,4,2026-07-17,xanh_car,Thành phố Hà Nội,Thành phố Hà Nội,0.0,26,14,0.5,0.9285714285714286,"106 Đường Nguyễn Khuyến, Phường Hà Đông, Thành phố Hà Nội, Việt Nam -> Xã Hạ Bằng, Thành phố Hà Nội, Việt Nam",1,0.07692307692307693,12.0,False,16.9,REPEATED_CUSTOMER_DRIVER,KB-C_EXTREME_VOLUME,Driver-customer pair exceeds the 0.9999 trip-count threshold in the active 4-day window.,edge_weight_outlier
5b978f337676a76a,2f19c4b7ae1d025a,13,0,40.78333333333333,101384.61538461539,1318000.0,355000.0,3,2026-07-16,xanh_premium,Tỉnh Ninh Bình,Tỉnh Ninh Bình,0.0,19,13,0.6842105263157895,1.0,"Phường Hoa Lư, Tỉnh Ninh Bình, Việt Nam -> Ninh Bình",2,0.15384615384615385,12.0,False,18.03,REPEATED_CUSTOMER_DRIVER,KB-C_EXTREME_VOLUME,Driver-customer pair exceeds the 0.9999 trip-count threshold in the active 4-day window.,edge_weight_outlier
5e7f05261d36b230,27e151b1190229c9,13,0,66.91666666666667,246230.76923076922,3201000.0,214000.0,3,2026-07-17,xanh_car,Tỉnh Hải Dương,Tỉnh Hải Dương,0.0,17,13,0.7647058823529411,1.0,"Huyện Kim Thành, Tỉnh Hải Dương -> location_address_display (0.000000, 0.000000)",2,0.15384615384615385,12.0,False,18.24,REPEATED_CUSTOMER_DRIVER,KB-C_EXTREME_VOLUME,Driver-customer pair exceeds the 0.9999 trip-count threshold in the active 4-day window.,edge_weight_outlier
5f1f1f069a5981c5,07caeac2f84ef4f8,13,0,3.2,194230.76923076922,2525000.0,205000.0,4,2026-07-17,xanh_limo_6_cho,Tỉnh Bà Rịa - Vũng Tàu,Tỉnh Bà Rịa - Vũng Tàu,0.0,28,15,0.4642857142857143,0.8666666666666667,"107 Đường Phan Bội Châu, Phường Phú Mỹ, Thành phố Hồ Chí Minh, Việt Nam -> location_address_display (0.000000, 0.000000)",1,0.07692307692307693,12.0,True,21.26,REPEATED_CUSTOMER_DRIVER,KB-C_EXTREME_VOLUME,Driver-customer pair exceeds the 0.9999 trip-count threshold in the active 4-day window.,edge_weight_outlier
5fc808a4c01d7935,1b7ca4667bd8ee0a,13,0,3.0166666666666666,40000.0,520000.0,48000.0,3,2026-07-17,xanh_limo_6_cho,Tỉnh Long An,Tỉnh Long An,0.0,24,13,0.5416666666666666,1.0,"Xã Mỹ Hạnh, Tỉnh Tây Ninh, Việt Nam -> Xã Mỹ Hạnh, Tỉnh Tây Ninh, Việt Nam",2,0.15384615384615385,12.0,True,23.46,REPEATED_CUSTOMER_DRIVER,KB-C_EXTREME_VOLUME,Driver-customer pair exceeds the 0.9999 trip-count threshold in the active 4-day window.,edge_weight_outlier
603b2028e5bcf282,c24ccdddd27f30bd,13,0,24.233333333333334,236384.61538461538,3073000.0,486000.0,4,2026-07-17,xanh_premium,Tỉnh Khánh Hòa,Tỉnh Khánh Hòa,0.0,16,13,0.8125,1.0,"02 Đường Hoàng Diệu, Phường Nha Trang, Tỉnh Khánh Hòa, Việt Nam -> Đường Đinh Tiên Hoàng, Cam Hải Đông, Khanh Hoa",1,0.07692307692307693,12.0,False,18.24,REPEATED_CUSTOMER_DRIVER,KB-C_EXTREME_VOLUME,Driver-customer pair exceeds the 0.9999 trip-count threshold in the active 4-day window.,edge_weight_outlier
614f47356bc24289,57785e54ac702f73,13,0,31.35,239615.38461538462,3115000.0,807000.0,4,2026-07-17,xanh_limo_6_cho,Tỉnh Đồng Nai,Tỉnh Đồng Nai,0.0,22,13,0.5909090909090909,1.0,"285 Quốc lộ 20, Xã Định Quán, Tỉnh Đồng Nai, Việt Nam -> Thanh Sơn, Xã Phú Lâm, Tỉnh Đồng Nai, Việt Nam",1,0.07692307692307693,12.0,False,16.95,REPEATED_CUSTOMER_DRIVER,KB-C_EXTREME_VOLUME,Driver-customer pair exceeds the 0.9999 trip-count threshold in the active 4-day window.,edge_weight_outlier
61d79a3c8c23bbbd,039cadfa5f97235d,13,0,40.65,142230.76923076922,1849000.0,181000.0,4,2026-07-17,xanh_car,Tỉnh Quảng Ninh,Tỉnh Quảng Ninh,0.0,33,13,0.3939393939393939,1.0,"Phường Mạo Khê, Tỉnh Quảng Ninh, Việt Nam -> location_address_display (0.000000, 0.000000)",2,0.15384615384615385,12.0,False,16.58,REPEATED_CUSTOMER_DRIVER,KB-C_EXTREME_VOLUME,Driver-customer pair exceeds the 0.9999 trip-count threshold in the active 4-day window.,edge_weight_outlier
63aa19d50dc3741b,2610752ad3d5f94e,13,0,85.45,168000.0,2184000.0,437000.0,4,2026-07-17,xanh_car,Tỉnh Bà Rịa - Vũng Tàu,Tỉnh Bà Rịa - Vũng Tàu,0.0,35,13,0.37142857142857144,1.0,", Ấp An Điền, Xã Phước Hải, Thành Phố Hồ Chí Minh, Việt Nam -> Đường Trần Hưng Đạo, Xã Phước Hải, Thành Phố Hồ Chí Minh, Việt Nam",1,0.07692307692307693,12.0,False,15.44,REPEATED_CUSTOMER_DRIVER,KB-C_EXTREME_VOLUME,Driver-customer pair exceeds the 0.9999 trip-count threshold in the active 4-day window.,edge_weight_outlier
668f0182686be2bc,44c09d1bf295e072,13,0,33.833333333333336,79769.23076923077,1037000.0,107000.0,4,2026-07-17,xanh_car,Tỉnh Quảng Ngãi,Tỉnh Quảng Ngãi,0.0,19,15,0.6842105263157895,0.8666666666666667,Quảng Ngãi -> Quảng Ngãi,2,0.15384615384615385,12.0,False,17.47,REPEATED_CUSTOMER_DRIVER,KB-C_EXTREME_VOLUME,Driver-customer pair exceeds the 0.9999 trip-count threshold in the active 4-day window.,edge_weight_outlier
6c565df3adecd523,440ef9e39dce7bed,13,0,41.233333333333334,204230.76923076922,2655000.0,227000.0,4,2026-07-17,xanh_car,Tỉnh Quảng Ngãi,Tỉnh Quảng Ngãi,0.0,24,13,0.5416666666666666,1.0,"Phường Trương Quang Trọng, Tỉnh Quảng Ngãi, Việt Nam -> Quảng Ngãi",2,0.15384615384615385,12.0,False,17.32,REPEATED_CUSTOMER_DRIVER,KB-C_EXTREME_VOLUME,Driver-customer pair exceeds the 0.9999 trip-count threshold in the active 4-day window.,edge_weight_outlier
75fe75ad477196aa,0343be259256f03c,13,0,51.9,438384.6153846154,5699000.0,597000.0,4,2026-07-17,xanh_limo_6_cho,Thành phố Hồ Chí Minh,Tỉnh Đồng Nai,0.0,14,16,0.9285714285714286,0.8125,"1 Đường Bạch Đằng, Phường Tân Sơn Hòa, Thành phố Hồ Chí Minh, Việt Nam -> Xã Long Phước, Tỉnh Đồng Nai, Việt Nam",1,0.07692307692307693,12.0,False,17.44,REPEATED_CUSTOMER_DRIVER,KB-C_EXTREME_VOLUME,Driver-customer pair exceeds the 0.9999 trip-count threshold in the active 4-day window.,edge_weight_outlier
76284e7af338ece5,3bdceefd1b3aa7ed,13,0,58.06666666666667,256538.46153846153,3335000.0,269000.0,4,2026-07-17,xanh_premium,Tỉnh Bình Phước,Tỉnh Bình Phước,0.0,30,13,0.43333333333333335,1.0,"Đồng Nai -> Đường Nguyễn Du, Xã Lộc Ninh, Tỉnh Đồng Nai, Việt Nam",2,0.15384615384615385,12.0,False,16.63,REPEATED_CUSTOMER_DRIVER,KB-C_EXTREME_VOLUME,Driver-customer pair exceeds the 0.9999 trip-count threshold in the active 4-day window.,edge_weight_outlier
7767b805de138970,16663e5763d15314,13,0,41.78333333333333,659769.2307692308,8577000.0,159000.0,4,2026-07-17,xanh_car,Tỉnh Bắc Ninh,Tỉnh Bắc Ninh,0.0,19,16,0.6842105263157895,0.8125,"Huyện Yên Phong, Tỉnh Bắc Ninh ->  Thị trấn Hồ, Huyện Thuận Thành, Tỉnh Bắc Ninh, Việt Nam",1,0.07692307692307693,12.0,False,16.31,REPEATED_CUSTOMER_DRIVER,KB-C_EXTREME_VOLUME,Driver-customer pair exceeds the 0.9999 trip-count threshold in the active 4-day window.,edge_weight_outlier
7bbc41124a5dc44b,6c4870627ada2623,13,0,28.316666666666666,102692.30769230769,1335000.0,6000.0,4,2026-07-17,xanh_car,Thành phố Hà Nội,Thành phố Hà Nội,0.0,15,13,0.8666666666666667,1.0,"1 Đồng Nanh-Tiên Phương, Phường Chương Mỹ, Thành phố Hà Nội, Việt Nam -> Phố , Xã Quốc Oai, Thành phố Hà Nội, Việt Nam",2,0.15384615384615385,12.0,False,19.16,REPEATED_CUSTOMER_DRIVER,KB-C_EXTREME_VOLUME,Driver-customer pair exceeds the 0.9999 trip-count threshold in the active 4-day window.,edge_weight_outlier
83d8f08ed0e73096,d95b5e000559ad65,13,0,59.233333333333334,88000.0,1144000.0,193000.0,4,2026-07-17,xanh_car,Thành phố Hồ Chí Minh,Thành phố Hồ Chí Minh,0.0,28,13,0.4642857142857143,1.0,"2 Đường Trần Văn Ơn, Phường Phú Lợi, Thành phố Hồ Chí Minh, Việt Nam -> Xã Phú Hòa Đông, Thành phố Hồ Chí Minh, Việt Nam",1,0.07692307692307693,12.0,False,16.01,REPEATED_CUSTOMER_DRIVER,KB-C_EXTREME_VOLUME,Driver-customer pair exceeds the 0.9999 trip-count threshold in the active 4-day window.,edge_weight_outlier
8529197a76f6d638,62f71feded818724,13,0,11.65,155615.38461538462,2023000.0,185000.0,4,2026-07-17,xanh_car,Thành phố Hà Nội,Thành phố Hà Nội,0.0,20,14,0.65,0.9285714285714286,"Xã Thượng Phúc, Thành phố Hà Nội, Việt Nam -> Thôn Hòa Bình, Xã Thụy Ứng, Huyện Thường Tín, Thành phố Hà Nội, Việt Nam",2,0.15384615384615385,12.0,False,18.73,REPEATED_CUSTOMER_DRIVER,KB-C_EXTREME_VOLUME,Driver-customer pair exceeds the 0.9999 trip-count threshold in the active 4-day window.,edge_weight_outlier
8601c0060106c525,a679fc122276f0bd,13,0,80.16666666666667,267000.0,3471000.0,360000.0,4,2026-07-17,xanh_premium,Thành phố Hà Nội,Thành phố Hà Nội,0.0,16,13,0.8125,1.0,"27 Cổ Linh, Phường Long Biên, Thành Phố Hà Nội, Việt Nam -> Phường Chũ, Tỉnh Bắc Ninh, Việt Nam",1,0.07692307692307693,12.0,False,17.66,REPEATED_CUSTOMER_DRIVER,KB-C_EXTREME_VOLUME,Driver-customer pair exceeds the 0.9999 trip-count threshold in the active 4-day window.,edge_weight_outlier
86321051a8c22320,6c16a6c13b300ee3,13,0,116.06666666666666,161692.3076923077,2102000.0,335000.0,4,2026-07-17,xanh_car,Tỉnh Phú Yên,Tỉnh Phú Yên,0.0,18,13,0.7222222222222222,1.0,"Xã Sơn Thành, Tỉnh Đắk Lắk, Việt Nam -> Đắk Lắk",2,0.15384615384615385,12.0,False,17.91,REPEATED_CUSTOMER_DRIVER,KB-C_EXTREME_VOLUME,Driver-customer pair exceeds the 0.9999 trip-count threshold in the active 4-day window.,edge_weight_outlier
86701e4aa939df66,b9cdaf454cb04daa,13,0,25.95,182846.15384615384,2377000.0,446000.0,4,2026-07-17,xanh_premium,Tỉnh Quảng Ninh,Tỉnh Quảng Ninh,0.0,28,13,0.4642857142857143,1.0,"93 Đ. Đại lộ Hoà Bình, Phường Móng Cái 1, Tỉnh Quảng Ninh, Việt Nam -> Quảng Ninh",1,0.07692307692307693,12.0,False,16.44,REPEATED_CUSTOMER_DRIVER,KB-C_EXTREME_VOLUME,Driver-customer pair exceeds the 0.9999 trip-count threshold in the active 4-day window.,edge_weight_outlier
86c55b2bf0ec2f11,3da4ab2e1cfd4017,13,0,17.183333333333334,285307.6923076923,3709000.0,336000.0,4,2026-07-17,xanh_limo_6_cho,Tỉnh Bà Rịa - Vũng Tàu,Tỉnh Bà Rịa - Vũng Tàu,0.0,16,14,0.8125,0.9285714285714286,"Phường Bà Rịa, Thành phố Hồ Chí Minh, Việt Nam -> Thành phố Hồ Chí Minh",2,0.15384615384615385,12.0,False,18.99,REPEATED_CUSTOMER_DRIVER,KB-C_EXTREME_VOLUME,Driver-customer pair exceeds the 0.9999 trip-count threshold in the active 4-day window.,edge_weight_outlier
8712946aeb2e4fa1,c9f3f861e2ce482a,13,0,11.6,268461.53846153844,3490000.0,390000.0,4,2026-07-17,xanh_premium,Tỉnh Quảng Ngãi,Tỉnh Quảng Ngãi,0.0,19,14,0.6842105263157895,0.9285714285714286,"Dốc Sỏi, Xã Bình Sơn, Tỉnh Quảng Ngãi, Việt Nam -> Tỉnh Lộ 625, Xã Nghĩa Giang, Tỉnh Quảng Ngãi, Việt Nam",1,0.07692307692307693,12.0,False,18.14,REPEATED_CUSTOMER_DRIVER,KB-C_EXTREME_VOLUME,Driver-customer pair exceeds the 0.9999 trip-count threshold in the active 4-day window.,edge_weight_outlier
89b1995aefb71f12,d8e431166706c095,13,0,74.23333333333333,125923.07692307692,1637000.0,133000.0,4,2026-07-17,xanh_car,Tỉnh Bà Rịa - Vũng Tàu,Tỉnh Bà Rịa - Vũng Tàu,0.0,39,13,0.3333333333333333,1.0,"Thành phố Hồ Chí Minh -> Quốc lộ 51, Phường Tân Phước, Thành phố Hồ Chí Minh, Việt Nam",3,0.23076923076923078,12.0,False,16.83,REPEATED_CUSTOMER_DRIVER,KB-C_EXTREME_VOLUME,Driver-customer pair exceeds the 0.9999 trip-count threshold in the active 4-day window.,edge_weight_outlier
89e5fb31da5e5fe2,7a48b5a5c61208f1,13,0,63.733333333333334,330384.6153846154,4295000.0,180000.0,4,2026-07-17,xanh_premium,Tỉnh Đồng Nai,Tỉnh Đồng Nai,0.0,27,13,0.48148148148148145,1.0,"15 Đường Nguyễn Trãi, Phường Long Khánh, Tỉnh Đồng Nai, Việt Nam -> Phường Xuân Lập, Tỉnh Đồng Nai, Việt Nam",1,0.07692307692307693,12.0,False,16.07,REPEATED_CUSTOMER_DRIVER,KB-C_EXTREME_VOLUME,Driver-customer pair exceeds the 0.9999 trip-count threshold in the active 4-day window.,edge_weight_outlier
9630a3a87dbb3ccf,81610a380d116615,13,0,21.633333333333333,109615.38461538461,1425000.0,111000.0,3,2026-07-17,xanh_car,Thành phố Hà Nội,Thành phố Hà Nội,0.0,17,13,0.7647058823529411,1.0,"Xã Đông Anh, Thành phố Hà Nội, Việt Nam -> Đường Trần Phú, Phường Từ Sơn, Tỉnh Bắc Ninh, Việt Nam",2,0.15384615384615385,12.0,False,18.87,REPEATED_CUSTOMER_DRIVER,KB-C_EXTREME_VOLUME,Driver-customer pair exceeds the 0.9999 trip-count threshold in the active 4-day window.,edge_weight_outlier
98032a135fe2c389,8cd86353603bf27b,13,0,8.483333333333333,176769.23076923078,2298000.0,21000.0,3,2026-07-16,xanh_car,Tỉnh Đồng Nai,Tỉnh Đồng Nai,0.0,29,13,0.4482758620689655,1.0,"Xã Thống Nhất, Tỉnh Đồng Nai, Việt Nam -> Xã Thống Nhất, Tỉnh Đồng Nai, Việt Nam",2,0.15384615384615385,12.0,False,18.72,REPEATED_CUSTOMER_DRIVER,KB-C_EXTREME_VOLUME,Driver-customer pair exceeds the 0.9999 trip-count threshold in the active 4-day window.,edge_weight_outlier
98fabf0e8e62d7f1,5d87b572de29c415,13,0,11.766666666666667,82769.23076923077,1076000.0,101000.0,3,2026-07-16,xanh_premium,Tỉnh Nam Định,Tỉnh Nam Định,0.0,39,13,0.3333333333333333,1.0,"180 Đường Trần Hưng Đạo, Phường Nam Định, Tỉnh Ninh Bình, Việt Nam -> Phường Nam Định, Tỉnh Ninh Bình, Việt Nam",1,0.07692307692307693,12.0,False,16.72,REPEATED_CUSTOMER_DRIVER,KB-C_EXTREME_VOLUME,Driver-customer pair exceeds the 0.9999 trip-count threshold in the active 4-day window.,edge_weight_outlier
9f64355214043553,29f3682c09195c08,13,0,21.933333333333334,179153.84615384616,2329000.0,30000.0,4,2026-07-17,xanh_car,Thành phố Hồ Chí Minh,Thành phố Hồ Chí Minh,0.0,34,13,0.38235294117647056,1.0,"Bàu Tre 2B, Xã Tân An Hội, Thành phố Hồ Chí Minh, Việt Nam -> 32 Đường Số 120, Xã Phú Hòa Đông, Thành phố Hồ Chí Minh, Việt Nam",1,0.07692307692307693,12.0,False,16.18,REPEATED_CUSTOMER_DRIVER,KB-C_EXTREME_VOLUME,Driver-customer pair exceeds the 0.9999 trip-count threshold in the active 4-day window.,edge_weight_outlier
9f9d4a9705b4177a,13640c4d9fa506d2,13,0,21.466666666666665,188153.84615384616,2446000.0,680000.0,4,2026-07-17,xanh_car,Tỉnh Quảng Ngãi,Tỉnh Quảng Ngãi,0.0,22,13,0.5909090909090909,1.0,"26 Đường Lê Thánh Tôn, Phường Cẩm Thành, Tỉnh Quảng Ngãi, Việt Nam -> Quảng Ngãi",1,0.07692307692307693,12.0,False,17.24,REPEATED_CUSTOMER_DRIVER,KB-C_EXTREME_VOLUME,Driver-customer pair exceeds the 0.9999 trip-count threshold in the active 4-day window.,edge_weight_outlier
a05727c02430e0dc,d738647a815bde1d,13,0,21.516666666666666,97961.53846153847,1273500.0,161000.0,4,2026-07-17,xanh_limo_6_cho,Tỉnh Đồng Nai,Tỉnh Đồng Nai,0.0,26,13,0.5,1.0,"234 QL1A, Phường Long Bình, Tỉnh Đồng Nai, Việt Nam -> KP.9, Phường Long Bình, Tỉnh Đồng Nai, Việt Nam",3,0.23076923076923078,12.0,False,18.32,REPEATED_CUSTOMER_DRIVER,KB-C_EXTREME_VOLUME,Driver-customer pair exceeds the 0.9999 trip-count threshold in the active 4-day window.,edge_weight_outlier
a0b43bafe3582324,3c0f644d605d7bab,13,0,19.283333333333335,113307.69230769231,1473000.0,33000.0,3,2026-07-17,xanh_premium,Thành phố Hồ Chí Minh,Thành phố Hồ Chí Minh,0.0,30,13,0.43333333333333335,1.0,"136 Đường Nguyễn Cư Trinh, Phường Cầu Ông Lãnh, Thành phố Hồ Chí Minh, Việt Nam -> Phường Bàn Cờ, Thành phố Hồ Chí Minh, Việt Nam",1,0.07692307692307693,12.0,False,16.56,REPEATED_CUSTOMER_DRIVER,KB-C_EXTREME_VOLUME,Driver-customer pair exceeds the 0.9999 trip-count threshold in the active 4-day window.,edge_weight_outlier
a34d227e37cbb71b,9f37141b6cb24518,13,0,38.78333333333333,260692.3076923077,3389000.0,262000.0,3,2026-07-17,xanh_car,Tỉnh Long An,Thành phố Hồ Chí Minh,0.0,29,13,0.4482758620689655,1.0,"216c Đường Võ Văn Ngân, Khu 3, Xã Đức Hòa, Tỉnh Tây Ninh, Việt Nam -> Ô 3 - Khu A -, Xã Hậu Nghĩa, Tỉnh Tây Ninh, Việt Nam",1,0.07692307692307693,12.0,False,16.11,REPEATED_CUSTOMER_DRIVER,KB-C_EXTREME_VOLUME,Driver-customer pair exceeds the 0.9999 trip-count threshold in the active 4-day window.,edge_weight_outlier
a5881e889882abc2,a642d028cc122e3c,13,0,37.7,153846.15384615384,2000000.0,240000.0,4,2026-07-17,xanh_car,Tỉnh Thái Bình,Tỉnh Thái Bình,0.0,26,13,0.5,1.0,"Thôn Lộng Khê 1, Xã A Sào, Tỉnh Hưng Yên, Việt Nam -> Xã Minh Thọ, Tỉnh Hưng Yên, Việt Nam",3,0.23076923076923078,12.0,False,17.92,REPEATED_CUSTOMER_DRIVER,KB-C_EXTREME_VOLUME,Driver-customer pair exceeds the 0.9999 trip-count threshold in the active 4-day window.,edge_weight_outlier
a6a08e3228f10094,33026b5d4a9df076,13,0,13.016666666666667,227230.76923076922,2954000.0,274000.0,3,2026-07-16,xanh_car,Tỉnh Khánh Hòa,Tỉnh Khánh Hòa,0.0,32,13,0.40625,1.0,"Khánh Hòa -> Phường Đông Ninh Hòa, Tỉnh Khánh Hòa, Việt Nam",2,0.15384615384615385,12.0,False,17.69,REPEATED_CUSTOMER_DRIVER,KB-C_EXTREME_VOLUME,Driver-customer pair exceeds the 0.9999 trip-count threshold in the active 4-day window.,edge_weight_outlier
a9f9147ffc42f003,6870e900d4ed19c3,13,0,73.9,164692.3076923077,2141000.0,0.0,4,2026-07-17,xanh_car,Tỉnh Khánh Hòa,Tỉnh Khánh Hòa,0.0,72,14,0.18055555555555555,0.9285714285714286,"Phường Tây Nha Trang, Tỉnh Khánh Hòa, Việt Nam -> Phường Nam Nha Trang, Tỉnh Khánh Hòa, Việt Nam",4,0.3076923076923077,12.0,False,16.48,REPEATED_CUSTOMER_DRIVER,KB-C_EXTREME_VOLUME,Driver-customer pair exceeds the 0.9999 trip-count threshold in the active 4-day window.,edge_weight_outlier
aa5a7982b3522bd0,70040424486020c8,13,0,14.883333333333333,110538.46153846153,1437000.0,0.0,4,2026-07-17,xanh_car_just_taxi,Tỉnh Phú Thọ,Tỉnh Phú Thọ,0.0,44,13,0.29545454545454547,1.0,"1 Đường Chu Văn An, Phường Nông Trang, Tỉnh Phú Thọ, Việt Nam -> Phường Nông Trang, Tỉnh Phú Thọ, Việt Nam",2,0.15384615384615385,12.0,False,16.94,REPEATED_CUSTOMER_DRIVER,KB-C_EXTREME_VOLUME,Driver-customer pair exceeds the 0.9999 trip-count threshold in the active 4-day window.,edge_weight_outlier
b31070cd3a53c6e6,bd7887fe3d3955da,13,0,76.68333333333334,88153.84615384616,1146000.0,309000.0,4,2026-07-17,xanh_premium,Tỉnh Nam Định,Tỉnh Nam Định,0.0,42,13,0.30952380952380953,1.0,"Phường Nam Định, Tỉnh Ninh Bình, Việt Nam -> Phường Nam Định, Tỉnh Ninh Bình, Việt Nam",3,0.23076923076923078,12.0,False,16.7,REPEATED_CUSTOMER_DRIVER,KB-C_EXTREME_VOLUME,Driver-customer pair exceeds the 0.9999 trip-count threshold in the active 4-day window.,edge_weight_outlier
b42c75bed7ca4e27,b0b83b2a796e37f6,13,0,18.283333333333335,156923.07692307694,2040000.0,220000.0,4,2026-07-17,xanh_premium,Tỉnh Nam Định,Tỉnh Nam Định,0.0,19,14,0.6842105263157895,0.9285714285714286,"Phường Nam Định, Tỉnh Ninh Bình, Việt Nam -> Thôn Bình Dân, Phường Thiên Trường, Tỉnh Ninh Bình, Việt Nam",2,0.15384615384615385,12.0,False,18.28,REPEATED_CUSTOMER_DRIVER,KB-C_EXTREME_VOLUME,Driver-customer pair exceeds the 0.9999 trip-count threshold in the active 4-day window.,edge_weight_outlier
c003b4dd9760d5c1,02a2c5198c76e4ac,13,0,28.2,63307.692307692305,823000.0,25000.0,4,2026-07-17,xanh_premium,Thành phố Đà Nẵng,Thành phố Đà Nẵng,0.0,56,13,0.23214285714285715,1.0,"18 Đường Hồ Nghinh, Phường An Hải, Thành phố Đà Nẵng, Việt Nam -> 48 Phan Liêm, Bắc Mỹ Phú, Phường Ngũ Hành Sơn, Thành Phố Đà Nẵng, Việt Nam",1,0.07692307692307693,12.0,False,15.22,REPEATED_CUSTOMER_DRIVER,KB-C_EXTREME_VOLUME,Driver-customer pair exceeds the 0.9999 trip-count threshold in the active 4-day window.,edge_weight_outlier
c32a443c0ff7531a,86db076eb345568d,13,0,1.2666666666666666,37230.769230769234,484000.0,54000.0,2,2026-07-17,xanh_premium,Thành phố Hồ Chí Minh,Thành phố Hồ Chí Minh,0.0,33,15,0.3939393939393939,0.8666666666666667,"Phường Bình Trị Đông, Thành Phố Hồ Chí Minh, Việt Nam -> Phường Bình Trị Đông, Thành Phố Hồ Chí Minh, Việt Nam",4,0.3076923076923077,12.0,True,32.75,REPEATED_CUSTOMER_DRIVER,KB-C_EXTREME_VOLUME,Driver-customer pair exceeds the 0.9999 trip-count threshold in the active 4-day window.,edge_weight_outlier
ca4280f928892751,af6d6d547de3cdf1,13,0,111.36666666666666,256153.84615384616,3330000.0,327000.0,4,2026-07-17,xanh_premium,Tỉnh Quảng Ngãi,Tỉnh Quảng Ngãi,0.0,28,13,0.4642857142857143,1.0,"184 Đường Hùng Vương, Phường Nghĩa Lộ, Tỉnh Quảng Ngãi, Việt Nam -> Mộ Đức, Quảng Ngãi",1,0.07692307692307693,12.0,False,15.85,REPEATED_CUSTOMER_DRIVER,KB-C_EXTREME_VOLUME,Driver-customer pair exceeds the 0.9999 trip-count threshold in the active 4-day window.,edge_weight_outlier
caea90d5ba3ac1e5,2fb64362305adcf5,13,0,13.6,164461.53846153847,2138000.0,254000.0,3,2026-07-16,xanh_premium,Tỉnh Khánh Hòa,Tỉnh Khánh Hòa,0.0,40,13,0.325,1.0,"400 Phường Nam Nha Trang, Tỉnh Khánh Hòa, Việt Nam -> Lô TT13-D14D Đường Nguyễn Tất Thành, Khu 4, Phía Bắc Bán Đảo Cam Ranh, Phường Bắc Cam Ranh, Thành phố Cam Ranh, Tỉnh Khánh Hòa, Việt Nam",1,0.07692307692307693,12.0,False,16.45,REPEATED_CUSTOMER_DRIVER,KB-C_EXTREME_VOLUME,Driver-customer pair exceeds the 0.9999 trip-count threshold in the active 4-day window.,edge_weight_outlier
cd3023f265ccdede,8fdf179dc427e70b,13,0,20.366666666666667,103923.07692307692,1351000.0,189000.0,4,2026-07-17,xanh_car,Tỉnh Quảng Ngãi,Tỉnh Quảng Ngãi,0.0,19,14,0.6842105263157895,0.9285714285714286,"Phường Trương Quang Trọng, Tỉnh Quảng Ngãi, Việt Nam -> Phường Trương Quang Trọng, Tỉnh Quảng Ngãi, Việt Nam",2,0.15384615384615385,12.0,False,18.17,REPEATED_CUSTOMER_DRIVER,KB-C_EXTREME_VOLUME,Driver-customer pair exceeds the 0.9999 trip-count threshold in the active 4-day window.,edge_weight_outlier
ced71eed9e10ccfa,5381df4c62831fc4,13,0,48.46666666666667,215461.53846153847,2801000.0,405000.0,4,2026-07-17,xanh_car,Tỉnh Đồng Nai,Tỉnh Đồng Nai,0.0,14,13,0.9285714285714286,1.0,"284 Cống Quỳnh, Phường Bến Thành, Thành phố Hồ Chí Minh, Việt Nam -> Đường Lý Thái Tổ, Xã Nhơn Trạch, Tỉnh Đồng Nai, Việt Nam",1,0.07692307692307693,12.0,False,18.41,REPEATED_CUSTOMER_DRIVER,KB-C_EXTREME_VOLUME,Driver-customer pair exceeds the 0.9999 trip-count threshold in the active 4-day window.,edge_weight_outlier
d09f0fc3a9e2b713,45f8d9cfc8c4d426,13,0,18.85,129153.84615384616,1679000.0,81000.0,4,2026-07-17,xanh_premium,Thành phố Hà Nội,Thành phố Hà Nội,0.0,47,13,0.2765957446808511,1.0,"234 Đường Lương Thế Vinh, Phường Thanh Xuân, Thành Phố Hà Nội, Việt Nam -> 43 Phố Quán Sứ, Phường Cửa Nam, Thành Phố Hà Nội, Việt Nam",1,0.07692307692307693,12.0,False,15.8,REPEATED_CUSTOMER_DRIVER,KB-C_EXTREME_VOLUME,Driver-customer pair exceeds the 0.9999 trip-count threshold in the active 4-day window.,edge_weight_outlier
d63a72f37a36f49b,3bfe5a6f87f66977,13,0,28.683333333333334,101076.92307692308,1314000.0,76000.0,3,2026-07-17,xanh_premium_just_taxi,Tỉnh Quảng Ngãi,Tỉnh Quảng Ngãi,0.0,25,13,0.52,1.0,"3QPJ+97C, Đường Nguyễn Công, Xã Nghĩa Hành, Tỉnh Quảng Ngãi, Việt Nam ->  KM 133 ĐCT Đà Nẵng – Quảng Ngãi, Hành THuận, Nghĩa Hành, Quảng Ngãi 570000, Việt Nam",1,0.07692307692307693,12.0,False,16.65,REPEATED_CUSTOMER_DRIVER,KB-C_EXTREME_VOLUME,Driver-customer pair exceeds the 0.9999 trip-count threshold in the active 4-day window.,edge_weight_outlier
d6863fbfe87786b9,ba01ba17b5287b6c,13,0,35.21666666666667,116384.61538461539,1513000.0,95000.0,4,2026-07-17,xanh_premium,Tỉnh Hải Dương,Tỉnh Hải Dương,0.0,41,13,0.3170731707317073,1.0,"1 Đường Ngô Quyền, Phường Thành Đông, Thành phố Hải Phòng, Việt Nam -> Hải Dương, Việt Nam",1,0.07692307692307693,12.0,False,15.51,REPEATED_CUSTOMER_DRIVER,KB-C_EXTREME_VOLUME,Driver-customer pair exceeds the 0.9999 trip-count threshold in the active 4-day window.,edge_weight_outlier
d832bfab66915645,144e23d0a77d7d98,13,0,2.6,34000.0,442000.0,0.0,3,2026-07-16,xanh_car,Tỉnh Bình Phước,Tỉnh Bình Phước,0.0,22,13,0.5909090909090909,1.0,"Xã Lộc Tấn, Tỉnh Đồng Nai, Việt Nam -> VJP6+GW8, QL13, Xã Lộc Tấn, Tỉnh Đồng Nai, Việt Nam",2,0.15384615384615385,12.0,True,24.77,REPEATED_CUSTOMER_DRIVER,KB-C_EXTREME_VOLUME,Driver-customer pair exceeds the 0.9999 trip-count threshold in the active 4-day window.,edge_weight_outlier
d93898ea5d8ad3fe,606c509cc9486054,13,0,36.3,130461.53846153847,1696000.0,200000.0,4,2026-07-17,xanh_premium,Tỉnh Thừa Thiên Huế,Tỉnh Thừa Thiên Huế,0.0,42,13,0.30952380952380953,1.0,"2 Đường Bùi Thị Xuân, Phường Thuận Hóa, Thành Phố Huế, Việt Nam -> Phú Hội, Thành phố Huế, Thừa Thiên Huế",1,0.07692307692307693,12.0,False,15.45,REPEATED_CUSTOMER_DRIVER,KB-C_EXTREME_VOLUME,Driver-customer pair exceeds the 0.9999 trip-count threshold in the active 4-day window.,edge_weight_outlier
df0bcb0cae065e0a,1091d8fe768524aa,13,0,99.91666666666667,289923.07692307694,3769000.0,175000.0,4,2026-07-17,xanh_premium,Tỉnh Nam Định,Tỉnh Nam Định,0.0,25,13,0.52,1.0,"27 Đường Ngọa Long, Phường Minh Khai, Quận Bắc Từ Liêm, Thành phố Hà Nội, Việt Nam(UTC+7) -> Thaco - Trường Hải Nam Định, Đại lộ Thiên Trường, Phường Lộc Hòa, Thành phố Nam Định, Tỉnh Nam Định, Việt Nam",1,0.07692307692307693,12.0,False,16.15,REPEATED_CUSTOMER_DRIVER,KB-C_EXTREME_VOLUME,Driver-customer pair exceeds the 0.9999 trip-count threshold in the active 4-day window.,edge_weight_outlier
e8a9558b61958fee,6670e648dda654e3,13,0,18.283333333333335,194846.15384615384,2533000.0,176000.0,4,2026-07-17,xanh_car,Tỉnh Bến Tre,Tỉnh Bến Tre,0.0,28,13,0.4642857142857143,1.0,"Võ Nguyên Giáp, QL60, Ấp 1, Phường Sơn Đông, Vĩnh Long, VNM -> Vĩnh Long",2,0.15384615384615385,12.0,False,17.54,REPEATED_CUSTOMER_DRIVER,KB-C_EXTREME_VOLUME,Driver-customer pair exceeds the 0.9999 trip-count threshold in the active 4-day window.,edge_weight_outlier
eb2296c45810b73e,29191f607e73cf46,13,0,70.5,175076.92307692306,2276000.0,191000.0,4,2026-07-17,xanh_car,Tỉnh Phú Yên,Tỉnh Phú Yên,0.0,16,13,0.8125,1.0,"Phường Phú Yên, Tỉnh Đắk Lắk, Việt Nam -> Xã Phú Hòa 1, Tỉnh Đắk Lắk, Việt Nam",2,0.15384615384615385,12.0,False,18.47,REPEATED_CUSTOMER_DRIVER,KB-C_EXTREME_VOLUME,Driver-customer pair exceeds the 0.9999 trip-count threshold in the active 4-day window.,edge_weight_outlier
ebd6d7f4fb2c9047,8f1182e3640f8c79,13,0,51.6,214153.84615384616,2784000.0,304000.0,4,2026-07-17,xanh_premium,Tỉnh Long An,Tỉnh Long An,0.0,22,13,0.5909090909090909,1.0,"20 Quốc lộ 1, Phường Long An, Tỉnh Tây Ninh, Việt Nam -> 1, Xã Thủ Thừa, Tỉnh Tây Ninh, Việt Nam",1,0.07692307692307693,12.0,False,16.69,REPEATED_CUSTOMER_DRIVER,KB-C_EXTREME_VOLUME,Driver-customer pair exceeds the 0.9999 trip-count threshold in the active 4-day window.,edge_weight_outlier
ee46845547177e94,29eef8652b1ab69e,13,0,30.166666666666668,106384.61538461539,1383000.0,120000.0,4,2026-07-17,xanh_car,Tỉnh Bình Dương,Tỉnh Bình Dương,0.0,20,13,0.65,1.0,"2 Đường Phan Bội Châu, Xã Phú Giáo, Thành phố Hồ Chí Minh, Việt Nam -> location_address_display (0.000000, 0.000000)",1,0.07692307692307693,12.0,False,17.27,REPEATED_CUSTOMER_DRIVER,KB-C_EXTREME_VOLUME,Driver-customer pair exceeds the 0.9999 trip-count threshold in the active 4-day window.,edge_weight_outlier
f6282d84d92f0ed1,a86ab17c2f4cf7e5,13,0,38.56666666666667,252000.0,3276000.0,90000.0,4,2026-07-17,xanh_car_just_taxi,Tỉnh Thái Nguyên,Tỉnh Thái Nguyên,0.0,14,18,0.9285714285714286,0.7222222222222222,"Tỉnh Thái Nguyên -> location_address_display (0.000000, 0.000000)",2,0.15384615384615385,12.0,False,17.89,REPEATED_CUSTOMER_DRIVER,KB-C_EXTREME_VOLUME,Driver-customer pair exceeds the 0.9999 trip-count threshold in the active 4-day window.,edge_weight_outlier
fb84763dc1b1f828,d8205b5f96f89ec4,13,0,23.8,167846.15384615384,2182000.0,201000.0,4,2026-07-17,xanh_premium,Thành phố Hồ Chí Minh,Thành phố Hồ Chí Minh,0.0,27,13,0.48148148148148145,1.0,"204/2 Quốc lộ 13, Phường Bình Thạnh, Thành phố Hồ Chí Minh, Việt Nam -> Khu phố 4, Phường Linh Xuân, Thành phố Hồ Chí Minh, Việt Nam",3,0.23076923076923078,12.0,False,18.14,REPEATED_CUSTOMER_DRIVER,KB-C_EXTREME_VOLUME,Driver-customer pair exceeds the 0.9999 trip-count threshold in the active 4-day window.,edge_weight_outlier
ff73e0bfee082187,afeca0e0087bef27,13,0,83.98333333333333,166307.6923076923,2162000.0,209000.0,4,2026-07-17,xanh_car,Tỉnh Bình Dương,Tỉnh Bình Dương,0.0,21,14,0.6190476190476191,0.9285714285714286,"Phường Phú An, Thành phố Hồ Chí Minh, Việt Nam -> Phường Phú An, Thành phố Hồ Chí Minh, Việt Nam",2,0.15384615384615385,12.0,False,17.1,REPEATED_CUSTOMER_DRIVER,KB-C_EXTREME_VOLUME,Driver-customer pair exceeds the 0.9999 trip-count threshold in the active 4-day window.,edge_weight_outlier
e0b74e9fda5b1515,a19523ae8b17153c,36,36,0.35,116972.22222222222,4211000.0,1041000.0,4,2026-07-17,xanh_car,Thành phố Hồ Chí Minh,Thành phố Hồ Chí Minh,1.0,40,38,0.9,0.9473684210526315,"91 Đường Cầu Xéo, Phường Phú Thọ Hòa, Thành Phố Hồ Chí Minh, Việt Nam -> Đường Pasteur, Phường Sài Gòn, Thành phố Hồ Chí Minh, Việt Nam",9,0.25,12.0,True,77.74,REPEATED_CUSTOMER_DRIVER,KB-C_HIGH_GHOST_RATE,Driver-customer pair has a high share of ghost trips with avg_kmh = 0.,ghost_trip_density
c8ac0f901ef56f58,e2bbf4ab42016f07,31,17,1.5666666666666667,38967.74193548387,1208000.0,48000.0,3,2026-07-17,lado_service_name,Tỉnh Bình Thuận,Tỉnh Bình Thuận,0.5483870967741935,31,34,1.0,0.9117647058823529,"Thôn Bình Tiến, Xã Bắc Bình, Tỉnh Lâm Đồng, Việt Nam -> Lâm Đồng",8,0.25806451612903225,12.0,True,65.84,REPEATED_CUSTOMER_DRIVER,KB-C_HIGH_GHOST_RATE,Driver-customer pair has a high share of ghost trips with avg_kmh = 0.,ghost_trip_density
cb6f08de0b546cd4,059838b33de86e2e,19,19,0.6833333333333333,36631.57894736842,696000.0,76000.0,4,2026-07-17,xanh_limo_6_cho,Thành phố Đà Nẵng,Thành phố Đà Nẵng,1.0,36,19,0.5277777777777778,1.0,"22 Đường Mỹ Khê 4, Phường An Hải, Thành phố Đà Nẵng, Việt Nam -> Phường Ngũ Hành Sơn, Thành phố Đà Nẵng, Việt Nam",4,0.21052631578947367,12.0,True,65.83,REPEATED_CUSTOMER_DRIVER,KB-C_HIGH_GHOST_RATE,Driver-customer pair has a high share of ghost trips with avg_kmh = 0.,ghost_trip_density
c9ce03ce680b2fd7,d938b03bbf02a6df,18,18,0.31666666666666665,116000.0,2088000.0,522000.0,2,2026-07-17,xanh_limo_6_cho,Thành phố Hồ Chí Minh,Thành phố Hồ Chí Minh,1.0,37,46,0.4864864864864865,0.391304347826087,"5A Đường Phạm Hùng Nối Dài, Ấp, Xã Bình Hưng, Thành phố Hồ Chí Minh, Việt Nam -> 92-94 nam kỳ khởi nghĩa, Phường Sài Gòn, Thành phố Hồ Chí Minh",9,0.5,12.0,True,64.89,REPEATED_CUSTOMER_DRIVER,KB-C_HIGH_GHOST_RATE,Driver-customer pair has a high share of ghost trips with avg_kmh = 0.,ghost_trip_density
d69c518bb874969b,cf4ed370c7c89d68,17,11,0.7166666666666667,32941.17647058824,560000.0,0.0,4,2026-07-17,xanh_car,Tỉnh Bình Dương,Tỉnh Bình Dương,0.6470588235294118,33,17,0.5151515151515151,1.0,"Phường Hòa Lợi, Thành phố Hồ Chí Minh, Việt Nam -> Phường Hòa Lợi, Thành phố Hồ Chí Minh, Việt Nam",6,0.35294117647058826,12.0,True,66.02,REPEATED_CUSTOMER_DRIVER,KB-C_HIGH_GHOST_RATE,Driver-customer pair has a high share of ghost trips with avg_kmh = 0.,ghost_trip_density
8d2a5bfc65173907,3dad95a30c806f59,17,10,3.9833333333333334,28823.529411764706,490000.0,22000.0,2,2026-07-17,xanh_car,Tỉnh Thanh Hóa,Tỉnh Thanh Hóa,0.5882352941176471,42,17,0.40476190476190477,1.0,"4 Đường Cộng Hòa, Xã An Khánh, Thành Phố Hà Nội, Việt Nam -> Xã An Khánh, Thành Phố Hà Nội, Việt Nam",1,0.058823529411764705,12.0,True,47.06,REPEATED_CUSTOMER_DRIVER,KB-C_HIGH_GHOST_RATE,Driver-customer pair has a high share of ghost trips with avg_kmh = 0.,ghost_trip_density
127dc7f8b4d33fcc,c456e2066f2cceda,17,7,31.016666666666666,263117.64705882355,4473000.0,464000.0,4,2026-07-17,xanh_premium,Tỉnh Bình Phước,Tỉnh Bình Phước,0.4117647058823529,21,18,0.8095238095238095,0.9444444444444444,"Xã Long Hà, Tỉnh Đồng Nai, Việt Nam -> Đồng Nai",2,0.11764705882352941,12.0,True,37.66,REPEATED_CUSTOMER_DRIVER,KB-C_HIGH_GHOST_RATE,Driver-customer pair has a high share of ghost trips with avg_kmh = 0.,ghost_trip_density
7622ac93ab222bda,8c495cb7d86f66e0,16,15,0.7166666666666667,31000.0,496000.0,8000.0,3,2026-07-16,xanh_car,Tỉnh Long An,Tỉnh Long An,0.9375,20,16,0.8,1.0,"Khu Phố 8, Xã Tân An Hội, Thành phố Hồ Chí Minh, Việt Nam -> giáp hải, Xã Tân An Hội, Thành phố Hồ Chí Minh",3,0.1875,12.0,True,65.21,REPEATED_CUSTOMER_DRIVER,KB-C_HIGH_GHOST_RATE,Driver-customer pair has a high share of ghost trips with avg_kmh = 0.,ghost_trip_density
065c763e856f1601,d4451c264d27d378,16,12,41.8,235437.5,3767000.0,276000.0,4,2026-07-17,xanh_premium,Tỉnh Lào Cai,Tỉnh Lào Cai,0.75,20,16,0.8,1.0,"Xã Võ Lao, Tỉnh Lào Cai, Việt Nam -> Lào Cai",3,0.1875,12.0,True,45.69,REPEATED_CUSTOMER_DRIVER,KB-C_HIGH_GHOST_RATE,Driver-customer pair has a high share of ghost trips with avg_kmh = 0.,ghost_trip_density
3d4bc7664a63f64e,27d97ab4af6b5c26,16,5,18.216666666666665,165000.0,2640000.0,312000.0,4,2026-07-17,xanh_premium,Tỉnh Thừa Thiên Huế,Tỉnh Thừa Thiên Huế,0.3125,33,16,0.48484848484848486,1.0,"Phường Phong Dinh, Thành phố Huế, Việt Nam -> Quảng Trị",1,0.0625,12.0,True,31.5,REPEATED_CUSTOMER_DRIVER,KB-C_HIGH_GHOST_RATE,Driver-customer pair has a high share of ghost trips with avg_kmh = 0.,ghost_trip_density
07b48acb0c535a99,89cb3800ad24bd8a,15,14,0.3,116000.0,1740000.0,432000.0,2,2026-07-16,xanh_limo_6_cho,Thành phố Hồ Chí Minh,Thành phố Hồ Chí Minh,0.9333333333333333,65,15,0.23076923076923078,1.0,"92-94 nam kỳ khởi nghĩa, Phường Sài Gòn, Thành phố Hồ Chí Minh -> Xã Bình Hưng, Thành phố Hồ Chí Minh",8,0.5333333333333333,12.0,True,65.24,REPEATED_CUSTOMER_DRIVER,KB-C_HIGH_GHOST_RATE,Driver-customer pair has a high share of ghost trips with avg_kmh = 0.,ghost_trip_density
590bdf54de4d3902,711a624edf8af675,15,11,20.666666666666668,78600.0,1179000.0,152000.0,4,2026-07-17,xanh_car,Tỉnh Quảng Ngãi,Tỉnh Quảng Ngãi,0.7333333333333333,31,17,0.4838709677419355,0.8823529411764706,"Phường Trương Quang Trọng, Tỉnh Quảng Ngãi, Việt Nam -> 246 Đường Phan Bội Châu, Phường Cẩm Thành, Tỉnh Quảng Ngãi, Việt Nam",2,0.13333333333333333,12.0,True,42.88,REPEATED_CUSTOMER_DRIVER,KB-C_HIGH_GHOST_RATE,Driver-customer pair has a high share of ghost trips with avg_kmh = 0.,ghost_trip_density
6016c3c1fb5d2f5a,56e460362800559a,15,11,14.633333333333333,110400.0,1656000.0,156000.0,4,2026-07-17,xanh_car,Tỉnh Ninh Bình,Tỉnh Ninh Bình,0.7333333333333333,20,16,0.75,0.9375,"Phường Hoa Lư, Tỉnh Ninh Bình, Việt Nam -> Phường Hoa Lư, Tỉnh Ninh Bình, Việt Nam",2,0.13333333333333333,12.0,True,44.89,REPEATED_CUSTOMER_DRIVER,KB-C_HIGH_GHOST_RATE,Driver-customer pair has a high share of ghost trips with avg_kmh = 0.,ghost_trip_density
0f2aea22548ff1dd,0912db1a6ebf8c8f,15,10,18.85,140200.0,2103000.0,379000.0,4,2026-07-17,xanh_premium,Tỉnh Lào Cai,Tỉnh Lào Cai,0.6666666666666666,41,16,0.36585365853658536,0.9375,"Phường Lào Cai, Tỉnh Lào Cai, Việt Nam -> Lào Cai",2,0.13333333333333333,12.0,True,42.66,REPEATED_CUSTOMER_DRIVER,KB-C_HIGH_GHOST_RATE,Driver-customer pair has a high share of ghost trips with avg_kmh = 0.,ghost_trip_density
11fc357296214268,d8a9ac96ff7d8c18,15,6,2.8833333333333333,139533.33333333334,2093000.0,562000.0,4,2026-07-17,xanh_car,Thành phố Hồ Chí Minh,Thành phố Hồ Chí Minh,0.4,43,18,0.3488372093023256,0.8333333333333334,"1/1 Đường Trường Chinh, Phường Tây Thạnh, Thành phố Hồ Chí Minh, Việt Nam -> 92-94 nam kỳ khởi nghĩa, Phường Sài Gòn, Thành phố Hồ Chí Minh",4,0.26666666666666666,12.0,True,40.93,REPEATED_CUSTOMER_DRIVER,KB-C_HIGH_GHOST_RATE,Driver-customer pair has a high share of ghost trips with avg_kmh = 0.,ghost_trip_density
b5d1bbee8ad1e4bf,fb2d8233b4054fc8,15,6,2.7666666666666666,252000.0,3780000.0,612000.0,3,2026-07-17,xanh_limo_6_cho,Thành phố Hà Nội,Thành phố Hà Nội,0.4,15,17,1.0,0.8823529411764706,"308 Đường Tỉnh 308, Xã Tiến Thắng, Thành phố Hà Nội, Việt Nam -> Quốc lộ 2A, Xã Sóc Sơn, Thành phố Hà Nội, Việt Nam",1,0.06666666666666667,12.0,True,42.72,REPEATED_CUSTOMER_DRIVER,KB-C_HIGH_GHOST_RATE,Driver-customer pair has a high share of ghost trips with avg_kmh = 0.,ghost_trip_density
029c527405d359e5,ee101b9cc24de36e,15,5,37.766666666666666,178866.66666666666,2683000.0,324000.0,4,2026-07-17,xanh_premium,Tỉnh Thừa Thiên Huế,Tỉnh Thừa Thiên Huế,0.3333333333333333,36,16,0.4166666666666667,0.9375,"174 Bà Triệu, Phường Thuận Hóa, Thành phố Huế, VNM -> H. Phú Vang, P.Thuận An, TP.Huế, 49000, Vietnam",1,0.06666666666666667,12.0,True,30.61,REPEATED_CUSTOMER_DRIVER,KB-C_HIGH_GHOST_RATE,Driver-customer pair has a high share of ghost trips with avg_kmh = 0.,ghost_trip_density
6aea7fd274fc9d28,7596cc0493e73321,14,14,0.8333333333333334,52928.57142857143,741000.0,84000.0,4,2026-07-17,xanh_car,Thành phố Hồ Chí Minh,Thành phố Hồ Chí Minh,1.0,30,16,0.4666666666666667,0.875,"nguyễn xiển, Phường Long Bình, Thành phố Hồ Chí Minh -> NXNP 24 Vinhome Grand Park Đường Nguyễn Xiển – Long Phước, Phường Long Bình, Thành phố Hồ Chí Minh, Việt Nam",3,0.21428571428571427,12.0,True,62.02,REPEATED_CUSTOMER_DRIVER,KB-C_HIGH_GHOST_RATE,Driver-customer pair has a high share of ghost trips with avg_kmh = 0.,ghost_trip_density
82b2cc73405e8687,cbd055fc57409cb9,14,13,0.5,35785.71428571428,501000.0,0.0,3,2026-07-16,xanh_limo_6_cho,Tỉnh Bắc Ninh,Tỉnh Bắc Ninh,0.9285714285714286,15,14,0.9333333333333333,1.0,"7 Đường Quang Trung, Phường Trần Hưng Đạo, Tỉnh Hưng Yên, Việt Nam -> Đường Trần Hưng Đạo, Phường Thái Bình, Tỉnh Hưng Yên, Việt Nam",2,0.14285714285714285,12.0,True,64.26,REPEATED_CUSTOMER_DRIVER,KB-C_HIGH_GHOST_RATE,Driver-customer pair has a high share of ghost trips with avg_kmh = 0.,ghost_trip_density
1f0f4372b9c9ff4f,3474b5368d3ce5c3,14,5,3.6166666666666667,18857.14285714286,264000.0,0.0,4,2026-07-17,xanhsm_bike_hn,Thành phố Hà Nội,Thành phố Hà Nội,0.35714285714285715,67,14,0.208955223880597,1.0,"27-29 Ngõ 25 Đường Vạn Phúc, Phường Hà Đông, Thành phố Hà Nội, VNM -> Phường Đại Mỗ, Thành Phố Hà Nội, Việt Nam",1,0.07142857142857142,12.0,True,35.34,REPEATED_CUSTOMER_DRIVER,KB-C_HIGH_GHOST_RATE,Driver-customer pair has a high share of ghost trips with avg_kmh = 0.,ghost_trip_density
62147df766261018,dfe52136c9ce4617,13,10,89.96666666666667,171576.92307692306,2230500.0,156000.0,4,2026-07-17,xanh_premium,Tỉnh Thái Nguyên,Tỉnh Thái Nguyên,0.7692307692307693,22,13,0.5909090909090909,1.0,"Thái Nguyên -> Cửa Hàng Quần Áo Bảo Trân, Phường Vạn Xuân, Tỉnh Thái Nguyên, Việt Nam",3,0.23076923076923078,12.0,True,43.07,REPEATED_CUSTOMER_DRIVER,KB-C_HIGH_GHOST_RATE,Driver-customer pair has a high share of ghost trips with avg_kmh = 0.,ghost_trip_density
a44961db886bba15,6776db9fdc2b706c,13,10,35.35,93461.53846153847,1215000.0,91000.0,4,2026-07-17,xanh_premium,Tỉnh Quảng Ngãi,Tỉnh Quảng Ngãi,0.7692307692307693,28,32,0.4642857142857143,0.40625,"1 Nguyễn Văn Linh Quảng Ngãi -> Phường Nghĩa Lộ, Tỉnh Quảng Ngãi, Việt Nam",4,0.3076923076923077,12.0,True,40.58,REPEATED_CUSTOMER_DRIVER,KB-C_HIGH_GHOST_RATE,Driver-customer pair has a high share of ghost trips with avg_kmh = 0.,ghost_trip_density
3fef01f339580995,918287a41b752cae,13,8,28.4,174615.38461538462,2270000.0,282000.0,3,2026-07-17,xanh_limo_6_cho,Thành phố Đà Nẵng,Thành phố Đà Nẵng,0.6153846153846154,25,13,0.52,1.0,"19 Đường Trường Sa, Phường Ngũ Hành Sơn, Thành phố Đà Nẵng, Việt Nam -> Phường Hải Châu, Thành phố Đà Nẵng, Việt Nam",1,0.07692307692307693,12.0,True,41.66,REPEATED_CUSTOMER_DRIVER,KB-C_HIGH_GHOST_RATE,Driver-customer pair has a high share of ghost trips with avg_kmh = 0.,ghost_trip_density
88f273294e0f8aac,af27cb60984cf34a,13,8,1.55,46461.53846153846,604000.0,0.0,4,2026-07-17,xanh_car,Tỉnh Bà Rịa - Vũng Tàu,Tỉnh Bà Rịa - Vũng Tàu,0.6153846153846154,23,13,0.5652173913043478,1.0,"Xã Phước Hải, Thành Phố Hồ Chí Minh, Việt Nam -> ĐT 44A, Xã Phước Hải, Thành Phố Hồ Chí Minh, Việt Nam",3,0.23076923076923078,12.0,True,55.62,REPEATED_CUSTOMER_DRIVER,KB-C_HIGH_GHOST_RATE,Driver-customer pair has a high share of ghost trips with avg_kmh = 0.,ghost_trip_density
b6b7363ef981f1ad,17ad35f156c90372,13,8,19.2,162615.38461538462,2114000.0,302000.0,4,2026-07-17,xanh_premium,Tỉnh Thanh Hóa,Tỉnh Thanh Hóa,0.6153846153846154,31,13,0.41935483870967744,1.0,"206 Đường Văn Tiến Dũng, Phường Tào Xuyên, Thành phố Thanh Hóa, Tỉnh Thanh Hóa, Việt Nam -> Hà Trung, Thanh Hóa",1,0.07692307692307693,12.0,True,41.49,REPEATED_CUSTOMER_DRIVER,KB-C_HIGH_GHOST_RATE,Driver-customer pair has a high share of ghost trips with avg_kmh = 0.,ghost_trip_density
760fba8856026e48,278434230a67d603,13,6,47.666666666666664,39076.92307692308,508000.0,0.0,4,2026-07-17,xanh_car,Tỉnh Ninh Bình,Tỉnh Ninh Bình,0.46153846153846156,27,13,0.48148148148148145,1.0,"Phường Hoa Lư, Tỉnh Ninh Bình, Việt Nam -> Phường Hoa Lư, Tỉnh Ninh Bình, Việt Nam",2,0.15384615384615385,12.0,True,36.18,REPEATED_CUSTOMER_DRIVER,KB-C_HIGH_GHOST_RATE,Driver-customer pair has a high share of ghost trips with avg_kmh = 0.,ghost_trip_density
652280701c4d0c32,0cb58995c54abba0,64,5,0.9,12390.625,793000.0,9000.0,4,2026-07-17,xanhsm_bike_sg,Thành phố Hồ Chí Minh,Thành phố Hồ Chí Minh,0.078125,130,64,0.49230769230769234,1.0,"Phường Linh Xuân, Thành phố Hồ Chí Minh, Việt Nam -> Phường Linh Xuân, Thành phố Hồ Chí Minh, Việt Nam",6,0.09375,12.0,True,66.65,REPEATED_CUSTOMER_DRIVER,KB-C_SUPERFAST_GAP,Driver-customer pair creates consecutive trips too quickly to look operationally normal.,temporal_turnaround
e0b74e9fda5b1515,a19523ae8b17153c,36,36,0.35,116972.22222222222,4211000.0,1041000.0,4,2026-07-17,xanh_car,Thành phố Hồ Chí Minh,Thành phố Hồ Chí Minh,1.0,40,38,0.9,0.9473684210526315,"91 Đường Cầu Xéo, Phường Phú Thọ Hòa, Thành Phố Hồ Chí Minh, Việt Nam -> Đường Pasteur, Phường Sài Gòn, Thành phố Hồ Chí Minh, Việt Nam",9,0.25,12.0,True,77.74,REPEATED_CUSTOMER_DRIVER,KB-C_SUPERFAST_GAP,Driver-customer pair creates consecutive trips too quickly to look operationally normal.,temporal_turnaround
730d8a7145a50272,1a2fbde4f7fe5c8d,34,0,1.4333333333333333,78617.64705882352,2673000.0,285000.0,4,2026-07-17,xanh_premium_meter,Tỉnh Thái Bình,Tỉnh Thái Bình,0.0,63,34,0.5396825396825397,1.0,"530A Đường Lý Bôn, Phường Trần Hưng Đạo, Tỉnh Hưng Yên, Việt Nam -> 460 Đường Lý Bôn, Phường Trần Hưng Đạo, Tỉnh Hưng Yên, Việt Nam",2,0.058823529411764705,12.0,True,42.07,REPEATED_CUSTOMER_DRIVER,KB-C_SUPERFAST_GAP,Driver-customer pair creates consecutive trips too quickly to look operationally normal.,temporal_turnaround
c8ac0f901ef56f58,e2bbf4ab42016f07,31,17,1.5666666666666667,38967.74193548387,1208000.0,48000.0,3,2026-07-17,lado_service_name,Tỉnh Bình Thuận,Tỉnh Bình Thuận,0.5483870967741935,31,34,1.0,0.9117647058823529,"Thôn Bình Tiến, Xã Bắc Bình, Tỉnh Lâm Đồng, Việt Nam -> Lâm Đồng",8,0.25806451612903225,12.0,True,65.84,REPEATED_CUSTOMER_DRIVER,KB-C_SUPERFAST_GAP,Driver-customer pair creates consecutive trips too quickly to look operationally normal.,temporal_turnaround
7befb7ce8e219542,73ff5ba45a062901,23,5,1.3,44956.52173913043,1034000.0,85000.0,4,2026-07-17,xanh_premium,Thành phố Hà Nội,Thành phố Hà Nội,0.21739130434782608,39,23,0.5897435897435898,1.0,"15 Đường Phạm Hùng, Phường Cầu Giấy, Thành Phố Hà Nội, Việt Nam -> 144 Đường Xuân Thủy, Phường Nghĩa Đô, Thành Phố Hà Nội, Việt Nam",1,0.043478260869565216,12.0,True,46.24,REPEATED_CUSTOMER_DRIVER,KB-C_SUPERFAST_GAP,Driver-customer pair creates consecutive trips too quickly to look operationally normal.,temporal_turnaround
a8d353522cb0b70a,6b064c925f03dd1b,23,0,2.9166666666666665,36391.30434782609,837000.0,120000.0,4,2026-07-17,xanh_premium,Tỉnh Nam Định,Tỉnh Nam Định,0.0,38,23,0.6052631578947368,1.0,"Xã Hải Hưng, Tỉnh Ninh Bình, Việt Nam -> Xã Hải Hưng, Tỉnh Ninh Bình, Việt Nam",5,0.21739130434782608,12.0,True,30.47,REPEATED_CUSTOMER_DRIVER,KB-C_SUPERFAST_GAP,Driver-customer pair creates consecutive trips too quickly to look operationally normal.,temporal_turnaround
cba9f83e8f52d6dc,285f905f8f9f4caa,23,0,2.5166666666666666,30000.0,690000.0,0.0,4,2026-07-17,xanh_car,Tỉnh Ninh Bình,Tỉnh Ninh Bình,0.0,28,23,0.8214285714285714,1.0,"Phường Trung Sơn, Tỉnh Ninh Bình, Việt Nam -> Phường Trung Sơn, Tỉnh Ninh Bình, Việt Nam",9,0.391304347826087,12.0,True,34.38,REPEATED_CUSTOMER_DRIVER,KB-C_SUPERFAST_GAP,Driver-customer pair creates consecutive trips too quickly to look operationally normal.,temporal_turnaround
ea40a28abaa9b11d,47883e2ef0e6174d,21,0,3.7333333333333334,45761.90476190476,961000.0,115000.0,4,2026-07-17,xanh_premium,Thành phố Hà Nội,Thành phố Hà Nội,0.0,49,32,0.42857142857142855,0.65625,"Phường Tây Mỗ, Thành Phố Hà Nội, Việt Nam -> Phường Tây Mỗ, Thành Phố Hà Nội, Việt Nam",2,0.09523809523809523,12.0,True,23.98,REPEATED_CUSTOMER_DRIVER,KB-C_SUPERFAST_GAP,Driver-customer pair creates consecutive trips too quickly to look operationally normal.,temporal_turnaround
cb6f08de0b546cd4,059838b33de86e2e,19,19,0.6833333333333333,36631.57894736842,696000.0,76000.0,4,2026-07-17,xanh_limo_6_cho,Thành phố Đà Nẵng,Thành phố Đà Nẵng,1.0,36,19,0.5277777777777778,1.0,"22 Đường Mỹ Khê 4, Phường An Hải, Thành phố Đà Nẵng, Việt Nam -> Phường Ngũ Hành Sơn, Thành phố Đà Nẵng, Việt Nam",4,0.21052631578947367,12.0,True,65.83,REPEATED_CUSTOMER_DRIVER,KB-C_SUPERFAST_GAP,Driver-customer pair creates consecutive trips too quickly to look operationally normal.,temporal_turnaround
6db042c5dd3c1ac2,cd4eb772a03a76c9,19,1,1.5333333333333334,23789.473684210527,452000.0,0.0,3,2026-07-16,xanh_premium,Tỉnh Quảng Ngãi,Tỉnh Quảng Ngãi,0.05263157894736842,19,19,1.0,1.0,"Xã Đông Sơn, Tỉnh Quảng Ngãi, Việt Nam -> Xã Đông Sơn, Tỉnh Quảng Ngãi, Việt Nam",3,0.15789473684210525,12.0,True,37.9,REPEATED_CUSTOMER_DRIVER,KB-C_SUPERFAST_GAP,Driver-customer pair creates consecutive trips too quickly to look operationally normal.,temporal_turnaround
8b2774ab97315ac7,80213f13fd005fb2,19,0,1.5333333333333334,39157.89473684211,744000.0,24000.0,3,2026-07-17,xanh_premium,Thành phố Hồ Chí Minh,Thành phố Hồ Chí Minh,0.0,20,19,0.95,1.0,"Phường Linh Xuân, Thành Phố Hồ Chí Minh, Việt Nam -> 26/14 Đường Kha Vạn Cân, Khu phố Bình Đường 2, Phường Linh Xuân, Thành phố Hồ Chí Minh, Việt Nam",2,0.10526315789473684,12.0,True,34.93,REPEATED_CUSTOMER_DRIVER,KB-C_SUPERFAST_GAP,Driver-customer pair creates consecutive trips too quickly to look operationally normal.,temporal_turnaround
c9ce03ce680b2fd7,d938b03bbf02a6df,18,18,0.31666666666666665,116000.0,2088000.0,522000.0,2,2026-07-17,xanh_limo_6_cho,Thành phố Hồ Chí Minh,Thành phố Hồ Chí Minh,1.0,37,46,0.4864864864864865,0.391304347826087,"5A Đường Phạm Hùng Nối Dài, Ấp, Xã Bình Hưng, Thành phố Hồ Chí Minh, Việt Nam -> 92-94 nam kỳ khởi nghĩa, Phường Sài Gòn, Thành phố Hồ Chí Minh",9,0.5,12.0,True,64.89,REPEATED_CUSTOMER_DRIVER,KB-C_SUPERFAST_GAP,Driver-customer pair creates consecutive trips too quickly to look operationally normal.,temporal_turnaround
9292c8471f83af23,0b6b162edb7bdeff,18,1,2.466666666666667,14000.0,252000.0,35000.0,1,2026-07-17,xanhsm_bike_hn,Thành phố Cần Thơ,Thành phố Cần Thơ,0.05555555555555555,40,18,0.45,1.0,"106 Đường Cách Mạng Tháng 8, Phường Cái Khế, Thành phố Cần Thơ, Việt Nam -> Phường Ninh Kiều, Thành phố Cần Thơ, Việt Nam",1,0.05555555555555555,12.0,True,28.73,REPEATED_CUSTOMER_DRIVER,KB-C_SUPERFAST_GAP,Driver-customer pair creates consecutive trips too quickly to look operationally normal.,temporal_turnaround
5dd78d9a81cbed8f,b17fc5490aa266e4,18,0,2.75,31555.555555555555,568000.0,517000.0,3,2026-07-17,xanh_car,Thành phố Hà Nội,Thành phố Hà Nội,0.0,45,18,0.4,1.0,"Thành phố Hà Nội -> Đường Thụy Lôi, Xã Thư Lâm, Thành phố Hà Nội, Việt Nam",3,0.16666666666666666,12.0,True,26.44,REPEATED_CUSTOMER_DRIVER,KB-C_SUPERFAST_GAP,Driver-customer pair creates consecutive trips too quickly to look operationally normal.,temporal_turnaround
83d08e845496ece2,a71f06019bfe3ede,18,0,2.25,81777.77777777778,1472000.0,227000.0,2,2026-07-16,xanh_premium,Thành phố Hồ Chí Minh,Thành phố Hồ Chí Minh,0.0,65,18,0.27692307692307694,1.0,"Phường Sài Gòn, Thành phố Hồ Chí Minh, Việt Nam -> Đường Pasteur, Phường Sài Gòn, Thành phố Hồ Chí Minh, Việt Nam",2,0.1111111111111111,12.0,True,26.88,REPEATED_CUSTOMER_DRIVER,KB-C_SUPERFAST_GAP,Driver-customer pair creates consecutive trips too quickly to look operationally normal.,temporal_turnaround
d69c518bb874969b,cf4ed370c7c89d68,17,11,0.7166666666666667,32941.17647058824,560000.0,0.0,4,2026-07-17,xanh_car,Tỉnh Bình Dương,Tỉnh Bình Dương,0.6470588235294118,33,17,0.5151515151515151,1.0,"Phường Hòa Lợi, Thành phố Hồ Chí Minh, Việt Nam -> Phường Hòa Lợi, Thành phố Hồ Chí Minh, Việt Nam",6,0.35294117647058826,12.0,True,66.02,REPEATED_CUSTOMER_DRIVER,KB-C_SUPERFAST_GAP,Driver-customer pair creates consecutive trips too quickly to look operationally normal.,temporal_turnaround
8d2a5bfc65173907,3dad95a30c806f59,17,10,3.9833333333333334,28823.529411764706,490000.0,22000.0,2,2026-07-17,xanh_car,Tỉnh Thanh Hóa,Tỉnh Thanh Hóa,0.5882352941176471,42,17,0.40476190476190477,1.0,"4 Đường Cộng Hòa, Xã An Khánh, Thành Phố Hà Nội, Việt Nam -> Xã An Khánh, Thành Phố Hà Nội, Việt Nam",1,0.058823529411764705,12.0,True,47.06,REPEATED_CUSTOMER_DRIVER,KB-C_SUPERFAST_GAP,Driver-customer pair creates consecutive trips too quickly to look operationally normal.,temporal_turnaround
7622ac93ab222bda,8c495cb7d86f66e0,16,15,0.7166666666666667,31000.0,496000.0,8000.0,3,2026-07-16,xanh_car,Tỉnh Long An,Tỉnh Long An,0.9375,20,16,0.8,1.0,"Khu Phố 8, Xã Tân An Hội, Thành phố Hồ Chí Minh, Việt Nam -> giáp hải, Xã Tân An Hội, Thành phố Hồ Chí Minh",3,0.1875,12.0,True,65.21,REPEATED_CUSTOMER_DRIVER,KB-C_SUPERFAST_GAP,Driver-customer pair creates consecutive trips too quickly to look operationally normal.,temporal_turnaround
11e4996e955e9754,c74aa8d733e635a5,16,0,2.4,38375.0,614000.0,64000.0,2,2026-07-16,xanh_premium,Tỉnh Nam Định,Tỉnh Nam Định,0.0,22,16,0.7272727272727273,1.0,"106 Đường Hoàng Quốc Việt, Phường Nghĩa Đô, Thành Phố Hà Nội, Việt Nam -> Phường Nghĩa Đô, Thành Phố Hà Nội, Việt Nam",1,0.0625,12.0,True,26.93,REPEATED_CUSTOMER_DRIVER,KB-C_SUPERFAST_GAP,Driver-customer pair creates consecutive trips too quickly to look operationally normal.,temporal_turnaround
7afd4c3507395b2f,b235143704083232,16,0,3.183333333333333,20187.5,323000.0,0.0,4,2026-07-17,xanh_premium,Tỉnh Hòa Bình,Tỉnh Hòa Bình,0.0,21,16,0.7619047619047619,1.0,"Xã Mai Châu, Tỉnh Phú Thọ, Việt Nam -> Xã Mai Châu, Tỉnh Phú Thọ, Việt Nam",5,0.3125,12.0,True,27.55,REPEATED_CUSTOMER_DRIVER,KB-C_SUPERFAST_GAP,Driver-customer pair creates consecutive trips too quickly to look operationally normal.,temporal_turnaround
c26d5e1ba3d4223d,9ccc0d1c99461348,16,0,4.316666666666666,131187.5,2099000.0,366000.0,4,2026-07-17,xanh_premium,Thành phố Hồ Chí Minh,Thành phố Hồ Chí Minh,0.0,78,16,0.20512820512820512,1.0,"133 Nguyễn Huệ, Phường Sài Gòn, Thành phố Hồ Chí Minh, VNM -> P.Bến Thành, Q.1, Hồ Chí Minh",1,0.0625,12.0,True,20.62,REPEATED_CUSTOMER_DRIVER,KB-C_SUPERFAST_GAP,Driver-customer pair creates consecutive trips too quickly to look operationally normal.,temporal_turnaround
dd9701b7a5e51c8e,b8a77214db2d345e,16,0,4.666666666666667,94125.0,1506000.0,122000.0,3,2026-07-17,xanh_car,Tỉnh Bà Rịa - Vũng Tàu,Tỉnh Bà Rịa - Vũng Tàu,0.0,39,16,0.41025641025641024,1.0,"111 Đường Trần Hưng Đạo, Phường Bà Rịa, Thành phố Hồ Chí Minh, Việt Nam -> 227 Đường Cách Mạng Tháng 8, Phường Bà Rịa, Thành phố Hồ Chí Minh, Việt Nam",1,0.0625,12.0,True,21.3,REPEATED_CUSTOMER_DRIVER,KB-C_SUPERFAST_GAP,Driver-customer pair creates consecutive trips too quickly to look operationally normal.,temporal_turnaround
07b48acb0c535a99,89cb3800ad24bd8a,15,14,0.3,116000.0,1740000.0,432000.0,2,2026-07-16,xanh_limo_6_cho,Thành phố Hồ Chí Minh,Thành phố Hồ Chí Minh,0.9333333333333333,65,15,0.23076923076923078,1.0,"92-94 nam kỳ khởi nghĩa, Phường Sài Gòn, Thành phố Hồ Chí Minh -> Xã Bình Hưng, Thành phố Hồ Chí Minh",8,0.5333333333333333,12.0,True,65.24,REPEATED_CUSTOMER_DRIVER,KB-C_SUPERFAST_GAP,Driver-customer pair creates consecutive trips too quickly to look operationally normal.,temporal_turnaround
11fc357296214268,d8a9ac96ff7d8c18,15,6,2.8833333333333333,139533.33333333334,2093000.0,562000.0,4,2026-07-17,xanh_car,Thành phố Hồ Chí Minh,Thành phố Hồ Chí Minh,0.4,43,18,0.3488372093023256,0.8333333333333334,"1/1 Đường Trường Chinh, Phường Tây Thạnh, Thành phố Hồ Chí Minh, Việt Nam -> 92-94 nam kỳ khởi nghĩa, Phường Sài Gòn, Thành phố Hồ Chí Minh",4,0.26666666666666666,12.0,True,40.93,REPEATED_CUSTOMER_DRIVER,KB-C_SUPERFAST_GAP,Driver-customer pair creates consecutive trips too quickly to look operationally normal.,temporal_turnaround
b5d1bbee8ad1e4bf,fb2d8233b4054fc8,15,6,2.7666666666666666,252000.0,3780000.0,612000.0,3,2026-07-17,xanh_limo_6_cho,Thành phố Hà Nội,Thành phố Hà Nội,0.4,15,17,1.0,0.8823529411764706,"308 Đường Tỉnh 308, Xã Tiến Thắng, Thành phố Hà Nội, Việt Nam -> Quốc lộ 2A, Xã Sóc Sơn, Thành phố Hà Nội, Việt Nam",1,0.06666666666666667,12.0,True,42.72,REPEATED_CUSTOMER_DRIVER,KB-C_SUPERFAST_GAP,Driver-customer pair creates consecutive trips too quickly to look operationally normal.,temporal_turnaround
14656b606b45cae8,c47229597888f7ef,15,0,3.5,33466.666666666664,502000.0,51000.0,4,2026-07-17,xanh_car,Tỉnh Long An,Tỉnh Long An,0.0,36,15,0.4166666666666667,1.0,"2272 Đường Phạm Thế Hiển, Phường Bình Đông, Thành phố Hồ Chí Minh, Việt Nam -> Phường Bình Đông, Thành Phố Hồ Chí Minh, Việt Nam",1,0.06666666666666667,12.0,True,22.21,REPEATED_CUSTOMER_DRIVER,KB-C_SUPERFAST_GAP,Driver-customer pair creates consecutive trips too quickly to look operationally normal.,temporal_turnaround
7857ed6bd95a63a1,e703c61eae2edc1f,15,0,4.316666666666666,50933.333333333336,764000.0,36000.0,4,2026-07-17,xanh_premium,Thành phố Hà Nội,Thành phố Hà Nội,0.0,42,15,0.35714285714285715,1.0,"1 Đường Lê Đức Thọ, Phường Từ Liêm, Thành Phố Hà Nội, Việt Nam -> Phường Từ Liêm, Thành Phố Hà Nội, Việt Nam",2,0.13333333333333333,12.0,True,21.5,REPEATED_CUSTOMER_DRIVER,KB-C_SUPERFAST_GAP,Driver-customer pair creates consecutive trips too quickly to look operationally normal.,temporal_turnaround
7e81267e27eedf95,27e1e70114f032c9,15,0,4.583333333333333,34000.0,510000.0,54000.0,4,2026-07-17,xanh_premium,Tỉnh Ninh Bình,Tỉnh Ninh Bình,0.0,24,15,0.625,1.0,"Phường Trung Sơn, Tỉnh Ninh Bình, Việt Nam -> Phường Trung Sơn, Tỉnh Ninh Bình, Việt Nam",6,0.4,12.0,True,25.24,REPEATED_CUSTOMER_DRIVER,KB-C_SUPERFAST_GAP,Driver-customer pair creates consecutive trips too quickly to look operationally normal.,temporal_turnaround
a8d353522cb0b70a,627c630c7b3b8633,15,0,3.433333333333333,36200.0,543000.0,47000.0,4,2026-07-17,xanh_premium,Tỉnh Nam Định,Tỉnh Nam Định,0.0,38,15,0.39473684210526316,1.0,"Xã Hải Hưng, Tỉnh Ninh Bình, Việt Nam -> Xã Hải Hưng, Tỉnh Ninh Bình, Việt Nam",4,0.26666666666666666,12.0,True,24.22,REPEATED_CUSTOMER_DRIVER,KB-C_SUPERFAST_GAP,Driver-customer pair creates consecutive trips too quickly to look operationally normal.,temporal_turnaround
d12f804924315002,612419bc5cf38756,15,0,3.8,156200.0,2343000.0,79000.0,4,2026-07-17,xanh_premium,Tỉnh Khánh Hòa,Tỉnh Khánh Hòa,0.0,21,26,0.7142857142857143,0.5769230769230769,"Phường Nam Nha Trang, Tỉnh Khánh Hòa, Việt Nam -> Phường Nam Nha Trang, Tỉnh Khánh Hòa, Việt Nam",2,0.13333333333333333,12.0,True,21.8,REPEATED_CUSTOMER_DRIVER,KB-C_SUPERFAST_GAP,Driver-customer pair creates consecutive trips too quickly to look operationally normal.,temporal_turnaround
6aea7fd274fc9d28,7596cc0493e73321,14,14,0.8333333333333334,52928.57142857143,741000.0,84000.0,4,2026-07-17,xanh_car,Thành phố Hồ Chí Minh,Thành phố Hồ Chí Minh,1.0,30,16,0.4666666666666667,0.875,"nguyễn xiển, Phường Long Bình, Thành phố Hồ Chí Minh -> NXNP 24 Vinhome Grand Park Đường Nguyễn Xiển – Long Phước, Phường Long Bình, Thành phố Hồ Chí Minh, Việt Nam",3,0.21428571428571427,12.0,True,62.02,REPEATED_CUSTOMER_DRIVER,KB-C_SUPERFAST_GAP,Driver-customer pair creates consecutive trips too quickly to look operationally normal.,temporal_turnaround
82b2cc73405e8687,cbd055fc57409cb9,14,13,0.5,35785.71428571428,501000.0,0.0,3,2026-07-16,xanh_limo_6_cho,Tỉnh Bắc Ninh,Tỉnh Bắc Ninh,0.9285714285714286,15,14,0.9333333333333333,1.0,"7 Đường Quang Trung, Phường Trần Hưng Đạo, Tỉnh Hưng Yên, Việt Nam -> Đường Trần Hưng Đạo, Phường Thái Bình, Tỉnh Hưng Yên, Việt Nam",2,0.14285714285714285,12.0,True,64.26,REPEATED_CUSTOMER_DRIVER,KB-C_SUPERFAST_GAP,Driver-customer pair creates consecutive trips too quickly to look operationally normal.,temporal_turnaround
1f0f4372b9c9ff4f,3474b5368d3ce5c3,14,5,3.6166666666666667,18857.14285714286,264000.0,0.0,4,2026-07-17,xanhsm_bike_hn,Thành phố Hà Nội,Thành phố Hà Nội,0.35714285714285715,67,14,0.208955223880597,1.0,"27-29 Ngõ 25 Đường Vạn Phúc, Phường Hà Đông, Thành phố Hà Nội, VNM -> Phường Đại Mỗ, Thành Phố Hà Nội, Việt Nam",1,0.07142857142857142,12.0,True,35.34,REPEATED_CUSTOMER_DRIVER,KB-C_SUPERFAST_GAP,Driver-customer pair creates consecutive trips too quickly to look operationally normal.,temporal_turnaround
dc7f9bec55a8253b,caaf44890eb8e7ac,14,2,2.3333333333333335,40714.28571428572,570000.0,0.0,2,2026-07-16,xanh_limo_6_cho,Tỉnh Bà Rịa - Vũng Tàu,Tỉnh Bà Rịa - Vũng Tàu,0.14285714285714285,15,14,0.9333333333333333,1.0,"Phường Tam Long, Thành phố Hồ Chí Minh, Việt Nam -> Phường Tam Long, Thành phố Hồ Chí Minh, Việt Nam",2,0.14285714285714285,12.0,True,33.79,REPEATED_CUSTOMER_DRIVER,KB-C_SUPERFAST_GAP,Driver-customer pair creates consecutive trips too quickly to look operationally normal.,temporal_turnaround
9292c8471f83af23,fd46bf9011021f28,14,1,3.1,14000.0,196000.0,28000.0,1,2026-07-17,xanhsm_bike_hn,Thành phố Cần Thơ,Thành phố Cần Thơ,0.07142857142857142,40,14,0.35,1.0,"14 Đường Phan Đình Phùng, Phường Ninh Kiều, Thành phố Cần Thơ, Việt Nam -> 77 Đường Võ Văn Tần, Phường Ninh Kiều, Thành phố Cần Thơ, Việt Nam",1,0.07142857142857142,12.0,True,25.06,REPEATED_CUSTOMER_DRIVER,KB-C_SUPERFAST_GAP,Driver-customer pair creates consecutive trips too quickly to look operationally normal.,temporal_turnaround
d69f6d6739baff20,63e68af526192dd7,14,1,0.95,41571.42857142857,582000.0,0.0,3,2026-07-17,xanh_limo_6_cho,Thành phố Hà Nội,Thành phố Hà Nội,0.07142857142857142,27,14,0.5185185185185185,1.0,"2GCG+FWP, Xã Hòa Lạc, Thành Phố Hà Nội, Việt Nam -> Xã Hòa Lạc, Thành Phố Hà Nội, Việt Nam",1,0.07142857142857142,12.0,True,39.45,REPEATED_CUSTOMER_DRIVER,KB-C_SUPERFAST_GAP,Driver-customer pair creates consecutive trips too quickly to look operationally normal.,temporal_turnaround
f3529d83749a7d76,d561148ab8f64215,14,1,3.6333333333333333,122142.85714285714,1710000.0,0.0,4,2026-07-17,xanh_car_just_taxi,Tỉnh Phú Thọ,Tỉnh Phú Thọ,0.07142857142857142,40,14,0.35,1.0,Tỉnh Phú Thọ ->  Tỉnh Phú Thọ,2,0.14285714285714285,12.0,True,24.83,REPEATED_CUSTOMER_DRIVER,KB-C_SUPERFAST_GAP,Driver-customer pair creates consecutive trips too quickly to look operationally normal.,temporal_turnaround
9c93e0c8cc8a3817,2f16d5c12ed95d2f,14,0,3.2666666666666666,34071.42857142857,477000.0,0.0,4,2026-07-17,xanh_premium,Tỉnh Tây Ninh,Tỉnh Tây Ninh,0.0,17,14,0.8235294117647058,1.0,"Huyện Tân Châu, Tỉnh Tây Ninh -> Tây Ninh",4,0.2857142857142857,12.0,True,26.26,REPEATED_CUSTOMER_DRIVER,KB-C_SUPERFAST_GAP,Driver-customer pair creates consecutive trips too quickly to look operationally normal.,temporal_turnaround
88f273294e0f8aac,af27cb60984cf34a,13,8,1.55,46461.53846153846,604000.0,0.0,4,2026-07-17,xanh_car,Tỉnh Bà Rịa - Vũng Tàu,Tỉnh Bà Rịa - Vũng Tàu,0.6153846153846154,23,13,0.5652173913043478,1.0,"Xã Phước Hải, Thành Phố Hồ Chí Minh, Việt Nam -> ĐT 44A, Xã Phước Hải, Thành Phố Hồ Chí Minh, Việt Nam",3,0.23076923076923078,12.0,True,55.62,REPEATED_CUSTOMER_DRIVER,KB-C_SUPERFAST_GAP,Driver-customer pair creates consecutive trips too quickly to look operationally normal.,temporal_turnaround
747da198be138501,5e74b6197579dd50,13,2,3.75,33538.46153846154,436000.0,0.0,4,2026-07-17,xanh_car,Tỉnh Phú Thọ,Tỉnh Phú Thọ,0.15384615384615385,42,13,0.30952380952380953,1.0,"Phường Việt Trì, Tỉnh Phú Thọ, Việt Nam -> location_address_display (0.000000, 0.000000)",2,0.15384615384615385,12.0,True,27.41,REPEATED_CUSTOMER_DRIVER,KB-C_SUPERFAST_GAP,Driver-customer pair creates consecutive trips too quickly to look operationally normal.,temporal_turnaround
a64ac2a9b008df42,bd794c40ab8c1d92,13,2,1.1166666666666667,273807.6923076923,3559500.0,108000.0,4,2026-07-17,xanh_car,Tỉnh Long An,Tỉnh Long An,0.15384615384615385,20,14,0.65,0.9285714285714286,"106A Đường Trần Phong Sắc, Phường Long An, Tỉnh Tây Ninh, Việt Nam -> Xã Tân Tây, Tỉnh Tây Ninh, Việt Nam",1,0.07692307692307693,12.0,True,40.57,REPEATED_CUSTOMER_DRIVER,KB-C_SUPERFAST_GAP,Driver-customer pair creates consecutive trips too quickly to look operationally normal.,temporal_turnaround
c32a443c0ff7531a,0c9cbaaedde7e6cb,13,2,2.2333333333333334,36000.0,468000.0,73000.0,2,2026-07-15,xanh_premium,Thành phố Hồ Chí Minh,Thành phố Hồ Chí Minh,0.15384615384615385,33,13,0.3939393939393939,1.0,"Phường Bình Trị Đông, Thành Phố Hồ Chí Minh, Việt Nam -> Đường Mã Lò, Phường Bình Trị Đông, Thành Phố Hồ Chí Minh, Việt Nam",2,0.15384615384615385,12.0,True,31.46,REPEATED_CUSTOMER_DRIVER,KB-C_SUPERFAST_GAP,Driver-customer pair creates consecutive trips too quickly to look operationally normal.,temporal_turnaround
c37a94b61c04d59b,625d5f1ea2d69122,13,1,2.8666666666666667,95153.84615384616,1237000.0,33000.0,4,2026-07-17,xanhsm_bike_sg,Thành phố Hồ Chí Minh,Thành phố Hồ Chí Minh,0.07692307692307693,37,13,0.35135135135135137,1.0,"Phường Long Bình, Thành Phố Hồ Chí Minh, Việt Nam -> 405 Hoàng Diệu, Phường Vĩnh Hội, Thành phố Hồ Chí Minh",2,0.15384615384615385,12.0,True,26.06,REPEATED_CUSTOMER_DRIVER,KB-C_SUPERFAST_GAP,Driver-customer pair creates consecutive trips too quickly to look operationally normal.,temporal_turnaround
5f1f1f069a5981c5,07caeac2f84ef4f8,13,0,3.2,194230.76923076922,2525000.0,205000.0,4,2026-07-17,xanh_limo_6_cho,Tỉnh Bà Rịa - Vũng Tàu,Tỉnh Bà Rịa - Vũng Tàu,0.0,28,15,0.4642857142857143,0.8666666666666667,"107 Đường Phan Bội Châu, Phường Phú Mỹ, Thành phố Hồ Chí Minh, Việt Nam -> location_address_display (0.000000, 0.000000)",1,0.07692307692307693,12.0,True,21.26,REPEATED_CUSTOMER_DRIVER,KB-C_SUPERFAST_GAP,Driver-customer pair creates consecutive trips too quickly to look operationally normal.,temporal_turnaround
5fc808a4c01d7935,1b7ca4667bd8ee0a,13,0,3.0166666666666666,40000.0,520000.0,48000.0,3,2026-07-17,xanh_limo_6_cho,Tỉnh Long An,Tỉnh Long An,0.0,24,13,0.5416666666666666,1.0,"Xã Mỹ Hạnh, Tỉnh Tây Ninh, Việt Nam -> Xã Mỹ Hạnh, Tỉnh Tây Ninh, Việt Nam",2,0.15384615384615385,12.0,True,23.46,REPEATED_CUSTOMER_DRIVER,KB-C_SUPERFAST_GAP,Driver-customer pair creates consecutive trips too quickly to look operationally normal.,temporal_turnaround
c32a443c0ff7531a,86db076eb345568d,13,0,1.2666666666666666,37230.769230769234,484000.0,54000.0,2,2026-07-17,xanh_premium,Thành phố Hồ Chí Minh,Thành phố Hồ Chí Minh,0.0,33,15,0.3939393939393939,0.8666666666666667,"Phường Bình Trị Đông, Thành Phố Hồ Chí Minh, Việt Nam -> Phường Bình Trị Đông, Thành Phố Hồ Chí Minh, Việt Nam",4,0.3076923076923077,12.0,True,32.75,REPEATED_CUSTOMER_DRIVER,KB-C_SUPERFAST_GAP,Driver-customer pair creates consecutive trips too quickly to look operationally normal.,temporal_turnaround
d832bfab66915645,144e23d0a77d7d98,13,0,2.6,34000.0,442000.0,0.0,3,2026-07-16,xanh_car,Tỉnh Bình Phước,Tỉnh Bình Phước,0.0,22,13,0.5909090909090909,1.0,"Xã Lộc Tấn, Tỉnh Đồng Nai, Việt Nam -> VJP6+GW8, QL13, Xã Lộc Tấn, Tỉnh Đồng Nai, Việt Nam",2,0.15384615384615385,12.0,True,24.77,REPEATED_CUSTOMER_DRIVER,KB-C_SUPERFAST_GAP,Driver-customer pair creates consecutive trips too quickly to look operationally normal.,temporal_turnaround
e0b74e9fda5b1515,a19523ae8b17153c,36,36,0.35,116972.22222222222,4211000.0,1041000.0,4,2026-07-17,xanh_car,Thành phố Hồ Chí Minh,Thành phố Hồ Chí Minh,1.0,40,38,0.9,0.9473684210526315,"91 Đường Cầu Xéo, Phường Phú Thọ Hòa, Thành Phố Hồ Chí Minh, Việt Nam -> Đường Pasteur, Phường Sài Gòn, Thành phố Hồ Chí Minh, Việt Nam",9,0.25,12.0,True,77.74,REPEATED_CUSTOMER_DRIVER,KB-C_TIGHT_PAIR_SHARE,The pair dominates both the driver's and the customer's trip history in the window.,bipartite_pair_concentration
730d8a7145a50272,1a2fbde4f7fe5c8d,34,0,1.4333333333333333,78617.64705882352,2673000.0,285000.0,4,2026-07-17,xanh_premium_meter,Tỉnh Thái Bình,Tỉnh Thái Bình,0.0,63,34,0.5396825396825397,1.0,"530A Đường Lý Bôn, Phường Trần Hưng Đạo, Tỉnh Hưng Yên, Việt Nam -> 460 Đường Lý Bôn, Phường Trần Hưng Đạo, Tỉnh Hưng Yên, Việt Nam",2,0.058823529411764705,12.0,True,42.07,REPEATED_CUSTOMER_DRIVER,KB-C_TIGHT_PAIR_SHARE,The pair dominates both the driver's and the customer's trip history in the window.,bipartite_pair_concentration
741ef02502f2fff9,696b8b4786b36d70,34,0,11.05,108441.17647058824,3687000.0,137000.0,4,2026-07-17,xanh_premium,Tỉnh Quảng Trị,Tỉnh Quảng Trị,0.0,51,34,0.6666666666666666,1.0,"Tỉnh Quảng Trị -> location_address_display (0.000000, 0.000000)",3,0.08823529411764706,12.0,False,30.86,REPEATED_CUSTOMER_DRIVER,KB-C_TIGHT_PAIR_SHARE,The pair dominates both the driver's and the customer's trip history in the window.,bipartite_pair_concentration
c8ac0f901ef56f58,e2bbf4ab42016f07,31,17,1.5666666666666667,38967.74193548387,1208000.0,48000.0,3,2026-07-17,lado_service_name,Tỉnh Bình Thuận,Tỉnh Bình Thuận,0.5483870967741935,31,34,1.0,0.9117647058823529,"Thôn Bình Tiến, Xã Bắc Bình, Tỉnh Lâm Đồng, Việt Nam -> Lâm Đồng",8,0.25806451612903225,12.0,True,65.84,REPEATED_CUSTOMER_DRIVER,KB-C_TIGHT_PAIR_SHARE,The pair dominates both the driver's and the customer's trip history in the window.,bipartite_pair_concentration
d0ffcfc1dd0cd0d5,e7ecf049b876ba58,28,0,16.25,129892.85714285714,3637000.0,376000.0,4,2026-07-17,xanh_car,Tỉnh Thanh Hóa,Tỉnh Thanh Hóa,0.0,49,31,0.5714285714285714,0.9032258064516129,"110, Phu Son Ward, Thanh Hoa City, Thanh Hoa, 40000, Vietnam ->  Nhà Văn Hóa-Quang Trung, 2, Phường Quảng Thắng, Thành phố Thanh Hóa, Tỉnh Thanh Hóa, Việt Nam",1,0.03571428571428571,12.0,False,25.29,REPEATED_CUSTOMER_DRIVER,KB-C_TIGHT_PAIR_SHARE,The pair dominates both the driver's and the customer's trip history in the window.,bipartite_pair_concentration
53cc6d5844c1dc86,80390c0393c4f064,26,3,21.65,129769.23076923077,3374000.0,221000.0,4,2026-07-17,xanh_car,Tỉnh Nam Định,Tỉnh Nam Định,0.11538461538461539,27,26,0.9629629629629629,1.0,"321 Quốc lộ 21, Tổ Dân phố 3, Xã Hải Hậu, Tỉnh Ninh Bình, Việt Nam -> Xã Hải Xuân, Tỉnh Ninh Bình, Việt Nam",3,0.11538461538461539,12.0,False,31.87,REPEATED_CUSTOMER_DRIVER,KB-C_TIGHT_PAIR_SHARE,The pair dominates both the driver's and the customer's trip history in the window.,bipartite_pair_concentration
0615ca7f371a083a,6d37377f7867dfa4,25,1,5.35,123640.0,3091000.0,0.0,4,2026-07-17,gf_vip,Thành phố Hồ Chí Minh,Thành phố Hồ Chí Minh,0.04,40,26,0.625,0.9615384615384616,"Phường Trung Mỹ Tây, Thành phố Hồ Chí Minh, Việt Nam -> Đường Ht35, Phường Tân Thới Hiệp, Thành phố Hồ Chí Minh, Việt Nam",3,0.12,12.0,False,29.12,REPEATED_CUSTOMER_DRIVER,KB-C_TIGHT_PAIR_SHARE,The pair dominates both the driver's and the customer's trip history in the window.,bipartite_pair_concentration
8f3fdcaba9cd227e,fc93cbfb75bd312b,24,0,13.166666666666666,106541.66666666667,2557000.0,0.0,4,2026-07-17,xanh_car_meter,Tỉnh Quảng Bình,Tỉnh Quảng Bình,0.0,29,25,0.8275862068965517,0.96,"Huyện Lệ Thủy, Tỉnh Quảng Bình -> location_address_display (0.000000, 0.000000)",3,0.125,12.0,False,25.71,REPEATED_CUSTOMER_DRIVER,KB-C_TIGHT_PAIR_SHARE,The pair dominates both the driver's and the customer's trip history in the window.,bipartite_pair_concentration
c8829c1ad55e7f1c,41d3cd0ae4e12f2e,24,0,6.35,99458.33333333333,2387000.0,0.0,4,2026-07-17,xanh_car_just_taxi,Tỉnh Hòa Bình,Tỉnh Hòa Bình,0.0,34,24,0.7058823529411765,1.0,"Tỉnh Hòa Bình -> location_address_display (0.000000, 0.000000)",3,0.125,12.0,False,26.93,REPEATED_CUSTOMER_DRIVER,KB-C_TIGHT_PAIR_SHARE,The pair dominates both the driver's and the customer's trip history in the window.,bipartite_pair_concentration
7befb7ce8e219542,73ff5ba45a062901,23,5,1.3,44956.52173913043,1034000.0,85000.0,4,2026-07-17,xanh_premium,Thành phố Hà Nội,Thành phố Hà Nội,0.21739130434782608,39,23,0.5897435897435898,1.0,"15 Đường Phạm Hùng, Phường Cầu Giấy, Thành Phố Hà Nội, Việt Nam -> 144 Đường Xuân Thủy, Phường Nghĩa Đô, Thành Phố Hà Nội, Việt Nam",1,0.043478260869565216,12.0,True,46.24,REPEATED_CUSTOMER_DRIVER,KB-C_TIGHT_PAIR_SHARE,The pair dominates both the driver's and the customer's trip history in the window.,bipartite_pair_concentration
a8d353522cb0b70a,6b064c925f03dd1b,23,0,2.9166666666666665,36391.30434782609,837000.0,120000.0,4,2026-07-17,xanh_premium,Tỉnh Nam Định,Tỉnh Nam Định,0.0,38,23,0.6052631578947368,1.0,"Xã Hải Hưng, Tỉnh Ninh Bình, Việt Nam -> Xã Hải Hưng, Tỉnh Ninh Bình, Việt Nam",5,0.21739130434782608,12.0,True,30.47,REPEATED_CUSTOMER_DRIVER,KB-C_TIGHT_PAIR_SHARE,The pair dominates both the driver's and the customer's trip history in the window.,bipartite_pair_concentration
aa929b3ec727ec4f,f1cc09a62c35963f,23,0,25.05,151913.04347826086,3494000.0,464000.0,4,2026-07-17,xanh_car,Tỉnh Khánh Hòa,Tỉnh Khánh Hòa,0.0,39,24,0.5897435897435898,0.9583333333333334,"Xã Diên Điền, Tỉnh Khánh Hòa, Việt Nam -> Xã Diên Điền, Tỉnh Khánh Hòa, Việt Nam",2,0.08695652173913043,12.0,False,22.83,REPEATED_CUSTOMER_DRIVER,KB-C_TIGHT_PAIR_SHARE,The pair dominates both the driver's and the customer's trip history in the window.,bipartite_pair_concentration
cba9f83e8f52d6dc,285f905f8f9f4caa,23,0,2.5166666666666666,30000.0,690000.0,0.0,4,2026-07-17,xanh_car,Tỉnh Ninh Bình,Tỉnh Ninh Bình,0.0,28,23,0.8214285714285714,1.0,"Phường Trung Sơn, Tỉnh Ninh Bình, Việt Nam -> Phường Trung Sơn, Tỉnh Ninh Bình, Việt Nam",9,0.391304347826087,12.0,True,34.38,REPEATED_CUSTOMER_DRIVER,KB-C_TIGHT_PAIR_SHARE,The pair dominates both the driver's and the customer's trip history in the window.,bipartite_pair_concentration
3a3c0eb1926d9e65,e9395bd45deffea8,22,0,29.716666666666665,189636.36363636365,4172000.0,269000.0,4,2026-07-17,xanh_premium,Thành phố Cần Thơ,Thành phố Cần Thơ,0.0,29,22,0.7586206896551724,1.0,"1A Đường Hòa Bình, Phường Ninh Kiều, Thành phố Cần Thơ, Việt Nam -> location_address_display (0.000000, 0.000000)",1,0.045454545454545456,12.0,False,22.75,REPEATED_CUSTOMER_DRIVER,KB-C_TIGHT_PAIR_SHARE,The pair dominates both the driver's and the customer's trip history in the window.,bipartite_pair_concentration
44969366800a4c6a,69577266c946a1ae,22,0,35.25,187681.81818181818,4129000.0,610000.0,4,2026-07-17,xanh_premium,Tỉnh Quảng Ngãi,Tỉnh Quảng Ngãi,0.0,27,22,0.8148148148148148,1.0,"255 Quốc Lộ 1A, Thôn Phước Thịnh, Xã Mỏ Cày, Tỉnh Quảng Ngãi, Việt Nam -> Biển, 2WF8+JV6, Xã Mỏ Cày, Tỉnh Quảng Ngãi, Việt Nam",1,0.045454545454545456,12.0,False,22.93,REPEATED_CUSTOMER_DRIVER,KB-C_TIGHT_PAIR_SHARE,The pair dominates both the driver's and the customer's trip history in the window.,bipartite_pair_concentration
4ff2a9f85ebbea4d,494c26079753736c,22,0,15.083333333333334,90727.27272727272,1996000.0,158000.0,4,2026-07-17,xanh_car,Tỉnh Ninh Thuận,Tỉnh Ninh Thuận,0.0,35,22,0.6285714285714286,1.0,"Phường Phan Rang, Tỉnh Khánh Hòa, Việt Nam -> Phường Phan Rang, Tỉnh Khánh Hòa, Việt Nam",4,0.18181818181818182,12.0,False,24.12,REPEATED_CUSTOMER_DRIVER,KB-C_TIGHT_PAIR_SHARE,The pair dominates both the driver's and the customer's trip history in the window.,bipartite_pair_concentration
a55a58cd57481ec4,d2a0fa7b30a14a94,22,0,28.283333333333335,231272.72727272726,5088000.0,415000.0,4,2026-07-17,xanh_car,Tỉnh Bà Rịa - Vũng Tàu,Tỉnh Bà Rịa - Vũng Tàu,0.0,24,22,0.9166666666666666,1.0,"Xã Đất Đỏ, Thành Phố Hồ Chí Minh, Việt Nam -> Phường Bà Rịa, Thành phố Hồ Chí Minh, Việt Nam",2,0.09090909090909091,12.0,False,24.03,REPEATED_CUSTOMER_DRIVER,KB-C_TIGHT_PAIR_SHARE,The pair dominates both the driver's and the customer's trip history in the window.,bipartite_pair_concentration
0c4547ef96051cad,cb3a42f41d8ed1bc,20,1,8.9,125500.0,2510000.0,237000.0,4,2026-07-17,xanh_premium,Tỉnh Bình Dương,Tỉnh Bình Dương,0.05,25,20,0.8,1.0,"P.Bình Dương, Thành phố Hồ Chí Minh, Vietnam -> Đường Cách Mạng Tháng Tám, Phường Thủ Dầu Một, Thành phố Hồ Chí Minh, Việt Nam",3,0.15,12.0,False,26.5,REPEATED_CUSTOMER_DRIVER,KB-C_TIGHT_PAIR_SHARE,The pair dominates both the driver's and the customer's trip history in the window.,bipartite_pair_concentration
1f6eef737a3df91d,cbb1f8290f89ca1b,20,1,16.866666666666667,151490.0,3029800.0,260000.0,4,2026-07-17,xanh_premium,Tỉnh Tây Ninh,Tỉnh Tây Ninh,0.05,31,25,0.6451612903225806,0.8,"Tây Ninh -> Ấp Trâm Vàng 2, Phường Gò Dầu, Tỉnh Tây Ninh, Việt Nam",2,0.1,12.0,False,23.16,REPEATED_CUSTOMER_DRIVER,KB-C_TIGHT_PAIR_SHARE,The pair dominates both the driver's and the customer's trip history in the window.,bipartite_pair_concentration
a163314b3b102782,1d61fdd66a4800d8,20,0,10.55,32000.0,640000.0,70000.0,4,2026-07-17,xanhsm_bike_hn,Tỉnh Thừa Thiên Huế,Tỉnh Thừa Thiên Huế,0.0,28,29,0.7142857142857143,0.6896551724137931,"Phường An Cựu, Thành Phố Huế, Việt Nam -> Tỉnh Thừa Thiên Huế",2,0.1,12.0,False,21.58,REPEATED_CUSTOMER_DRIVER,KB-C_TIGHT_PAIR_SHARE,The pair dominates both the driver's and the customer's trip history in the window.,bipartite_pair_concentration
cb6f08de0b546cd4,059838b33de86e2e,19,19,0.6833333333333333,36631.57894736842,696000.0,76000.0,4,2026-07-17,xanh_limo_6_cho,Thành phố Đà Nẵng,Thành phố Đà Nẵng,1.0,36,19,0.5277777777777778,1.0,"22 Đường Mỹ Khê 4, Phường An Hải, Thành phố Đà Nẵng, Việt Nam -> Phường Ngũ Hành Sơn, Thành phố Đà Nẵng, Việt Nam",4,0.21052631578947367,12.0,True,65.83,REPEATED_CUSTOMER_DRIVER,KB-C_TIGHT_PAIR_SHARE,The pair dominates both the driver's and the customer's trip history in the window.,bipartite_pair_concentration
ee9a55ea5e7b6316,6e7a2cfe8823aaa2,19,3,18.766666666666666,89263.15789473684,1696000.0,166000.0,4,2026-07-17,xanh_car,Thành phố Hà Nội,Thành phố Hà Nội,0.15789473684210525,29,19,0.6551724137931034,1.0,"Khu Trại Giống Lúa, Xã Thường Tín, Thành Phố Hà Nội, Việt Nam -> Thôn 3, Xã Nam Phù, Thành Phố Hà Nội, Việt Nam",3,0.15789473684210525,12.0,False,28.58,REPEATED_CUSTOMER_DRIVER,KB-C_TIGHT_PAIR_SHARE,The pair dominates both the driver's and the customer's trip history in the window.,bipartite_pair_concentration
0f20a157430f8a90,df39fe3d472cd132,19,2,12.7,163947.36842105264,3115000.0,568000.0,4,2026-07-17,xanh_car,Thành phố Hà Nội,Thành phố Hà Nội,0.10526315789473684,23,22,0.8260869565217391,0.8636363636363636,"Xã Quang Minh, Thành Phố Hà Nội, Việt Nam -> Me Linh St., Xã Mê Linh, Thành Phố Hà Nội, Việt Nam",2,0.10526315789473684,12.0,False,26.55,REPEATED_CUSTOMER_DRIVER,KB-C_TIGHT_PAIR_SHARE,The pair dominates both the driver's and the customer's trip history in the window.,bipartite_pair_concentration
6db042c5dd3c1ac2,cd4eb772a03a76c9,19,1,1.5333333333333334,23789.473684210527,452000.0,0.0,3,2026-07-16,xanh_premium,Tỉnh Quảng Ngãi,Tỉnh Quảng Ngãi,0.05263157894736842,19,19,1.0,1.0,"Xã Đông Sơn, Tỉnh Quảng Ngãi, Việt Nam -> Xã Đông Sơn, Tỉnh Quảng Ngãi, Việt Nam",3,0.15789473684210525,12.0,True,37.9,REPEATED_CUSTOMER_DRIVER,KB-C_TIGHT_PAIR_SHARE,The pair dominates both the driver's and the customer's trip history in the window.,bipartite_pair_concentration
7e95a457342c949e,231ffd702ff5c31f,19,1,13.016666666666667,308263.15789473685,5857000.0,593000.0,4,2026-07-17,xanh_premium,Tỉnh Tây Ninh,Tỉnh Tây Ninh,0.05263157894736842,24,19,0.7916666666666666,1.0,Tây Ninh -> Tây Ninh,2,0.10526315789473684,12.0,False,24.82,REPEATED_CUSTOMER_DRIVER,KB-C_TIGHT_PAIR_SHARE,The pair dominates both the driver's and the customer's trip history in the window.,bipartite_pair_concentration
bf9db9dce49fa7ae,0f7c4f452502f87e,19,1,9.65,149210.52631578947,2835000.0,431000.0,4,2026-07-17,xanh_car,Tỉnh Bình Dương,Tỉnh Bình Dương,0.05263157894736842,24,21,0.7916666666666666,0.9047619047619048,"152 Đường Huỳnh Văn Cù, Phường Thủ Dầu Một, Thành Phố Hồ Chí Minh, Việt Nam -> Thành phố Hồ Chí Minh",1,0.05263157894736842,12.0,False,24.36,REPEATED_CUSTOMER_DRIVER,KB-C_TIGHT_PAIR_SHARE,The pair dominates both the driver's and the customer's trip history in the window.,bipartite_pair_concentration
3d8dc2593d90ba63,72159a75972cb55d,19,0,12.65,211421.05263157896,4017000.0,131000.0,4,2026-07-17,xanh_car,Tỉnh Bến Tre,Tỉnh Bến Tre,0.0,38,19,0.5,1.0,"109 Đường Đoàn Hoàng Minh, Phường An Hội, Tỉnh Vĩnh Long, Việt Nam -> Vĩnh Long",1,0.05263157894736842,12.0,False,20.69,REPEATED_CUSTOMER_DRIVER,KB-C_TIGHT_PAIR_SHARE,The pair dominates both the driver's and the customer's trip history in the window.,bipartite_pair_concentration
8b2774ab97315ac7,80213f13fd005fb2,19,0,1.5333333333333334,39157.89473684211,744000.0,24000.0,3,2026-07-17,xanh_premium,Thành phố Hồ Chí Minh,Thành phố Hồ Chí Minh,0.0,20,19,0.95,1.0,"Phường Linh Xuân, Thành Phố Hồ Chí Minh, Việt Nam -> 26/14 Đường Kha Vạn Cân, Khu phố Bình Đường 2, Phường Linh Xuân, Thành phố Hồ Chí Minh, Việt Nam",2,0.10526315789473684,12.0,True,34.93,REPEATED_CUSTOMER_DRIVER,KB-C_TIGHT_PAIR_SHARE,The pair dominates both the driver's and the customer's trip history in the window.,bipartite_pair_concentration
8d061bb3dfc6eb32,a70b225da59a8482,19,0,11.616666666666667,181473.68421052632,3448000.0,301000.0,4,2026-07-17,xanh_car,Tỉnh Tây Ninh,Tỉnh Tây Ninh,0.0,23,19,0.8260869565217391,1.0,"82 Đường Phạm Văn Đồng, Phường Thanh Điền, Tỉnh Tây Ninh, Việt Nam -> Tây Ninh",2,0.10526315789473684,12.0,False,22.99,REPEATED_CUSTOMER_DRIVER,KB-C_TIGHT_PAIR_SHARE,The pair dominates both the driver's and the customer's trip history in the window.,bipartite_pair_concentration
90bb8bd83b4eb6dc,a30fbaeeee25d79f,19,0,54.35,169000.0,3211000.0,525000.0,4,2026-07-17,xanh_premium,Tỉnh Đồng Nai,Tỉnh Đồng Nai,0.0,32,23,0.59375,0.8260869565217391,"Phường Trấn Biên, Tỉnh Đồng Nai, Việt Nam -> 2 Đường Đồng Khởi, Phường Tam Hiệp, Tỉnh Đồng Nai, Việt Nam",3,0.15789473684210525,12.0,False,20.13,REPEATED_CUSTOMER_DRIVER,KB-C_TIGHT_PAIR_SHARE,The pair dominates both the driver's and the customer's trip history in the window.,bipartite_pair_concentration
a7bcfa41a7ab7a2b,842986a5254f5046,19,0,13.683333333333334,273894.7368421053,5204000.0,474000.0,4,2026-07-17,xanh_premium,Tỉnh Bình Phước,Tỉnh Bình Phước,0.0,28,19,0.6785714285714286,1.0,"Phường Bình Long, Tỉnh Đồng Nai, Việt Nam -> Đồng Nai",3,0.15789473684210525,12.0,False,22.52,REPEATED_CUSTOMER_DRIVER,KB-C_TIGHT_PAIR_SHARE,The pair dominates both the driver's and the customer's trip history in the window.,bipartite_pair_concentration
b0a2bc1b3d054668,3903c15392a6664e,19,0,11.25,117473.68421052632,2232000.0,365000.0,3,2026-07-17,xanh_car,Tỉnh Khánh Hòa,Tỉnh Khánh Hòa,0.0,26,24,0.7307692307692307,0.7916666666666666,"Khánh Hòa -> 63W2+C86, Xã Diên Lạc, Tỉnh Khánh Hòa, Việt Nam",2,0.10526315789473684,12.0,False,21.53,REPEATED_CUSTOMER_DRIVER,KB-C_TIGHT_PAIR_SHARE,The pair dominates both the driver's and the customer's trip history in the window.,bipartite_pair_concentration
bb5fe6f564f3c8e9,886410826ab6759d,19,0,39.583333333333336,115684.21052631579,2198000.0,293000.0,4,2026-07-17,xanh_car,Thành phố Hà Nội,Thành phố Hà Nội,0.0,35,19,0.5428571428571428,1.0,"Xã Sóc Sơn, Thành phố Hà Nội, Việt Nam -> Xã Sóc Sơn, Thành phố Hà Nội, Việt Nam",2,0.10526315789473684,12.0,False,20.36,REPEATED_CUSTOMER_DRIVER,KB-C_TIGHT_PAIR_SHARE,The pair dominates both the driver's and the customer's trip history in the window.,bipartite_pair_concentration
eaf5527abaf7dfde,093803273e9e7d56,19,0,25.933333333333334,102157.8947368421,1941000.0,287000.0,4,2026-07-17,xanh_car,Tỉnh Quảng Ngãi,Tỉnh Quảng Ngãi,0.0,30,19,0.6333333333333333,1.0,Quảng Ngãi -> Quảng Ngãi,3,0.15789473684210525,12.0,False,21.6,REPEATED_CUSTOMER_DRIVER,KB-C_TIGHT_PAIR_SHARE,The pair dominates both the driver's and the customer's trip history in the window.,bipartite_pair_concentration
02120e1d17fa92e9,b9a158e9775155e9,18,4,38.666666666666664,99111.11111111111,1784000.0,250000.0,4,2026-07-17,xanh_premium,Tỉnh Quảng Ngãi,Tỉnh Quảng Ngãi,0.2222222222222222,25,18,0.72,1.0,"Phường Cẩm Thành, Tỉnh Quảng Ngãi, Việt Nam -> Phường Nghĩa Lộ, Tỉnh Quảng Ngãi, Việt Nam",3,0.16666666666666666,12.0,False,30.54,REPEATED_CUSTOMER_DRIVER,KB-C_TIGHT_PAIR_SHARE,The pair dominates both the driver's and the customer's trip history in the window.,bipartite_pair_concentration
06dc1428ff38bf0b,8b3402138b33ade8,18,4,28.1,118111.11111111111,2126000.0,915000.0,4,2026-07-17,xanh_premium,Tỉnh Nam Định,Tỉnh Nam Định,0.2222222222222222,25,19,0.72,0.9473684210526315,"Xóm Đồng Ngãi, Phường Vị Khê, Tỉnh Ninh Bình, Việt Nam -> Phường Nam Định, Tỉnh Ninh Bình, Việt Nam",2,0.1111111111111111,12.0,False,29.92,REPEATED_CUSTOMER_DRIVER,KB-C_TIGHT_PAIR_SHARE,The pair dominates both the driver's and the customer's trip history in the window.,bipartite_pair_concentration
b484d702fe2a4a36,cd5afeb9f0f8112f,18,2,43.31666666666667,134055.55555555556,2413000.0,253000.0,4,2026-07-17,xanh_car,Tỉnh Phú Yên,Tỉnh Phú Yên,0.1111111111111111,31,18,0.5806451612903226,1.0,"Phường Tuy Hòa, Tỉnh Đắk Lắk, Việt Nam -> Phường Bình Kiến, Tỉnh Đắk Lắk, Việt Nam",2,0.1111111111111111,12.0,False,24.61,REPEATED_CUSTOMER_DRIVER,KB-C_TIGHT_PAIR_SHARE,The pair dominates both the driver's and the customer's trip history in the window.,bipartite_pair_concentration
4a1f1508d39ae240,158e8a240a710356,18,1,10.066666666666666,117833.33333333333,2121000.0,36000.0,4,2026-07-17,xanh_car,Thành phố Hà Nội,Thành phố Hà Nội,0.05555555555555555,31,20,0.5806451612903226,0.9,"22 Phố Quảng Khánh, Phường Tây Hồ, Thành Phố Hà Nội, Việt Nam -> Phường Hà Đông, Thành Phố Hà Nội, Việt Nam",1,0.05555555555555555,12.0,False,22.76,REPEATED_CUSTOMER_DRIVER,KB-C_TIGHT_PAIR_SHARE,The pair dominates both the driver's and the customer's trip history in the window.,bipartite_pair_concentration
99580e7d5fe3dca9,a98cb95a7247930e,18,1,14.5,158555.55555555556,2854000.0,328000.0,4,2026-07-17,xanh_car,Tỉnh Bà Rịa - Vũng Tàu,Tỉnh Bà Rịa - Vũng Tàu,0.05555555555555555,25,18,0.72,1.0,"Thành phố Hồ Chí Minh -> Xã Ngãi Giao, Thành phố Hồ Chí Minh, Việt Nam",2,0.1111111111111111,12.0,False,23.91,REPEATED_CUSTOMER_DRIVER,KB-C_TIGHT_PAIR_SHARE,The pair dominates both the driver's and the customer's trip history in the window.,bipartite_pair_concentration
fcf4d80d41cffe7d,5249641d0fff7fb8,18,1,60.31666666666667,153166.66666666666,2757000.0,396000.0,4,2026-07-17,xanh_limo_6_cho,Tỉnh Bà Rịa - Vũng Tàu,Tỉnh Bà Rịa - Vũng Tàu,0.05555555555555555,20,18,0.9,1.0,"Phường Phú Mỹ, Thành phố Hồ Chí Minh, Việt Nam -> 03 Đường N2, Phường Tân Phước, Thành phố Hồ Chí Minh, Việt Nam",4,0.2222222222222222,12.0,False,24.87,REPEATED_CUSTOMER_DRIVER,KB-C_TIGHT_PAIR_SHARE,The pair dominates both the driver's and the customer's trip history in the window.,bipartite_pair_concentration
111584d348f70b95,de355ad6baf1aa51,18,0,13.4,129944.44444444444,2339000.0,262000.0,4,2026-07-17,xanh_car,Tỉnh Quảng Ngãi,Tỉnh Quảng Ngãi,0.0,32,18,0.5625,1.0,"06 Đường Cao Bá Quát, Phường Cẩm Thành, Tỉnh Quảng Ngãi, Việt Nam -> Xã Ba Gia, Tỉnh Quảng Ngãi, Việt Nam",1,0.05555555555555555,12.0,False,20.36,REPEATED_CUSTOMER_DRIVER,KB-C_TIGHT_PAIR_SHARE,The pair dominates both the driver's and the customer's trip history in the window.,bipartite_pair_concentration
13497bbecd3f2d5f,9bb51642bb59ada7,18,0,21.683333333333334,242388.88888888888,4363000.0,85000.0,4,2026-07-17,xanh_car,Tỉnh Long An,Tỉnh Long An,0.0,25,18,0.72,1.0,"Tây Ninh -> VFHR+9H8, Xã Mỹ Hạnh, Tỉnh Tây Ninh, Việt Nam",2,0.1111111111111111,12.0,False,21.13,REPEATED_CUSTOMER_DRIVER,KB-C_TIGHT_PAIR_SHARE,The pair dominates both the driver's and the customer's trip history in the window.,bipartite_pair_concentration
3a8cad57f76cd018,0a5a8c88fab1d577,18,0,39.71666666666667,174611.11111111112,3143000.0,453000.0,4,2026-07-17,xanh_car,Tỉnh Đồng Nai,Tỉnh Đồng Nai,0.0,23,19,0.782608695652174,0.9473684210526315,"Đồng Nai -> Xã Xuân Lộc, Tỉnh Đồng Nai, Việt Nam",3,0.16666666666666666,12.0,False,21.32,REPEATED_CUSTOMER_DRIVER,KB-C_TIGHT_PAIR_SHARE,The pair dominates both the driver's and the customer's trip history in the window.,bipartite_pair_concentration
4a84b9300b957bf6,4beb62befad9bc14,18,0,33.333333333333336,183555.55555555556,3304000.0,198000.0,4,2026-07-17,xanh_limo_6_cho,Thành phố Hồ Chí Minh,Thành phố Hồ Chí Minh,0.0,27,25,0.6666666666666666,0.72,"Phường An Khánh, Thành phố Hồ Chí Minh, Việt Nam -> Tầng 1, Lotte Mart Phú Thọ, 968 Đường 3/2, Phường Phú Thọ, Thành Phố Hồ Chí Minh, Việt Nam",2,0.1111111111111111,12.0,False,19.14,REPEATED_CUSTOMER_DRIVER,KB-C_TIGHT_PAIR_SHARE,The pair dominates both the driver's and the customer's trip history in the window.,bipartite_pair_concentration
875f7558903ca6a7,e37c1c635113bf58,18,0,20.433333333333334,182305.55555555556,3281500.0,543000.0,4,2026-07-17,xanh_car,Tỉnh Bà Rịa - Vũng Tàu,Tỉnh Bà Rịa - Vũng Tàu,0.0,24,18,0.75,1.0,"Xã Bình Châu, Thành phố Hồ Chí Minh, Việt Nam -> Xã Bình Châu, Thành phố Hồ Chí Minh, Việt Nam",2,0.1111111111111111,12.0,False,21.34,REPEATED_CUSTOMER_DRIVER,KB-C_TIGHT_PAIR_SHARE,The pair dominates both the driver's and the customer's trip history in the window.,bipartite_pair_concentration
d6f7c63c9ece887d,e18e24d03a0dead3,18,0,32.93333333333333,131944.44444444444,2375000.0,299000.0,4,2026-07-17,xanh_car,Tỉnh Nam Định,Tỉnh Nam Định,0.0,23,18,0.782608695652174,1.0,"Thôn Đại Thắng, Đường Tỉnh 486B, Phường Mỹ Lộc, Tỉnh Ninh Bình, Việt Nam -> Huyện Mỹ Lộc, Tỉnh Nam Định, VNM",5,0.2777777777777778,12.0,False,22.8,REPEATED_CUSTOMER_DRIVER,KB-C_TIGHT_PAIR_SHARE,The pair dominates both the driver's and the customer's trip history in the window.,bipartite_pair_concentration
f570d1f2b4f754fe,61f882ceb4384cd2,18,0,17.35,124833.33333333333,2247000.0,327000.0,4,2026-07-17,xanh_car,Tỉnh Bình Dương,Tỉnh Bình Dương,0.0,21,18,0.8571428571428571,1.0,"Đường 22 Tháng 12, Khu phố Hòa Lân 1, Phường Thuận Giao, Thành phố Hồ Chí Minh, Việt Nam -> Phường Phú An, Thành phố Hồ Chí Minh",2,0.1111111111111111,12.0,False,22.05,REPEATED_CUSTOMER_DRIVER,KB-C_TIGHT_PAIR_SHARE,The pair dominates both the driver's and the customer's trip history in the window.,bipartite_pair_concentration
d69c518bb874969b,cf4ed370c7c89d68,17,11,0.7166666666666667,32941.17647058824,560000.0,0.0,4,2026-07-17,xanh_car,Tỉnh Bình Dương,Tỉnh Bình Dương,0.6470588235294118,33,17,0.5151515151515151,1.0,"Phường Hòa Lợi, Thành phố Hồ Chí Minh, Việt Nam -> Phường Hòa Lợi, Thành phố Hồ Chí Minh, Việt Nam",6,0.35294117647058826,12.0,True,66.02,REPEATED_CUSTOMER_DRIVER,KB-C_TIGHT_PAIR_SHARE,The pair dominates both the driver's and the customer's trip history in the window.,bipartite_pair_concentration
127dc7f8b4d33fcc,c456e2066f2cceda,17,7,31.016666666666666,263117.64705882355,4473000.0,464000.0,4,2026-07-17,xanh_premium,Tỉnh Bình Phước,Tỉnh Bình Phước,0.4117647058823529,21,18,0.8095238095238095,0.9444444444444444,"Xã Long Hà, Tỉnh Đồng Nai, Việt Nam -> Đồng Nai",2,0.11764705882352941,12.0,True,37.66,REPEATED_CUSTOMER_DRIVER,KB-C_TIGHT_PAIR_SHARE,The pair dominates both the driver's and the customer's trip history in the window.,bipartite_pair_concentration
71bd2702b4dec081,a86bef374bc7b8e6,17,3,29.583333333333332,130352.94117647059,2216000.0,374000.0,4,2026-07-17,xanh_premium,Tỉnh Ninh Thuận,Tỉnh Ninh Thuận,0.17647058823529413,25,18,0.68,0.9444444444444444,"Quốc lộ 27, Phường Đô Vinh, Tỉnh Ninh Thuận, Việt Nam -> Phường Đông Hải, Tỉnh Khánh Hòa, Việt Nam",2,0.11764705882352941,12.0,False,27.24,REPEATED_CUSTOMER_DRIVER,KB-C_TIGHT_PAIR_SHARE,The pair dominates both the driver's and the customer's trip history in the window.,bipartite_pair_concentration
2b28ebc6e1cf0b93,e229d734dc02b00f,17,2,16.3,116764.70588235294,1985000.0,150000.0,4,2026-07-17,xanh_premium,Tỉnh Tây Ninh,Tỉnh Tây Ninh,0.11764705882352941,28,17,0.6071428571428571,1.0,"Tây Ninh -> Phường Tân Ninh, Tỉnh Tây Ninh, Việt Nam",2,0.11764705882352941,12.0,False,25.26,REPEATED_CUSTOMER_DRIVER,KB-C_TIGHT_PAIR_SHARE,The pair dominates both the driver's and the customer's trip history in the window.,bipartite_pair_concentration
b000369895322197,3b741f6e7b796df3,17,1,6.366666666666666,502000.0,8534000.0,935000.0,4,2026-07-17,xanh_car,Tỉnh Bắc Ninh,Tỉnh Bắc Ninh,0.058823529411764705,20,18,0.85,0.9444444444444444,"Đường YP6, Xã Yên Trung, Tỉnh Bắc Ninh, Việt Nam -> KCN Thương mại và Dịch vụ VSIP Bắc Ninh II, Số 21 Đường 8, Xã Tam Giang, Tỉnh Bắc Ninh, Việt Nam",4,0.23529411764705882,12.0,False,26.83,REPEATED_CUSTOMER_DRIVER,KB-C_TIGHT_PAIR_SHARE,The pair dominates both the driver's and the customer's trip history in the window.,bipartite_pair_concentration
d9920060ab3c4718,63d60e8c5a07a6a8,17,1,32.81666666666667,196294.11764705883,3337000.0,323000.0,4,2026-07-17,xanh_premium,Tỉnh Kiên Giang,Tỉnh Kiên Giang,0.058823529411764705,32,17,0.53125,1.0,"KP.9, Đặc khu Phú Quốc, Tỉnh An Giang, Việt Nam -> 30 Tháng 4 Street, Đặc khu Phú Quốc, Tỉnh An Giang, Việt Nam",2,0.11764705882352941,12.0,False,21.81,REPEATED_CUSTOMER_DRIVER,KB-C_TIGHT_PAIR_SHARE,The pair dominates both the driver's and the customer's trip history in the window.,bipartite_pair_concentration
1d6cd3502b8141b6,2f969fac9a9a404a,17,0,9.283333333333333,162647.0588235294,2765000.0,515000.0,4,2026-07-17,xanh_car,Tỉnh Tây Ninh,Tỉnh Tây Ninh,0.0,27,17,0.6296296296296297,1.0,Tây Ninh -> Tây Ninh,2,0.11764705882352941,12.0,False,21.4,REPEATED_CUSTOMER_DRIVER,KB-C_TIGHT_PAIR_SHARE,The pair dominates both the driver's and the customer's trip history in the window.,bipartite_pair_concentration
6d41d622812350e8,a85190bfdf72ee03,17,0,92.8,155117.64705882352,2637000.0,257000.0,4,2026-07-17,xanh_car,Thành phố Hồ Chí Minh,Thành phố Hồ Chí Minh,0.0,30,17,0.5666666666666667,1.0,"395 Đường Kinh Dương Vương, Phường An Lạc, Thành phố Hồ Chí Minh, Việt Nam -> 1061 Đường Phạm Văn Đồng, Phường Linh Xuân, Thành phố Hồ Chí Minh",1,0.058823529411764705,12.0,False,18.55,REPEATED_CUSTOMER_DRIVER,KB-C_TIGHT_PAIR_SHARE,The pair dominates both the driver's and the customer's trip history in the window.,bipartite_pair_concentration
7fcf436466291cb1,f70e6a906ebaf50a,17,0,23.6,141941.17647058822,2413000.0,293000.0,4,2026-07-17,xanh_premium,Thành phố Hà Nội,Thành phố Hà Nội,0.0,22,17,0.7727272727272727,1.0,"2 Đường Trần Thánh Tông, Phường Hai Bà Trưng, Thành Phố Hà Nội, Việt Nam -> 169 Phố Tây Sơn, Phường Kim Liên, Thành Phố Hà Nội, Việt Nam",1,0.058823529411764705,12.0,False,20.22,REPEATED_CUSTOMER_DRIVER,KB-C_TIGHT_PAIR_SHARE,The pair dominates both the driver's and the customer's trip history in the window.,bipartite_pair_concentration
a6052a3c47ad0aef,f276efada16ade43,17,0,19.233333333333334,101941.17647058824,1733000.0,193000.0,3,2026-07-17,xanh_premium,Tỉnh Quảng Ngãi,Tỉnh Quảng Ngãi,0.0,31,19,0.5483870967741935,0.8947368421052632,"Huyện Tư Nghĩa, Quảng Ngãi, Xã Nghĩa Giang, Tỉnh Quảng Ngãi, Việt Nam -> Xã Tư Nghĩa, Tỉnh Quảng Ngãi, Việt Nam",2,0.11764705882352941,12.0,False,19.35,REPEATED_CUSTOMER_DRIVER,KB-C_TIGHT_PAIR_SHARE,The pair dominates both the driver's and the customer's trip history in the window.,bipartite_pair_concentration
a8c7587466510e33,bdfb93bc5ad8f39b,17,0,38.61666666666667,185647.0588235294,3156000.0,463000.0,4,2026-07-17,xanh_car,Tỉnh Bà Rịa - Vũng Tàu,Tỉnh Bà Rịa - Vũng Tàu,0.0,24,17,0.7083333333333334,1.0,"203 Đường Hùng Vương, Xã Ngãi Giao, Thành phố Hồ Chí Minh, Việt Nam -> Đường Tỉnh 911, Xã Xuân Sơn, Thành phố Hồ Chí Minh, Việt Nam",1,0.058823529411764705,12.0,False,19.56,REPEATED_CUSTOMER_DRIVER,KB-C_TIGHT_PAIR_SHARE,The pair dominates both the driver's and the customer's trip history in the window.,bipartite_pair_concentration
bda92b40b3e4107c,b1fb6b76871ea033,17,0,20.9,98705.88235294117,1678000.0,0.0,4,2026-07-17,green_mini_3_khach,Thành phố Hà Nội,Thành phố Hà Nội,0.0,34,17,0.5,1.0,"Phường Phúc Lợi, Thành Phố Hà Nội, Việt Nam -> Xã Phù Đổng, Thành phố Hà Nội, Việt Nam",5,0.29411764705882354,12.0,False,21.31,REPEATED_CUSTOMER_DRIVER,KB-C_TIGHT_PAIR_SHARE,The pair dominates both the driver's and the customer's trip history in the window.,bipartite_pair_concentration
def6f67206cb7756,25bdbfc71916c38c,17,0,9.933333333333334,58058.82352941176,987000.0,0.0,4,2026-07-17,xanh_car,Tỉnh Đồng Nai,Tỉnh Đồng Nai,0.0,33,17,0.5151515151515151,1.0,"Dốc Mơ, Gia Tân, Thống Nhất, Đồng Nai -> Xã Gia Kiệm, Tỉnh Đồng Nai, Việt Nam",4,0.23529411764705882,12.0,False,21.86,REPEATED_CUSTOMER_DRIVER,KB-C_TIGHT_PAIR_SHARE,The pair dominates both the driver's and the customer's trip history in the window.,bipartite_pair_concentration
7622ac93ab222bda,8c495cb7d86f66e0,16,15,0.7166666666666667,31000.0,496000.0,8000.0,3,2026-07-16,xanh_car,Tỉnh Long An,Tỉnh Long An,0.9375,20,16,0.8,1.0,"Khu Phố 8, Xã Tân An Hội, Thành phố Hồ Chí Minh, Việt Nam -> giáp hải, Xã Tân An Hội, Thành phố Hồ Chí Minh",3,0.1875,12.0,True,65.21,REPEATED_CUSTOMER_DRIVER,KB-C_TIGHT_PAIR_SHARE,The pair dominates both the driver's and the customer's trip history in the window.,bipartite_pair_concentration
065c763e856f1601,d4451c264d27d378,16,12,41.8,235437.5,3767000.0,276000.0,4,2026-07-17,xanh_premium,Tỉnh Lào Cai,Tỉnh Lào Cai,0.75,20,16,0.8,1.0,"Xã Võ Lao, Tỉnh Lào Cai, Việt Nam -> Lào Cai",3,0.1875,12.0,True,45.69,REPEATED_CUSTOMER_DRIVER,KB-C_TIGHT_PAIR_SHARE,The pair dominates both the driver's and the customer's trip history in the window.,bipartite_pair_concentration
c741ae6c3e0a3d6d,6776db9fdc2b706c,16,2,23.033333333333335,124500.0,1992000.0,230000.0,4,2026-07-17,xanh_premium,Tỉnh Quảng Ngãi,Tỉnh Quảng Ngãi,0.125,31,32,0.5161290322580645,0.5,"Thống Nhất, Phường Trương Quang Trọng, Tỉnh Quảng Ngãi, Việt Nam -> 02 Đường Tôn Đức Thắng, Phường Nghĩa Lộ, Tỉnh Quảng Ngãi, Việt Nam",3,0.1875,12.0,False,22.37,REPEATED_CUSTOMER_DRIVER,KB-C_TIGHT_PAIR_SHARE,The pair dominates both the driver's and the customer's trip history in the window.,bipartite_pair_concentration
29d732f810a391b8,36f1688d126debcc,16,1,35.233333333333334,132062.5,2113000.0,200000.0,3,2026-07-16,xanh_premium,Thành phố Hồ Chí Minh,Thành phố Hồ Chí Minh,0.0625,22,16,0.7272727272727273,1.0,"256 Đường Nam Kỳ Khởi Nghĩa, Phường Xuân Hòa, Thành phố Hồ Chí Minh, Việt Nam -> Khu Đô Thị The Global City, Phường Bình Trưng, Thành Phố Hồ Chí Minh, Việt Nam",1,0.0625,12.0,False,21.77,REPEATED_CUSTOMER_DRIVER,KB-C_TIGHT_PAIR_SHARE,The pair dominates both the driver's and the customer's trip history in the window.,bipartite_pair_concentration
9e95ba7c6cd9cbe0,9f7404280a7b9d1b,16,1,30.683333333333334,146812.5,2349000.0,311000.0,3,2026-07-17,xanh_car,Tỉnh Nam Định,Tỉnh Nam Định,0.0625,19,19,0.8421052631578947,0.8421052631578947,"Ninh Bình -> Quốc lộ 21, Xã Hải Hậu, Tỉnh Ninh Bình, Việt Nam",2,0.125,12.0,False,22.26,REPEATED_CUSTOMER_DRIVER,KB-C_TIGHT_PAIR_SHARE,The pair dominates both the driver's and the customer's trip history in the window.,bipartite_pair_concentration
cf3431835962aed2,a577f350e0da5900,16,1,9.883333333333333,103312.5,1653000.0,238000.0,4,2026-07-17,xanh_car,Tỉnh Thái Bình,Tỉnh Thái Bình,0.0625,25,16,0.64,1.0,"Thôn Giang Tiến, Xã Kiến Xương, Tỉnh Hưng Yên, Việt Nam -> Hoàng Văn TháI, Phường Trần Lãm, Tỉnh Hưng Yên, Việt Nam",2,0.125,12.0,False,23.41,REPEATED_CUSTOMER_DRIVER,KB-C_TIGHT_PAIR_SHARE,The pair dominates both the driver's and the customer's trip history in the window.,bipartite_pair_concentration
d6847928ebf6cabc,08e261dc4ce0c4b4,16,1,20.233333333333334,125000.0,2000000.0,316000.0,4,2026-07-17,xanh_premium,Tỉnh Nam Định,Tỉnh Nam Định,0.0625,26,16,0.6153846153846154,1.0,"Xã Hải Hưng, Tỉnh Ninh Bình, Việt Nam -> Xã Hải Hậu, Tỉnh Ninh Bình, Việt Nam",2,0.125,12.0,False,22.25,REPEATED_CUSTOMER_DRIVER,KB-C_TIGHT_PAIR_SHARE,The pair dominates both the driver's and the customer's trip history in the window.,bipartite_pair_concentration
0c0d3b18d51d2bc6,c85a3f9824a70c80,16,0,11.533333333333333,112687.5,1803000.0,0.0,4,2026-07-17,xanh_car_just_taxi,Tỉnh Phú Thọ,Tỉnh Phú Thọ,0.0,30,16,0.5333333333333333,1.0,"Phường Nông Trang, Tỉnh Phú Thọ, Việt Nam ->  Tp.Việt Trì, Phú Thọ, Thuy Van Commune",2,0.125,12.0,False,19.98,REPEATED_CUSTOMER_DRIVER,KB-C_TIGHT_PAIR_SHARE,The pair dominates both the driver's and the customer's trip history in the window.,bipartite_pair_concentration
11e4996e955e9754,c74aa8d733e635a5,16,0,2.4,38375.0,614000.0,64000.0,2,2026-07-16,xanh_premium,Tỉnh Nam Định,Tỉnh Nam Định,0.0,22,16,0.7272727272727273,1.0,"106 Đường Hoàng Quốc Việt, Phường Nghĩa Đô, Thành Phố Hà Nội, Việt Nam -> Phường Nghĩa Đô, Thành Phố Hà Nội, Việt Nam",1,0.0625,12.0,True,26.93,REPEATED_CUSTOMER_DRIVER,KB-C_TIGHT_PAIR_SHARE,The pair dominates both the driver's and the customer's trip history in the window.,bipartite_pair_concentration
203636fbdad4f658,f291604243bf604d,16,0,22.216666666666665,182375.0,2918000.0,395000.0,4,2026-07-17,xanh_car,Tỉnh Thừa Thiên Huế,Tỉnh Thừa Thiên Huế,0.0,27,16,0.5925925925925926,1.0,"17 Đường Hà Nội, Phường Thuận Hóa, Thành Phố Huế, Việt Nam -> Phường Hương Trà, Thành phố Huế, Việt Nam",1,0.0625,12.0,False,18.82,REPEATED_CUSTOMER_DRIVER,KB-C_TIGHT_PAIR_SHARE,The pair dominates both the driver's and the customer's trip history in the window.,bipartite_pair_concentration
293b3e8f6a777eac,cabab82d43bfb5b6,16,0,18.766666666666666,187125.0,2994000.0,233000.0,4,2026-07-17,xanh_car,Tỉnh Hải Dương,Tỉnh Hải Dương,0.0,26,16,0.6153846153846154,1.0,"Xã An Phú, Thành Phố Hải Phòng, Việt Nam -> Thành phố Hải Phòng",2,0.125,12.0,False,19.73,REPEATED_CUSTOMER_DRIVER,KB-C_TIGHT_PAIR_SHARE,The pair dominates both the driver's and the customer's trip history in the window.,bipartite_pair_concentration
29f440399a879639,50cc41b989a326e3,16,0,32.93333333333333,185062.5,2961000.0,460000.0,4,2026-07-17,xanh_premium,Tỉnh Quảng Ngãi,Tỉnh Quảng Ngãi,0.0,18,16,0.8888888888888888,1.0,"06 Đường Cao Bá Quát, Phường Cẩm Thành, Tỉnh Quảng Ngãi, Việt Nam -> 2R2M+JH3, Xã Đình Cương, Tỉnh Quảng Ngãi, Việt Nam",1,0.0625,12.0,False,20.01,REPEATED_CUSTOMER_DRIVER,KB-C_TIGHT_PAIR_SHARE,The pair dominates both the driver's and the customer's trip history in the window.,bipartite_pair_concentration
33af613bd024e85f,0525af43bc2e7103,16,0,23.666666666666668,111500.0,1784000.0,43000.0,4,2026-07-17,xanh_limo_6_cho,Tỉnh Đồng Nai,Tỉnh Đồng Nai,0.0,27,16,0.5925925925925926,1.0,"Xã Xuân Lộc, Tỉnh Đồng Nai, Việt Nam -> Đồng Nai",5,0.3125,12.0,False,21.27,REPEATED_CUSTOMER_DRIVER,KB-C_TIGHT_PAIR_SHARE,The pair dominates both the driver's and the customer's trip history in the window.,bipartite_pair_concentration
3811606fc9df9062,7df6a8c17b2fe5ba,16,0,20.3,102968.75,1647500.0,216000.0,4,2026-07-17,xanh_car,Tỉnh Quảng Nam,Tỉnh Quảng Nam,0.0,26,16,0.6153846153846154,1.0,"10 Đường Nguyễn Du, Phường An Mỹ, Phường Bàn Thạch, Thành phố Đà Nẵng, Việt Nam -> Phường Bàn Thạch, Thành phố Đà Nẵng, Việt Nam",1,0.0625,12.0,False,19.02,REPEATED_CUSTOMER_DRIVER,KB-C_TIGHT_PAIR_SHARE,The pair dominates both the driver's and the customer's trip history in the window.,bipartite_pair_concentration
3de202db6629cb3d,be88e71c067189e8,16,0,43.61666666666667,196687.5,3147000.0,309000.0,4,2026-07-17,xanh_premium,Tỉnh Quảng Ngãi,Tỉnh Quảng Ngãi,0.0,26,16,0.6153846153846154,1.0,"Thôn Tân Mỹ, Xã An Phú, Tỉnh Quảng Ngãi, Việt Nam -> 01 Đinh Tiên Hoàng, Nghĩa Chánh Bắc, Quảng Ngãi, Việt Nam",2,0.125,12.0,False,19.12,REPEATED_CUSTOMER_DRIVER,KB-C_TIGHT_PAIR_SHARE,The pair dominates both the driver's and the customer's trip history in the window.,bipartite_pair_concentration
49e7c2d47f318a0f,11471c4b47abcba9,16,0,10.866666666666667,144812.5,2317000.0,355000.0,3,2026-07-16,xanh_car,Tỉnh Tây Ninh,Tỉnh Tây Ninh,0.0,20,17,0.8,0.9411764705882353,"Phường Bình Minh, Tỉnh Tây Ninh, Việt Nam -> 19 Đường Đặng Ngọc Chinh, Phường Tân Ninh, Tỉnh Tây Ninh, Việt Nam",2,0.125,12.0,False,21.13,REPEATED_CUSTOMER_DRIVER,KB-C_TIGHT_PAIR_SHARE,The pair dominates both the driver's and the customer's trip history in the window.,bipartite_pair_concentration
71636c1381642543,3194aa892d0a54e2,16,0,45.8,375812.5,6013000.0,472000.0,4,2026-07-17,xanh_premium,Tỉnh Thái Nguyên,Tỉnh Thái Nguyên,0.0,17,18,0.9411764705882353,0.8888888888888888,"Phường Bách Quang, Thái Nguyên -> Phường Phú Thượng, Thành Phố Hà Nội, Việt Nam",2,0.125,12.0,False,20.17,REPEATED_CUSTOMER_DRIVER,KB-C_TIGHT_PAIR_SHARE,The pair dominates both the driver's and the customer's trip history in the window.,bipartite_pair_concentration
7219f030ab3e66e6,3b28f9ab4f28b902,16,0,21.033333333333335,182750.0,2924000.0,186000.0,4,2026-07-17,xanh_limo_6_cho,Thành phố Đà Nẵng,Thành phố Đà Nẵng,0.0,28,16,0.5714285714285714,1.0,"155 157 Đường Lê Quang Đạo, Bắc Mỹ Phú, Ngũ Hành Sơn, Thành phố Đà Nẵng, Việt Nam -> Phường An Hải, Thành phố Đà Nẵng, Việt Nam",1,0.0625,12.0,False,18.77,REPEATED_CUSTOMER_DRIVER,KB-C_TIGHT_PAIR_SHARE,The pair dominates both the driver's and the customer's trip history in the window.,bipartite_pair_concentration
764c89999cab3069,dc554f0074dc1e18,16,0,26.916666666666668,118281.25,1892500.0,133000.0,4,2026-07-17,xanh_premium,Tỉnh Nam Định,Tỉnh Nam Định,0.0,22,16,0.7272727272727273,1.0,"Xã Hải Hưng, Tỉnh Ninh Bình, Việt Nam ->  Tỉnh Nam Định",3,0.1875,12.0,False,20.59,REPEATED_CUSTOMER_DRIVER,KB-C_TIGHT_PAIR_SHARE,The pair dominates both the driver's and the customer's trip history in the window.,bipartite_pair_concentration
7afd4c3507395b2f,b235143704083232,16,0,3.183333333333333,20187.5,323000.0,0.0,4,2026-07-17,xanh_premium,Tỉnh Hòa Bình,Tỉnh Hòa Bình,0.0,21,16,0.7619047619047619,1.0,"Xã Mai Châu, Tỉnh Phú Thọ, Việt Nam -> Xã Mai Châu, Tỉnh Phú Thọ, Việt Nam",5,0.3125,12.0,True,27.55,REPEATED_CUSTOMER_DRIVER,KB-C_TIGHT_PAIR_SHARE,The pair dominates both the driver's and the customer's trip history in the window.,bipartite_pair_concentration
82d5331601c74dfa,b85b6cc4f2dd1d85,16,0,26.816666666666666,97625.0,1562000.0,0.0,4,2026-07-17,xanh_car,Tỉnh Long An,Tỉnh Long An,0.0,27,20,0.5925925925925926,0.8,"Đức Hòa Hạ, Đức Hòa, Long An -> Xã Hòa Khánh, Tỉnh Tây Ninh, Việt Nam",4,0.25,12.0,False,19.54,REPEATED_CUSTOMER_DRIVER,KB-C_TIGHT_PAIR_SHARE,The pair dominates both the driver's and the customer's trip history in the window.,bipartite_pair_concentration
8397bdba08f52473,e5074f8eac9ff231,16,0,22.166666666666668,28000.0,448000.0,30000.0,4,2026-07-17,xanh_car,Tỉnh Thái Bình,Tỉnh Thái Bình,0.0,22,18,0.7272727272727273,0.8888888888888888,"Hưng Yên -> Vũ Thư, Thái Bình, Huyện Vũ Thư, Tỉnh Thái Bình, VNM",8,0.5,12.0,False,23.32,REPEATED_CUSTOMER_DRIVER,KB-C_TIGHT_PAIR_SHARE,The pair dominates both the driver's and the customer's trip history in the window.,bipartite_pair_concentration
845edc919dee8d2e,d0dba09514e71a2b,16,0,25.05,129187.5,2067000.0,182000.0,2,2026-07-15,xanh_premium,Thành phố Hồ Chí Minh,Thành phố Hồ Chí Minh,0.0,27,18,0.5925925925925926,0.8888888888888888,"Phường Cát Lái, Thành phố Hồ Chí Minh, Việt Nam -> 8 Đường Tú Xương, Khu phố 1, Quận 9, Phường Tăng Nhơn Phú, Thành phố Hồ Chí Minh, Việt Nam",2,0.125,12.0,False,18.79,REPEATED_CUSTOMER_DRIVER,KB-C_TIGHT_PAIR_SHARE,The pair dominates both the driver's and the customer's trip history in the window.,bipartite_pair_concentration
97e064518e105a83,65cc0724efd3100e,16,0,35.5,173000.0,2768000.0,178000.0,4,2026-07-17,xanh_car,Tỉnh Bình Phước,Tỉnh Bình Phước,0.0,19,16,0.8421052631578947,1.0,"251 QL14, Xã Bù Đăng, Tỉnh Đồng Nai, Việt Nam -> Xã Thọ Sơn, Tỉnh Đồng Nai, Việt Nam",1,0.0625,12.0,False,19.73,REPEATED_CUSTOMER_DRIVER,KB-C_TIGHT_PAIR_SHARE,The pair dominates both the driver's and the customer's trip history in the window.,bipartite_pair_concentration
a14a61d5fddec080,a8c69b5d256a31a6,16,0,25.916666666666668,150312.5,2405000.0,373000.0,4,2026-07-17,xanh_car,Tỉnh Nam Định,Tỉnh Nam Định,0.0,25,18,0.64,0.8888888888888888,"Ninh Bình -> Xã Giao Thủy, Tỉnh Ninh Bình, Việt Nam",2,0.125,12.0,False,19.0,REPEATED_CUSTOMER_DRIVER,KB-C_TIGHT_PAIR_SHARE,The pair dominates both the driver's and the customer's trip history in the window.,bipartite_pair_concentration
a6362216194c7591,4f7f4c1947224b7e,16,0,57.86666666666667,229437.5,3671000.0,376000.0,4,2026-07-17,xanh_premium,Thành phố Hà Nội,Thành phố Hà Nội,0.0,21,16,0.7619047619047619,1.0,"429 Đường , Xã Phú Xuyên, Thành phố Hà Nội, Việt Nam -> Km13+500 Quốc lộ 1A, Xã Ngọc Hồi, Thành phố Hà Nội, Việt Nam",1,0.0625,12.0,False,19.11,REPEATED_CUSTOMER_DRIVER,KB-C_TIGHT_PAIR_SHARE,The pair dominates both the driver's and the customer's trip history in the window.,bipartite_pair_concentration
af6aec0451123935,a29f77f258fcb9db,16,0,38.1,169562.5,2713000.0,354000.0,4,2026-07-17,xanh_premium,Tỉnh Ninh Thuận,Tỉnh Ninh Thuận,0.0,18,16,0.8888888888888888,1.0,"16/4 Đường Nguyễn Tri Phương, Quảng Trường, Phường Đông Hải, Khánh Hòa, Việt Nam -> Thôn Hoài Trung, Xã Phước Hữu, Tỉnh Khánh Hòa, Việt Nam",1,0.0625,12.0,False,19.93,REPEATED_CUSTOMER_DRIVER,KB-C_TIGHT_PAIR_SHARE,The pair dominates both the driver's and the customer's trip history in the window.,bipartite_pair_concentration
b5b4a56620b19669,51b643c08a9ba25c,16,0,41.46666666666667,117937.5,1887000.0,214000.0,4,2026-07-17,xanh_premium,Thành phố Hồ Chí Minh,Thành phố Hồ Chí Minh,0.0,16,16,1.0,1.0,"Phường An Lạc, Thành phố Hồ Chí Minh, Việt Nam -> 2225 Phạm Thế Hiển, Phường Bình Đông, Thành phố Hồ Chí Minh",2,0.125,12.0,False,21.07,REPEATED_CUSTOMER_DRIVER,KB-C_TIGHT_PAIR_SHARE,The pair dominates both the driver's and the customer's trip history in the window.,bipartite_pair_concentration
b7e9d097f77e6318,62e3a7ecb3c79a6b,16,0,12.7,122625.0,1962000.0,98000.0,4,2026-07-17,xanh_car,Tỉnh Đồng Nai,Tỉnh Đồng Nai,0.0,17,16,0.9411764705882353,1.0,"Xã La Ngà, Tỉnh Đồng Nai, Việt Nam -> Xã Thống Nhất, Thành phố Đồng Nai, Việt Nam",3,0.1875,12.0,False,22.49,REPEATED_CUSTOMER_DRIVER,KB-C_TIGHT_PAIR_SHARE,The pair dominates both the driver's and the customer's trip history in the window.,bipartite_pair_concentration
c3d7ac3f89793351,d09b93bb2845979b,16,0,17.65,105750.0,1692000.0,128000.0,4,2026-07-17,xanh_car,Thành phố Hồ Chí Minh,Thành phố Hồ Chí Minh,0.0,18,17,0.8888888888888888,0.9411764705882353,"Phường Thạnh Mỹ Tây, Thành phố Hồ Chí Minh, Việt Nam -> Phường An Hội Đông, Thành Phố Hồ Chí Minh, Việt Nam",2,0.125,12.0,False,20.87,REPEATED_CUSTOMER_DRIVER,KB-C_TIGHT_PAIR_SHARE,The pair dominates both the driver's and the customer's trip history in the window.,bipartite_pair_concentration
da2afb3ae684c9ad,8244ccb1e79c8d8f,16,0,60.13333333333333,198250.0,3172000.0,405000.0,4,2026-07-17,xanh_car,Tỉnh Long An,Tỉnh Long An,0.0,22,16,0.7272727272727273,1.0,"215 Đường Hồng Bàng, Phường Chợ Lớn, Thành phố Hồ Chí Minh, Việt Nam -> Tây Ninh",1,0.0625,12.0,False,18.93,REPEATED_CUSTOMER_DRIVER,KB-C_TIGHT_PAIR_SHARE,The pair dominates both the driver's and the customer's trip history in the window.,bipartite_pair_concentration
eac3c481113fb21b,ef43cfb5cd9cd9e6,16,0,35.45,125187.5,2003000.0,307000.0,4,2026-07-17,xanh_premium,Tỉnh Quảng Ngãi,Tỉnh Quảng Ngãi,0.0,23,16,0.6956521739130435,1.0,"184 Hùng Vương, Phường Nghĩa Lộ, Quảng Ngãi -> Khu Lộc Phát 3, Khu đô thị An Phú Sinh, Phường Cẩm Thành, Quảng Ngãi, Việt Nam",3,0.1875,12.0,False,20.25,REPEATED_CUSTOMER_DRIVER,KB-C_TIGHT_PAIR_SHARE,The pair dominates both the driver's and the customer's trip history in the window.,bipartite_pair_concentration
ed5b914c9f7f9205,89cc5fafb2729c2c,16,0,96.81666666666666,110812.5,1773000.0,264000.0,4,2026-07-17,xanh_car,Tỉnh Ninh Thuận,Tỉnh Ninh Thuận,0.0,19,16,0.8421052631578947,1.0,"Khánh Hòa -> Phường Ninh Chử, Tỉnh Khánh Hòa, Việt Nam",4,0.25,12.0,False,21.25,REPEATED_CUSTOMER_DRIVER,KB-C_TIGHT_PAIR_SHARE,The pair dominates both the driver's and the customer's trip history in the window.,bipartite_pair_concentration
ef70b555c7500f2a,d1304aa066912948,16,0,35.88333333333333,148687.5,2379000.0,331000.0,4,2026-07-17,xanh_premium,Thành phố Hà Nội,Thành phố Hà Nội,0.0,19,16,0.8421052631578947,1.0,"1 Đường Ngọc Hồi, Phường Yên Sở, Thành Phố Hà Nội, Việt Nam -> 55 Đường Nguyễn Hoàng, Phường Từ Liêm, Thành Phố Hà Nội, Việt Nam",1,0.0625,12.0,False,19.73,REPEATED_CUSTOMER_DRIVER,KB-C_TIGHT_PAIR_SHARE,The pair dominates both the driver's and the customer's trip history in the window.,bipartite_pair_concentration
6016c3c1fb5d2f5a,56e460362800559a,15,11,14.633333333333333,110400.0,1656000.0,156000.0,4,2026-07-17,xanh_car,Tỉnh Ninh Bình,Tỉnh Ninh Bình,0.7333333333333333,20,16,0.75,0.9375,"Phường Hoa Lư, Tỉnh Ninh Bình, Việt Nam -> Phường Hoa Lư, Tỉnh Ninh Bình, Việt Nam",2,0.13333333333333333,12.0,True,44.89,REPEATED_CUSTOMER_DRIVER,KB-C_TIGHT_PAIR_SHARE,The pair dominates both the driver's and the customer's trip history in the window.,bipartite_pair_concentration
b5d1bbee8ad1e4bf,fb2d8233b4054fc8,15,6,2.7666666666666666,252000.0,3780000.0,612000.0,3,2026-07-17,xanh_limo_6_cho,Thành phố Hà Nội,Thành phố Hà Nội,0.4,15,17,1.0,0.8823529411764706,"308 Đường Tỉnh 308, Xã Tiến Thắng, Thành phố Hà Nội, Việt Nam -> Quốc lộ 2A, Xã Sóc Sơn, Thành phố Hà Nội, Việt Nam",1,0.06666666666666667,12.0,True,42.72,REPEATED_CUSTOMER_DRIVER,KB-C_TIGHT_PAIR_SHARE,The pair dominates both the driver's and the customer's trip history in the window.,bipartite_pair_concentration
2815a2b825f3c981,5c098c91fef4f1ed,15,1,32.666666666666664,236200.0,3543000.0,547000.0,4,2026-07-17,xanh_premium,Thành phố Cần Thơ,Thành phố Cần Thơ,0.06666666666666667,15,15,1.0,1.0,"Xã Thới Lai, Thành phố Cần Thơ -> 209 Đường 30 Tháng 4, Phường Ninh Kiều, Thành phố Cần Thơ, Việt Nam",2,0.13333333333333333,12.0,False,23.47,REPEATED_CUSTOMER_DRIVER,KB-C_TIGHT_PAIR_SHARE,The pair dominates both the driver's and the customer's trip history in the window.,bipartite_pair_concentration
2e381a87120df6b8,7d11bb695cb0a121,15,1,11.233333333333333,138733.33333333334,2081000.0,218000.0,4,2026-07-17,xanh_limo_6_cho,Tỉnh Đồng Nai,Tỉnh Đồng Nai,0.06666666666666667,28,15,0.5357142857142857,1.0,"KP. Tam Hòa, Phường Trấn Biên, Tỉnh Đồng Nai, Việt Nam -> 2 Đường Đồng Khởi, Phường Tam Hiệp, Tỉnh Đồng Nai, Việt Nam",2,0.13333333333333333,12.0,False,22.32,REPEATED_CUSTOMER_DRIVER,KB-C_TIGHT_PAIR_SHARE,The pair dominates both the driver's and the customer's trip history in the window.,bipartite_pair_concentration
5c80c95ec49760e4,41c1e90362494e4d,15,1,54.81666666666667,150266.66666666666,2254000.0,183000.0,4,2026-07-17,xanh_premium,Thành phố Hồ Chí Minh,Thành phố Hồ Chí Minh,0.06666666666666667,19,15,0.7894736842105263,1.0,"1A Đường Điện Biên Phủ, Phường Tân Định, Thành phố Hồ Chí Minh, Việt Nam -> Ấp 4, Xã Lương Hòa, Tỉnh Tây Ninh, Việt Nam",1,0.06666666666666667,12.0,False,21.51,REPEATED_CUSTOMER_DRIVER,KB-C_TIGHT_PAIR_SHARE,The pair dominates both the driver's and the customer's trip history in the window.,bipartite_pair_concentration
60327a3bcd2deda6,b69fcac5e6216873,15,1,56.016666666666666,160866.66666666666,2413000.0,390000.0,4,2026-07-17,xanh_car,Tỉnh Bình Dương,Tỉnh Bình Dương,0.06666666666666667,19,16,0.7894736842105263,0.9375,"KĐT Huỳnh Gia Residence, Xã Bàu Bàng, Thành Phố Hồ Chí Minh, Việt Nam -> Xã Bàu Bàng, Thành Phố Hồ Chí Minh, Việt Nam",2,0.13333333333333333,12.0,False,21.85,REPEATED_CUSTOMER_DRIVER,KB-C_TIGHT_PAIR_SHARE,The pair dominates both the driver's and the customer's trip history in the window.,bipartite_pair_concentration
aaa09484f8ee3af4,8b57b528cdc0b3cc,15,1,6.266666666666667,116800.0,1752000.0,199000.0,4,2026-07-17,xanh_car,Tỉnh Khánh Hòa,Tỉnh Khánh Hòa,0.06666666666666667,16,15,0.9375,1.0,"Xã Diên Điền, Tỉnh Khánh Hòa, Việt Nam -> Phường Nam Nha Trang, Tỉnh Khánh Hòa, Việt Nam",2,0.13333333333333333,12.0,False,25.74,REPEATED_CUSTOMER_DRIVER,KB-C_TIGHT_PAIR_SHARE,The pair dominates both the driver's and the customer's trip history in the window.,bipartite_pair_concentration
0539a81b56b7960e,7db6a84fcac2a668,15,0,38.333333333333336,136066.66666666666,2041000.0,168000.0,4,2026-07-17,xanh_premium,Tỉnh Bến Tre,Tỉnh Bến Tre,0.0,19,15,0.7894736842105263,1.0,"44 Đường Đoàn Hoàng Minh, Phường Sơn Đông, Tỉnh Vĩnh Long, Việt Nam -> Ấp Tân Long 2, Xã Tân Thành Bình, Tỉnh Vĩnh Long, Việt Nam",3,0.2,12.0,False,20.22,REPEATED_CUSTOMER_DRIVER,KB-C_TIGHT_PAIR_SHARE,The pair dominates both the driver's and the customer's trip history in the window.,bipartite_pair_concentration
0e4bfdd0cb02ea7a,f9962d521ff90242,15,0,43.666666666666664,213133.33333333334,3197000.0,297000.0,4,2026-07-17,xanh_limo_6_cho,Tỉnh Bà Rịa - Vũng Tàu,Tỉnh Bà Rịa - Vũng Tàu,0.0,29,15,0.5172413793103449,1.0,"Đường Số 6, Phường Rạch Dừa, Thành phố Hồ Chí Minh, Việt Nam -> 2 Đường Trương Công Định, Phường Vũng Tàu, Thành phố Hồ Chí Minh, Việt Nam",7,0.4666666666666667,12.0,False,21.46,REPEATED_CUSTOMER_DRIVER,KB-C_TIGHT_PAIR_SHARE,The pair dominates both the driver's and the customer's trip history in the window.,bipartite_pair_concentration
2855d45f9da1858b,7f1cf423dd81fb01,15,0,13.2,189266.66666666666,2839000.0,305000.0,3,2026-07-17,xanh_car,Thành phố Hà Nội,Thành phố Hà Nội,0.0,15,25,1.0,0.6,"11 Phố Ô Chợ Dừa, Phường Đống Đa, Thành Phố Hà Nội, Việt Nam -> Trâu Quỳ, Gia Lâm, Hà Nội",1,0.06666666666666667,12.0,False,18.93,REPEATED_CUSTOMER_DRIVER,KB-C_TIGHT_PAIR_SHARE,The pair dominates both the driver's and the customer's trip history in the window.,bipartite_pair_concentration
2a4e33baa4d7b717,aa780d10917e10db,15,0,38.78333333333333,271333.3333333333,4070000.0,571000.0,4,2026-07-17,xanh_premium,Tỉnh Thừa Thiên Huế,Tỉnh Thừa Thiên Huế,0.0,26,15,0.5769230769230769,1.0,"16 Lê Lợi-Tp Huế, Phường Thuận Hóa, Thành Phố Huế, Việt Nam -> H. Phú Vang, P.Thuận An, TP.Huế, 49000, Vietnam",1,0.06666666666666667,12.0,False,17.82,REPEATED_CUSTOMER_DRIVER,KB-C_TIGHT_PAIR_SHARE,The pair dominates both the driver's and the customer's trip history in the window.,bipartite_pair_concentration
2f69145fbaab2968,bdf8d991b12e6b81,15,0,17.483333333333334,157333.33333333334,2360000.0,422000.0,4,2026-07-17,xanh_premium,Tỉnh Thừa Thiên Huế,Tỉnh Thừa Thiên Huế,0.0,19,15,0.7894736842105263,1.0,"Xã Phú Vang, Thành phố Huế -> Xã Phú Hồ, Thành phố Huế, Việt Nam",3,0.2,12.0,False,20.84,REPEATED_CUSTOMER_DRIVER,KB-C_TIGHT_PAIR_SHARE,The pair dominates both the driver's and the customer's trip history in the window.,bipartite_pair_concentration
33c083b10c9726b7,e831dd2a08faea77,15,0,16.45,202133.33333333334,3032000.0,377000.0,4,2026-07-17,xanh_premium,Tỉnh Trà Vinh,Tỉnh Trà Vinh,0.0,19,15,0.7894736842105263,1.0,"Xã Tiểu Cần, Tỉnh Vĩnh Long, Việt Nam -> Quốc lộ 60, Xã Tiểu Cần, Tỉnh Vĩnh Long, Việt Nam",2,0.13333333333333333,12.0,False,20.25,REPEATED_CUSTOMER_DRIVER,KB-C_TIGHT_PAIR_SHARE,The pair dominates both the driver's and the customer's trip history in the window.,bipartite_pair_concentration
373ad0220443d475,b1906e333b1b538a,15,0,20.75,149826.66666666666,2247400.0,347000.0,3,2026-07-16,xanh_premium,Tỉnh Bình Dương,Tỉnh Bình Dương,0.0,22,15,0.6818181818181818,1.0,"Phường Tân Hiệp, Thành phố Hồ Chí Minh, Việt Nam -> Phường Phú Lợi, Thành phố Hồ Chí Minh, Việt Nam",2,0.13333333333333333,12.0,False,19.46,REPEATED_CUSTOMER_DRIVER,KB-C_TIGHT_PAIR_SHARE,The pair dominates both the driver's and the customer's trip history in the window.,bipartite_pair_concentration
3f7304bde7b71444,3d11ffe5ca01796c,15,0,12.316666666666666,175866.66666666666,2638000.0,240000.0,4,2026-07-17,xanh_premium,Tỉnh Tây Ninh,Tỉnh Tây Ninh,0.0,20,15,0.75,1.0,"Xã Tân Đông, Tây Ninh -> Tây Ninh",2,0.13333333333333333,12.0,False,20.46,REPEATED_CUSTOMER_DRIVER,KB-C_TIGHT_PAIR_SHARE,The pair dominates both the driver's and the customer's trip history in the window.,bipartite_pair_concentration
4883e2cabf854e70,3dd7d344992e765a,15,0,55.3,135666.66666666666,2035000.0,96000.0,4,2026-07-17,xanh_car,Thành phố Hồ Chí Minh,Thành phố Hồ Chí Minh,0.0,17,15,0.8823529411764706,1.0,"187A Đường Lê Văn Lương, Xã Nhà Bè, Thành phố Hồ Chí Minh -> Xã Hiệp Phước, Thành phố Hồ Chí Minh, Việt Nam",2,0.13333333333333333,12.0,False,19.86,REPEATED_CUSTOMER_DRIVER,KB-C_TIGHT_PAIR_SHARE,The pair dominates both the driver's and the customer's trip history in the window.,bipartite_pair_concentration
48bc569cfba60ba8,9be606402e4b34be,15,0,76.7,198200.0,2973000.0,464000.0,4,2026-07-17,xanh_car,Tỉnh Long An,Tỉnh Long An,0.0,26,16,0.5769230769230769,0.9375,"395 Đường Kinh Dương Vương, Phường An Lạc, Thành phố Hồ Chí Minh, Việt Nam -> Xã Mỹ Lộc, Tỉnh Tây Ninh, Việt Nam",1,0.06666666666666667,12.0,False,17.25,REPEATED_CUSTOMER_DRIVER,KB-C_TIGHT_PAIR_SHARE,The pair dominates both the driver's and the customer's trip history in the window.,bipartite_pair_concentration
4f6e4f474092559d,e704502657ae2f46,15,0,18.583333333333332,91866.66666666667,1378000.0,168000.0,4,2026-07-17,xanh_car,Tỉnh Thanh Hóa,Tỉnh Thanh Hóa,0.0,27,15,0.5555555555555556,1.0,"268 Nghĩa Sơn 1, Phường Nguyệt Viên, Tỉnh Thanh Hóa, Việt Nam -> 307 Đường Lê Lai, Phường Hạc Thành, Tỉnh Thanh Hóa, Việt Nam",1,0.06666666666666667,12.0,False,18.27,REPEATED_CUSTOMER_DRIVER,KB-C_TIGHT_PAIR_SHARE,The pair dominates both the driver's and the customer's trip history in the window.,bipartite_pair_concentration
76f43dc04198e3a6,bd69da6bbb89cb4c,15,0,25.266666666666666,131000.0,1965000.0,258000.0,4,2026-07-17,xanh_premium,Tỉnh Nam Định,Tỉnh Nam Định,0.0,23,18,0.6521739130434783,0.8333333333333334,"Cầu Đông, Xã Hải Hậu, Tỉnh Ninh Bình, Việt Nam -> Xóm 13, Xã Hải Hậu, Tỉnh Ninh Bình, Việt Nam",2,0.13333333333333333,12.0,False,18.3,REPEATED_CUSTOMER_DRIVER,KB-C_TIGHT_PAIR_SHARE,The pair dominates both the driver's and the customer's trip history in the window.,bipartite_pair_concentration
7be274e1a73b4efb,0757b3cb55662c3d,15,0,25.933333333333334,258066.66666666666,3871000.0,352000.0,4,2026-07-17,xanh_premium,Tỉnh Long An,Tỉnh Long An,0.0,17,15,0.8823529411764706,1.0,"A18 Tan Do Hai Son St., Xã Đức Hòa, Tỉnh Tây Ninh, Việt Nam -> Thạnh Lợi, Bến Lức, Long An",2,0.13333333333333333,12.0,False,20.27,REPEATED_CUSTOMER_DRIVER,KB-C_TIGHT_PAIR_SHARE,The pair dominates both the driver's and the customer's trip history in the window.,bipartite_pair_concentration
7e53e71e2b6db7db,df5d87baf7552a31,15,0,17.683333333333334,221600.0,3324000.0,291000.0,3,2026-07-17,xanh_premium,Thành phố Hồ Chí Minh,Thành phố Hồ Chí Minh,0.0,28,15,0.5357142857142857,1.0,"Xã Cần Giờ, Thành phố Hồ Chí Minh, Việt Nam -> Thị trấn Cần Thạnh, Xã Cần Giờ, Thành phố Hồ Chí Minh, Việt Nam",3,0.2,12.0,False,19.56,REPEATED_CUSTOMER_DRIVER,KB-C_TIGHT_PAIR_SHARE,The pair dominates both the driver's and the customer's trip history in the window.,bipartite_pair_concentration
7e81267e27eedf95,27e1e70114f032c9,15,0,4.583333333333333,34000.0,510000.0,54000.0,4,2026-07-17,xanh_premium,Tỉnh Ninh Bình,Tỉnh Ninh Bình,0.0,24,15,0.625,1.0,"Phường Trung Sơn, Tỉnh Ninh Bình, Việt Nam -> Phường Trung Sơn, Tỉnh Ninh Bình, Việt Nam",6,0.4,12.0,True,25.24,REPEATED_CUSTOMER_DRIVER,KB-C_TIGHT_PAIR_SHARE,The pair dominates both the driver's and the customer's trip history in the window.,bipartite_pair_concentration
8b3acdfd3a10bde9,f5b6d53896dfb707,15,0,37.2,224866.66666666666,3373000.0,475000.0,4,2026-07-17,xanh_car,Tỉnh Thừa Thiên Huế,Tỉnh Thừa Thiên Huế,0.0,22,23,0.6818181818181818,0.6521739130434783,"Hòa Khê, Thanh Khê, Thành phố Đà Nẵng, Việt Nam -> Phường Thanh Khê, Thành phố Đà Nẵng, Việt Nam",1,0.06666666666666667,12.0,False,16.62,REPEATED_CUSTOMER_DRIVER,KB-C_TIGHT_PAIR_SHARE,The pair dominates both the driver's and the customer's trip history in the window.,bipartite_pair_concentration
9021a24fdf156353,ce2a687d7f1b8677,15,0,25.216666666666665,236666.66666666666,3550000.0,390000.0,4,2026-07-17,xanh_car,Tỉnh Tây Ninh,Tỉnh Tây Ninh,0.0,21,15,0.7142857142857143,1.0,Tây Ninh -> Tây Ninh,2,0.13333333333333333,12.0,False,19.45,REPEATED_CUSTOMER_DRIVER,KB-C_TIGHT_PAIR_SHARE,The pair dominates both the driver's and the customer's trip history in the window.,bipartite_pair_concentration
9260bb31f0764250,4289e00d05f21b73,15,0,14.55,88133.33333333333,1322000.0,247000.0,4,2026-07-17,xanh_car,Tỉnh Khánh Hòa,Tỉnh Khánh Hòa,0.0,27,17,0.5555555555555556,0.8823529411764706,"1270 Đường 2 Tháng 4, Phường Nha Trang, Tỉnh Khánh Hòa, Việt Nam -> Lư Giang, Phường Nam Nha Trang, Tỉnh Khánh Hòa, Việt Nam",1,0.06666666666666667,12.0,False,17.98,REPEATED_CUSTOMER_DRIVER,KB-C_TIGHT_PAIR_SHARE,The pair dominates both the driver's and the customer's trip history in the window.,bipartite_pair_concentration
9747f89401aacff5,a205272751dfdc7a,15,0,39.833333333333336,224466.66666666666,3367000.0,330000.0,4,2026-07-17,xanh_premium,Tỉnh Trà Vinh,Tỉnh Trà Vinh,0.0,20,15,0.75,1.0,"Phường Nguyệt Hóa, Vĩnh Long -> Phường Trà Vinh, Tỉnh Vĩnh Long, Việt Nam",2,0.13333333333333333,12.0,False,19.34,REPEATED_CUSTOMER_DRIVER,KB-C_TIGHT_PAIR_SHARE,The pair dominates both the driver's and the customer's trip history in the window.,bipartite_pair_concentration
adb0fe6e6c3efdf1,4fd0ed8fda975166,15,0,56.15,213133.33333333334,3197000.0,329000.0,4,2026-07-17,xanh_premium,Tỉnh Đồng Nai,Tỉnh Đồng Nai,0.0,18,15,0.8333333333333334,1.0,"480/5 Đường Tỉnh, Xã Bình An, Tỉnh Đồng Nai, Việt Nam -> Đường Tỉnh 769, Xã Long Thành, Tỉnh Đồng Nai, Việt Nam",1,0.06666666666666667,12.0,False,18.94,REPEATED_CUSTOMER_DRIVER,KB-C_TIGHT_PAIR_SHARE,The pair dominates both the driver's and the customer's trip history in the window.,bipartite_pair_concentration
be35ef8bdcbd8665,bc009370dbef61a0,15,0,28.216666666666665,166400.0,2496000.0,216000.0,4,2026-07-17,xanh_car,Tỉnh Đồng Nai,Tỉnh Đồng Nai,0.0,28,15,0.5357142857142857,1.0,"2 Đường Đồng Khởi, Phường Tam Hiệp, Tỉnh Đồng Nai, Việt Nam -> Đồng Nai",2,0.13333333333333333,12.0,False,18.47,REPEATED_CUSTOMER_DRIVER,KB-C_TIGHT_PAIR_SHARE,The pair dominates both the driver's and the customer's trip history in the window.,bipartite_pair_concentration
be4daaf0cb6dba02,9428558dcae677e3,15,0,7.2,103133.33333333333,1547000.0,108000.0,4,2026-07-17,xanh_car_just_taxi,Tỉnh Vĩnh Phúc,Tỉnh Vĩnh Phúc,0.0,24,15,0.625,1.0,"Phường Vĩnh Phúc, Tỉnh Phú Thọ, Việt Nam -> location_address_display (0.000000, 0.000000)",4,0.26666666666666666,12.0,False,22.32,REPEATED_CUSTOMER_DRIVER,KB-C_TIGHT_PAIR_SHARE,The pair dominates both the driver's and the customer's trip history in the window.,bipartite_pair_concentration
bf32cc007fcfdde0,52db855481c9c242,15,0,18.05,237853.33333333334,3567800.0,92000.0,4,2026-07-17,xanh_premium_just_taxi,Tỉnh Đồng Nai,Tỉnh Đồng Nai,0.0,15,15,1.0,1.0,"Phường Trấn Biên, Tỉnh Đồng Nai, Việt Nam -> location_address_display (0.000000, 0.000000)",3,0.2,12.0,False,21.86,REPEATED_CUSTOMER_DRIVER,KB-C_TIGHT_PAIR_SHARE,The pair dominates both the driver's and the customer's trip history in the window.,bipartite_pair_concentration
c4d11286db254289,de1c791137b1fe57,15,0,49.7,189333.33333333334,2840000.0,204000.0,4,2026-07-17,xanh_premium,Tỉnh Bình Phước,Tỉnh Bình Phước,0.0,21,15,0.7142857142857143,1.0,"KCN Becamex, Phường Chơn Thành, Tỉnh Đồng Nai, Việt Nam -> TT. Lai Uyên, Bàu Bàng, Bình Dương",1,0.06666666666666667,12.0,False,18.39,REPEATED_CUSTOMER_DRIVER,KB-C_TIGHT_PAIR_SHARE,The pair dominates both the driver's and the customer's trip history in the window.,bipartite_pair_concentration
d12f804924315002,612419bc5cf38756,15,0,3.8,156200.0,2343000.0,79000.0,4,2026-07-17,xanh_premium,Tỉnh Khánh Hòa,Tỉnh Khánh Hòa,0.0,21,26,0.7142857142857143,0.5769230769230769,"Phường Nam Nha Trang, Tỉnh Khánh Hòa, Việt Nam -> Phường Nam Nha Trang, Tỉnh Khánh Hòa, Việt Nam",2,0.13333333333333333,12.0,True,21.8,REPEATED_CUSTOMER_DRIVER,KB-C_TIGHT_PAIR_SHARE,The pair dominates both the driver's and the customer's trip history in the window.,bipartite_pair_concentration
d1b5368c6d605e6c,41c2d70ca10b46b8,15,0,13.083333333333334,153666.66666666666,2305000.0,218000.0,4,2026-07-17,xanh_premium,Tỉnh Bình Phước,Tỉnh Bình Phước,0.0,25,15,0.6,1.0,"9JFC+PGX, Thành Tâm, Chơn Thành, Bình Phước, Việt Nam -> Phường Chơn Thành, Đồng Nai",1,0.06666666666666667,12.0,False,18.95,REPEATED_CUSTOMER_DRIVER,KB-C_TIGHT_PAIR_SHARE,The pair dominates both the driver's and the customer's trip history in the window.,bipartite_pair_concentration
d453440c5feb96ec,72b86be33a9770fd,15,0,15.433333333333334,193733.33333333334,2906000.0,379000.0,4,2026-07-17,xanh_car,Tỉnh Đồng Nai,Tỉnh Đồng Nai,0.0,18,16,0.8333333333333334,0.9375,"Đồng Nai -> Xã Xuân Lộc, Tỉnh Đồng Nai, Việt Nam",2,0.13333333333333333,12.0,False,20.23,REPEATED_CUSTOMER_DRIVER,KB-C_TIGHT_PAIR_SHARE,The pair dominates both the driver's and the customer's trip history in the window.,bipartite_pair_concentration
d6cb70e5b6bc69d2,e05741370b52d681,15,0,31.2,196533.33333333334,2948000.0,454000.0,4,2026-07-17,xanh_premium,Tỉnh Tây Ninh,Tỉnh Tây Ninh,0.0,20,15,0.75,1.0,"217-219 Đường Ba Mươi Tháng Tư, Phường Tân Ninh, Tỉnh Tây Ninh, Việt Nam -> Đường K48, Ấp Tân Thạnh, Xã Tân Phú, Tỉnh Tây Ninh, Việt Nam",1,0.06666666666666667,12.0,False,18.81,REPEATED_CUSTOMER_DRIVER,KB-C_TIGHT_PAIR_SHARE,The pair dominates both the driver's and the customer's trip history in the window.,bipartite_pair_concentration
da93432dc99aeb84,6685b6c1f7849e1c,15,0,20.2,168933.33333333334,2534000.0,132000.0,4,2026-07-17,xanh_car,Tỉnh Long An,Tỉnh Long An,0.0,24,16,0.625,0.9375,"1 Đường Nơ Trang Long, Phường Gia Định, Thành phố Hồ Chí Minh, Việt Nam -> Xã Đức Huệ, Tỉnh Tây Ninh, Việt Nam",1,0.06666666666666667,12.0,False,18.22,REPEATED_CUSTOMER_DRIVER,KB-C_TIGHT_PAIR_SHARE,The pair dominates both the driver's and the customer's trip history in the window.,bipartite_pair_concentration
dff67a4fdd760ba5,affff2efdb94e79c,15,0,62.81666666666667,401000.0,6015000.0,251000.0,4,2026-07-17,xanh_car,Tỉnh Lào Cai,Tỉnh Lào Cai,0.0,17,15,0.8823529411764706,1.0,"Huyện Văn Bàn, Tỉnh Lào Cai -> location_address_display (0.000000, 0.000000)",3,0.2,12.0,False,20.48,REPEATED_CUSTOMER_DRIVER,KB-C_TIGHT_PAIR_SHARE,The pair dominates both the driver's and the customer's trip history in the window.,bipartite_pair_concentration
e042e4b3d6d44205,ee4f62caaa84a840,15,0,27.366666666666667,181866.66666666666,2728000.0,0.0,4,2026-07-17,xanh_car_just_taxi,Tỉnh Tuyên Quang,Tỉnh Tuyên Quang,0.0,26,15,0.5769230769230769,1.0,"Xã Hàm Yên, Tỉnh Tuyên Quang, Việt Nam ->  Thị trấn Tân Yên, Huyện Hàm Yên, Tỉnh Tuyên Quang, Việt Nam",2,0.13333333333333333,12.0,False,18.7,REPEATED_CUSTOMER_DRIVER,KB-C_TIGHT_PAIR_SHARE,The pair dominates both the driver's and the customer's trip history in the window.,bipartite_pair_concentration
fa8894678b919cb0,e666395b2c3f9291,15,0,64.15,196000.0,2940000.0,25000.0,4,2026-07-17,xanh_car,Tỉnh Tiền Giang,Tỉnh Tiền Giang,0.0,25,16,0.6,0.9375,"Đường Huyện 31, Ấp Tân Phú, Xã Tân Hương, Tỉnh Đồng Tháp, Việt Nam -> Phường Mỹ Phong, Tỉnh Đồng Tháp, Việt Nam",4,0.26666666666666666,12.0,False,19.42,REPEATED_CUSTOMER_DRIVER,KB-C_TIGHT_PAIR_SHARE,The pair dominates both the driver's and the customer's trip history in the window.,bipartite_pair_concentration
82b2cc73405e8687,cbd055fc57409cb9,14,13,0.5,35785.71428571428,501000.0,0.0,3,2026-07-16,xanh_limo_6_cho,Tỉnh Bắc Ninh,Tỉnh Bắc Ninh,0.9285714285714286,15,14,0.9333333333333333,1.0,"7 Đường Quang Trung, Phường Trần Hưng Đạo, Tỉnh Hưng Yên, Việt Nam -> Đường Trần Hưng Đạo, Phường Thái Bình, Tỉnh Hưng Yên, Việt Nam",2,0.14285714285714285,12.0,True,64.26,REPEATED_CUSTOMER_DRIVER,KB-C_TIGHT_PAIR_SHARE,The pair dominates both the driver's and the customer's trip history in the window.,bipartite_pair_concentration
1086bcbbc55c9a71,8c35250e8b45280d,14,4,6.7,129785.71428571429,1817000.0,403000.0,4,2026-07-17,xanh_car,Tỉnh Quảng Trị,Tỉnh Quảng Trị,0.2857142857142857,24,14,0.5833333333333334,1.0,"Quảng Trị, Trieu Phong Commune -> Phường Quảng Trị, Tỉnh Quảng Trị, Việt Nam",2,0.14285714285714285,12.0,False,32.4,REPEATED_CUSTOMER_DRIVER,KB-C_TIGHT_PAIR_SHARE,The pair dominates both the driver's and the customer's trip history in the window.,bipartite_pair_concentration
4b51c4f880ad44b7,bf86a9e8efc3ceda,14,4,19.533333333333335,146642.85714285713,2053000.0,240000.0,4,2026-07-17,xanh_car,Tỉnh Quảng Ngãi,Tỉnh Quảng Ngãi,0.2857142857142857,22,14,0.6363636363636364,1.0,"Xã Vạn Tường, Quảng Ngãi -> Xã Vạn Tường, Tỉnh Quảng Ngãi, Việt Nam",4,0.2857142857142857,12.0,False,32.13,REPEATED_CUSTOMER_DRIVER,KB-C_TIGHT_PAIR_SHARE,The pair dominates both the driver's and the customer's trip history in the window.,bipartite_pair_concentration
ad3b2a30813cdca9,2ae3a3f1742e7a00,14,3,21.6,261142.85714285713,3656000.0,312000.0,4,2026-07-17,xanh_premium,Tỉnh Đồng Nai,Tỉnh Đồng Nai,0.21428571428571427,26,14,0.5384615384615384,1.0,"Trị An, Đồng Nai, Việt Nam -> 33Jh+9X2, Ấp Lợi Hà, Xã Bàu Hàm, Tỉnh Đồng Nai, Việt Nam",1,0.07142857142857142,12.0,False,26.43,REPEATED_CUSTOMER_DRIVER,KB-C_TIGHT_PAIR_SHARE,The pair dominates both the driver's and the customer's trip history in the window.,bipartite_pair_concentration
e5639b40333338ac,484c4a31efe34f93,14,3,19.983333333333334,185000.0,2590000.0,316000.0,3,2026-07-17,xanh_car,Thành phố Hà Nội,Thành phố Hà Nội,0.21428571428571427,24,16,0.5833333333333334,0.875,"617 Đường Quảng Oai, Xã Quảng Oai, Thành phố Hà Nội, Việt Nam -> Xã Hoài Đức, Thành phố Hà Nội, Việt Nam",1,0.07142857142857142,12.0,False,26.1,REPEATED_CUSTOMER_DRIVER,KB-C_TIGHT_PAIR_SHARE,The pair dominates both the driver's and the customer's trip history in the window.,bipartite_pair_concentration
4617c2a585524f38,1c0e4723e771a599,14,2,56.71666666666667,205285.7142857143,2874000.0,411000.0,4,2026-07-17,xanh_limo_6_cho,Tỉnh Kiên Giang,Tỉnh Kiên Giang,0.14285714285714285,18,15,0.7777777777777778,0.9333333333333333,"Đặc khu Phú Quốc, Tỉnh An Giang, Việt Nam -> Đặc khu Phú Quốc, Tỉnh An Giang, Việt Nam",3,0.21428571428571427,12.0,False,25.17,REPEATED_CUSTOMER_DRIVER,KB-C_TIGHT_PAIR_SHARE,The pair dominates both the driver's and the customer's trip history in the window.,bipartite_pair_concentration
dc7f9bec55a8253b,caaf44890eb8e7ac,14,2,2.3333333333333335,40714.28571428572,570000.0,0.0,2,2026-07-16,xanh_limo_6_cho,Tỉnh Bà Rịa - Vũng Tàu,Tỉnh Bà Rịa - Vũng Tàu,0.14285714285714285,15,14,0.9333333333333333,1.0,"Phường Tam Long, Thành phố Hồ Chí Minh, Việt Nam -> Phường Tam Long, Thành phố Hồ Chí Minh, Việt Nam",2,0.14285714285714285,12.0,True,33.79,REPEATED_CUSTOMER_DRIVER,KB-C_TIGHT_PAIR_SHARE,The pair dominates both the driver's and the customer's trip history in the window.,bipartite_pair_concentration
dce542e7c96fd202,f951bcd41d7b02e9,14,2,12.066666666666666,68000.0,952000.0,0.0,4,2026-07-17,xanh_premium,Tỉnh Quảng Ninh,Tỉnh Quảng Ninh,0.14285714285714285,22,15,0.6363636363636364,0.9333333333333333,"Quảng Ninh -> Đặc khu Vân Đồn, Tỉnh Quảng Ninh, Việt Nam",4,0.2857142857142857,12.0,False,26.48,REPEATED_CUSTOMER_DRIVER,KB-C_TIGHT_PAIR_SHARE,The pair dominates both the driver's and the customer's trip history in the window.,bipartite_pair_concentration
3c8cb51dbca77a0f,fad106247b38675d,14,1,66.9,284000.0,3976000.0,459000.0,4,2026-07-17,xanh_premium,Thành phố Cần Thơ,Thành phố Cần Thơ,0.07142857142857142,17,14,0.8235294117647058,1.0,"315 Đường Nguyễn Văn Linh, Phường Tân An, Thành phố Cần Thơ, Việt Nam -> Xã Phong Điền, Thành phố Cần Thơ, Việt Nam",1,0.07142857142857142,12.0,False,21.27,REPEATED_CUSTOMER_DRIVER,KB-C_TIGHT_PAIR_SHARE,The pair dominates both the driver's and the customer's trip history in the window.,bipartite_pair_concentration
505165354eb704bf,a2c4a4a1a92ef49a,14,1,17.466666666666665,149285.7142857143,2090000.0,214000.0,4,2026-07-17,xanh_car,Thành phố Hà Nội,Thành phố Hà Nội,0.07142857142857142,22,14,0.6363636363636364,1.0,"1 Đường Tôn Thất Tùng, Phường Kim Liên, Thành Phố Hà Nội, Việt Nam -> Bắc Giang",1,0.07142857142857142,12.0,False,21.18,REPEATED_CUSTOMER_DRIVER,KB-C_TIGHT_PAIR_SHARE,The pair dominates both the driver's and the customer's trip history in the window.,bipartite_pair_concentration
58e4417fc0ae5562,3d11234b5b1625e2,14,1,13.166666666666666,149428.57142857142,2092000.0,433000.0,4,2026-07-17,xanh_car,Tỉnh Quảng Bình,Tỉnh Quảng Bình,0.07142857142857142,24,14,0.5833333333333334,1.0,"99 Đường Đại lộ Đông Tây Điện Biên Phủ, Phường Đồng Hới, Tỉnh Quảng Trị, Việt Nam -> Quảng Trị",1,0.07142857142857142,12.0,False,21.29,REPEATED_CUSTOMER_DRIVER,KB-C_TIGHT_PAIR_SHARE,The pair dominates both the driver's and the customer's trip history in the window.,bipartite_pair_concentration
59dc9ef799fa7a1c,b5d12f9f56f03f7d,14,1,47.233333333333334,315785.71428571426,4421000.0,504000.0,4,2026-07-17,xanh_limo_6_cho,Tỉnh Bà Rịa - Vũng Tàu,Tỉnh Bà Rịa - Vũng Tàu,0.07142857142857142,16,16,0.875,0.875,"192 Đường Hai Bà Trưng, Xã Long Hải, Thành Phố Hồ Chí Minh, Việt Nam -> 372 Đường Hùng Vương, Phường Tam Long, Thành phố Hồ Chí Minh, Việt Nam",1,0.07142857142857142,12.0,False,21.03,REPEATED_CUSTOMER_DRIVER,KB-C_TIGHT_PAIR_SHARE,The pair dominates both the driver's and the customer's trip history in the window.,bipartite_pair_concentration
63721b896d929997,bd9bda41e30afd62,14,1,17.983333333333334,206000.0,2884000.0,230000.0,4,2026-07-17,xanh_premium,Thành phố Hà Nội,Thành phố Hà Nội,0.07142857142857142,18,14,0.7777777777777778,1.0,"257 Đường Giải Phóng, Phường Bạch Mai, Thành Phố Hà Nội, Việt Nam -> Thụy Dân, Tây Thụy Anh, Hưng Yên, Việt Nam",1,0.07142857142857142,12.0,False,21.86,REPEATED_CUSTOMER_DRIVER,KB-C_TIGHT_PAIR_SHARE,The pair dominates both the driver's and the customer's trip history in the window.,bipartite_pair_concentration
8124055e2bf5330f,c59de72a1a8acffc,14,1,28.9,129500.0,1813000.0,0.0,4,2026-07-17,xanh_car,Tỉnh Đồng Nai,Tỉnh Đồng Nai,0.07142857142857142,28,14,0.5,1.0,"Thống Nhất, Đồng Nai -> Xã Gia Kiệm, Tỉnh Đồng Nai, Việt Nam",2,0.14285714285714285,12.0,False,20.76,REPEATED_CUSTOMER_DRIVER,KB-C_TIGHT_PAIR_SHARE,The pair dominates both the driver's and the customer's trip history in the window.,bipartite_pair_concentration
84a427343f4c4ca3,3c6f6e7c4cfacae8,14,1,41.36666666666667,103142.85714285714,1444000.0,151000.0,2,2026-07-17,xanh_premium,Thành phố Hà Nội,Thành phố Hà Nội,0.07142857142857142,17,14,0.8235294117647058,1.0,"78 Đường Giải Phóng, Phường Kim Liên, Thành Phố Hà Nội, Việt Nam -> 1 Đường Ngọc Hồi, Phường Yên Sở, Thành Phố Hà Nội, Việt Nam",5,0.35714285714285715,12.0,False,24.32,REPEATED_CUSTOMER_DRIVER,KB-C_TIGHT_PAIR_SHARE,The pair dominates both the driver's and the customer's trip history in the window.,bipartite_pair_concentration
c04e14ca1a2e9019,5f267429524d8ea0,14,1,38.3,145928.57142857142,2043000.0,161000.0,4,2026-07-17,xanh_premium,Tỉnh Bà Rịa - Vũng Tàu,Tỉnh Bà Rịa - Vũng Tàu,0.07142857142857142,19,14,0.7368421052631579,1.0,"100 Đường tỉnh 998, Xã Hòa Hội, Thành phố Hồ Chí Minh, Việt Nam -> Tỉnh lộ 765, Xã Sông Ray, Tỉnh Đồng Nai, Việt Nam",1,0.07142857142857142,12.0,False,21.06,REPEATED_CUSTOMER_DRIVER,KB-C_TIGHT_PAIR_SHARE,The pair dominates both the driver's and the customer's trip history in the window.,bipartite_pair_concentration
d69f6d6739baff20,63e68af526192dd7,14,1,0.95,41571.42857142857,582000.0,0.0,3,2026-07-17,xanh_limo_6_cho,Thành phố Hà Nội,Thành phố Hà Nội,0.07142857142857142,27,14,0.5185185185185185,1.0,"2GCG+FWP, Xã Hòa Lạc, Thành Phố Hà Nội, Việt Nam -> Xã Hòa Lạc, Thành Phố Hà Nội, Việt Nam",1,0.07142857142857142,12.0,True,39.45,REPEATED_CUSTOMER_DRIVER,KB-C_TIGHT_PAIR_SHARE,The pair dominates both the driver's and the customer's trip history in the window.,bipartite_pair_concentration
d78c8a113a8959ea,5c340713092f6b96,14,1,44.43333333333333,130857.14285714286,1832000.0,231000.0,4,2026-07-17,xanh_premium,Tỉnh Bà Rịa - Vũng Tàu,Tỉnh Bà Rịa - Vũng Tàu,0.07142857142857142,25,14,0.56,1.0,"Thành phố Hồ Chí Minh -> Xã Ngãi Giao, Thành phố Hồ Chí Minh, Việt Nam",3,0.21428571428571427,12.0,False,21.54,REPEATED_CUSTOMER_DRIVER,KB-C_TIGHT_PAIR_SHARE,The pair dominates both the driver's and the customer's trip history in the window.,bipartite_pair_concentration
0201eeeb1af9bfca,034f9bf0375ffb30,14,0,16.7,82785.71428571429,1159000.0,119000.0,4,2026-07-17,xanh_premium,Thành phố Hà Nội,Thành phố Hà Nội,0.0,21,14,0.6666666666666666,1.0,"Phường Sơn Tây, Thành Phố Hà Nội, Việt Nam -> 3FXH+733, Xã Đoài Phương, Thành phố Hà Nội, Việt Nam",3,0.21428571428571427,12.0,False,19.84,REPEATED_CUSTOMER_DRIVER,KB-C_TIGHT_PAIR_SHARE,The pair dominates both the driver's and the customer's trip history in the window.,bipartite_pair_concentration
061cb4d45139ad4e,020ba31a4130c57c,14,0,23.016666666666666,232071.42857142858,3249000.0,312000.0,4,2026-07-17,xanh_car,Thành phố Hà Nội,Thành phố Hà Nội,0.0,28,15,0.5,0.9333333333333333,"16, Xã Phú Xuyên, Thành phố Hà Nội, Việt Nam -> Trần Hưng Đạo, Hoàn Kiếm, Hà Nội",1,0.07142857142857142,12.0,False,16.92,REPEATED_CUSTOMER_DRIVER,KB-C_TIGHT_PAIR_SHARE,The pair dominates both the driver's and the customer's trip history in the window.,bipartite_pair_concentration
0f76c03849cc6c39,6a0ac88ee2da6d71,14,0,61.68333333333333,264714.28571428574,3706000.0,243000.0,4,2026-07-17,xanh_car,Tỉnh Long An,Thành phố Hồ Chí Minh,0.0,26,14,0.5384615384615384,1.0,"371 Đường Điện Biên Phủ, Phường Bàn Cờ, Thành Phố Hồ Chí Minh, Việt Nam -> Xã Đức Hòa, Tỉnh Tây Ninh, Việt Nam",2,0.14285714285714285,12.0,False,17.61,REPEATED_CUSTOMER_DRIVER,KB-C_TIGHT_PAIR_SHARE,The pair dominates both the driver's and the customer's trip history in the window.,bipartite_pair_concentration
0fd6c8c8e70ed5d5,6010e8ab05493813,14,0,28.8,162071.42857142858,2269000.0,191000.0,4,2026-07-17,xanh_car,Tỉnh Bà Rịa - Vũng Tàu,Tỉnh Bà Rịa - Vũng Tàu,0.0,21,14,0.6666666666666666,1.0,"Xã Hòa Hội, Thành phố Hồ Chí Minh, Việt Nam -> Ấp 7, Xã Hòa Hội, Thành phố Hồ Chí Minh, Việt Nam",2,0.14285714285714285,12.0,False,18.62,REPEATED_CUSTOMER_DRIVER,KB-C_TIGHT_PAIR_SHARE,The pair dominates both the driver's and the customer's trip history in the window.,bipartite_pair_concentration
1031f3c976dc595a,32b7f528fb0dfabb,14,0,16.916666666666668,124785.71428571429,1747000.0,202000.0,4,2026-07-17,xanh_premium,Tỉnh Nam Định,Tỉnh Nam Định,0.0,17,15,0.8235294117647058,0.9333333333333333,Ninh Bình -> Ninh Bình,3,0.21428571428571427,12.0,False,20.28,REPEATED_CUSTOMER_DRIVER,KB-C_TIGHT_PAIR_SHARE,The pair dominates both the driver's and the customer's trip history in the window.,bipartite_pair_concentration
1106711ee9907970,52651d6e3e88b8d4,14,0,22.25,180035.7142857143,2520500.0,183000.0,3,2026-07-16,xanh_car,Tỉnh Đồng Nai,Tỉnh Đồng Nai,0.0,21,17,0.6666666666666666,0.8235294117647058,"201B Nguyễn Chí Thanh, Phường Chợ Lớn, Thành phố Hồ Chí Minh, Việt Nam -> Xã Bình Minh, Tỉnh Đồng Nai, Việt Nam",1,0.07142857142857142,12.0,False,17.23,REPEATED_CUSTOMER_DRIVER,KB-C_TIGHT_PAIR_SHARE,The pair dominates both the driver's and the customer's trip history in the window.,bipartite_pair_concentration
11a1e0590ab4b583,1ae123cd0ba9335d,14,0,48.78333333333333,204500.0,2863000.0,221000.0,4,2026-07-17,xanh_premium,Tỉnh Bình Phước,Tỉnh Bình Phước,0.0,26,14,0.5384615384615384,1.0,"276 Tỉnh Lộ 741, Xã Đồng Phú, Tỉnh Đồng Nai, Việt Nam -> Phường Bình Phước, Tỉnh Đồng Nai, Việt Nam",1,0.07142857142857142,12.0,False,16.98,REPEATED_CUSTOMER_DRIVER,KB-C_TIGHT_PAIR_SHARE,The pair dominates both the driver's and the customer's trip history in the window.,bipartite_pair_concentration
29b6a15490ec47bb,4496686ad91fd627,14,0,25.783333333333335,157071.42857142858,2199000.0,213000.0,4,2026-07-17,xanh_car,Thành phố Hà Nội,Thành phố Hà Nội,0.0,25,14,0.56,1.0,"30 Đường Cầu Bưu, Phường Thanh Liệt, Thành Phố Hà Nội, Việt Nam -> Phường Hai Bà Trưng, Thành Phố Hà Nội, Việt Nam",1,0.07142857142857142,12.0,False,17.46,REPEATED_CUSTOMER_DRIVER,KB-C_TIGHT_PAIR_SHARE,The pair dominates both the driver's and the customer's trip history in the window.,bipartite_pair_concentration
329e48f140ac51d5,19b3a8e04d026d46,14,0,46.1,246214.2857142857,3447000.0,293000.0,4,2026-07-17,xanh_limo_6_cho,Tỉnh Đồng Nai,Tỉnh Đồng Nai,0.0,15,14,0.9333333333333333,1.0,"Ấp Trầu, Xã Nhơn Trạch, Tỉnh Đồng Nai, Việt Nam -> Đồng Nai",3,0.21428571428571427,12.0,False,20.41,REPEATED_CUSTOMER_DRIVER,KB-C_TIGHT_PAIR_SHARE,The pair dominates both the driver's and the customer's trip history in the window.,bipartite_pair_concentration
32e31f63f6aea7ea,ae1f2889fe251a55,14,0,48.03333333333333,259714.2857142857,3636000.0,379000.0,4,2026-07-17,xanh_car,Tỉnh Bình Dương,Tỉnh Bình Dương,0.0,19,14,0.7368421052631579,1.0,"Phường Bến Cát, Thành Phố Hồ Chí Minh, Việt Nam -> Kp. 4, KCN VSIP 2, KP. 4, Phường Vĩnh Tân, Thành phố Hồ Chí Minh, Việt Nam",2,0.14285714285714285,12.0,False,18.7,REPEATED_CUSTOMER_DRIVER,KB-C_TIGHT_PAIR_SHARE,The pair dominates both the driver's and the customer's trip history in the window.,bipartite_pair_concentration
3f71a5433a150cb6,13ab73b171569484,14,0,15.3,167928.57142857142,2351000.0,211000.0,4,2026-07-17,xanh_premium,Tỉnh Khánh Hòa,Tỉnh Khánh Hòa,0.0,25,15,0.56,0.9333333333333333,"Khánh Hòa -> Xã Cam Lâm, Tỉnh Khánh Hòa, Việt Nam",3,0.21428571428571427,12.0,False,19.08,REPEATED_CUSTOMER_DRIVER,KB-C_TIGHT_PAIR_SHARE,The pair dominates both the driver's and the customer's trip history in the window.,bipartite_pair_concentration
44bd8f1cd40f7982,07fc21970cd5eb35,14,0,38.28333333333333,591500.0,8281000.0,418000.0,4,2026-07-17,xanh_premium,Tỉnh Hà Nam,Tỉnh Hà Nam,0.0,14,14,1.0,1.0,"tt. Đồng Văn, Duy Tiên, Hà Nam -> KCN Hòa, Mạc, Phường Duy Tân, Tỉnh Ninh Bình, Việt Nam",4,0.2857142857142857,12.0,False,21.55,REPEATED_CUSTOMER_DRIVER,KB-C_TIGHT_PAIR_SHARE,The pair dominates both the driver's and the customer's trip history in the window.,bipartite_pair_concentration
508cb175074b2c1d,f66f054d19d6233e,14,0,43.9,183357.14285714287,2567000.0,209000.0,4,2026-07-17,xanh_car,Tỉnh Hậu Giang,Tỉnh Hậu Giang,0.0,25,14,0.56,1.0,"300 Đường Nguyễn Văn Cừ, Phường Tân An, Thành phố Cần Thơ, Việt Nam -> Thành phố Cần Thơ",2,0.14285714285714285,12.0,False,17.85,REPEATED_CUSTOMER_DRIVER,KB-C_TIGHT_PAIR_SHARE,The pair dominates both the driver's and the customer's trip history in the window.,bipartite_pair_concentration
554c01b63a4f7d9d,3fb57d58d2a5022f,14,0,8.416666666666666,140000.0,1960000.0,245000.0,4,2026-07-17,xanh_car,Tỉnh Hà Nam,Tỉnh Hà Nam,0.0,23,15,0.6086956521739131,0.9333333333333333,"Phường Nam Định, Tỉnh Ninh Bình, Việt Nam -> Phường Liêm Tuyền, Tỉnh Ninh Bình, Việt Nam",2,0.14285714285714285,12.0,False,19.68,REPEATED_CUSTOMER_DRIVER,KB-C_TIGHT_PAIR_SHARE,The pair dominates both the driver's and the customer's trip history in the window.,bipartite_pair_concentration
59b38d9591c2e606,844e1126f23438f7,14,0,31.5,245892.85714285713,3442500.0,274000.0,3,2026-07-16,xanh_car,Thành phố Hồ Chí Minh,Tỉnh Long An,0.0,24,14,0.5833333333333334,1.0,"2335 Đường Trần Văn Giàu, Xã Bình Lợi, Thành phố Hồ Chí Minh, Việt Nam -> Phường Cầu Ông Lãnh, Thành phố Hồ Chí Minh, Việt Nam",1,0.07142857142857142,12.0,False,17.43,REPEATED_CUSTOMER_DRIVER,KB-C_TIGHT_PAIR_SHARE,The pair dominates both the driver's and the customer's trip history in the window.,bipartite_pair_concentration
5e42b0800f6f1591,e6c2f5f88241332b,14,0,70.68333333333334,260500.0,3647000.0,487000.0,4,2026-07-17,xanh_car,Tỉnh Gia Lai,Tỉnh Gia Lai,0.0,16,15,0.875,0.9333333333333333,"Gia Lai -> Phường Diên Hồng, Tỉnh Gia Lai, Việt Nam",2,0.14285714285714285,12.0,False,18.92,REPEATED_CUSTOMER_DRIVER,KB-C_TIGHT_PAIR_SHARE,The pair dominates both the driver's and the customer's trip history in the window.,bipartite_pair_concentration
66c5b71be0e63cc7,8563a5c3fc3b5716,14,0,34.583333333333336,81142.85714285714,1136000.0,253000.0,4,2026-07-17,xanh_premium,Tỉnh Thái Nguyên,Tỉnh Thái Nguyên,0.0,26,14,0.5384615384615384,1.0,"Phường Vạn Xuân, Tỉnh Thái Nguyên, Việt Nam -> Đường Lý Nam Đế, Phường Vạn Xuân, Tỉnh Thái Nguyên, Việt Nam",4,0.2857142857142857,12.0,False,19.29,REPEATED_CUSTOMER_DRIVER,KB-C_TIGHT_PAIR_SHARE,The pair dominates both the driver's and the customer's trip history in the window.,bipartite_pair_concentration
69331f1204125db6,e0ac62c09680fbef,14,0,7.6,132928.57142857142,1861000.0,290000.0,4,2026-07-17,xanh_premium,Tỉnh Nam Định,Tỉnh Nam Định,0.0,14,14,1.0,1.0,"108 Tỉnh Lộ 488c, Xã Hải Tiến, Tỉnh Ninh Bình, Việt Nam -> Xóm Đức Thuận, Xã Hải Xuân, Tỉnh Ninh Bình, Việt Nam",1,0.07142857142857142,12.0,False,21.51,REPEATED_CUSTOMER_DRIVER,KB-C_TIGHT_PAIR_SHARE,The pair dominates both the driver's and the customer's trip history in the window.,bipartite_pair_concentration
6ac447c7a0bdf9e4,73cf6441682389f9,14,0,63.416666666666664,153642.85714285713,2151000.0,259000.0,4,2026-07-17,xanh_car,Tỉnh Quảng Bình,Tỉnh Quảng Bình,0.0,17,15,0.8235294117647058,0.9333333333333333,"Quảng Trị -> 8MW9+V4 Quảng Ninh Quảng Bình, Việt Nam",1,0.07142857142857142,12.0,False,17.98,REPEATED_CUSTOMER_DRIVER,KB-C_TIGHT_PAIR_SHARE,The pair dominates both the driver's and the customer's trip history in the window.,bipartite_pair_concentration
6b09a7a88829d6c3,2a960e72f4e8a6ab,14,0,39.666666666666664,172500.0,2415000.0,198000.0,4,2026-07-17,xanh_premium,Tỉnh Tây Ninh,Tỉnh Tây Ninh,0.0,22,14,0.6363636363636364,1.0,"12 Đường Số 49, Ấp Trường Lưu, Phường Long Hoa, Tỉnh Tây Ninh, Việt Nam -> 466 Trần Văn Trà, P.Bình Minh, Tây Ninh, 80000, Vietnam",1,0.07142857142857142,12.0,False,17.57,REPEATED_CUSTOMER_DRIVER,KB-C_TIGHT_PAIR_SHARE,The pair dominates both the driver's and the customer's trip history in the window.,bipartite_pair_concentration
70e5cd97bc349805,4aa68fd2cee72a5e,14,0,21.083333333333332,94071.42857142857,1317000.0,170000.0,4,2026-07-17,xanh_premium,Tỉnh Kiên Giang,Tỉnh Kiên Giang,0.0,28,14,0.5,1.0,"Đặc khu Phú Quốc, Tỉnh An Giang, Việt Nam -> 973 Đường Tỉnh 973, Đặc Khu Phú Quốc, An Giang, Việt Nam",2,0.14285714285714285,12.0,False,18.04,REPEATED_CUSTOMER_DRIVER,KB-C_TIGHT_PAIR_SHARE,The pair dominates both the driver's and the customer's trip history in the window.,bipartite_pair_concentration
7246ed9979c3be0f,b607e4dccf9c8af1,14,0,23.683333333333334,251142.85714285713,3516000.0,446000.0,4,2026-07-17,xanh_car,Tỉnh Nam Định,Tỉnh Nam Định,0.0,14,14,1.0,1.0,"Giao Thuỷ, Nam Định -> Xã Giao Bình, Tỉnh Ninh Bình, Việt Nam",2,0.14285714285714285,12.0,False,20.44,REPEATED_CUSTOMER_DRIVER,KB-C_TIGHT_PAIR_SHARE,The pair dominates both the driver's and the customer's trip history in the window.,bipartite_pair_concentration
74ae935c59d820e9,171dba3516e7a23e,14,0,10.233333333333333,176357.14285714287,2469000.0,129000.0,4,2026-07-17,xanh_car,Thành phố Hồ Chí Minh,Thành phố Hồ Chí Minh,0.0,23,14,0.6086956521739131,1.0,"1065 Quốc lộ 22, Xã Thái Mỹ, Thành phố Hồ Chí Minh, Việt Nam -> Phường An Khánh, Thành phố Hồ Chí Minh, Việt Nam",1,0.07142857142857142,12.0,False,18.88,REPEATED_CUSTOMER_DRIVER,KB-C_TIGHT_PAIR_SHARE,The pair dominates both the driver's and the customer's trip history in the window.,bipartite_pair_concentration
85e0d5f5e3088c80,622dbf5fa7910048,14,0,27.35,105071.42857142857,1471000.0,85000.0,3,2026-07-17,xanh_car,Tỉnh Ninh Thuận,Tỉnh Ninh Thuận,0.0,21,15,0.6666666666666666,0.9333333333333333,"Nguyễn Văn Cừ, Phường Ninh Chử, Khánh Hòa -> Ninh Phước, Ninh Thuận, Unnamed Road",2,0.14285714285714285,12.0,False,18.33,REPEATED_CUSTOMER_DRIVER,KB-C_TIGHT_PAIR_SHARE,The pair dominates both the driver's and the customer's trip history in the window.,bipartite_pair_concentration
94e1574bca1786db,1428d749f56b8aaf,14,0,13.1,99142.85714285714,1388000.0,198000.0,4,2026-07-17,xanh_premium,Tỉnh Hòa Bình,Tỉnh Hòa Bình,0.0,16,14,0.875,1.0,"Xã Lương Sơn, Tỉnh Phú Thọ, Việt Nam -> Khu Công Nghiệp Lương Sơn, Xã Lương Sơn, Tỉnh Phú Thọ, Việt Nam",2,0.14285714285714285,12.0,False,20.5,REPEATED_CUSTOMER_DRIVER,KB-C_TIGHT_PAIR_SHARE,The pair dominates both the driver's and the customer's trip history in the window.,bipartite_pair_concentration
9c93e0c8cc8a3817,2f16d5c12ed95d2f,14,0,3.2666666666666666,34071.42857142857,477000.0,0.0,4,2026-07-17,xanh_premium,Tỉnh Tây Ninh,Tỉnh Tây Ninh,0.0,17,14,0.8235294117647058,1.0,"Huyện Tân Châu, Tỉnh Tây Ninh -> Tây Ninh",4,0.2857142857142857,12.0,True,26.26,REPEATED_CUSTOMER_DRIVER,KB-C_TIGHT_PAIR_SHARE,The pair dominates both the driver's and the customer's trip history in the window.,bipartite_pair_concentration
ae5c614e16775356,7c77afbc59fe37df,14,0,30.616666666666667,147642.85714285713,2067000.0,320000.0,4,2026-07-17,xanh_car,Tỉnh Quảng Ngãi,Tỉnh Quảng Ngãi,0.0,28,14,0.5,1.0,"26 Đường Lê Thánh Tôn, Phường Cẩm Thành, Tỉnh Quảng Ngãi, Việt Nam -> Quảng Ngãi",1,0.07142857142857142,12.0,False,17.03,REPEATED_CUSTOMER_DRIVER,KB-C_TIGHT_PAIR_SHARE,The pair dominates both the driver's and the customer's trip history in the window.,bipartite_pair_concentration
b62beeb5e4a0a91d,4d3597b64605c678,14,0,73.45,163500.0,2289000.0,361000.0,4,2026-07-17,xanh_premium,Tỉnh Thừa Thiên Huế,Tỉnh Thừa Thiên Huế,0.0,19,14,0.7368421052631579,1.0,"Đường Phú Thứ, Xã Phú Vang, Thành Phố Huế, Việt Nam -> Phường Thuận Hóa, Thành Phố Huế, Việt Nam",3,0.21428571428571427,12.0,False,19.27,REPEATED_CUSTOMER_DRIVER,KB-C_TIGHT_PAIR_SHARE,The pair dominates both the driver's and the customer's trip history in the window.,bipartite_pair_concentration
b665094884f2a28c,72ad6ba462e34682,14,0,24.533333333333335,103285.71428571429,1446000.0,309000.0,4,2026-07-17,xanh_car,Tỉnh Thanh Hóa,Tỉnh Thanh Hóa,0.0,28,14,0.5,1.0,"Phố Sơn, Phường Đông Tiến, Tỉnh Thanh Hóa, Việt Nam -> Đông Tiến, Thanh Hóa, Việt Nam",2,0.14285714285714285,12.0,False,17.91,REPEATED_CUSTOMER_DRIVER,KB-C_TIGHT_PAIR_SHARE,The pair dominates both the driver's and the customer's trip history in the window.,bipartite_pair_concentration
bf0b8c4d80fb13cd,e1c4ddd1b890a9e0,14,0,51.38333333333333,176142.85714285713,2466000.0,284000.0,4,2026-07-17,xanh_premium,Thành phố Hà Nội,Thành phố Hà Nội,0.0,24,14,0.5833333333333334,1.0,"1E Đường Trường Chinh, Phường Tương Mai, Thành Phố Hà Nội, Việt Nam -> Thành phố Hà Nội",1,0.07142857142857142,12.0,False,17.19,REPEATED_CUSTOMER_DRIVER,KB-C_TIGHT_PAIR_SHARE,The pair dominates both the driver's and the customer's trip history in the window.,bipartite_pair_concentration
edf7f1a828aeb981,87dfff6954c65654,14,0,39.86666666666667,261214.2857142857,3657000.0,438000.0,4,2026-07-17,xanh_premium,Tỉnh Đồng Nai,Tỉnh Đồng Nai,0.0,22,14,0.6363636363636364,1.0,"1, Phường Long Bình, Đồng Nai -> Khu 3, Ấp Hưng Hiệp, Xã Dầu Giây, Tỉnh Đồng Nai, Việt Nam",1,0.07142857142857142,12.0,False,17.56,REPEATED_CUSTOMER_DRIVER,KB-C_TIGHT_PAIR_SHARE,The pair dominates both the driver's and the customer's trip history in the window.,bipartite_pair_concentration
f6c059af13c1d7e4,96478e6eeee55e48,14,0,31.616666666666667,228214.2857142857,3195000.0,527000.0,4,2026-07-17,xanh_car,Thành phố Hồ Chí Minh,Thành phố Hồ Chí Minh,0.0,15,14,0.9333333333333333,1.0,"141 Đường Nguyễn Hữu Trí, Xã Tân Nhựt, Thành phố Hồ Chí Minh, Việt Nam -> 141-143 Đường Pasteur, Phường Xuân Hòa, Thành phố Hồ Chí Minh",1,0.07142857142857142,12.0,False,19.18,REPEATED_CUSTOMER_DRIVER,KB-C_TIGHT_PAIR_SHARE,The pair dominates both the driver's and the customer's trip history in the window.,bipartite_pair_concentration
fe9c614486853538,cc4d8d00abbdde42,14,0,22.033333333333335,130285.71428571429,1824000.0,153000.0,4,2026-07-17,xanh_car,Thành phố Hồ Chí Minh,Thành phố Hồ Chí Minh,0.0,20,14,0.7,1.0,"Xã An Nhơn Tây, Thành phố Hồ Chí Minh, Việt Nam -> Xã An Nhơn Tây, Thành phố Hồ Chí Minh, Việt Nam",5,0.35714285714285715,12.0,False,21.15,REPEATED_CUSTOMER_DRIVER,KB-C_TIGHT_PAIR_SHARE,The pair dominates both the driver's and the customer's trip history in the window.,bipartite_pair_concentration
62147df766261018,dfe52136c9ce4617,13,10,89.96666666666667,171576.92307692306,2230500.0,156000.0,4,2026-07-17,xanh_premium,Tỉnh Thái Nguyên,Tỉnh Thái Nguyên,0.7692307692307693,22,13,0.5909090909090909,1.0,"Thái Nguyên -> Cửa Hàng Quần Áo Bảo Trân, Phường Vạn Xuân, Tỉnh Thái Nguyên, Việt Nam",3,0.23076923076923078,12.0,True,43.07,REPEATED_CUSTOMER_DRIVER,KB-C_TIGHT_PAIR_SHARE,The pair dominates both the driver's and the customer's trip history in the window.,bipartite_pair_concentration
3fef01f339580995,918287a41b752cae,13,8,28.4,174615.38461538462,2270000.0,282000.0,3,2026-07-17,xanh_limo_6_cho,Thành phố Đà Nẵng,Thành phố Đà Nẵng,0.6153846153846154,25,13,0.52,1.0,"19 Đường Trường Sa, Phường Ngũ Hành Sơn, Thành phố Đà Nẵng, Việt Nam -> Phường Hải Châu, Thành phố Đà Nẵng, Việt Nam",1,0.07692307692307693,12.0,True,41.66,REPEATED_CUSTOMER_DRIVER,KB-C_TIGHT_PAIR_SHARE,The pair dominates both the driver's and the customer's trip history in the window.,bipartite_pair_concentration
88f273294e0f8aac,af27cb60984cf34a,13,8,1.55,46461.53846153846,604000.0,0.0,4,2026-07-17,xanh_car,Tỉnh Bà Rịa - Vũng Tàu,Tỉnh Bà Rịa - Vũng Tàu,0.6153846153846154,23,13,0.5652173913043478,1.0,"Xã Phước Hải, Thành Phố Hồ Chí Minh, Việt Nam -> ĐT 44A, Xã Phước Hải, Thành Phố Hồ Chí Minh, Việt Nam",3,0.23076923076923078,12.0,True,55.62,REPEATED_CUSTOMER_DRIVER,KB-C_TIGHT_PAIR_SHARE,The pair dominates both the driver's and the customer's trip history in the window.,bipartite_pair_concentration
2ff877bcf6cc0493,faa480c51adf21e6,13,3,33.53333333333333,252153.84615384616,3278000.0,501000.0,4,2026-07-17,xanh_premium,Tỉnh Bình Phước,Tỉnh Bình Phước,0.23076923076923078,16,13,0.8125,1.0,"thôn Bù Ka, Xã Long Hà, Tỉnh Đồng Nai, Việt Nam -> Tỉnh lộ 741, Xã Phú Riềng, Tỉnh Đồng Nai, Việt Nam",3,0.23076923076923078,12.0,False,29.17,REPEATED_CUSTOMER_DRIVER,KB-C_TIGHT_PAIR_SHARE,The pair dominates both the driver's and the customer's trip history in the window.,bipartite_pair_concentration
9e8516b7f55e7e18,5b150a11b600587a,13,2,25.683333333333334,250153.84615384616,3252000.0,302000.0,4,2026-07-17,xanh_premium,Tỉnh Nam Định,Tỉnh Nam Định,0.15384615384615385,19,13,0.6842105263157895,1.0,"Ninh Bình -> Xã Hải Hưng, Tỉnh Ninh Bình, Việt Nam",2,0.15384615384615385,12.0,False,24.73,REPEATED_CUSTOMER_DRIVER,KB-C_TIGHT_PAIR_SHARE,The pair dominates both the driver's and the customer's trip history in the window.,bipartite_pair_concentration
a64ac2a9b008df42,bd794c40ab8c1d92,13,2,1.1166666666666667,273807.6923076923,3559500.0,108000.0,4,2026-07-17,xanh_car,Tỉnh Long An,Tỉnh Long An,0.15384615384615385,20,14,0.65,0.9285714285714286,"106A Đường Trần Phong Sắc, Phường Long An, Tỉnh Tây Ninh, Việt Nam -> Xã Tân Tây, Tỉnh Tây Ninh, Việt Nam",1,0.07692307692307693,12.0,True,40.57,REPEATED_CUSTOMER_DRIVER,KB-C_TIGHT_PAIR_SHARE,The pair dominates both the driver's and the customer's trip history in the window.,bipartite_pair_concentration
ce1268dca72a8396,d2535ba2684bcf53,13,2,41.11666666666667,193923.07692307694,2521000.0,285000.0,4,2026-07-17,xanh_premium,Tỉnh Ninh Thuận,Tỉnh Ninh Thuận,0.15384615384615385,22,16,0.5909090909090909,0.8125,"An Hải, Ninh Phước, Ninh Thuận -> Xã Thuận Nam, Tỉnh Khánh Hòa, Việt Nam",1,0.07692307692307693,12.0,False,22.27,REPEATED_CUSTOMER_DRIVER,KB-C_TIGHT_PAIR_SHARE,The pair dominates both the driver's and the customer's trip history in the window.,bipartite_pair_concentration
02b9af5b08ae298d,13da7424f485b69f,13,1,31.816666666666666,99000.0,1287000.0,128000.0,4,2026-07-17,xanh_car,Tỉnh Thái Nguyên,Tỉnh Thái Nguyên,0.07692307692307693,21,16,0.6190476190476191,0.8125,"PG2-12B Vincom Shophouse, Phường Phan Đình Phùng, Tỉnh Thái Nguyên, Việt Nam -> Phường Quan Triều, Tỉnh Thái Nguyên, Việt Nam",5,0.38461538461538464,12.0,False,22.42,REPEATED_CUSTOMER_DRIVER,KB-C_TIGHT_PAIR_SHARE,The pair dominates both the driver's and the customer's trip history in the window.,bipartite_pair_concentration
0d79a4f4fbedf715,4c7068797ba31214,13,1,36.0,296923.07692307694,3860000.0,242000.0,4,2026-07-17,xanh_car,Tỉnh Quảng Trị,Tỉnh Quảng Trị,0.07692307692307693,21,15,0.6190476190476191,0.8666666666666667,Quảng Trị -> Quảng Trị,2,0.15384615384615385,12.0,False,20.31,REPEATED_CUSTOMER_DRIVER,KB-C_TIGHT_PAIR_SHARE,The pair dominates both the driver's and the customer's trip history in the window.,bipartite_pair_concentration
1b692a7215a8839a,9d0f9d69142010ba,13,1,32.46666666666667,125307.69230769231,1629000.0,221000.0,4,2026-07-17,xanh_car,Tỉnh Bà Rịa - Vũng Tàu,Tỉnh Bà Rịa - Vũng Tàu,0.07692307692307693,17,13,0.7647058823529411,1.0,"61 Đường Số 6, Thôn Trung Sơn, Xã Ngãi Giao, Thành phố Hồ Chí Minh, Việt Nam -> Thành phố Hồ Chí Minh",1,0.07692307692307693,12.0,False,21.0,REPEATED_CUSTOMER_DRIVER,KB-C_TIGHT_PAIR_SHARE,The pair dominates both the driver's and the customer's trip history in the window.,bipartite_pair_concentration
25b83bc3af3840ed,2c4213e3e18ab56f,13,1,40.06666666666667,142769.23076923078,1856000.0,166000.0,4,2026-07-17,xanh_premium,Tỉnh Trà Vinh,Tỉnh Trà Vinh,0.07692307692307693,23,14,0.5652173913043478,0.9285714285714286,"126 Đường Nguyễn Thiện Thành, Phường Hoà Thuận, Tỉnh Vĩnh Long, Việt Nam -> Phường Nguyệt Hoá, Tỉnh Vĩnh Long, Việt Nam",1,0.07692307692307693,12.0,False,19.53,REPEATED_CUSTOMER_DRIVER,KB-C_TIGHT_PAIR_SHARE,The pair dominates both the driver's and the customer's trip history in the window.,bipartite_pair_concentration
54341bb4da924bd3,feffdcc22e93d3e0,13,1,55.166666666666664,356000.0,4628000.0,513000.0,4,2026-07-17,xanh_limo_6_cho,Tỉnh Kiên Giang,Tỉnh Kiên Giang,0.07692307692307693,15,13,0.8666666666666667,1.0,"Đặc khu Phú Quốc, Tỉnh An Giang, Việt Nam -> Đặc khu Phú Quốc, Tỉnh An Giang, Việt Nam",2,0.15384615384615385,12.0,False,22.02,REPEATED_CUSTOMER_DRIVER,KB-C_TIGHT_PAIR_SHARE,The pair dominates both the driver's and the customer's trip history in the window.,bipartite_pair_concentration
6aa4fdcbd909ccdb,a1fee4a1907e15d3,13,1,18.783333333333335,366692.3076923077,4767000.0,422000.0,4,2026-07-17,xanh_premium,Tỉnh Tây Ninh,Tỉnh Tây Ninh,0.07692307692307693,13,13,1.0,1.0,"Xã Cầu Khởi, Tỉnh Tây Ninh, Việt Nam -> Đường Tỉnh 784, Ấp Khởi Hà, Xã Cầu Khởi, Tỉnh Tây Ninh, Việt Nam",2,0.15384615384615385,12.0,False,23.39,REPEATED_CUSTOMER_DRIVER,KB-C_TIGHT_PAIR_SHARE,The pair dominates both the driver's and the customer's trip history in the window.,bipartite_pair_concentration
73021c54dda571ae,4494ed26c3a163e5,13,1,39.333333333333336,276615.3846153846,3596000.0,229000.0,4,2026-07-17,xanh_premium,Tỉnh Bà Rịa - Vũng Tàu,Tỉnh Bà Rịa - Vũng Tàu,0.07692307692307693,14,13,0.9285714285714286,1.0,"Thành phố Hồ Chí Minh -> Đường Số 1, Xã Ngãi Giao, Thành phố Hồ Chí Minh, Việt Nam",2,0.15384615384615385,12.0,False,22.48,REPEATED_CUSTOMER_DRIVER,KB-C_TIGHT_PAIR_SHARE,The pair dominates both the driver's and the customer's trip history in the window.,bipartite_pair_concentration
788fa2c5b7057b0d,6e3f5d30d6626726,13,1,26.15,183461.53846153847,2385000.0,245000.0,4,2026-07-17,xanh_premium,Tỉnh Hà Nam,Tỉnh Hà Nam,0.07692307692307693,19,13,0.6842105263157895,1.0,"GX39+CRX, Xã Liêm Hà, Tỉnh Ninh Bình, Việt Nam -> Tổ Dân Phố 3, Phường Lý Thường Kiệt, Ninh Bình, VNM",2,0.15384615384615385,12.0,False,21.51,REPEATED_CUSTOMER_DRIVER,KB-C_TIGHT_PAIR_SHARE,The pair dominates both the driver's and the customer's trip history in the window.,bipartite_pair_concentration
82bc2e1e98256a4b,975078a2184a4ca8,13,1,12.0,259384.61538461538,3372000.0,0.0,4,2026-07-17,xanh_car,Tỉnh Đồng Nai,Tỉnh Đồng Nai,0.07692307692307693,15,13,0.8666666666666667,1.0,"A1-9&10, Xã Long Thành, Tỉnh Đồng Nai, Việt Nam -> Đồng Nai",1,0.07692307692307693,12.0,False,22.56,REPEATED_CUSTOMER_DRIVER,KB-C_TIGHT_PAIR_SHARE,The pair dominates both the driver's and the customer's trip history in the window.,bipartite_pair_concentration
8836914060d6101f,afb6758206bca047,13,1,56.71666666666667,111615.38461538461,1451000.0,273000.0,4,2026-07-17,xanh_car,Tỉnh Nam Định,Tỉnh Nam Định,0.07692307692307693,26,15,0.5,0.8666666666666667,"Ninh Bình -> Quốc lộ 21, Xã Hải Hậu, Tỉnh Ninh Bình, Việt Nam",2,0.15384615384615385,12.0,False,19.51,REPEATED_CUSTOMER_DRIVER,KB-C_TIGHT_PAIR_SHARE,The pair dominates both the driver's and the customer's trip history in the window.,bipartite_pair_concentration
a021baca9e0218b4,62cbd875b6933599,13,1,65.28333333333333,364076.92307692306,4733000.0,227000.0,4,2026-07-17,xanh_car,Tỉnh Tây Ninh,Tỉnh Tây Ninh,0.07692307692307693,24,14,0.5416666666666666,0.9285714285714286,"Street Xc1, Phường Mỹ Phước, Thị xã Bến Cát, Tỉnh Bình Dương -> Khu công nghiệp Thành Thành Công, Phường Trảng Bàng, Tỉnh Tây Ninh, Việt Nam",3,0.23076923076923078,12.0,False,20.75,REPEATED_CUSTOMER_DRIVER,KB-C_TIGHT_PAIR_SHARE,The pair dominates both the driver's and the customer's trip history in the window.,bipartite_pair_concentration
be57c93f4bed0043,3646fda77050c2a8,13,1,37.93333333333333,121153.84615384616,1575000.0,0.0,4,2026-07-17,xanh_car_just_taxi,Tỉnh Tuyên Quang,Tỉnh Tuyên Quang,0.07692307692307693,26,13,0.5,1.0,"Huyện Yên Sơn, Tỉnh Tuyên Quang -> location_address_display (0.000000, 0.000000)",2,0.15384615384615385,12.0,False,20.35,REPEATED_CUSTOMER_DRIVER,KB-C_TIGHT_PAIR_SHARE,The pair dominates both the driver's and the customer's trip history in the window.,bipartite_pair_concentration
dd7b4c6f874e409f,64bd9602c77acb9d,13,1,25.533333333333335,119307.69230769231,1551000.0,165000.0,3,2026-07-17,xanh_car,Thành phố Hà Nội,Thành phố Hà Nội,0.07692307692307693,26,13,0.5,1.0,"216 Đường Trần Duy Hưng, Phường Yên Hòa, Thành Phố Hà Nội, Việt Nam -> Quốc Oai, Hà Nội",1,0.07692307692307693,12.0,False,19.84,REPEATED_CUSTOMER_DRIVER,KB-C_TIGHT_PAIR_SHARE,The pair dominates both the driver's and the customer's trip history in the window.,bipartite_pair_concentration
133c99f260d02ce2,af65f21a3e07e0ae,13,0,73.1,168923.07692307694,2196000.0,210000.0,4,2026-07-17,xanh_car,Tỉnh Đồng Nai,Tỉnh Đồng Nai,0.0,15,13,0.8666666666666667,1.0,"Tổ 3, Ấp Suối Quýt, Xã Xuân Tỉnh Đồng Nai, Việt Nam -> Xã Xuân Tỉnh Đồng Nai, Việt Nam",3,0.23076923076923078,12.0,False,19.5,REPEATED_CUSTOMER_DRIVER,KB-C_TIGHT_PAIR_SHARE,The pair dominates both the driver's and the customer's trip history in the window.,bipartite_pair_concentration
20ef7181f92be9fa,601a8476e7ce630b,13,0,57.233333333333334,218307.6923076923,2838000.0,243000.0,4,2026-07-17,xanh_car,Tỉnh Thừa Thiên Huế,Tỉnh Thừa Thiên Huế,0.0,26,13,0.5,1.0,"CR47+PJ4, Vinh An, Phú Vang, Thành phố Huế, Việt Nam -> Phú Vang, Thừa Thiên Huế, Việt Nam",1,0.07692307692307693,12.0,False,16.2,REPEATED_CUSTOMER_DRIVER,KB-C_TIGHT_PAIR_SHARE,The pair dominates both the driver's and the customer's trip history in the window.,bipartite_pair_concentration
27b0826b5656a305,df6ab4255c5f0f2c,13,0,12.95,230353.84615384616,2994600.0,181000.0,3,2026-07-17,xanh_premium,Tỉnh Thái Bình,Tỉnh Thái Bình,0.0,18,14,0.7222222222222222,0.9285714285714286,"53 Đường Trần Thái Tông, Phường Thái Bình, Tỉnh Hưng Yên, Việt Nam -> Phường Trà Lý, Tỉnh Hưng Yên, Việt Nam",1,0.07692307692307693,12.0,False,18.15,REPEATED_CUSTOMER_DRIVER,KB-C_TIGHT_PAIR_SHARE,The pair dominates both the driver's and the customer's trip history in the window.,bipartite_pair_concentration
2904b02904e9300b,ca328f4443fc792d,13,0,13.666666666666666,84846.15384615384,1103000.0,8000.0,3,2026-07-17,xanh_car,Thành phố Hà Nội,Thành phố Hà Nội,0.0,21,13,0.6190476190476191,1.0,"Phường Sơn Tây, Thành phố Hà Nội, Việt Nam -> Thôn Đồng Đổi-Yên Mỹ, Phường Sơn Tây, Thành Phố Hà Nội, Việt Nam",3,0.23076923076923078,12.0,False,19.45,REPEATED_CUSTOMER_DRIVER,KB-C_TIGHT_PAIR_SHARE,The pair dominates both the driver's and the customer's trip history in the window.,bipartite_pair_concentration
2c72ea7a81de2ab5,e5f0b964f83765c5,13,0,80.2,187076.92307692306,2432000.0,266000.0,4,2026-07-17,xanh_premium,Tỉnh Đồng Nai,Tỉnh Đồng Nai,0.0,20,13,0.65,1.0,"63 Bùi Thị Xuân, Phường Bến Thành, Thành phố Hồ Chí Minh -> Xã Nhơn Trạch, Đồng Nai",1,0.07692307692307693,12.0,False,16.85,REPEATED_CUSTOMER_DRIVER,KB-C_TIGHT_PAIR_SHARE,The pair dominates both the driver's and the customer's trip history in the window.,bipartite_pair_concentration
2df730dacdd75594,df17acaab310a1e3,13,0,28.5,127000.0,1651000.0,183000.0,4,2026-07-17,xanh_car,Tỉnh Bà Rịa - Vũng Tàu,Tỉnh Bà Rịa - Vũng Tàu,0.0,18,18,0.7222222222222222,0.7222222222222222,"Phường Phước Thắng, Thành phố Hồ Chí Minh, Việt Nam -> Phường Vũng Tàu, Thành phố Hồ Chí Minh, Việt Nam",2,0.15384615384615385,12.0,False,17.05,REPEATED_CUSTOMER_DRIVER,KB-C_TIGHT_PAIR_SHARE,The pair dominates both the driver's and the customer's trip history in the window.,bipartite_pair_concentration
3b110e85b1a7a442,2e78fcee0dc0be1d,13,0,19.8,175153.84615384616,2277000.0,283000.0,4,2026-07-17,xanh_premium,Tỉnh Thanh Hóa,Tỉnh Thanh Hóa,0.0,23,15,0.5652173913043478,0.8666666666666667,"45 Quốc lộ 45, Xã Quảng Yên, Tỉnh Thanh Hóa, Việt Nam -> Phường Quảng Phú, Tỉnh Thanh Hóa, Việt Nam",1,0.07692307692307693,12.0,False,16.52,REPEATED_CUSTOMER_DRIVER,KB-C_TIGHT_PAIR_SHARE,The pair dominates both the driver's and the customer's trip history in the window.,bipartite_pair_concentration
3b60cbaafc02bdb9,ff5023854e2f7e1d,13,0,42.916666666666664,176230.76923076922,2291000.0,228000.0,4,2026-07-17,xanh_premium,Tỉnh Thanh Hóa,Tỉnh Thanh Hóa,0.0,24,14,0.5416666666666666,0.9285714285714286,"01 Phố Quang Trung, Phường Quảng Phú, Tỉnh Thanh Hóa, Việt Nam -> Phường Sầm Sơn, Tỉnh Thanh Hóa, Việt Nam",1,0.07692307692307693,12.0,False,16.17,REPEATED_CUSTOMER_DRIVER,KB-C_TIGHT_PAIR_SHARE,The pair dominates both the driver's and the customer's trip history in the window.,bipartite_pair_concentration
4fd03fb810fcd3c3,91f7d6b428016139,13,0,18.483333333333334,95230.76923076923,1238000.0,188000.0,4,2026-07-17,xanh_car,Tỉnh Nam Định,Tỉnh Nam Định,0.0,25,16,0.52,0.8125,"Ninh Bình -> Xã Hải Hưng, Tỉnh Ninh Bình, Việt Nam",2,0.15384615384615385,12.0,False,16.87,REPEATED_CUSTOMER_DRIVER,KB-C_TIGHT_PAIR_SHARE,The pair dominates both the driver's and the customer's trip history in the window.,bipartite_pair_concentration
5070495369e160cf,abff53738c51780b,13,0,14.216666666666667,166846.15384615384,2169000.0,238000.0,4,2026-07-17,xanh_car,Thành phố Hà Nội,Thành phố Hà Nội,0.0,26,14,0.5,0.9285714285714286,"106 Đường Nguyễn Khuyến, Phường Hà Đông, Thành phố Hà Nội, Việt Nam -> Xã Hạ Bằng, Thành phố Hà Nội, Việt Nam",1,0.07692307692307693,12.0,False,16.9,REPEATED_CUSTOMER_DRIVER,KB-C_TIGHT_PAIR_SHARE,The pair dominates both the driver's and the customer's trip history in the window.,bipartite_pair_concentration
5b978f337676a76a,2f19c4b7ae1d025a,13,0,40.78333333333333,101384.61538461539,1318000.0,355000.0,3,2026-07-16,xanh_premium,Tỉnh Ninh Bình,Tỉnh Ninh Bình,0.0,19,13,0.6842105263157895,1.0,"Phường Hoa Lư, Tỉnh Ninh Bình, Việt Nam -> Ninh Bình",2,0.15384615384615385,12.0,False,18.03,REPEATED_CUSTOMER_DRIVER,KB-C_TIGHT_PAIR_SHARE,The pair dominates both the driver's and the customer's trip history in the window.,bipartite_pair_concentration
5e7f05261d36b230,27e151b1190229c9,13,0,66.91666666666667,246230.76923076922,3201000.0,214000.0,3,2026-07-17,xanh_car,Tỉnh Hải Dương,Tỉnh Hải Dương,0.0,17,13,0.7647058823529411,1.0,"Huyện Kim Thành, Tỉnh Hải Dương -> location_address_display (0.000000, 0.000000)",2,0.15384615384615385,12.0,False,18.24,REPEATED_CUSTOMER_DRIVER,KB-C_TIGHT_PAIR_SHARE,The pair dominates both the driver's and the customer's trip history in the window.,bipartite_pair_concentration
5fc808a4c01d7935,1b7ca4667bd8ee0a,13,0,3.0166666666666666,40000.0,520000.0,48000.0,3,2026-07-17,xanh_limo_6_cho,Tỉnh Long An,Tỉnh Long An,0.0,24,13,0.5416666666666666,1.0,"Xã Mỹ Hạnh, Tỉnh Tây Ninh, Việt Nam -> Xã Mỹ Hạnh, Tỉnh Tây Ninh, Việt Nam",2,0.15384615384615385,12.0,True,23.46,REPEATED_CUSTOMER_DRIVER,KB-C_TIGHT_PAIR_SHARE,The pair dominates both the driver's and the customer's trip history in the window.,bipartite_pair_concentration
603b2028e5bcf282,c24ccdddd27f30bd,13,0,24.233333333333334,236384.61538461538,3073000.0,486000.0,4,2026-07-17,xanh_premium,Tỉnh Khánh Hòa,Tỉnh Khánh Hòa,0.0,16,13,0.8125,1.0,"02 Đường Hoàng Diệu, Phường Nha Trang, Tỉnh Khánh Hòa, Việt Nam -> Đường Đinh Tiên Hoàng, Cam Hải Đông, Khanh Hoa",1,0.07692307692307693,12.0,False,18.24,REPEATED_CUSTOMER_DRIVER,KB-C_TIGHT_PAIR_SHARE,The pair dominates both the driver's and the customer's trip history in the window.,bipartite_pair_concentration
614f47356bc24289,57785e54ac702f73,13,0,31.35,239615.38461538462,3115000.0,807000.0,4,2026-07-17,xanh_limo_6_cho,Tỉnh Đồng Nai,Tỉnh Đồng Nai,0.0,22,13,0.5909090909090909,1.0,"285 Quốc lộ 20, Xã Định Quán, Tỉnh Đồng Nai, Việt Nam -> Thanh Sơn, Xã Phú Lâm, Tỉnh Đồng Nai, Việt Nam",1,0.07692307692307693,12.0,False,16.95,REPEATED_CUSTOMER_DRIVER,KB-C_TIGHT_PAIR_SHARE,The pair dominates both the driver's and the customer's trip history in the window.,bipartite_pair_concentration
668f0182686be2bc,44c09d1bf295e072,13,0,33.833333333333336,79769.23076923077,1037000.0,107000.0,4,2026-07-17,xanh_car,Tỉnh Quảng Ngãi,Tỉnh Quảng Ngãi,0.0,19,15,0.6842105263157895,0.8666666666666667,Quảng Ngãi -> Quảng Ngãi,2,0.15384615384615385,12.0,False,17.47,REPEATED_CUSTOMER_DRIVER,KB-C_TIGHT_PAIR_SHARE,The pair dominates both the driver's and the customer's trip history in the window.,bipartite_pair_concentration
6c565df3adecd523,440ef9e39dce7bed,13,0,41.233333333333334,204230.76923076922,2655000.0,227000.0,4,2026-07-17,xanh_car,Tỉnh Quảng Ngãi,Tỉnh Quảng Ngãi,0.0,24,13,0.5416666666666666,1.0,"Phường Trương Quang Trọng, Tỉnh Quảng Ngãi, Việt Nam -> Quảng Ngãi",2,0.15384615384615385,12.0,False,17.32,REPEATED_CUSTOMER_DRIVER,KB-C_TIGHT_PAIR_SHARE,The pair dominates both the driver's and the customer's trip history in the window.,bipartite_pair_concentration
75fe75ad477196aa,0343be259256f03c,13,0,51.9,438384.6153846154,5699000.0,597000.0,4,2026-07-17,xanh_limo_6_cho,Thành phố Hồ Chí Minh,Tỉnh Đồng Nai,0.0,14,16,0.9285714285714286,0.8125,"1 Đường Bạch Đằng, Phường Tân Sơn Hòa, Thành phố Hồ Chí Minh, Việt Nam -> Xã Long Phước, Tỉnh Đồng Nai, Việt Nam",1,0.07692307692307693,12.0,False,17.44,REPEATED_CUSTOMER_DRIVER,KB-C_TIGHT_PAIR_SHARE,The pair dominates both the driver's and the customer's trip history in the window.,bipartite_pair_concentration
7767b805de138970,16663e5763d15314,13,0,41.78333333333333,659769.2307692308,8577000.0,159000.0,4,2026-07-17,xanh_car,Tỉnh Bắc Ninh,Tỉnh Bắc Ninh,0.0,19,16,0.6842105263157895,0.8125,"Huyện Yên Phong, Tỉnh Bắc Ninh ->  Thị trấn Hồ, Huyện Thuận Thành, Tỉnh Bắc Ninh, Việt Nam",1,0.07692307692307693,12.0,False,16.31,REPEATED_CUSTOMER_DRIVER,KB-C_TIGHT_PAIR_SHARE,The pair dominates both the driver's and the customer's trip history in the window.,bipartite_pair_concentration
7bbc41124a5dc44b,6c4870627ada2623,13,0,28.316666666666666,102692.30769230769,1335000.0,6000.0,4,2026-07-17,xanh_car,Thành phố Hà Nội,Thành phố Hà Nội,0.0,15,13,0.8666666666666667,1.0,"1 Đồng Nanh-Tiên Phương, Phường Chương Mỹ, Thành phố Hà Nội, Việt Nam -> Phố , Xã Quốc Oai, Thành phố Hà Nội, Việt Nam",2,0.15384615384615385,12.0,False,19.16,REPEATED_CUSTOMER_DRIVER,KB-C_TIGHT_PAIR_SHARE,The pair dominates both the driver's and the customer's trip history in the window.,bipartite_pair_concentration
8529197a76f6d638,62f71feded818724,13,0,11.65,155615.38461538462,2023000.0,185000.0,4,2026-07-17,xanh_car,Thành phố Hà Nội,Thành phố Hà Nội,0.0,20,14,0.65,0.9285714285714286,"Xã Thượng Phúc, Thành phố Hà Nội, Việt Nam -> Thôn Hòa Bình, Xã Thụy Ứng, Huyện Thường Tín, Thành phố Hà Nội, Việt Nam",2,0.15384615384615385,12.0,False,18.73,REPEATED_CUSTOMER_DRIVER,KB-C_TIGHT_PAIR_SHARE,The pair dominates both the driver's and the customer's trip history in the window.,bipartite_pair_concentration
8601c0060106c525,a679fc122276f0bd,13,0,80.16666666666667,267000.0,3471000.0,360000.0,4,2026-07-17,xanh_premium,Thành phố Hà Nội,Thành phố Hà Nội,0.0,16,13,0.8125,1.0,"27 Cổ Linh, Phường Long Biên, Thành Phố Hà Nội, Việt Nam -> Phường Chũ, Tỉnh Bắc Ninh, Việt Nam",1,0.07692307692307693,12.0,False,17.66,REPEATED_CUSTOMER_DRIVER,KB-C_TIGHT_PAIR_SHARE,The pair dominates both the driver's and the customer's trip history in the window.,bipartite_pair_concentration
86321051a8c22320,6c16a6c13b300ee3,13,0,116.06666666666666,161692.3076923077,2102000.0,335000.0,4,2026-07-17,xanh_car,Tỉnh Phú Yên,Tỉnh Phú Yên,0.0,18,13,0.7222222222222222,1.0,"Xã Sơn Thành, Tỉnh Đắk Lắk, Việt Nam -> Đắk Lắk",2,0.15384615384615385,12.0,False,17.91,REPEATED_CUSTOMER_DRIVER,KB-C_TIGHT_PAIR_SHARE,The pair dominates both the driver's and the customer's trip history in the window.,bipartite_pair_concentration
86c55b2bf0ec2f11,3da4ab2e1cfd4017,13,0,17.183333333333334,285307.6923076923,3709000.0,336000.0,4,2026-07-17,xanh_limo_6_cho,Tỉnh Bà Rịa - Vũng Tàu,Tỉnh Bà Rịa - Vũng Tàu,0.0,16,14,0.8125,0.9285714285714286,"Phường Bà Rịa, Thành phố Hồ Chí Minh, Việt Nam -> Thành phố Hồ Chí Minh",2,0.15384615384615385,12.0,False,18.99,REPEATED_CUSTOMER_DRIVER,KB-C_TIGHT_PAIR_SHARE,The pair dominates both the driver's and the customer's trip history in the window.,bipartite_pair_concentration
8712946aeb2e4fa1,c9f3f861e2ce482a,13,0,11.6,268461.53846153844,3490000.0,390000.0,4,2026-07-17,xanh_premium,Tỉnh Quảng Ngãi,Tỉnh Quảng Ngãi,0.0,19,14,0.6842105263157895,0.9285714285714286,"Dốc Sỏi, Xã Bình Sơn, Tỉnh Quảng Ngãi, Việt Nam -> Tỉnh Lộ 625, Xã Nghĩa Giang, Tỉnh Quảng Ngãi, Việt Nam",1,0.07692307692307693,12.0,False,18.14,REPEATED_CUSTOMER_DRIVER,KB-C_TIGHT_PAIR_SHARE,The pair dominates both the driver's and the customer's trip history in the window.,bipartite_pair_concentration
9630a3a87dbb3ccf,81610a380d116615,13,0,21.633333333333333,109615.38461538461,1425000.0,111000.0,3,2026-07-17,xanh_car,Thành phố Hà Nội,Thành phố Hà Nội,0.0,17,13,0.7647058823529411,1.0,"Xã Đông Anh, Thành phố Hà Nội, Việt Nam -> Đường Trần Phú, Phường Từ Sơn, Tỉnh Bắc Ninh, Việt Nam",2,0.15384615384615385,12.0,False,18.87,REPEATED_CUSTOMER_DRIVER,KB-C_TIGHT_PAIR_SHARE,The pair dominates both the driver's and the customer's trip history in the window.,bipartite_pair_concentration
9f9d4a9705b4177a,13640c4d9fa506d2,13,0,21.466666666666665,188153.84615384616,2446000.0,680000.0,4,2026-07-17,xanh_car,Tỉnh Quảng Ngãi,Tỉnh Quảng Ngãi,0.0,22,13,0.5909090909090909,1.0,"26 Đường Lê Thánh Tôn, Phường Cẩm Thành, Tỉnh Quảng Ngãi, Việt Nam -> Quảng Ngãi",1,0.07692307692307693,12.0,False,17.24,REPEATED_CUSTOMER_DRIVER,KB-C_TIGHT_PAIR_SHARE,The pair dominates both the driver's and the customer's trip history in the window.,bipartite_pair_concentration
a05727c02430e0dc,d738647a815bde1d,13,0,21.516666666666666,97961.53846153847,1273500.0,161000.0,4,2026-07-17,xanh_limo_6_cho,Tỉnh Đồng Nai,Tỉnh Đồng Nai,0.0,26,13,0.5,1.0,"234 QL1A, Phường Long Bình, Tỉnh Đồng Nai, Việt Nam -> KP.9, Phường Long Bình, Tỉnh Đồng Nai, Việt Nam",3,0.23076923076923078,12.0,False,18.32,REPEATED_CUSTOMER_DRIVER,KB-C_TIGHT_PAIR_SHARE,The pair dominates both the driver's and the customer's trip history in the window.,bipartite_pair_concentration
a5881e889882abc2,a642d028cc122e3c,13,0,37.7,153846.15384615384,2000000.0,240000.0,4,2026-07-17,xanh_car,Tỉnh Thái Bình,Tỉnh Thái Bình,0.0,26,13,0.5,1.0,"Thôn Lộng Khê 1, Xã A Sào, Tỉnh Hưng Yên, Việt Nam -> Xã Minh Thọ, Tỉnh Hưng Yên, Việt Nam",3,0.23076923076923078,12.0,False,17.92,REPEATED_CUSTOMER_DRIVER,KB-C_TIGHT_PAIR_SHARE,The pair dominates both the driver's and the customer's trip history in the window.,bipartite_pair_concentration
b42c75bed7ca4e27,b0b83b2a796e37f6,13,0,18.283333333333335,156923.07692307694,2040000.0,220000.0,4,2026-07-17,xanh_premium,Tỉnh Nam Định,Tỉnh Nam Định,0.0,19,14,0.6842105263157895,0.9285714285714286,"Phường Nam Định, Tỉnh Ninh Bình, Việt Nam -> Thôn Bình Dân, Phường Thiên Trường, Tỉnh Ninh Bình, Việt Nam",2,0.15384615384615385,12.0,False,18.28,REPEATED_CUSTOMER_DRIVER,KB-C_TIGHT_PAIR_SHARE,The pair dominates both the driver's and the customer's trip history in the window.,bipartite_pair_concentration
cd3023f265ccdede,8fdf179dc427e70b,13,0,20.366666666666667,103923.07692307692,1351000.0,189000.0,4,2026-07-17,xanh_car,Tỉnh Quảng Ngãi,Tỉnh Quảng Ngãi,0.0,19,14,0.6842105263157895,0.9285714285714286,"Phường Trương Quang Trọng, Tỉnh Quảng Ngãi, Việt Nam -> Phường Trương Quang Trọng, Tỉnh Quảng Ngãi, Việt Nam",2,0.15384615384615385,12.0,False,18.17,REPEATED_CUSTOMER_DRIVER,KB-C_TIGHT_PAIR_SHARE,The pair dominates both the driver's and the customer's trip history in the window.,bipartite_pair_concentration
ced71eed9e10ccfa,5381df4c62831fc4,13,0,48.46666666666667,215461.53846153847,2801000.0,405000.0,4,2026-07-17,xanh_car,Tỉnh Đồng Nai,Tỉnh Đồng Nai,0.0,14,13,0.9285714285714286,1.0,"284 Cống Quỳnh, Phường Bến Thành, Thành phố Hồ Chí Minh, Việt Nam -> Đường Lý Thái Tổ, Xã Nhơn Trạch, Tỉnh Đồng Nai, Việt Nam",1,0.07692307692307693,12.0,False,18.41,REPEATED_CUSTOMER_DRIVER,KB-C_TIGHT_PAIR_SHARE,The pair dominates both the driver's and the customer's trip history in the window.,bipartite_pair_concentration
d63a72f37a36f49b,3bfe5a6f87f66977,13,0,28.683333333333334,101076.92307692308,1314000.0,76000.0,3,2026-07-17,xanh_premium_just_taxi,Tỉnh Quảng Ngãi,Tỉnh Quảng Ngãi,0.0,25,13,0.52,1.0,"3QPJ+97C, Đường Nguyễn Công, Xã Nghĩa Hành, Tỉnh Quảng Ngãi, Việt Nam ->  KM 133 ĐCT Đà Nẵng – Quảng Ngãi, Hành THuận, Nghĩa Hành, Quảng Ngãi 570000, Việt Nam",1,0.07692307692307693,12.0,False,16.65,REPEATED_CUSTOMER_DRIVER,KB-C_TIGHT_PAIR_SHARE,The pair dominates both the driver's and the customer's trip history in the window.,bipartite_pair_concentration
d832bfab66915645,144e23d0a77d7d98,13,0,2.6,34000.0,442000.0,0.0,3,2026-07-16,xanh_car,Tỉnh Bình Phước,Tỉnh Bình Phước,0.0,22,13,0.5909090909090909,1.0,"Xã Lộc Tấn, Tỉnh Đồng Nai, Việt Nam -> VJP6+GW8, QL13, Xã Lộc Tấn, Tỉnh Đồng Nai, Việt Nam",2,0.15384615384615385,12.0,True,24.77,REPEATED_CUSTOMER_DRIVER,KB-C_TIGHT_PAIR_SHARE,The pair dominates both the driver's and the customer's trip history in the window.,bipartite_pair_concentration
df0bcb0cae065e0a,1091d8fe768524aa,13,0,99.91666666666667,289923.07692307694,3769000.0,175000.0,4,2026-07-17,xanh_premium,Tỉnh Nam Định,Tỉnh Nam Định,0.0,25,13,0.52,1.0,"27 Đường Ngọa Long, Phường Minh Khai, Quận Bắc Từ Liêm, Thành phố Hà Nội, Việt Nam(UTC+7) -> Thaco - Trường Hải Nam Định, Đại lộ Thiên Trường, Phường Lộc Hòa, Thành phố Nam Định, Tỉnh Nam Định, Việt Nam",1,0.07692307692307693,12.0,False,16.15,REPEATED_CUSTOMER_DRIVER,KB-C_TIGHT_PAIR_SHARE,The pair dominates both the driver's and the customer's trip history in the window.,bipartite_pair_concentration
eb2296c45810b73e,29191f607e73cf46,13,0,70.5,175076.92307692306,2276000.0,191000.0,4,2026-07-17,xanh_car,Tỉnh Phú Yên,Tỉnh Phú Yên,0.0,16,13,0.8125,1.0,"Phường Phú Yên, Tỉnh Đắk Lắk, Việt Nam -> Xã Phú Hòa 1, Tỉnh Đắk Lắk, Việt Nam",2,0.15384615384615385,12.0,False,18.47,REPEATED_CUSTOMER_DRIVER,KB-C_TIGHT_PAIR_SHARE,The pair dominates both the driver's and the customer's trip history in the window.,bipartite_pair_concentration
ebd6d7f4fb2c9047,8f1182e3640f8c79,13,0,51.6,214153.84615384616,2784000.0,304000.0,4,2026-07-17,xanh_premium,Tỉnh Long An,Tỉnh Long An,0.0,22,13,0.5909090909090909,1.0,"20 Quốc lộ 1, Phường Long An, Tỉnh Tây Ninh, Việt Nam -> 1, Xã Thủ Thừa, Tỉnh Tây Ninh, Việt Nam",1,0.07692307692307693,12.0,False,16.69,REPEATED_CUSTOMER_DRIVER,KB-C_TIGHT_PAIR_SHARE,The pair dominates both the driver's and the customer's trip history in the window.,bipartite_pair_concentration
ee46845547177e94,29eef8652b1ab69e,13,0,30.166666666666668,106384.61538461539,1383000.0,120000.0,4,2026-07-17,xanh_car,Tỉnh Bình Dương,Tỉnh Bình Dương,0.0,20,13,0.65,1.0,"2 Đường Phan Bội Châu, Xã Phú Giáo, Thành phố Hồ Chí Minh, Việt Nam -> location_address_display (0.000000, 0.000000)",1,0.07692307692307693,12.0,False,17.27,REPEATED_CUSTOMER_DRIVER,KB-C_TIGHT_PAIR_SHARE,The pair dominates both the driver's and the customer's trip history in the window.,bipartite_pair_concentration
f6282d84d92f0ed1,a86ab17c2f4cf7e5,13,0,38.56666666666667,252000.0,3276000.0,90000.0,4,2026-07-17,xanh_car_just_taxi,Tỉnh Thái Nguyên,Tỉnh Thái Nguyên,0.0,14,18,0.9285714285714286,0.7222222222222222,"Tỉnh Thái Nguyên -> location_address_display (0.000000, 0.000000)",2,0.15384615384615385,12.0,False,17.89,REPEATED_CUSTOMER_DRIVER,KB-C_TIGHT_PAIR_SHARE,The pair dominates both the driver's and the customer's trip history in the window.,bipartite_pair_concentration
ff73e0bfee082187,afeca0e0087bef27,13,0,83.98333333333333,166307.6923076923,2162000.0,209000.0,4,2026-07-17,xanh_car,Tỉnh Bình Dương,Tỉnh Bình Dương,0.0,21,14,0.6190476190476191,0.9285714285714286,"Phường Phú An, Thành phố Hồ Chí Minh, Việt Nam -> Phường Phú An, Thành phố Hồ Chí Minh, Việt Nam",2,0.15384615384615385,12.0,False,17.1,REPEATED_CUSTOMER_DRIVER,KB-C_TIGHT_PAIR_SHARE,The pair dominates both the driver's and the customer's trip history in the window.,bipartite_pair_concentration
c9ce03ce680b2fd7,d938b03bbf02a6df,18,18,0.31666666666666665,116000.0,2088000.0,522000.0,2,2026-07-17,xanh_limo_6_cho,Thành phố Hồ Chí Minh,Thành phố Hồ Chí Minh,1.0,37,46,0.4864864864864865,0.391304347826087,"5A Đường Phạm Hùng Nối Dài, Ấp, Xã Bình Hưng, Thành phố Hồ Chí Minh, Việt Nam -> 92-94 nam kỳ khởi nghĩa, Phường Sài Gòn, Thành phố Hồ Chí Minh",9,0.5,12.0,True,64.89,REPEATED_CUSTOMER_DRIVER,KB-C_ROUTE_LOOP,The pair repeatedly cycles through the same pickup-dropoff route at suspicious density.,route_loop_reuse
be2abdcdef98bb69,b3ad04538fb6a4ce,16,1,19.75,83625.0,1338000.0,81000.0,4,2026-07-17,xanh_car,Thành phố Hồ Chí Minh,Thành phố Hồ Chí Minh,0.0625,71,16,0.22535211267605634,1.0,"346 Bến Vân Đồn, Phường Vĩnh Hội, Thành phố Hồ Chí Minh, Việt nam -> Phường Diên Hồng, Thành Phố Hồ Chí Minh, Việt Nam",8,0.5,12.0,False,24.08,REPEATED_CUSTOMER_DRIVER,KB-C_ROUTE_LOOP,The pair repeatedly cycles through the same pickup-dropoff route at suspicious density.,route_loop_reuse
8397bdba08f52473,e5074f8eac9ff231,16,0,22.166666666666668,28000.0,448000.0,30000.0,4,2026-07-17,xanh_car,Tỉnh Thái Bình,Tỉnh Thái Bình,0.0,22,18,0.7272727272727273,0.8888888888888888,"Hưng Yên -> Vũ Thư, Thái Bình, Huyện Vũ Thư, Tỉnh Thái Bình, VNM",8,0.5,12.0,False,23.32,REPEATED_CUSTOMER_DRIVER,KB-C_ROUTE_LOOP,The pair repeatedly cycles through the same pickup-dropoff route at suspicious density.,route_loop_reuse
07b48acb0c535a99,89cb3800ad24bd8a,15,14,0.3,116000.0,1740000.0,432000.0,2,2026-07-16,xanh_limo_6_cho,Thành phố Hồ Chí Minh,Thành phố Hồ Chí Minh,0.9333333333333333,65,15,0.23076923076923078,1.0,"92-94 nam kỳ khởi nghĩa, Phường Sài Gòn, Thành phố Hồ Chí Minh -> Xã Bình Hưng, Thành phố Hồ Chí Minh",8,0.5333333333333333,12.0,True,65.24,REPEATED_CUSTOMER_DRIVER,KB-C_ROUTE_LOOP,The pair repeatedly cycles through the same pickup-dropoff route at suspicious density.,route_loop_reuse
28d7620a273e4c47,8c24479810f02da7,15,0,43.333333333333336,25866.666666666668,388000.0,0.0,4,2026-07-17,green_mini_3_khach,Tỉnh Gia Lai,Tỉnh Gia Lai,0.0,90,17,0.16666666666666666,0.8823529411764706,"Trần Xuân Soạn, Phường Diên Hồng, Tỉnh Gia Lai, Việt Nam -> Tổ 1, Phường Diên Hồng, Tỉnh Gia Lai, Việt Nam",8,0.5333333333333333,12.0,False,19.79,REPEATED_CUSTOMER_DRIVER,KB-C_ROUTE_LOOP,The pair repeatedly cycles through the same pickup-dropoff route at suspicious density.,route_loop_reuse
bf253b3e06a28f44,0f00804f131477ec,14,1,40.25,309857.14285714284,4338000.0,479000.0,4,2026-07-17,xanh_car,Tỉnh Bắc Ninh,Tỉnh Bắc Ninh,0.07142857142857142,29,14,0.4827586206896552,1.0,"Phường Mão Điền, Tỉnh Bắc Ninh, Việt Nam -> 33, Street No.10, Do Thi Va DV VSIP Bac Ninh Residence, X.Đại Đồng, H.Tiên Du, Bắc Ninh, Hanoi City, 16000",7,0.5,12.0,False,24.05,REPEATED_CUSTOMER_DRIVER,KB-C_ROUTE_LOOP,The pair repeatedly cycles through the same pickup-dropoff route at suspicious density.,route_loop_reuse
