pair_id,driver_id,customer_id,evidence_type,observed_value,expected_value,threshold,score_contribution,data_quality_level,description
5f4fa4b5dc96fc17||5e63a8c46f1dfd09,5f4fa4b5dc96fc17,5e63a8c46f1dfd09,KB-C_EXTREME_VOLUME,36.0,,cohort_trip_threshold,58.58,derived,Driver-customer pair is an extreme weighted edge in the current analysis window.
5828b7e28d77245d||fad2dbe4e38702c5,5828b7e28d77245d,fad2dbe4e38702c5,KB-C_EXTREME_VOLUME,65.0,,cohort_trip_threshold,79.74,derived,Driver-customer pair is an extreme weighted edge in the current analysis window.
fbb5fad6a1615aa3||d99f5d7d24e2d881,fbb5fad6a1615aa3,d99f5d7d24e2d881,KB-C_EXTREME_VOLUME,40.0,,cohort_trip_threshold,69.98,derived,Driver-customer pair is an extreme weighted edge in the current analysis window.
f5d16c59104fbed7||790a7c79085e1cdc,f5d16c59104fbed7,790a7c79085e1cdc,KB-C_EXTREME_VOLUME,67.0,,cohort_trip_threshold,79.74,derived,Driver-customer pair is an extreme weighted edge in the current analysis window.
5dd78d9a81cbed8f||b17fc5490aa266e4,5dd78d9a81cbed8f,b17fc5490aa266e4,KB-C_EXTREME_VOLUME,40.0,,cohort_trip_threshold,59.31,derived,Driver-customer pair is an extreme weighted edge in the current analysis window.
f6282d84d92f0ed1||a86ab17c2f4cf7e5,f6282d84d92f0ed1,a86ab17c2f4cf7e5,KB-C_EXTREME_VOLUME,20.0,,cohort_trip_threshold,53.47,derived,Driver-customer pair is an extreme weighted edge in the current analysis window.
b000369895322197||3b741f6e7b796df3,b000369895322197,3b741f6e7b796df3,KB-C_EXTREME_VOLUME,22.0,,cohort_trip_threshold,53.84,derived,Driver-customer pair is an extreme weighted edge in the current analysis window.
ee9a55ea5e7b6316||6e7a2cfe8823aaa2,ee9a55ea5e7b6316,6e7a2cfe8823aaa2,KB-C_EXTREME_VOLUME,25.0,,cohort_trip_threshold,52.96,derived,Driver-customer pair is an extreme weighted edge in the current analysis window.
0c4547ef96051cad||cb3a42f41d8ed1bc,0c4547ef96051cad,cb3a42f41d8ed1bc,KB-C_EXTREME_VOLUME,33.0,,cohort_trip_threshold,61.62,derived,Driver-customer pair is an extreme weighted edge in the current analysis window.
26cba052effbf0e3||f45ded2c24cce763,26cba052effbf0e3,f45ded2c24cce763,KB-C_EXTREME_VOLUME,26.0,,cohort_trip_threshold,52.39,derived,Driver-customer pair is an extreme weighted edge in the current analysis window.
d3ac170709f50de7||a9640b909f60adb4,d3ac170709f50de7,a9640b909f60adb4,KB-C_EXTREME_VOLUME,33.0,,cohort_trip_threshold,58.1,derived,Driver-customer pair is an extreme weighted edge in the current analysis window.
031d6b289f9fd963||2c7192581a1b6e85,031d6b289f9fd963,2c7192581a1b6e85,KB-C_EXTREME_VOLUME,102.0,,cohort_trip_threshold,83.09,derived,Driver-customer pair is an extreme weighted edge in the current analysis window.
e504bb113eedbb01||b362416ee69d1f84,e504bb113eedbb01,b362416ee69d1f84,KB-C_EXTREME_VOLUME,77.0,,cohort_trip_threshold,55.61,derived,Driver-customer pair is an extreme weighted edge in the current analysis window.
b5d1bbee8ad1e4bf||fb2d8233b4054fc8,b5d1bbee8ad1e4bf,fb2d8233b4054fc8,KB-C_EXTREME_VOLUME,33.0,,cohort_trip_threshold,62.86,derived,Driver-customer pair is an extreme weighted edge in the current analysis window.
5bfcc769835bc616||49b8504ff44a6f3d,5bfcc769835bc616,49b8504ff44a6f3d,KB-C_EXTREME_VOLUME,28.0,,cohort_trip_threshold,59.19,derived,Driver-customer pair is an extreme weighted edge in the current analysis window.
e7d0b7f056509cdf||82f3af7f9355acd2,e7d0b7f056509cdf,82f3af7f9355acd2,KB-C_EXTREME_VOLUME,24.0,,cohort_trip_threshold,45.15,derived,Driver-customer pair is an extreme weighted edge in the current analysis window.
e6226a83e74cde2c||31e9d70f116f13a0,e6226a83e74cde2c,31e9d70f116f13a0,KB-C_EXTREME_VOLUME,46.0,,cohort_trip_threshold,57.92,derived,Driver-customer pair is an extreme weighted edge in the current analysis window.
6d41d622812350e8||a85190bfdf72ee03,6d41d622812350e8,a85190bfdf72ee03,KB-C_EXTREME_VOLUME,27.0,,cohort_trip_threshold,55.82,derived,Driver-customer pair is an extreme weighted edge in the current analysis window.
d8ad18ba0b3bab28||71ac2c51b3d719cc,d8ad18ba0b3bab28,71ac2c51b3d719cc,KB-C_EXTREME_VOLUME,40.0,,cohort_trip_threshold,48.03,derived,Driver-customer pair is an extreme weighted edge in the current analysis window.
2ad211695a38705b||811391e246672e6b,2ad211695a38705b,811391e246672e6b,KB-C_EXTREME_VOLUME,10.0,,cohort_trip_threshold,48.97,derived,Driver-customer pair is an extreme weighted edge in the current analysis window.
8f3fdcaba9cd227e||fc93cbfb75bd312b,8f3fdcaba9cd227e,fc93cbfb75bd312b,KB-C_EXTREME_VOLUME,41.0,,cohort_trip_threshold,41.05,derived,Driver-customer pair is an extreme weighted edge in the current analysis window.
6ac447c7a0bdf9e4||73cf6441682389f9,6ac447c7a0bdf9e4,73cf6441682389f9,KB-C_EXTREME_VOLUME,31.0,,cohort_trip_threshold,57.73,derived,Driver-customer pair is an extreme weighted edge in the current analysis window.
a14b1a86c52d0c12||789cb9bc304669be,a14b1a86c52d0c12,789cb9bc304669be,KB-C_EXTREME_VOLUME,24.0,,cohort_trip_threshold,54.59,derived,Driver-customer pair is an extreme weighted edge in the current analysis window.
9c93e0c8cc8a3817||2f16d5c12ed95d2f,9c93e0c8cc8a3817,2f16d5c12ed95d2f,KB-C_EXTREME_VOLUME,31.0,,cohort_trip_threshold,46.36,derived,Driver-customer pair is an extreme weighted edge in the current analysis window.
150ce272eb426c0f||a7b7608c07bf6998,150ce272eb426c0f,a7b7608c07bf6998,KB-C_EXTREME_VOLUME,18.0,,cohort_trip_threshold,56.79,derived,Driver-customer pair is an extreme weighted edge in the current analysis window.
3a3c0eb1926d9e65||e9395bd45deffea8,3a3c0eb1926d9e65,e9395bd45deffea8,KB-C_EXTREME_VOLUME,48.0,,cohort_trip_threshold,53.89,derived,Driver-customer pair is an extreme weighted edge in the current analysis window.
7fcf436466291cb1||f70e6a906ebaf50a,7fcf436466291cb1,f70e6a906ebaf50a,KB-C_EXTREME_VOLUME,22.0,,cohort_trip_threshold,52.26,derived,Driver-customer pair is an extreme weighted edge in the current analysis window.
01e148ef553c737f||99d38cf092913061,01e148ef553c737f,99d38cf092913061,KB-C_EXTREME_VOLUME,29.0,,cohort_trip_threshold,52.89,derived,Driver-customer pair is an extreme weighted edge in the current analysis window.
d5b7dcc0ba5860dc||3d8210d1ef1503df,d5b7dcc0ba5860dc,3d8210d1ef1503df,KB-C_EXTREME_VOLUME,17.0,,cohort_trip_threshold,44.28,derived,Driver-customer pair is an extreme weighted edge in the current analysis window.
6db042c5dd3c1ac2||cd4eb772a03a76c9,6db042c5dd3c1ac2,cd4eb772a03a76c9,KB-C_EXTREME_VOLUME,36.0,,cohort_trip_threshold,44.2,derived,Driver-customer pair is an extreme weighted edge in the current analysis window.
7afd4c3507395b2f||b235143704083232,7afd4c3507395b2f,b235143704083232,KB-C_EXTREME_VOLUME,29.0,,cohort_trip_threshold,37.47,derived,Driver-customer pair is an extreme weighted edge in the current analysis window.
61ed7b3348db32e2||2c7192581a1b6e85,61ed7b3348db32e2,2c7192581a1b6e85,KB-C_EXTREME_VOLUME,70.0,,cohort_trip_threshold,78.25,derived,Driver-customer pair is an extreme weighted edge in the current analysis window.
86c40d438daa709a||32a8f8c52c0b0c0d,86c40d438daa709a,32a8f8c52c0b0c0d,KB-C_EXTREME_VOLUME,19.0,,cohort_trip_threshold,53.08,derived,Driver-customer pair is an extreme weighted edge in the current analysis window.
968ff0b5f9bc2cdd||367cfa7518afb41c,968ff0b5f9bc2cdd,367cfa7518afb41c,KB-C_EXTREME_VOLUME,22.0,,cohort_trip_threshold,46.93,derived,Driver-customer pair is an extreme weighted edge in the current analysis window.
b24d7599b4d519da||69bc51ae419557aa,b24d7599b4d519da,69bc51ae419557aa,KB-C_EXTREME_VOLUME,16.0,,cohort_trip_threshold,47.76,derived,Driver-customer pair is an extreme weighted edge in the current analysis window.
ff6991f732e05132||3c65ed70e9e2ce05,ff6991f732e05132,3c65ed70e9e2ce05,KB-C_EXTREME_VOLUME,24.0,,cohort_trip_threshold,45.97,derived,Driver-customer pair is an extreme weighted edge in the current analysis window.
7c0b132411b37fa6||190ac40c60535ce9,7c0b132411b37fa6,190ac40c60535ce9,KB-C_EXTREME_VOLUME,30.0,,cohort_trip_threshold,44.08,derived,Driver-customer pair is an extreme weighted edge in the current analysis window.
839b2baeda98c857||1cec7fbe2ec4c178,839b2baeda98c857,1cec7fbe2ec4c178,KB-C_EXTREME_VOLUME,35.0,,cohort_trip_threshold,56.33,derived,Driver-customer pair is an extreme weighted edge in the current analysis window.
92f702e5a686b9c4||8db2e31deb571a3d,92f702e5a686b9c4,8db2e31deb571a3d,KB-C_EXTREME_VOLUME,22.0,,cohort_trip_threshold,66.7,derived,Driver-customer pair is an extreme weighted edge in the current analysis window.
11e4996e955e9754||c74aa8d733e635a5,11e4996e955e9754,c74aa8d733e635a5,KB-C_EXTREME_VOLUME,39.0,,cohort_trip_threshold,47.39,derived,Driver-customer pair is an extreme weighted edge in the current analysis window.
cf07c41702c5d803||58d9afc5a2ba75e2,cf07c41702c5d803,58d9afc5a2ba75e2,KB-C_EXTREME_VOLUME,9.0,,cohort_trip_threshold,47.21,derived,Driver-customer pair is an extreme weighted edge in the current analysis window.
30f9f0d5c8bce870||466dd53db700fd39,30f9f0d5c8bce870,466dd53db700fd39,KB-C_EXTREME_VOLUME,29.0,,cohort_trip_threshold,50.76,derived,Driver-customer pair is an extreme weighted edge in the current analysis window.
f7f2fc7ea3c0ab55||c1f69fb1a068ff32,f7f2fc7ea3c0ab55,c1f69fb1a068ff32,KB-C_EXTREME_VOLUME,25.0,,cohort_trip_threshold,53.96,derived,Driver-customer pair is an extreme weighted edge in the current analysis window.
875f7558903ca6a7||e37c1c635113bf58,875f7558903ca6a7,e37c1c635113bf58,KB-C_EXTREME_VOLUME,29.0,,cohort_trip_threshold,53.07,derived,Driver-customer pair is an extreme weighted edge in the current analysis window.
2b5f09de0a62950d||aa10b7ee9cb8499a,2b5f09de0a62950d,aa10b7ee9cb8499a,KB-C_EXTREME_VOLUME,22.0,,cohort_trip_threshold,52.43,derived,Driver-customer pair is an extreme weighted edge in the current analysis window.
d2a356488a6d7005||67b19ffa85ba28c1,d2a356488a6d7005,67b19ffa85ba28c1,KB-C_EXTREME_VOLUME,27.0,,cohort_trip_threshold,46.14,derived,Driver-customer pair is an extreme weighted edge in the current analysis window.
49d18d93c10b1bc0||9db0d2f91ffc75a6,49d18d93c10b1bc0,9db0d2f91ffc75a6,KB-C_EXTREME_VOLUME,38.0,,cohort_trip_threshold,65.16,derived,Driver-customer pair is an extreme weighted edge in the current analysis window.
6c2f20549567d103||7c283effab4dcaea,6c2f20549567d103,7c283effab4dcaea,KB-C_EXTREME_VOLUME,33.0,,cohort_trip_threshold,54.03,derived,Driver-customer pair is an extreme weighted edge in the current analysis window.
92f702e5a686b9c4||be5cc6d64ed50de0,92f702e5a686b9c4,be5cc6d64ed50de0,KB-C_EXTREME_VOLUME,20.0,,cohort_trip_threshold,69.22,derived,Driver-customer pair is an extreme weighted edge in the current analysis window.
fe9c614486853538||cc4d8d00abbdde42,fe9c614486853538,cc4d8d00abbdde42,KB-C_EXTREME_VOLUME,18.0,,cohort_trip_threshold,50.26,derived,Driver-customer pair is an extreme weighted edge in the current analysis window.
b050dcf14f1ea16b||67f5534bf105be4c,b050dcf14f1ea16b,67f5534bf105be4c,KB-C_EXTREME_VOLUME,15.0,,cohort_trip_threshold,54.29,derived,Driver-customer pair is an extreme weighted edge in the current analysis window.
d6f7c63c9ece887d||e18e24d03a0dead3,d6f7c63c9ece887d,e18e24d03a0dead3,KB-C_EXTREME_VOLUME,32.0,,cohort_trip_threshold,54.37,derived,Driver-customer pair is an extreme weighted edge in the current analysis window.
b5b4a56620b19669||51b643c08a9ba25c,b5b4a56620b19669,51b643c08a9ba25c,KB-C_EXTREME_VOLUME,20.0,,cohort_trip_threshold,50.05,derived,Driver-customer pair is an extreme weighted edge in the current analysis window.
a53008c38937ae08||5f011ebc4cfaa010,a53008c38937ae08,5f011ebc4cfaa010,KB-C_EXTREME_VOLUME,17.0,,cohort_trip_threshold,45.8,derived,Driver-customer pair is an extreme weighted edge in the current analysis window.
855faae4bc5c31cd||560a5afe5b53b126,855faae4bc5c31cd,560a5afe5b53b126,KB-C_EXTREME_VOLUME,26.0,,cohort_trip_threshold,51.96,derived,Driver-customer pair is an extreme weighted edge in the current analysis window.
2ff877bcf6cc0493||faa480c51adf21e6,2ff877bcf6cc0493,faa480c51adf21e6,KB-C_EXTREME_VOLUME,35.0,,cohort_trip_threshold,51.37,derived,Driver-customer pair is an extreme weighted edge in the current analysis window.
72f0e6c478e612e5||c832b2f342e2a8fe,72f0e6c478e612e5,c832b2f342e2a8fe,KB-C_EXTREME_VOLUME,15.0,,cohort_trip_threshold,46.43,derived,Driver-customer pair is an extreme weighted edge in the current analysis window.
e3b3a761afc18171||26de927c2fb38b37,e3b3a761afc18171,26de927c2fb38b37,KB-C_EXTREME_VOLUME,24.0,,cohort_trip_threshold,53.41,derived,Driver-customer pair is an extreme weighted edge in the current analysis window.
83d8f08ed0e73096||d95b5e000559ad65,83d8f08ed0e73096,d95b5e000559ad65,KB-C_EXTREME_VOLUME,22.0,,cohort_trip_threshold,53.59,derived,Driver-customer pair is an extreme weighted edge in the current analysis window.
0bc6aefc555a07a6||0cccc55cd49a330d,0bc6aefc555a07a6,0cccc55cd49a330d,KB-C_EXTREME_VOLUME,28.0,,cohort_trip_threshold,42.84,derived,Driver-customer pair is an extreme weighted edge in the current analysis window.
e93ea7d59646db67||2a4c3284fe02f241,e93ea7d59646db67,2a4c3284fe02f241,KB-C_EXTREME_VOLUME,17.0,,cohort_trip_threshold,48.72,derived,Driver-customer pair is an extreme weighted edge in the current analysis window.
d63a72f37a36f49b||3bfe5a6f87f66977,d63a72f37a36f49b,3bfe5a6f87f66977,KB-C_EXTREME_VOLUME,36.0,,cohort_trip_threshold,51.93,derived,Driver-customer pair is an extreme weighted edge in the current analysis window.
5d06622cce833761||bda43ff79f51172e,5d06622cce833761,bda43ff79f51172e,KB-C_EXTREME_VOLUME,12.0,,cohort_trip_threshold,42.78,derived,Driver-customer pair is an extreme weighted edge in the current analysis window.
b19d7ba8ee0cdd68||f14ecb532ab90766,b19d7ba8ee0cdd68,f14ecb532ab90766,KB-C_EXTREME_VOLUME,26.0,,cohort_trip_threshold,46.61,derived,Driver-customer pair is an extreme weighted edge in the current analysis window.
8dec1612b02307e7||a75855291e5fc922,8dec1612b02307e7,a75855291e5fc922,KB-C_EXTREME_VOLUME,18.0,,cohort_trip_threshold,50.72,derived,Driver-customer pair is an extreme weighted edge in the current analysis window.
fdf6ff53120ae679||4058c7a858c2b68a,fdf6ff53120ae679,4058c7a858c2b68a,KB-C_EXTREME_VOLUME,14.0,,cohort_trip_threshold,43.3,derived,Driver-customer pair is an extreme weighted edge in the current analysis window.
31a5966f21b4ba4e||87d821a23a5cd7de,31a5966f21b4ba4e,87d821a23a5cd7de,KB-C_EXTREME_VOLUME,11.0,,cohort_trip_threshold,48.39,derived,Driver-customer pair is an extreme weighted edge in the current analysis window.
bd9d5bd6a837d6e9||3ac1b109549cc988,bd9d5bd6a837d6e9,3ac1b109549cc988,KB-C_EXTREME_VOLUME,26.0,,cohort_trip_threshold,62.53,derived,Driver-customer pair is an extreme weighted edge in the current analysis window.
d56dc5041a15a1a6||35510a2ded08e417,d56dc5041a15a1a6,35510a2ded08e417,KB-C_EXTREME_VOLUME,32.0,,cohort_trip_threshold,48.88,derived,Driver-customer pair is an extreme weighted edge in the current analysis window.
2d0fc73ff9d602de||dffacb0f1be6d209,2d0fc73ff9d602de,dffacb0f1be6d209,KB-C_EXTREME_VOLUME,18.0,,cohort_trip_threshold,47.69,derived,Driver-customer pair is an extreme weighted edge in the current analysis window.
9bda8bf90cebeba4||dad74dcd87a15af5,9bda8bf90cebeba4,dad74dcd87a15af5,KB-C_EXTREME_VOLUME,22.0,,cohort_trip_threshold,43.84,derived,Driver-customer pair is an extreme weighted edge in the current analysis window.
87fdba920f14bdc4||94929da44e46071c,87fdba920f14bdc4,94929da44e46071c,KB-C_EXTREME_VOLUME,9.0,,cohort_trip_threshold,46.86,derived,Driver-customer pair is an extreme weighted edge in the current analysis window.
e6226a83e74cde2c||d2765fd5bf813eea,e6226a83e74cde2c,d2765fd5bf813eea,KB-C_EXTREME_VOLUME,22.0,,cohort_trip_threshold,50.24,derived,Driver-customer pair is an extreme weighted edge in the current analysis window.
c6963e8e70b25ecd||92f5b10955f7b62e,c6963e8e70b25ecd,92f5b10955f7b62e,KB-C_EXTREME_VOLUME,25.0,,cohort_trip_threshold,61.98,derived,Driver-customer pair is an extreme weighted edge in the current analysis window.
c58bd24e790c5d1b||4346b343ed755173,c58bd24e790c5d1b,4346b343ed755173,KB-C_EXTREME_VOLUME,17.0,,cohort_trip_threshold,47.81,derived,Driver-customer pair is an extreme weighted edge in the current analysis window.
5b155c30e9228305||b781a89db40e70ec,5b155c30e9228305,b781a89db40e70ec,KB-C_EXTREME_VOLUME,32.0,,cohort_trip_threshold,49.91,derived,Driver-customer pair is an extreme weighted edge in the current analysis window.
652280701c4d0c32||0cb58995c54abba0,652280701c4d0c32,0cb58995c54abba0,KB-C_EXTREME_VOLUME,24.0,,cohort_trip_threshold,52.14,derived,Driver-customer pair is an extreme weighted edge in the current analysis window.
28d18b5006fb2cdd||e9893b8c86ca92b8,28d18b5006fb2cdd,e9893b8c86ca92b8,KB-C_EXTREME_VOLUME,36.0,,cohort_trip_threshold,56.49,derived,Driver-customer pair is an extreme weighted edge in the current analysis window.
460c39188524b386||07388ec6d0654e3b,460c39188524b386,07388ec6d0654e3b,KB-C_EXTREME_VOLUME,21.0,,cohort_trip_threshold,50.87,derived,Driver-customer pair is an extreme weighted edge in the current analysis window.
5c80c95ec49760e4||41c1e90362494e4d,5c80c95ec49760e4,41c1e90362494e4d,KB-C_EXTREME_VOLUME,27.0,,cohort_trip_threshold,50.51,derived,Driver-customer pair is an extreme weighted edge in the current analysis window.
c3d7ac3f89793351||d09b93bb2845979b,c3d7ac3f89793351,d09b93bb2845979b,KB-C_EXTREME_VOLUME,20.0,,cohort_trip_threshold,44.84,derived,Driver-customer pair is an extreme weighted edge in the current analysis window.
86b00492040445a8||7b650054b148d09c,86b00492040445a8,7b650054b148d09c,KB-C_EXTREME_VOLUME,15.0,,cohort_trip_threshold,39.38,derived,Driver-customer pair is an extreme weighted edge in the current analysis window.
3573609c2ef68b75||4d734ed9fcd4fc06,3573609c2ef68b75,4d734ed9fcd4fc06,KB-C_EXTREME_VOLUME,14.0,,cohort_trip_threshold,41.0,derived,Driver-customer pair is an extreme weighted edge in the current analysis window.
111584d348f70b95||de355ad6baf1aa51,111584d348f70b95,de355ad6baf1aa51,KB-C_EXTREME_VOLUME,33.0,,cohort_trip_threshold,52.63,derived,Driver-customer pair is an extreme weighted edge in the current analysis window.
c6ea5eb41b2e2f06||283add2357e13810,c6ea5eb41b2e2f06,283add2357e13810,KB-C_EXTREME_VOLUME,18.0,,cohort_trip_threshold,47.17,derived,Driver-customer pair is an extreme weighted edge in the current analysis window.
83f00c64b968cfa6||cbd51e565c5a52d5,83f00c64b968cfa6,cbd51e565c5a52d5,KB-C_EXTREME_VOLUME,26.0,,cohort_trip_threshold,52.78,derived,Driver-customer pair is an extreme weighted edge in the current analysis window.
c8829c1ad55e7f1c||41d3cd0ae4e12f2e,c8829c1ad55e7f1c,41d3cd0ae4e12f2e,KB-C_EXTREME_VOLUME,38.0,,cohort_trip_threshold,44.78,derived,Driver-customer pair is an extreme weighted edge in the current analysis window.
95562397aeb4b9b5||5a27cfec6e51b6b2,95562397aeb4b9b5,5a27cfec6e51b6b2,KB-C_EXTREME_VOLUME,22.0,,cohort_trip_threshold,47.03,derived,Driver-customer pair is an extreme weighted edge in the current analysis window.
bf1442b249ed925e||ce90293333ff55be,bf1442b249ed925e,ce90293333ff55be,KB-C_EXTREME_VOLUME,25.0,,cohort_trip_threshold,49.38,derived,Driver-customer pair is an extreme weighted edge in the current analysis window.
031c9ec68840283c||c4c31300d01b9b91,031c9ec68840283c,c4c31300d01b9b91,KB-C_EXTREME_VOLUME,17.0,,cohort_trip_threshold,41.42,derived,Driver-customer pair is an extreme weighted edge in the current analysis window.
0888b2b1b0ec8820||313113be6f17c7d8,0888b2b1b0ec8820,313113be6f17c7d8,KB-C_EXTREME_VOLUME,17.0,,cohort_trip_threshold,49.17,derived,Driver-customer pair is an extreme weighted edge in the current analysis window.
b37fea7171c50a4f||89017d591c4abd81,b37fea7171c50a4f,89017d591c4abd81,KB-C_EXTREME_VOLUME,20.0,,cohort_trip_threshold,45.58,derived,Driver-customer pair is an extreme weighted edge in the current analysis window.
019d9de93d765cc3||6fad3cec31e51149,019d9de93d765cc3,6fad3cec31e51149,KB-C_EXTREME_VOLUME,29.0,,cohort_trip_threshold,39.1,derived,Driver-customer pair is an extreme weighted edge in the current analysis window.
64e69e6ac121ffe8||133841525ae1514e,64e69e6ac121ffe8,133841525ae1514e,KB-C_EXTREME_VOLUME,34.0,,cohort_trip_threshold,44.94,derived,Driver-customer pair is an extreme weighted edge in the current analysis window.
8397bdba08f52473||ceafc6827726a992,8397bdba08f52473,ceafc6827726a992,KB-C_EXTREME_VOLUME,30.0,,cohort_trip_threshold,40.51,derived,Driver-customer pair is an extreme weighted edge in the current analysis window.
652280701c4d0c32||9ff175949ae3d953,652280701c4d0c32,9ff175949ae3d953,KB-C_EXTREME_VOLUME,20.0,,cohort_trip_threshold,49.04,derived,Driver-customer pair is an extreme weighted edge in the current analysis window.
ac5ad23248702f61||31195016ed4e705a,ac5ad23248702f61,31195016ed4e705a,KB-C_EXTREME_VOLUME,30.0,,cohort_trip_threshold,64.9,derived,Driver-customer pair is an extreme weighted edge in the current analysis window.
ee7d2f2cc6da651a||75ef7cb28c1d698d,ee7d2f2cc6da651a,75ef7cb28c1d698d,KB-C_EXTREME_VOLUME,27.0,,cohort_trip_threshold,44.87,derived,Driver-customer pair is an extreme weighted edge in the current analysis window.
cc93a3e44a6f1230||c7074ce36bc909a0,cc93a3e44a6f1230,c7074ce36bc909a0,KB-C_EXTREME_VOLUME,19.0,,cohort_trip_threshold,48.1,derived,Driver-customer pair is an extreme weighted edge in the current analysis window.
5955780af597fb71||acd904eb7d2f1ccb,5955780af597fb71,acd904eb7d2f1ccb,KB-C_EXTREME_VOLUME,15.0,,cohort_trip_threshold,45.26,derived,Driver-customer pair is an extreme weighted edge in the current analysis window.
f94e52b0bfd5a39f||239a6b4107fca2d6,f94e52b0bfd5a39f,239a6b4107fca2d6,KB-C_EXTREME_VOLUME,28.0,,cohort_trip_threshold,54.92,derived,Driver-customer pair is an extreme weighted edge in the current analysis window.
dff67a4fdd760ba5||affff2efdb94e79c,dff67a4fdd760ba5,affff2efdb94e79c,KB-C_EXTREME_VOLUME,20.0,,cohort_trip_threshold,51.15,derived,Driver-customer pair is an extreme weighted edge in the current analysis window.
9b410f88dc89eccd||089df9834f04494a,9b410f88dc89eccd,089df9834f04494a,KB-C_EXTREME_VOLUME,23.0,,cohort_trip_threshold,48.56,derived,Driver-customer pair is an extreme weighted edge in the current analysis window.
ad3b2a30813cdca9||2ae3a3f1742e7a00,ad3b2a30813cdca9,2ae3a3f1742e7a00,KB-C_EXTREME_VOLUME,25.0,,cohort_trip_threshold,51.09,derived,Driver-customer pair is an extreme weighted edge in the current analysis window.
ac5ad23248702f61||243ea0e71a4e1e1e,ac5ad23248702f61,243ea0e71a4e1e1e,KB-C_EXTREME_VOLUME,28.0,,cohort_trip_threshold,67.41,derived,Driver-customer pair is an extreme weighted edge in the current analysis window.
33af613bd024e85f||0525af43bc2e7103,33af613bd024e85f,0525af43bc2e7103,KB-C_EXTREME_VOLUME,21.0,,cohort_trip_threshold,43.11,derived,Driver-customer pair is an extreme weighted edge in the current analysis window.
d16001e216748caf||475c8dafea88d299,d16001e216748caf,475c8dafea88d299,KB-C_EXTREME_VOLUME,26.0,,cohort_trip_threshold,50.31,derived,Driver-customer pair is an extreme weighted edge in the current analysis window.
aa929b3ec727ec4f||f1cc09a62c35963f,aa929b3ec727ec4f,f1cc09a62c35963f,KB-C_EXTREME_VOLUME,20.0,,cohort_trip_threshold,46.64,derived,Driver-customer pair is an extreme weighted edge in the current analysis window.
ac5ad23248702f61||7a529c8033873ce1,ac5ad23248702f61,7a529c8033873ce1,KB-C_EXTREME_VOLUME,26.0,,cohort_trip_threshold,65.52,derived,Driver-customer pair is an extreme weighted edge in the current analysis window.
def6f67206cb7756||25bdbfc71916c38c,def6f67206cb7756,25bdbfc71916c38c,KB-C_EXTREME_VOLUME,34.0,,cohort_trip_threshold,47.04,derived,Driver-customer pair is an extreme weighted edge in the current analysis window.
d8ce0b99e008401e||ae3c7ed271ab1203,d8ce0b99e008401e,ae3c7ed271ab1203,KB-C_EXTREME_VOLUME,19.0,,cohort_trip_threshold,48.87,derived,Driver-customer pair is an extreme weighted edge in the current analysis window.
0505591ad33e4fd7||0b82ae42e3883891,0505591ad33e4fd7,0b82ae42e3883891,KB-C_EXTREME_VOLUME,6.0,,cohort_trip_threshold,33.17,derived,Driver-customer pair is an extreme weighted edge in the current analysis window.
1e9e16bae86fb8fd||f83b8af127a3c2ac,1e9e16bae86fb8fd,f83b8af127a3c2ac,KB-C_EXTREME_VOLUME,6.0,,cohort_trip_threshold,27.58,derived,Driver-customer pair is an extreme weighted edge in the current analysis window.
2c3de002d29c6ca7||8e913410ca1bf7da,2c3de002d29c6ca7,8e913410ca1bf7da,KB-C_EXTREME_VOLUME,6.0,,cohort_trip_threshold,51.43,derived,Driver-customer pair is an extreme weighted edge in the current analysis window.
6af17a9fec4e1b0f||75e177a8777cf7c2,6af17a9fec4e1b0f,75e177a8777cf7c2,KB-C_EXTREME_VOLUME,6.0,,cohort_trip_threshold,27.74,derived,Driver-customer pair is an extreme weighted edge in the current analysis window.
72a5a561b03dbfb8||6e831490f71b1f3d,72a5a561b03dbfb8,6e831490f71b1f3d,KB-C_EXTREME_VOLUME,6.0,,cohort_trip_threshold,44.1,derived,Driver-customer pair is an extreme weighted edge in the current analysis window.
c8e57453ee7b29db||bfc8ac8a223a4bca,c8e57453ee7b29db,bfc8ac8a223a4bca,KB-C_EXTREME_VOLUME,6.0,,cohort_trip_threshold,31.67,derived,Driver-customer pair is an extreme weighted edge in the current analysis window.
1e9ab19c0baf6c7f||28e82cbb2878172a,1e9ab19c0baf6c7f,28e82cbb2878172a,KB-C_EXTREME_VOLUME,6.0,,cohort_trip_threshold,27.51,derived,Driver-customer pair is an extreme weighted edge in the current analysis window.
c37a94b61c04d59b||625d5f1ea2d69122,c37a94b61c04d59b,625d5f1ea2d69122,KB-C_EXTREME_VOLUME,14.0,,cohort_trip_threshold,45.97,derived,Driver-customer pair is an extreme weighted edge in the current analysis window.
7befb7ce8e219542||73ff5ba45a062901,7befb7ce8e219542,73ff5ba45a062901,KB-C_EXTREME_VOLUME,38.0,,cohort_trip_threshold,51.75,derived,Driver-customer pair is an extreme weighted edge in the current analysis window.
ac5ad23248702f61||9cba5e1709f5e9c7,ac5ad23248702f61,9cba5e1709f5e9c7,KB-C_EXTREME_VOLUME,25.0,,cohort_trip_threshold,70.61,derived,Driver-customer pair is an extreme weighted edge in the current analysis window.
fd5e71ebfd20eeea||8372331b69d2452e,fd5e71ebfd20eeea,8372331b69d2452e,KB-C_EXTREME_VOLUME,20.0,,cohort_trip_threshold,47.88,derived,Driver-customer pair is an extreme weighted edge in the current analysis window.
93acaef9b4738727||cd2e395f8ada8c8f,93acaef9b4738727,cd2e395f8ada8c8f,KB-C_EXTREME_VOLUME,15.0,,cohort_trip_threshold,40.13,derived,Driver-customer pair is an extreme weighted edge in the current analysis window.
650e55d8a93e7afa||d6f9e28555ec2d87,650e55d8a93e7afa,d6f9e28555ec2d87,KB-C_EXTREME_VOLUME,15.0,,cohort_trip_threshold,60.67,derived,Driver-customer pair is an extreme weighted edge in the current analysis window.
878e399bfbc7e273||1d915b18ebb03e36,878e399bfbc7e273,1d915b18ebb03e36,KB-C_EXTREME_VOLUME,28.0,,cohort_trip_threshold,35.88,derived,Driver-customer pair is an extreme weighted edge in the current analysis window.
ac7d5f324aa6a2ec||2669dea7e86fae0c,ac7d5f324aa6a2ec,2669dea7e86fae0c,KB-C_EXTREME_VOLUME,11.0,,cohort_trip_threshold,38.97,derived,Driver-customer pair is an extreme weighted edge in the current analysis window.
1c448d3ad0b14068||b6195ced5a22d256,1c448d3ad0b14068,b6195ced5a22d256,KB-C_EXTREME_VOLUME,20.0,,cohort_trip_threshold,43.81,derived,Driver-customer pair is an extreme weighted edge in the current analysis window.
39c3d1b7ec0213f5||500cc52ce1c8bed5,39c3d1b7ec0213f5,500cc52ce1c8bed5,KB-C_EXTREME_VOLUME,31.0,,cohort_trip_threshold,44.82,derived,Driver-customer pair is an extreme weighted edge in the current analysis window.
dd9402e53f9c96fa||f62ed22af24413ef,dd9402e53f9c96fa,f62ed22af24413ef,KB-C_EXTREME_VOLUME,18.0,,cohort_trip_threshold,45.31,derived,Driver-customer pair is an extreme weighted edge in the current analysis window.
d429b6761fabccc8||8f8892e8ce3dc549,d429b6761fabccc8,8f8892e8ce3dc549,KB-C_EXTREME_VOLUME,32.0,,cohort_trip_threshold,51.36,derived,Driver-customer pair is an extreme weighted edge in the current analysis window.
0539a81b56b7960e||7db6a84fcac2a668,0539a81b56b7960e,7db6a84fcac2a668,KB-C_EXTREME_VOLUME,17.0,,cohort_trip_threshold,45.84,derived,Driver-customer pair is an extreme weighted edge in the current analysis window.
7368f6eefb12faad||ba685fe0f52f6d50,7368f6eefb12faad,ba685fe0f52f6d50,KB-C_EXTREME_VOLUME,19.0,,cohort_trip_threshold,43.18,derived,Driver-customer pair is an extreme weighted edge in the current analysis window.
76f43dc04198e3a6||bd69da6bbb89cb4c,76f43dc04198e3a6,bd69da6bbb89cb4c,KB-C_EXTREME_VOLUME,26.0,,cohort_trip_threshold,49.17,derived,Driver-customer pair is an extreme weighted edge in the current analysis window.
c32a443c0ff7531a||86db076eb345568d,c32a443c0ff7531a,86db076eb345568d,KB-C_EXTREME_VOLUME,17.0,,cohort_trip_threshold,41.29,derived,Driver-customer pair is an extreme weighted edge in the current analysis window.
0a977205db9cf63c||6110f5c1481e2a84,0a977205db9cf63c,6110f5c1481e2a84,KB-C_EXTREME_VOLUME,24.0,,cohort_trip_threshold,40.01,derived,Driver-customer pair is an extreme weighted edge in the current analysis window.
3fad1a6dd7d74a77||725053c8c2febdda,3fad1a6dd7d74a77,725053c8c2febdda,KB-C_EXTREME_VOLUME,18.0,,cohort_trip_threshold,48.28,derived,Driver-customer pair is an extreme weighted edge in the current analysis window.
d0cbd5169a6537fb||96d32eba1a11ea52,d0cbd5169a6537fb,96d32eba1a11ea52,KB-C_EXTREME_VOLUME,20.0,,cohort_trip_threshold,50.93,derived,Driver-customer pair is an extreme weighted edge in the current analysis window.
8b3acdfd3a10bde9||f5b6d53896dfb707,8b3acdfd3a10bde9,f5b6d53896dfb707,KB-C_EXTREME_VOLUME,25.0,,cohort_trip_threshold,49.39,derived,Driver-customer pair is an extreme weighted edge in the current analysis window.
61ed7b3348db32e2||7d959c630346afdc,61ed7b3348db32e2,7d959c630346afdc,KB-C_EXTREME_VOLUME,15.0,,cohort_trip_threshold,69.47,derived,Driver-customer pair is an extreme weighted edge in the current analysis window.
a55a58cd57481ec4||d2a0fa7b30a14a94,a55a58cd57481ec4,d2a0fa7b30a14a94,KB-C_EXTREME_VOLUME,28.0,,cohort_trip_threshold,49.08,derived,Driver-customer pair is an extreme weighted edge in the current analysis window.
23de61111fc9ec37||9963d4a1b813402b,23de61111fc9ec37,9963d4a1b813402b,KB-C_EXTREME_VOLUME,13.0,,cohort_trip_threshold,41.25,derived,Driver-customer pair is an extreme weighted edge in the current analysis window.
3569be3b45eb45c4||0c5eea179cc51214,3569be3b45eb45c4,0c5eea179cc51214,KB-C_EXTREME_VOLUME,13.0,,cohort_trip_threshold,39.26,derived,Driver-customer pair is an extreme weighted edge in the current analysis window.
8c892532d38ba577||39c991ff5639a3e9,8c892532d38ba577,39c991ff5639a3e9,KB-C_EXTREME_VOLUME,8.0,,cohort_trip_threshold,45.38,derived,Driver-customer pair is an extreme weighted edge in the current analysis window.
dd82576cf338efe5||6f049f2ce975848f,dd82576cf338efe5,6f049f2ce975848f,KB-C_EXTREME_VOLUME,20.0,,cohort_trip_threshold,53.06,derived,Driver-customer pair is an extreme weighted edge in the current analysis window.
e0b74e9fda5b1515||965fd6007ee10078,e0b74e9fda5b1515,965fd6007ee10078,KB-C_EXTREME_VOLUME,27.0,,cohort_trip_threshold,64.31,derived,Driver-customer pair is an extreme weighted edge in the current analysis window.
cd68f266461f708d||c2ba05545db896d5,cd68f266461f708d,c2ba05545db896d5,KB-C_EXTREME_VOLUME,43.0,,cohort_trip_threshold,39.12,derived,Driver-customer pair is an extreme weighted edge in the current analysis window.
6ac85211ad5c5789||c8185a3bf4012dae,6ac85211ad5c5789,c8185a3bf4012dae,KB-C_EXTREME_VOLUME,13.0,,cohort_trip_threshold,44.38,derived,Driver-customer pair is an extreme weighted edge in the current analysis window.
f83ba675966bd902||306881e0eba7a079,f83ba675966bd902,306881e0eba7a079,KB-C_EXTREME_VOLUME,6.0,,cohort_trip_threshold,25.0,derived,Driver-customer pair is an extreme weighted edge in the current analysis window.
1022107caf8a8fbc||03bd319415f1ce3f,1022107caf8a8fbc,03bd319415f1ce3f,KB-C_EXTREME_VOLUME,18.0,,cohort_trip_threshold,52.46,derived,Driver-customer pair is an extreme weighted edge in the current analysis window.
3fad1a6dd7d74a77||500df3df6262a327,3fad1a6dd7d74a77,500df3df6262a327,KB-C_EXTREME_VOLUME,16.0,,cohort_trip_threshold,48.56,derived,Driver-customer pair is an extreme weighted edge in the current analysis window.
5c49e7b84cee0187||06e31382add6bd8f,5c49e7b84cee0187,06e31382add6bd8f,KB-C_EXTREME_VOLUME,20.0,,cohort_trip_threshold,42.32,derived,Driver-customer pair is an extreme weighted edge in the current analysis window.
ec458cf469d5b281||4c8e3987921bdc56,ec458cf469d5b281,4c8e3987921bdc56,KB-C_EXTREME_VOLUME,6.0,,cohort_trip_threshold,32.62,derived,Driver-customer pair is an extreme weighted edge in the current analysis window.
209a248b8e631d18||120cbedecbc6b70f,209a248b8e631d18,120cbedecbc6b70f,KB-C_EXTREME_VOLUME,16.0,,cohort_trip_threshold,36.69,derived,Driver-customer pair is an extreme weighted edge in the current analysis window.
9768fb2778c8542f||5b61f64db8e8a2b3,9768fb2778c8542f,5b61f64db8e8a2b3,KB-C_EXTREME_VOLUME,6.0,,cohort_trip_threshold,29.45,derived,Driver-customer pair is an extreme weighted edge in the current analysis window.
e68a66b698e67521||7aacb72a0f84cc21,e68a66b698e67521,7aacb72a0f84cc21,KB-C_EXTREME_VOLUME,6.0,,cohort_trip_threshold,28.71,derived,Driver-customer pair is an extreme weighted edge in the current analysis window.
9021a24fdf156353||ce2a687d7f1b8677,9021a24fdf156353,ce2a687d7f1b8677,KB-C_EXTREME_VOLUME,22.0,,cohort_trip_threshold,48.77,derived,Driver-customer pair is an extreme weighted edge in the current analysis window.
98032a135fe2c389||8cd86353603bf27b,98032a135fe2c389,8cd86353603bf27b,KB-C_EXTREME_VOLUME,24.0,,cohort_trip_threshold,46.11,derived,Driver-customer pair is an extreme weighted edge in the current analysis window.
fcf4d80d41cffe7d||5249641d0fff7fb8,fcf4d80d41cffe7d,5249641d0fff7fb8,KB-C_EXTREME_VOLUME,21.0,,cohort_trip_threshold,43.1,derived,Driver-customer pair is an extreme weighted edge in the current analysis window.
f90be4483497c7cc||31efde3e7c7dfeed,f90be4483497c7cc,31efde3e7c7dfeed,KB-C_EXTREME_VOLUME,21.0,,cohort_trip_threshold,44.58,derived,Driver-customer pair is an extreme weighted edge in the current analysis window.
d0065ae61f54fef9||7e9c63dd2bff2da9,d0065ae61f54fef9,7e9c63dd2bff2da9,KB-C_EXTREME_VOLUME,9.0,,cohort_trip_threshold,53.47,derived,Driver-customer pair is an extreme weighted edge in the current analysis window.
99cb7cb6b4101950||5db69378b6704acf,99cb7cb6b4101950,5db69378b6704acf,KB-C_EXTREME_VOLUME,20.0,,cohort_trip_threshold,48.88,derived,Driver-customer pair is an extreme weighted edge in the current analysis window.
8bf250d1d2c80b96||f8dfbcfc81b1a598,8bf250d1d2c80b96,f8dfbcfc81b1a598,KB-C_EXTREME_VOLUME,13.0,,cohort_trip_threshold,49.78,derived,Driver-customer pair is an extreme weighted edge in the current analysis window.
1828570effc4cc32||aa24dc2e6c02b356,1828570effc4cc32,aa24dc2e6c02b356,KB-C_EXTREME_VOLUME,32.0,,cohort_trip_threshold,48.55,derived,Driver-customer pair is an extreme weighted edge in the current analysis window.
6486b27f4c823a0e||816b8ff669fb288c,6486b27f4c823a0e,816b8ff669fb288c,KB-C_EXTREME_VOLUME,17.0,,cohort_trip_threshold,46.14,derived,Driver-customer pair is an extreme weighted edge in the current analysis window.
71bd2702b4dec081||a86bef374bc7b8e6,71bd2702b4dec081,a86bef374bc7b8e6,KB-C_EXTREME_VOLUME,26.0,,cohort_trip_threshold,47.88,derived,Driver-customer pair is an extreme weighted edge in the current analysis window.
d9920060ab3c4718||63d60e8c5a07a6a8,d9920060ab3c4718,63d60e8c5a07a6a8,KB-C_EXTREME_VOLUME,22.0,,cohort_trip_threshold,47.66,derived,Driver-customer pair is an extreme weighted edge in the current analysis window.
7dac2d72b42ab59a||b44f5a919f461caf,7dac2d72b42ab59a,b44f5a919f461caf,KB-C_EXTREME_VOLUME,28.0,,cohort_trip_threshold,48.4,derived,Driver-customer pair is an extreme weighted edge in the current analysis window.
bb45a0b1195f681e||6d903b24d807a210,bb45a0b1195f681e,6d903b24d807a210,KB-C_EXTREME_VOLUME,14.0,,cohort_trip_threshold,44.43,derived,Driver-customer pair is an extreme weighted edge in the current analysis window.
570aca56fdc94b66||09376c3601104bef,570aca56fdc94b66,09376c3601104bef,KB-C_EXTREME_VOLUME,15.0,,cohort_trip_threshold,38.54,derived,Driver-customer pair is an extreme weighted edge in the current analysis window.
ea117acc7e4fd0a2||c7b75b103ef51feb,ea117acc7e4fd0a2,c7b75b103ef51feb,KB-C_EXTREME_VOLUME,11.0,,cohort_trip_threshold,41.88,derived,Driver-customer pair is an extreme weighted edge in the current analysis window.
bf9db9dce49fa7ae||0f7c4f452502f87e,bf9db9dce49fa7ae,0f7c4f452502f87e,KB-C_EXTREME_VOLUME,19.0,,cohort_trip_threshold,47.66,derived,Driver-customer pair is an extreme weighted edge in the current analysis window.
d4b9bbbb333d2aa0||379ada8b1a698b1b,d4b9bbbb333d2aa0,379ada8b1a698b1b,KB-C_EXTREME_VOLUME,24.0,,cohort_trip_threshold,43.54,derived,Driver-customer pair is an extreme weighted edge in the current analysis window.
fd4f4b8319ed7cc0||6dd6d8e48a498dc5,fd4f4b8319ed7cc0,6dd6d8e48a498dc5,KB-C_EXTREME_VOLUME,26.0,,cohort_trip_threshold,47.92,derived,Driver-customer pair is an extreme weighted edge in the current analysis window.
1cbc3891261661a5||0fbc0517d7ccb875,1cbc3891261661a5,0fbc0517d7ccb875,KB-C_EXTREME_VOLUME,17.0,,cohort_trip_threshold,46.6,derived,Driver-customer pair is an extreme weighted edge in the current analysis window.
d216dadeed5008e9||0c758bc5a8abd8bf,d216dadeed5008e9,0c758bc5a8abd8bf,KB-C_EXTREME_VOLUME,18.0,,cohort_trip_threshold,46.64,derived,Driver-customer pair is an extreme weighted edge in the current analysis window.
cba869da2d35053f||29470a1721cd81cf,cba869da2d35053f,29470a1721cd81cf,KB-C_EXTREME_VOLUME,55.0,,cohort_trip_threshold,34.78,derived,Driver-customer pair is an extreme weighted edge in the current analysis window.
535e8e65aaa3f72e||46c5383aa4869178,535e8e65aaa3f72e,46c5383aa4869178,KB-C_EXTREME_VOLUME,16.0,,cohort_trip_threshold,47.08,derived,Driver-customer pair is an extreme weighted edge in the current analysis window.
8cf948ac814dc7c6||629548ede80e678c,8cf948ac814dc7c6,629548ede80e678c,KB-C_EXTREME_VOLUME,27.0,,cohort_trip_threshold,47.95,derived,Driver-customer pair is an extreme weighted edge in the current analysis window.
40bd779ea7f0f445||eb1e1e75cf4bed3a,40bd779ea7f0f445,eb1e1e75cf4bed3a,KB-C_EXTREME_VOLUME,19.0,,cohort_trip_threshold,48.68,derived,Driver-customer pair is an extreme weighted edge in the current analysis window.
a2ff982d593ef5d9||13114fb87acddf53,a2ff982d593ef5d9,13114fb87acddf53,KB-C_EXTREME_VOLUME,18.0,,cohort_trip_threshold,45.85,derived,Driver-customer pair is an extreme weighted edge in the current analysis window.
aca40c1e080488b8||49c43c61b5af61c2,aca40c1e080488b8,49c43c61b5af61c2,KB-C_EXTREME_VOLUME,19.0,,cohort_trip_threshold,40.7,derived,Driver-customer pair is an extreme weighted edge in the current analysis window.
8e993736d7a0bdcf||faf5a2b1b293e046,8e993736d7a0bdcf,faf5a2b1b293e046,KB-C_EXTREME_VOLUME,8.0,,cohort_trip_threshold,45.12,derived,Driver-customer pair is an extreme weighted edge in the current analysis window.
a7647b9a93aa0d10||215ff117173a3f78,a7647b9a93aa0d10,215ff117173a3f78,KB-C_EXTREME_VOLUME,8.0,,cohort_trip_threshold,45.6,derived,Driver-customer pair is an extreme weighted edge in the current analysis window.
abca6b2b4cd2fba6||844120cb4d4f9013,abca6b2b4cd2fba6,844120cb4d4f9013,KB-C_EXTREME_VOLUME,21.0,,cohort_trip_threshold,45.36,derived,Driver-customer pair is an extreme weighted edge in the current analysis window.
1e82fff829bdf6bf||8b36a8aedcacea67,1e82fff829bdf6bf,8b36a8aedcacea67,KB-C_EXTREME_VOLUME,10.0,,cohort_trip_threshold,50.46,derived,Driver-customer pair is an extreme weighted edge in the current analysis window.
49e7c2d47f318a0f||11471c4b47abcba9,49e7c2d47f318a0f,11471c4b47abcba9,KB-C_EXTREME_VOLUME,22.0,,cohort_trip_threshold,48.0,derived,Driver-customer pair is an extreme weighted edge in the current analysis window.
a6362216194c7591||4f7f4c1947224b7e,a6362216194c7591,4f7f4c1947224b7e,KB-C_EXTREME_VOLUME,19.0,,cohort_trip_threshold,45.38,derived,Driver-customer pair is an extreme weighted edge in the current analysis window.
eca2d01daf17a7ed||05cd5463ca69947a,eca2d01daf17a7ed,05cd5463ca69947a,KB-C_EXTREME_VOLUME,12.0,,cohort_trip_threshold,39.08,derived,Driver-customer pair is an extreme weighted edge in the current analysis window.
03855cc547717636||2c21e10c69a7a8e7,03855cc547717636,2c21e10c69a7a8e7,KB-C_EXTREME_VOLUME,5.0,,cohort_trip_threshold,33.75,derived,Driver-customer pair is an extreme weighted edge in the current analysis window.
0b8536e56a795280||32da1ac7adb68345,0b8536e56a795280,32da1ac7adb68345,KB-C_EXTREME_VOLUME,5.0,,cohort_trip_threshold,35.12,derived,Driver-customer pair is an extreme weighted edge in the current analysis window.
160f365435d453d8||b0568a5c2a9b88e1,160f365435d453d8,b0568a5c2a9b88e1,KB-C_EXTREME_VOLUME,5.0,,cohort_trip_threshold,26.62,derived,Driver-customer pair is an extreme weighted edge in the current analysis window.
190d7630a9d67b05||a6f882d7c9789eab,190d7630a9d67b05,a6f882d7c9789eab,KB-C_EXTREME_VOLUME,5.0,,cohort_trip_threshold,23.13,derived,Driver-customer pair is an extreme weighted edge in the current analysis window.
19cedb8995309f21||3d810d82e94fbbd4,19cedb8995309f21,3d810d82e94fbbd4,KB-C_EXTREME_VOLUME,5.0,,cohort_trip_threshold,41.32,derived,Driver-customer pair is an extreme weighted edge in the current analysis window.
35797abfa5da6869||d35a47f2c5dfa241,35797abfa5da6869,d35a47f2c5dfa241,KB-C_EXTREME_VOLUME,5.0,,cohort_trip_threshold,30.09,derived,Driver-customer pair is an extreme weighted edge in the current analysis window.
501e267a95d2ee12||6dc90e9ef451197c,501e267a95d2ee12,6dc90e9ef451197c,KB-C_EXTREME_VOLUME,5.0,,cohort_trip_threshold,27.05,derived,Driver-customer pair is an extreme weighted edge in the current analysis window.
5fde8b66f8eec63d||46f5e14171942e59,5fde8b66f8eec63d,46f5e14171942e59,KB-C_EXTREME_VOLUME,5.0,,cohort_trip_threshold,29.81,derived,Driver-customer pair is an extreme weighted edge in the current analysis window.
6236f92ddf1860e5||6aae3cce37b07c73,6236f92ddf1860e5,6aae3cce37b07c73,KB-C_EXTREME_VOLUME,5.0,,cohort_trip_threshold,41.86,derived,Driver-customer pair is an extreme weighted edge in the current analysis window.
6652b5ebf6b278ef||c5fd44832b5effeb,6652b5ebf6b278ef,c5fd44832b5effeb,KB-C_EXTREME_VOLUME,5.0,,cohort_trip_threshold,41.68,derived,Driver-customer pair is an extreme weighted edge in the current analysis window.
74a71f1a9c838913||6ccf157cb47ec335,74a71f1a9c838913,6ccf157cb47ec335,KB-C_EXTREME_VOLUME,5.0,,cohort_trip_threshold,26.27,derived,Driver-customer pair is an extreme weighted edge in the current analysis window.
7b7ce8fdf8bc2d80||f53529255b8bebab,7b7ce8fdf8bc2d80,f53529255b8bebab,KB-C_EXTREME_VOLUME,5.0,,cohort_trip_threshold,30.15,derived,Driver-customer pair is an extreme weighted edge in the current analysis window.
976c25e26df92ca2||b055eae4f820427e,976c25e26df92ca2,b055eae4f820427e,KB-C_EXTREME_VOLUME,5.0,,cohort_trip_threshold,24.43,derived,Driver-customer pair is an extreme weighted edge in the current analysis window.
bf9b85498bea833c||9015ad94f91128ff,bf9b85498bea833c,9015ad94f91128ff,KB-C_EXTREME_VOLUME,5.0,,cohort_trip_threshold,34.29,derived,Driver-customer pair is an extreme weighted edge in the current analysis window.
e1348b2c0ea7753c||8a89a45bf8d8c8ed,e1348b2c0ea7753c,8a89a45bf8d8c8ed,KB-C_EXTREME_VOLUME,5.0,,cohort_trip_threshold,31.36,derived,Driver-customer pair is an extreme weighted edge in the current analysis window.
1690b4ce10059cd2||ba82873dcaccf020,1690b4ce10059cd2,ba82873dcaccf020,KB-C_EXTREME_VOLUME,20.0,,cohort_trip_threshold,50.98,derived,Driver-customer pair is an extreme weighted edge in the current analysis window.
1a04e8263cd220ed||e8ecf87434f4bac5,1a04e8263cd220ed,e8ecf87434f4bac5,KB-C_EXTREME_VOLUME,25.0,,cohort_trip_threshold,41.05,derived,Driver-customer pair is an extreme weighted edge in the current analysis window.
28084583c725a733||bab3ca8d5105509e,28084583c725a733,bab3ca8d5105509e,KB-C_EXTREME_VOLUME,11.0,,cohort_trip_threshold,33.37,derived,Driver-customer pair is an extreme weighted edge in the current analysis window.
4388bf88f619a8f2||51cba4837e3aa8e3,4388bf88f619a8f2,51cba4837e3aa8e3,KB-C_EXTREME_VOLUME,33.0,,cohort_trip_threshold,43.43,derived,Driver-customer pair is an extreme weighted edge in the current analysis window.
62af3e1f62497a6a||d0d6e1dad4e03344,62af3e1f62497a6a,d0d6e1dad4e03344,KB-C_EXTREME_VOLUME,17.0,,cohort_trip_threshold,47.85,derived,Driver-customer pair is an extreme weighted edge in the current analysis window.
72d97aafe9200fa7||19d8ccb251d42091,72d97aafe9200fa7,19d8ccb251d42091,KB-C_EXTREME_VOLUME,25.0,,cohort_trip_threshold,47.98,derived,Driver-customer pair is an extreme weighted edge in the current analysis window.
1f3707b089d5420a||10012ca858f62242,1f3707b089d5420a,10012ca858f62242,KB-C_EXTREME_VOLUME,18.0,,cohort_trip_threshold,42.37,derived,Driver-customer pair is an extreme weighted edge in the current analysis window.
66c5b71be0e63cc7||8563a5c3fc3b5716,66c5b71be0e63cc7,8563a5c3fc3b5716,KB-C_EXTREME_VOLUME,23.0,,cohort_trip_threshold,42.18,derived,Driver-customer pair is an extreme weighted edge in the current analysis window.
36b216544e16f015||caea6450612b15d7,36b216544e16f015,caea6450612b15d7,KB-C_EXTREME_VOLUME,27.0,,cohort_trip_threshold,38.54,derived,Driver-customer pair is an extreme weighted edge in the current analysis window.
f6d353fbca15af36||776e9ed5a51fe9d0,f6d353fbca15af36,776e9ed5a51fe9d0,KB-C_EXTREME_VOLUME,13.0,,cohort_trip_threshold,38.29,derived,Driver-customer pair is an extreme weighted edge in the current analysis window.
a7629275523a7741||9dd47e260070bb92,a7629275523a7741,9dd47e260070bb92,KB-C_EXTREME_VOLUME,16.0,,cohort_trip_threshold,32.68,derived,Driver-customer pair is an extreme weighted edge in the current analysis window.
7370b6f272bba1e8||489ebee5b9e7190d,7370b6f272bba1e8,489ebee5b9e7190d,KB-C_EXTREME_VOLUME,14.0,,cohort_trip_threshold,40.97,derived,Driver-customer pair is an extreme weighted edge in the current analysis window.
2fb30b05225a816f||dfea839d547dd4b1,2fb30b05225a816f,dfea839d547dd4b1,KB-C_EXTREME_VOLUME,19.0,,cohort_trip_threshold,43.49,derived,Driver-customer pair is an extreme weighted edge in the current analysis window.
c200a937b0d05b58||da5395e23fb77e8b,c200a937b0d05b58,da5395e23fb77e8b,KB-C_EXTREME_VOLUME,17.0,,cohort_trip_threshold,40.07,derived,Driver-customer pair is an extreme weighted edge in the current analysis window.
06d43b133ae6fc47||17a2a0784fef34c9,06d43b133ae6fc47,17a2a0784fef34c9,KB-C_EXTREME_VOLUME,24.0,,cohort_trip_threshold,48.4,derived,Driver-customer pair is an extreme weighted edge in the current analysis window.
05ab72dc1fb1749f||c42d9d3796afc94f,05ab72dc1fb1749f,c42d9d3796afc94f,KB-C_EXTREME_VOLUME,12.0,,cohort_trip_threshold,39.04,derived,Driver-customer pair is an extreme weighted edge in the current analysis window.
8d224d5393896dda||96e859633e6274b0,8d224d5393896dda,96e859633e6274b0,KB-C_EXTREME_VOLUME,23.0,,cohort_trip_threshold,45.88,derived,Driver-customer pair is an extreme weighted edge in the current analysis window.
4291ffa3348326ff||b772c1e657662f26,4291ffa3348326ff,b772c1e657662f26,KB-C_EXTREME_VOLUME,8.0,,cohort_trip_threshold,41.8,derived,Driver-customer pair is an extreme weighted edge in the current analysis window.
7c4ffc1efa5a9ed6||890a1bda1e46fd07,7c4ffc1efa5a9ed6,890a1bda1e46fd07,KB-C_EXTREME_VOLUME,10.0,,cohort_trip_threshold,37.08,derived,Driver-customer pair is an extreme weighted edge in the current analysis window.
7c67f3e9755d8011||b438605c19e0f40f,7c67f3e9755d8011,b438605c19e0f40f,KB-C_EXTREME_VOLUME,8.0,,cohort_trip_threshold,41.76,derived,Driver-customer pair is an extreme weighted edge in the current analysis window.
ba3dd8516d33712f||afd48ca3d7462ca6,ba3dd8516d33712f,afd48ca3d7462ca6,KB-C_EXTREME_VOLUME,13.0,,cohort_trip_threshold,36.5,derived,Driver-customer pair is an extreme weighted edge in the current analysis window.
f570d1f2b4f754fe||61f882ceb4384cd2,f570d1f2b4f754fe,61f882ceb4384cd2,KB-C_EXTREME_VOLUME,21.0,,cohort_trip_threshold,47.9,derived,Driver-customer pair is an extreme weighted edge in the current analysis window.
a0b43bafe3582324||3c0f644d605d7bab,a0b43bafe3582324,3c0f644d605d7bab,KB-C_EXTREME_VOLUME,22.0,,cohort_trip_threshold,40.03,derived,Driver-customer pair is an extreme weighted edge in the current analysis window.
d69c518bb874969b||cf4ed370c7c89d68,d69c518bb874969b,cf4ed370c7c89d68,KB-C_EXTREME_VOLUME,24.0,,cohort_trip_threshold,48.87,derived,Driver-customer pair is an extreme weighted edge in the current analysis window.
d73584683097cb0f||e2d1ec8c0b19fa79,d73584683097cb0f,e2d1ec8c0b19fa79,KB-C_EXTREME_VOLUME,24.0,,cohort_trip_threshold,39.35,derived,Driver-customer pair is an extreme weighted edge in the current analysis window.
d668255acfdeddff||ea664b06d4c9f652,d668255acfdeddff,ea664b06d4c9f652,KB-C_EXTREME_VOLUME,11.0,,cohort_trip_threshold,43.81,derived,Driver-customer pair is an extreme weighted edge in the current analysis window.
681891fa8aa9f41b||cdd356ed4c426591,681891fa8aa9f41b,cdd356ed4c426591,KB-C_EXTREME_VOLUME,23.0,,cohort_trip_threshold,46.67,derived,Driver-customer pair is an extreme weighted edge in the current analysis window.
66e2ec6894eed7c0||28ebe69d0f9395e8,66e2ec6894eed7c0,28ebe69d0f9395e8,KB-C_EXTREME_VOLUME,9.0,,cohort_trip_threshold,57.88,derived,Driver-customer pair is an extreme weighted edge in the current analysis window.
46d710c9a788b55a||3049b5d3c3aa8811,46d710c9a788b55a,3049b5d3c3aa8811,KB-C_EXTREME_VOLUME,13.0,,cohort_trip_threshold,43.07,derived,Driver-customer pair is an extreme weighted edge in the current analysis window.
46d710c9a788b55a||3d7af27860ef2eb2,46d710c9a788b55a,3d7af27860ef2eb2,KB-C_EXTREME_VOLUME,13.0,,cohort_trip_threshold,43.07,derived,Driver-customer pair is an extreme weighted edge in the current analysis window.
b462eb79e1d911b1||45ff5f1734fd4ab0,b462eb79e1d911b1,45ff5f1734fd4ab0,KB-C_EXTREME_VOLUME,12.0,,cohort_trip_threshold,41.49,derived,Driver-customer pair is an extreme weighted edge in the current analysis window.
e1971c9d6276d445||70493717aae4412c,e1971c9d6276d445,70493717aae4412c,KB-C_EXTREME_VOLUME,37.0,,cohort_trip_threshold,42.43,derived,Driver-customer pair is an extreme weighted edge in the current analysis window.
5d515db124cc38be||9c2725262345c6e5,5d515db124cc38be,9c2725262345c6e5,KB-C_EXTREME_VOLUME,13.0,,cohort_trip_threshold,37.77,derived,Driver-customer pair is an extreme weighted edge in the current analysis window.
9292c8471f83af23||2e75c4d7e1521fbd,9292c8471f83af23,2e75c4d7e1521fbd,KB-C_EXTREME_VOLUME,45.0,,cohort_trip_threshold,44.45,derived,Driver-customer pair is an extreme weighted edge in the current analysis window.
d0ffcfc1dd0cd0d5||e7ecf049b876ba58,d0ffcfc1dd0cd0d5,e7ecf049b876ba58,KB-C_EXTREME_VOLUME,29.0,,cohort_trip_threshold,47.2,derived,Driver-customer pair is an extreme weighted edge in the current analysis window.
ca17e1d5cd2e53e6||4f5bd502c05ce442,ca17e1d5cd2e53e6,4f5bd502c05ce442,KB-C_EXTREME_VOLUME,8.0,,cohort_trip_threshold,39.36,derived,Driver-customer pair is an extreme weighted edge in the current analysis window.
670ccfa187cb9d5c||0843557ca38fe4d5,670ccfa187cb9d5c,0843557ca38fe4d5,KB-C_EXTREME_VOLUME,23.0,,cohort_trip_threshold,41.12,derived,Driver-customer pair is an extreme weighted edge in the current analysis window.
1f750ea67820917a||68d2dc28899fbe71,1f750ea67820917a,68d2dc28899fbe71,KB-C_EXTREME_VOLUME,16.0,,cohort_trip_threshold,50.68,derived,Driver-customer pair is an extreme weighted edge in the current analysis window.
f7b431bb96c6377d||b5a78a8c2aa08e09,f7b431bb96c6377d,b5a78a8c2aa08e09,KB-C_EXTREME_VOLUME,23.0,,cohort_trip_threshold,44.53,derived,Driver-customer pair is an extreme weighted edge in the current analysis window.
b58e2dbe682d2262||98205a1acb3fa35f,b58e2dbe682d2262,98205a1acb3fa35f,KB-C_EXTREME_VOLUME,12.0,,cohort_trip_threshold,42.11,derived,Driver-customer pair is an extreme weighted edge in the current analysis window.
22fa09e4ce792dba||41417783c37fc064,22fa09e4ce792dba,41417783c37fc064,KB-C_EXTREME_VOLUME,10.0,,cohort_trip_threshold,40.55,derived,Driver-customer pair is an extreme weighted edge in the current analysis window.
e7f4644f5961f254||50490fc62991d973,e7f4644f5961f254,50490fc62991d973,KB-C_EXTREME_VOLUME,17.0,,cohort_trip_threshold,35.66,derived,Driver-customer pair is an extreme weighted edge in the current analysis window.
39f09ad8625c0a20||e8e5e79752c96140,39f09ad8625c0a20,e8e5e79752c96140,KB-C_EXTREME_VOLUME,25.0,,cohort_trip_threshold,43.89,derived,Driver-customer pair is an extreme weighted edge in the current analysis window.
837d494a8cc048a9||df03895f23241ab8,837d494a8cc048a9,df03895f23241ab8,KB-C_EXTREME_VOLUME,35.0,,cohort_trip_threshold,42.98,derived,Driver-customer pair is an extreme weighted edge in the current analysis window.
7a9c92e767878489||4e954721a4054e84,7a9c92e767878489,4e954721a4054e84,KB-C_EXTREME_VOLUME,4.0,,cohort_trip_threshold,33.03,derived,Driver-customer pair is an extreme weighted edge in the current analysis window.
74c4443c222af69e||f279a1801550ed64,74c4443c222af69e,f279a1801550ed64,KB-C_EXTREME_VOLUME,7.0,,cohort_trip_threshold,26.4,derived,Driver-customer pair is an extreme weighted edge in the current analysis window.
7adbde9054d5f77a||a65a6a06b713db93,7adbde9054d5f77a,a65a6a06b713db93,KB-C_EXTREME_VOLUME,17.0,,cohort_trip_threshold,40.05,derived,Driver-customer pair is an extreme weighted edge in the current analysis window.
839d8448b00b8529||2d9edea3207d3a8f,839d8448b00b8529,2d9edea3207d3a8f,KB-C_EXTREME_VOLUME,18.0,,cohort_trip_threshold,47.18,derived,Driver-customer pair is an extreme weighted edge in the current analysis window.
250335eeec9709f8||9300a0d64f940465,250335eeec9709f8,9300a0d64f940465,KB-C_EXTREME_VOLUME,13.0,,cohort_trip_threshold,42.85,derived,Driver-customer pair is an extreme weighted edge in the current analysis window.
3152712928c6fdd5||b51d5a0ed8e4db45,3152712928c6fdd5,b51d5a0ed8e4db45,KB-C_EXTREME_VOLUME,30.0,,cohort_trip_threshold,44.16,derived,Driver-customer pair is an extreme weighted edge in the current analysis window.
5070495369e160cf||abff53738c51780b,5070495369e160cf,abff53738c51780b,KB-C_EXTREME_VOLUME,20.0,,cohort_trip_threshold,46.93,derived,Driver-customer pair is an extreme weighted edge in the current analysis window.
27b9cc48959d1359||8f78a03c3f554447,27b9cc48959d1359,8f78a03c3f554447,KB-C_EXTREME_VOLUME,29.0,,cohort_trip_threshold,48.99,derived,Driver-customer pair is an extreme weighted edge in the current analysis window.
347264c45064cdd1||c81b8f640a0f302b,347264c45064cdd1,c81b8f640a0f302b,KB-C_EXTREME_VOLUME,18.0,,cohort_trip_threshold,40.05,derived,Driver-customer pair is an extreme weighted edge in the current analysis window.
26e89cb7b9a36e47||8bf8bc97a375b8f3,26e89cb7b9a36e47,8bf8bc97a375b8f3,KB-C_EXTREME_VOLUME,18.0,,cohort_trip_threshold,41.36,derived,Driver-customer pair is an extreme weighted edge in the current analysis window.
063ff34d1a31f562||d54d36abde06a63f,063ff34d1a31f562,d54d36abde06a63f,KB-C_EXTREME_VOLUME,4.0,,cohort_trip_threshold,37.28,derived,Driver-customer pair is an extreme weighted edge in the current analysis window.
240665c82fbb4b5b||15c39fca59df163f,240665c82fbb4b5b,15c39fca59df163f,KB-C_EXTREME_VOLUME,4.0,,cohort_trip_threshold,37.12,derived,Driver-customer pair is an extreme weighted edge in the current analysis window.
596d68d26c54db44||be46a853dc66eec8,596d68d26c54db44,be46a853dc66eec8,KB-C_EXTREME_VOLUME,13.0,,cohort_trip_threshold,40.19,derived,Driver-customer pair is an extreme weighted edge in the current analysis window.
e8f54b3c7b58608b||e75e1c9234c57a63,e8f54b3c7b58608b,e75e1c9234c57a63,KB-C_EXTREME_VOLUME,13.0,,cohort_trip_threshold,40.25,derived,Driver-customer pair is an extreme weighted edge in the current analysis window.
83d08e845496ece2||e91b2b6e5c8d8602,83d08e845496ece2,e91b2b6e5c8d8602,KB-C_EXTREME_VOLUME,24.0,,cohort_trip_threshold,47.57,derived,Driver-customer pair is an extreme weighted edge in the current analysis window.
11b50a1dcf024312||a55c8c915d03b9b9,11b50a1dcf024312,a55c8c915d03b9b9,KB-C_EXTREME_VOLUME,12.0,,cohort_trip_threshold,38.98,derived,Driver-customer pair is an extreme weighted edge in the current analysis window.
ccc97fea07ecb8f0||384f5d5d60bfbc7b,ccc97fea07ecb8f0,384f5d5d60bfbc7b,KB-C_EXTREME_VOLUME,12.0,,cohort_trip_threshold,47.02,derived,Driver-customer pair is an extreme weighted edge in the current analysis window.
2f85606b0b41346a||b63183afa1c5fccc,2f85606b0b41346a,b63183afa1c5fccc,KB-C_EXTREME_VOLUME,12.0,,cohort_trip_threshold,48.09,derived,Driver-customer pair is an extreme weighted edge in the current analysis window.
dd9402e53f9c96fa||8ff13517f3d40fe8,dd9402e53f9c96fa,8ff13517f3d40fe8,KB-C_EXTREME_VOLUME,13.0,,cohort_trip_threshold,43.76,derived,Driver-customer pair is an extreme weighted edge in the current analysis window.
62e53009279d220f||b8ad41032c8bb07e,62e53009279d220f,b8ad41032c8bb07e,KB-C_EXTREME_VOLUME,21.0,,cohort_trip_threshold,41.32,derived,Driver-customer pair is an extreme weighted edge in the current analysis window.
5a53b9681461213b||f8de7259c804067c,5a53b9681461213b,f8de7259c804067c,KB-C_EXTREME_VOLUME,13.0,,cohort_trip_threshold,35.68,derived,Driver-customer pair is an extreme weighted edge in the current analysis window.
023f52e48d1ad128||784ca6b743abf41b,023f52e48d1ad128,784ca6b743abf41b,KB-C_EXTREME_VOLUME,20.0,,cohort_trip_threshold,30.92,derived,Driver-customer pair is an extreme weighted edge in the current analysis window.
63c41aad7b8121a5||036762349cc59d3a,63c41aad7b8121a5,036762349cc59d3a,KB-C_EXTREME_VOLUME,15.0,,cohort_trip_threshold,41.81,derived,Driver-customer pair is an extreme weighted edge in the current analysis window.
9715aaceb208ed3b||72e5f7c066605741,9715aaceb208ed3b,72e5f7c066605741,KB-C_EXTREME_VOLUME,15.0,,cohort_trip_threshold,51.02,derived,Driver-customer pair is an extreme weighted edge in the current analysis window.
d2a0b9232e5e615d||7e9ba7301aa6c3db,d2a0b9232e5e615d,7e9ba7301aa6c3db,KB-C_EXTREME_VOLUME,19.0,,cohort_trip_threshold,45.48,derived,Driver-customer pair is an extreme weighted edge in the current analysis window.
373ad0220443d475||b1906e333b1b538a,373ad0220443d475,b1906e333b1b538a,KB-C_EXTREME_VOLUME,16.0,,cohort_trip_threshold,42.8,derived,Driver-customer pair is an extreme weighted edge in the current analysis window.
98e1dbccc7c2d84d||e51fea4ca35416df,98e1dbccc7c2d84d,e51fea4ca35416df,KB-C_EXTREME_VOLUME,35.0,,cohort_trip_threshold,41.18,derived,Driver-customer pair is an extreme weighted edge in the current analysis window.
4998891c6eccbae1||577e3dd10256eff0,4998891c6eccbae1,577e3dd10256eff0,KB-C_EXTREME_VOLUME,22.0,,cohort_trip_threshold,48.44,derived,Driver-customer pair is an extreme weighted edge in the current analysis window.
6c679f8098174d61||cb8c28650e82baf4,6c679f8098174d61,cb8c28650e82baf4,KB-C_EXTREME_VOLUME,11.0,,cohort_trip_threshold,32.84,derived,Driver-customer pair is an extreme weighted edge in the current analysis window.
f80ed75cef63332a||88b43c23bc92d791,f80ed75cef63332a,88b43c23bc92d791,KB-C_EXTREME_VOLUME,22.0,,cohort_trip_threshold,44.6,derived,Driver-customer pair is an extreme weighted edge in the current analysis window.
8068bcfea8935975||9d8a7e5ca81b102c,8068bcfea8935975,9d8a7e5ca81b102c,KB-C_EXTREME_VOLUME,12.0,,cohort_trip_threshold,45.31,derived,Driver-customer pair is an extreme weighted edge in the current analysis window.
2ec1650f4033afec||c46fd92ce5728643,2ec1650f4033afec,c46fd92ce5728643,KB-C_EXTREME_VOLUME,13.0,,cohort_trip_threshold,43.95,derived,Driver-customer pair is an extreme weighted edge in the current analysis window.
bf3ff0bf492c40fa||140e3d16950f86e2,bf3ff0bf492c40fa,140e3d16950f86e2,KB-C_EXTREME_VOLUME,9.0,,cohort_trip_threshold,36.95,derived,Driver-customer pair is an extreme weighted edge in the current analysis window.
85a664bf6f87b6dd||80653c2dbf291c8f,85a664bf6f87b6dd,80653c2dbf291c8f,KB-C_EXTREME_VOLUME,16.0,,cohort_trip_threshold,42.12,derived,Driver-customer pair is an extreme weighted edge in the current analysis window.
13ddec0fff826b54||3aa4200977035ca2,13ddec0fff826b54,3aa4200977035ca2,KB-C_EXTREME_VOLUME,13.0,,cohort_trip_threshold,46.31,derived,Driver-customer pair is an extreme weighted edge in the current analysis window.
709d587d6d63c90f||4ab83b03e3c1712a,709d587d6d63c90f,4ab83b03e3c1712a,KB-C_EXTREME_VOLUME,22.0,,cohort_trip_threshold,40.13,derived,Driver-customer pair is an extreme weighted edge in the current analysis window.
9dad0a26bb0ec89e||dfc6079261054f50,9dad0a26bb0ec89e,dfc6079261054f50,KB-C_EXTREME_VOLUME,17.0,,cohort_trip_threshold,36.97,derived,Driver-customer pair is an extreme weighted edge in the current analysis window.
2ae849dc6393a0e2||b2f18f8f949e151c,2ae849dc6393a0e2,b2f18f8f949e151c,KB-C_EXTREME_VOLUME,11.0,,cohort_trip_threshold,36.68,derived,Driver-customer pair is an extreme weighted edge in the current analysis window.
5757a0575588f387||902e909b69c0bb7d,5757a0575588f387,902e909b69c0bb7d,KB-C_EXTREME_VOLUME,14.0,,cohort_trip_threshold,44.4,derived,Driver-customer pair is an extreme weighted edge in the current analysis window.
d7b634b0618ebd34||aec7c15a653cf9f6,d7b634b0618ebd34,aec7c15a653cf9f6,KB-C_EXTREME_VOLUME,19.0,,cohort_trip_threshold,42.73,derived,Driver-customer pair is an extreme weighted edge in the current analysis window.
9d166dfb0ccb4bfb||0d45734ef1a7d945,9d166dfb0ccb4bfb,0d45734ef1a7d945,KB-C_EXTREME_VOLUME,20.0,,cohort_trip_threshold,40.33,derived,Driver-customer pair is an extreme weighted edge in the current analysis window.
c0a21f926a8cc006||59876573e16711a9,c0a21f926a8cc006,59876573e16711a9,KB-C_EXTREME_VOLUME,9.0,,cohort_trip_threshold,39.84,derived,Driver-customer pair is an extreme weighted edge in the current analysis window.
90f04d5b7996e4ce||1cd5c6b613ae0316,90f04d5b7996e4ce,1cd5c6b613ae0316,KB-C_EXTREME_VOLUME,22.0,,cohort_trip_threshold,36.24,derived,Driver-customer pair is an extreme weighted edge in the current analysis window.
adae741af85347cf||ea7b62e5224eee01,adae741af85347cf,ea7b62e5224eee01,KB-C_EXTREME_VOLUME,26.0,,cohort_trip_threshold,46.73,derived,Driver-customer pair is an extreme weighted edge in the current analysis window.
70b5ee18d316821e||57c9966439103ab1,70b5ee18d316821e,57c9966439103ab1,KB-C_EXTREME_VOLUME,21.0,,cohort_trip_threshold,41.19,derived,Driver-customer pair is an extreme weighted edge in the current analysis window.
2ca167ae01336b42||1636080dc43c4e99,2ca167ae01336b42,1636080dc43c4e99,KB-C_EXTREME_VOLUME,5.0,,cohort_trip_threshold,23.63,derived,Driver-customer pair is an extreme weighted edge in the current analysis window.
d68d62444b58e942||29101674f988dc38,d68d62444b58e942,29101674f988dc38,KB-C_EXTREME_VOLUME,15.0,,cohort_trip_threshold,38.78,derived,Driver-customer pair is an extreme weighted edge in the current analysis window.
132bfddf22175bfe||d88377550899034a,132bfddf22175bfe,d88377550899034a,KB-C_EXTREME_VOLUME,37.0,,cohort_trip_threshold,39.56,derived,Driver-customer pair is an extreme weighted edge in the current analysis window.
b55afc9f546db09e||b86f62344fa566fd,b55afc9f546db09e,b86f62344fa566fd,KB-C_EXTREME_VOLUME,10.0,,cohort_trip_threshold,34.43,derived,Driver-customer pair is an extreme weighted edge in the current analysis window.
81d4bfddfa54ff5f||533ec34258435caf,81d4bfddfa54ff5f,533ec34258435caf,KB-C_EXTREME_VOLUME,15.0,,cohort_trip_threshold,43.05,derived,Driver-customer pair is an extreme weighted edge in the current analysis window.
2b7fe2c644f86663||25d2840ebf05430e,2b7fe2c644f86663,25d2840ebf05430e,KB-C_EXTREME_VOLUME,11.0,,cohort_trip_threshold,36.42,derived,Driver-customer pair is an extreme weighted edge in the current analysis window.
a818cd2d34b3f9a9||51da6711b5df2670,a818cd2d34b3f9a9,51da6711b5df2670,KB-C_EXTREME_VOLUME,14.0,,cohort_trip_threshold,41.98,derived,Driver-customer pair is an extreme weighted edge in the current analysis window.
159107f286afb8cb||24b7b9bb5b8cc2db,159107f286afb8cb,24b7b9bb5b8cc2db,KB-C_EXTREME_VOLUME,12.0,,cohort_trip_threshold,39.02,derived,Driver-customer pair is an extreme weighted edge in the current analysis window.
50fcdabb710f529b||a00bfff85a169310,50fcdabb710f529b,a00bfff85a169310,KB-C_EXTREME_VOLUME,14.0,,cohort_trip_threshold,39.9,derived,Driver-customer pair is an extreme weighted edge in the current analysis window.
24874b35932be159||2c60c8d3584ee84b,24874b35932be159,2c60c8d3584ee84b,KB-C_EXTREME_VOLUME,13.0,,cohort_trip_threshold,38.6,derived,Driver-customer pair is an extreme weighted edge in the current analysis window.
94aa5e3e1edaecf6||75557b4b149ebca8,94aa5e3e1edaecf6,75557b4b149ebca8,KB-C_EXTREME_VOLUME,28.0,,cohort_trip_threshold,50.4,derived,Driver-customer pair is an extreme weighted edge in the current analysis window.
fcf1c50423fc22a8||5e56a923a095d3ee,fcf1c50423fc22a8,5e56a923a095d3ee,KB-C_EXTREME_VOLUME,21.0,,cohort_trip_threshold,41.96,derived,Driver-customer pair is an extreme weighted edge in the current analysis window.
b5dc0528d4e14f2e||72c7773f02e13495,b5dc0528d4e14f2e,72c7773f02e13495,KB-C_EXTREME_VOLUME,16.0,,cohort_trip_threshold,42.22,derived,Driver-customer pair is an extreme weighted edge in the current analysis window.
5b79765c2814ee13||073d3e48370d1b80,5b79765c2814ee13,073d3e48370d1b80,KB-C_EXTREME_VOLUME,13.0,,cohort_trip_threshold,36.25,derived,Driver-customer pair is an extreme weighted edge in the current analysis window.
5190dcecff0687cb||3b5a8fcf94c1c31f,5190dcecff0687cb,3b5a8fcf94c1c31f,KB-C_EXTREME_VOLUME,10.0,,cohort_trip_threshold,33.19,derived,Driver-customer pair is an extreme weighted edge in the current analysis window.
fa93c7bdb7f3010b||82394df9e22dcf30,fa93c7bdb7f3010b,82394df9e22dcf30,KB-C_EXTREME_VOLUME,15.0,,cohort_trip_threshold,47.38,derived,Driver-customer pair is an extreme weighted edge in the current analysis window.
3d8dc2593d90ba63||72159a75972cb55d,3d8dc2593d90ba63,72159a75972cb55d,KB-C_EXTREME_VOLUME,31.0,,cohort_trip_threshold,45.79,derived,Driver-customer pair is an extreme weighted edge in the current analysis window.
d23dcf44bfe2ef3e||70ffa8c2ecbff276,d23dcf44bfe2ef3e,70ffa8c2ecbff276,KB-C_EXTREME_VOLUME,20.0,,cohort_trip_threshold,44.14,derived,Driver-customer pair is an extreme weighted edge in the current analysis window.
64a2502cb3d79c9b||e6a03cb0e531834a,64a2502cb3d79c9b,e6a03cb0e531834a,KB-C_EXTREME_VOLUME,11.0,,cohort_trip_threshold,39.25,derived,Driver-customer pair is an extreme weighted edge in the current analysis window.
23febabdf2264367||fa73e80a79ade544,23febabdf2264367,fa73e80a79ade544,KB-C_EXTREME_VOLUME,16.0,,cohort_trip_threshold,45.61,derived,Driver-customer pair is an extreme weighted edge in the current analysis window.
29fbff082405f8e2||c1c65bb5385fd22d,29fbff082405f8e2,c1c65bb5385fd22d,KB-C_EXTREME_VOLUME,18.0,,cohort_trip_threshold,45.16,derived,Driver-customer pair is an extreme weighted edge in the current analysis window.
452cb0d28f599eec||9a2d0825f5ed95d3,452cb0d28f599eec,9a2d0825f5ed95d3,KB-C_EXTREME_VOLUME,19.0,,cohort_trip_threshold,41.83,derived,Driver-customer pair is an extreme weighted edge in the current analysis window.
a124573cc7e89640||be4ef9399990c17f,a124573cc7e89640,be4ef9399990c17f,KB-C_EXTREME_VOLUME,9.0,,cohort_trip_threshold,38.44,derived,Driver-customer pair is an extreme weighted edge in the current analysis window.
04b16e9f8dcb1ee1||0474b860e266423f,04b16e9f8dcb1ee1,0474b860e266423f,KB-C_EXTREME_VOLUME,3.0,,cohort_trip_threshold,21.41,derived,Driver-customer pair is an extreme weighted edge in the current analysis window.
49ec52f190e7f224||16b414e45af6285b,49ec52f190e7f224,16b414e45af6285b,KB-C_EXTREME_VOLUME,3.0,,cohort_trip_threshold,31.91,derived,Driver-customer pair is an extreme weighted edge in the current analysis window.
0615ca7f371a083a||6d37377f7867dfa4,0615ca7f371a083a,6d37377f7867dfa4,KB-C_EXTREME_VOLUME,23.0,,cohort_trip_threshold,39.98,derived,Driver-customer pair is an extreme weighted edge in the current analysis window.
37d104ed61f87569||770a59c82322ab15,37d104ed61f87569,770a59c82322ab15,KB-C_EXTREME_VOLUME,22.0,,cohort_trip_threshold,48.22,derived,Driver-customer pair is an extreme weighted edge in the current analysis window.
c5e1c8f0929911b1||8d7bdf0a0069435a,c5e1c8f0929911b1,8d7bdf0a0069435a,KB-C_EXTREME_VOLUME,20.0,,cohort_trip_threshold,43.97,derived,Driver-customer pair is an extreme weighted edge in the current analysis window.
f61692aa22ba34fc||a4922225195984ed,f61692aa22ba34fc,a4922225195984ed,KB-C_EXTREME_VOLUME,13.0,,cohort_trip_threshold,43.29,derived,Driver-customer pair is an extreme weighted edge in the current analysis window.
180e389dc9e916ba||45d8462070fb8452,180e389dc9e916ba,45d8462070fb8452,KB-C_EXTREME_VOLUME,32.0,,cohort_trip_threshold,50.76,derived,Driver-customer pair is an extreme weighted edge in the current analysis window.
d69f6d6739baff20||26998ffcb290636b,d69f6d6739baff20,26998ffcb290636b,KB-C_EXTREME_VOLUME,21.0,,cohort_trip_threshold,48.4,derived,Driver-customer pair is an extreme weighted edge in the current analysis window.
91404f607a58ff2f||5f3895e136cbe0f6,91404f607a58ff2f,5f3895e136cbe0f6,KB-C_EXTREME_VOLUME,8.0,,cohort_trip_threshold,37.05,derived,Driver-customer pair is an extreme weighted edge in the current analysis window.
3a9caf1156a4353f||38f2ea352fb86076,3a9caf1156a4353f,38f2ea352fb86076,KB-C_EXTREME_VOLUME,24.0,,cohort_trip_threshold,45.73,derived,Driver-customer pair is an extreme weighted edge in the current analysis window.
28d18b5006fb2cdd||835d02355f18c539,28d18b5006fb2cdd,835d02355f18c539,KB-C_EXTREME_VOLUME,26.0,,cohort_trip_threshold,44.46,derived,Driver-customer pair is an extreme weighted edge in the current analysis window.
74c6da41f932a819||3bf637e0ab189484,74c6da41f932a819,3bf637e0ab189484,KB-C_EXTREME_VOLUME,21.0,,cohort_trip_threshold,42.8,derived,Driver-customer pair is an extreme weighted edge in the current analysis window.
1f2009d2c709effa||576cda950287d17f,1f2009d2c709effa,576cda950287d17f,KB-C_EXTREME_VOLUME,18.0,,cohort_trip_threshold,39.83,derived,Driver-customer pair is an extreme weighted edge in the current analysis window.
846b5d96d96bf0a1||86ffc490b26a3a30,846b5d96d96bf0a1,86ffc490b26a3a30,KB-C_EXTREME_VOLUME,18.0,,cohort_trip_threshold,38.97,derived,Driver-customer pair is an extreme weighted edge in the current analysis window.
098ab00f18ffe1c0||048be285f6b47a8a,098ab00f18ffe1c0,048be285f6b47a8a,KB-C_EXTREME_VOLUME,17.0,,cohort_trip_threshold,45.17,derived,Driver-customer pair is an extreme weighted edge in the current analysis window.
4481d877eaec5d84||f894acf250451372,4481d877eaec5d84,f894acf250451372,KB-C_EXTREME_VOLUME,21.0,,cohort_trip_threshold,43.21,derived,Driver-customer pair is an extreme weighted edge in the current analysis window.
5e1375169a59617b||365a757f0665cb3d,5e1375169a59617b,365a757f0665cb3d,KB-C_EXTREME_VOLUME,11.0,,cohort_trip_threshold,53.59,derived,Driver-customer pair is an extreme weighted edge in the current analysis window.
5bf3504e6953b4ed||f6b7e2f2699abfb8,5bf3504e6953b4ed,f6b7e2f2699abfb8,KB-C_EXTREME_VOLUME,22.0,,cohort_trip_threshold,43.89,derived,Driver-customer pair is an extreme weighted edge in the current analysis window.
0fbd136e7a4aae47||45ba87dcfe484b57,0fbd136e7a4aae47,45ba87dcfe484b57,KB-C_EXTREME_VOLUME,15.0,,cohort_trip_threshold,40.31,derived,Driver-customer pair is an extreme weighted edge in the current analysis window.
8947bab2c824f527||5cb0eab879dab4a4,8947bab2c824f527,5cb0eab879dab4a4,KB-C_EXTREME_VOLUME,22.0,,cohort_trip_threshold,41.78,derived,Driver-customer pair is an extreme weighted edge in the current analysis window.
781224009a22eee0||c8419bc8ea22f8ab,781224009a22eee0,c8419bc8ea22f8ab,KB-C_EXTREME_VOLUME,19.0,,cohort_trip_threshold,37.4,derived,Driver-customer pair is an extreme weighted edge in the current analysis window.
142fe111cbe098b7||a81301d18b0a66b2,142fe111cbe098b7,a81301d18b0a66b2,KB-C_EXTREME_VOLUME,5.0,,cohort_trip_threshold,23.18,derived,Driver-customer pair is an extreme weighted edge in the current analysis window.
3bfcd0d5465635d8||72cd827aa0982e04,3bfcd0d5465635d8,72cd827aa0982e04,KB-C_EXTREME_VOLUME,5.0,,cohort_trip_threshold,26.27,derived,Driver-customer pair is an extreme weighted edge in the current analysis window.
98591f669f9cfd4c||fb4942467794087f,98591f669f9cfd4c,fb4942467794087f,KB-C_EXTREME_VOLUME,5.0,,cohort_trip_threshold,21.33,derived,Driver-customer pair is an extreme weighted edge in the current analysis window.
b4272b9132534756||758dd77205fe9cf4,b4272b9132534756,758dd77205fe9cf4,KB-C_EXTREME_VOLUME,5.0,,cohort_trip_threshold,27.39,derived,Driver-customer pair is an extreme weighted edge in the current analysis window.
c063bfc998307b93||e8442cc92c0da4b5,c063bfc998307b93,e8442cc92c0da4b5,KB-C_EXTREME_VOLUME,5.0,,cohort_trip_threshold,21.78,derived,Driver-customer pair is an extreme weighted edge in the current analysis window.
f4bc13eb5740587b||8e88d67dd700d5f0,f4bc13eb5740587b,8e88d67dd700d5f0,KB-C_EXTREME_VOLUME,5.0,,cohort_trip_threshold,36.06,derived,Driver-customer pair is an extreme weighted edge in the current analysis window.
0f3a402c1399187d||078c231068228be5,0f3a402c1399187d,078c231068228be5,KB-C_EXTREME_VOLUME,11.0,,cohort_trip_threshold,44.32,derived,Driver-customer pair is an extreme weighted edge in the current analysis window.
b1272ce5af1cf2ff||99ad6e58b74c1f6c,b1272ce5af1cf2ff,99ad6e58b74c1f6c,KB-C_EXTREME_VOLUME,14.0,,cohort_trip_threshold,41.31,derived,Driver-customer pair is an extreme weighted edge in the current analysis window.
a4c70057374cb545||5776e69fc2622ae9,a4c70057374cb545,5776e69fc2622ae9,KB-C_EXTREME_VOLUME,8.0,,cohort_trip_threshold,36.24,derived,Driver-customer pair is an extreme weighted edge in the current analysis window.
ffd67b6926dfc9ee||59cb048c3cad499a,ffd67b6926dfc9ee,59cb048c3cad499a,KB-C_EXTREME_VOLUME,13.0,,cohort_trip_threshold,37.72,derived,Driver-customer pair is an extreme weighted edge in the current analysis window.
8f386fec573f5913||a3afdcef4f158678,8f386fec573f5913,a3afdcef4f158678,KB-C_EXTREME_VOLUME,18.0,,cohort_trip_threshold,38.02,derived,Driver-customer pair is an extreme weighted edge in the current analysis window.
155f14f8f477a285||b989995dbb4a9237,155f14f8f477a285,b989995dbb4a9237,KB-C_EXTREME_VOLUME,22.0,,cohort_trip_threshold,38.15,derived,Driver-customer pair is an extreme weighted edge in the current analysis window.
84fee45a15909f39||2a1f98ec01e9d9b3,84fee45a15909f39,2a1f98ec01e9d9b3,KB-C_EXTREME_VOLUME,17.0,,cohort_trip_threshold,41.46,derived,Driver-customer pair is an extreme weighted edge in the current analysis window.
ab523274f635601c||b32d99ee945b8d89,ab523274f635601c,b32d99ee945b8d89,KB-C_EXTREME_VOLUME,28.0,,cohort_trip_threshold,46.68,derived,Driver-customer pair is an extreme weighted edge in the current analysis window.
3fa050abd2f86efa||037a1773321f2c4d,3fa050abd2f86efa,037a1773321f2c4d,KB-C_EXTREME_VOLUME,17.0,,cohort_trip_threshold,37.76,derived,Driver-customer pair is an extreme weighted edge in the current analysis window.
d030378aeca44404||160781d1410e1e8c,d030378aeca44404,160781d1410e1e8c,KB-C_EXTREME_VOLUME,9.0,,cohort_trip_threshold,37.51,derived,Driver-customer pair is an extreme weighted edge in the current analysis window.
6a241aebe901869f||51c376e84788f860,6a241aebe901869f,51c376e84788f860,KB-C_EXTREME_VOLUME,18.0,,cohort_trip_threshold,38.94,derived,Driver-customer pair is an extreme weighted edge in the current analysis window.
37a68533d5c19d93||faa65fc00238f066,37a68533d5c19d93,faa65fc00238f066,KB-C_EXTREME_VOLUME,6.0,,cohort_trip_threshold,41.84,derived,Driver-customer pair is an extreme weighted edge in the current analysis window.
8b2774ab97315ac7||80213f13fd005fb2,8b2774ab97315ac7,80213f13fd005fb2,KB-C_EXTREME_VOLUME,22.0,,cohort_trip_threshold,40.61,derived,Driver-customer pair is an extreme weighted edge in the current analysis window.
94a4b25d51b3b51f||0afaf7ca1fe3ba4e,94a4b25d51b3b51f,0afaf7ca1fe3ba4e,KB-C_EXTREME_VOLUME,6.0,,cohort_trip_threshold,24.17,derived,Driver-customer pair is an extreme weighted edge in the current analysis window.
2ffc1de35f19ce97||d8cd9117b6cac328,2ffc1de35f19ce97,d8cd9117b6cac328,KB-C_EXTREME_VOLUME,38.0,,cohort_trip_threshold,30.94,derived,Driver-customer pair is an extreme weighted edge in the current analysis window.
4ea8dfa4e2017d32||a40149c2c4a20afc,4ea8dfa4e2017d32,a40149c2c4a20afc,KB-C_EXTREME_VOLUME,16.0,,cohort_trip_threshold,41.94,derived,Driver-customer pair is an extreme weighted edge in the current analysis window.
8124055e2bf5330f||c59de72a1a8acffc,8124055e2bf5330f,c59de72a1a8acffc,KB-C_EXTREME_VOLUME,24.0,,cohort_trip_threshold,40.7,derived,Driver-customer pair is an extreme weighted edge in the current analysis window.
cedcf9c1e35bcc05||1818c2bce62d2442,cedcf9c1e35bcc05,1818c2bce62d2442,KB-C_EXTREME_VOLUME,16.0,,cohort_trip_threshold,32.56,derived,Driver-customer pair is an extreme weighted edge in the current analysis window.
771cc42e60ad11c3||1d23e4778ed5b5e0,771cc42e60ad11c3,1d23e4778ed5b5e0,KB-C_EXTREME_VOLUME,22.0,,cohort_trip_threshold,36.48,derived,Driver-customer pair is an extreme weighted edge in the current analysis window.
845edc919dee8d2e||d0dba09514e71a2b,845edc919dee8d2e,d0dba09514e71a2b,KB-C_EXTREME_VOLUME,17.0,,cohort_trip_threshold,39.89,derived,Driver-customer pair is an extreme weighted edge in the current analysis window.
e335fc27ed1f1fdb||7965ae3696b4adff,e335fc27ed1f1fdb,7965ae3696b4adff,KB-C_EXTREME_VOLUME,16.0,,cohort_trip_threshold,41.56,derived,Driver-customer pair is an extreme weighted edge in the current analysis window.
eadbd30009d5f142||d70ff88a96f492bc,eadbd30009d5f142,d70ff88a96f492bc,KB-C_EXTREME_VOLUME,19.0,,cohort_trip_threshold,44.31,derived,Driver-customer pair is an extreme weighted edge in the current analysis window.
70e6be43ef2f72ee||0c8f7f6584f62bfc,70e6be43ef2f72ee,0c8f7f6584f62bfc,KB-C_EXTREME_VOLUME,11.0,,cohort_trip_threshold,57.68,derived,Driver-customer pair is an extreme weighted edge in the current analysis window.
70e6be43ef2f72ee||cbc758fc894fd8a5,70e6be43ef2f72ee,cbc758fc894fd8a5,KB-C_EXTREME_VOLUME,11.0,,cohort_trip_threshold,59.12,derived,Driver-customer pair is an extreme weighted edge in the current analysis window.
741ef02502f2fff9||696b8b4786b36d70,741ef02502f2fff9,696b8b4786b36d70,KB-C_EXTREME_VOLUME,31.0,,cohort_trip_threshold,39.33,derived,Driver-customer pair is an extreme weighted edge in the current analysis window.
c3e7de8823aca093||757e618bb3e7fe11,c3e7de8823aca093,757e618bb3e7fe11,KB-C_EXTREME_VOLUME,21.0,,cohort_trip_threshold,43.38,derived,Driver-customer pair is an extreme weighted edge in the current analysis window.
fb93e790f8df6749||c3fec78e57fc03f1,fb93e790f8df6749,c3fec78e57fc03f1,KB-C_EXTREME_VOLUME,19.0,,cohort_trip_threshold,36.84,derived,Driver-customer pair is an extreme weighted edge in the current analysis window.
2904b02904e9300b||ca328f4443fc792d,2904b02904e9300b,ca328f4443fc792d,KB-C_EXTREME_VOLUME,13.0,,cohort_trip_threshold,37.66,derived,Driver-customer pair is an extreme weighted edge in the current analysis window.
20d12589a91de791||45377c7c5b45cbe9,20d12589a91de791,45377c7c5b45cbe9,KB-C_EXTREME_VOLUME,21.0,,cohort_trip_threshold,43.11,derived,Driver-customer pair is an extreme weighted edge in the current analysis window.
dd7b4c6f874e409f||64bd9602c77acb9d,dd7b4c6f874e409f,64bd9602c77acb9d,KB-C_EXTREME_VOLUME,17.0,,cohort_trip_threshold,39.83,derived,Driver-customer pair is an extreme weighted edge in the current analysis window.
832f3ae42af5c107||bd3ce35b9e761100,832f3ae42af5c107,bd3ce35b9e761100,KB-C_EXTREME_VOLUME,9.0,,cohort_trip_threshold,52.2,derived,Driver-customer pair is an extreme weighted edge in the current analysis window.
99f0dc6801807f17||259cc7f64bdbcb01,99f0dc6801807f17,259cc7f64bdbcb01,KB-C_EXTREME_VOLUME,19.0,,cohort_trip_threshold,38.24,derived,Driver-customer pair is an extreme weighted edge in the current analysis window.
bc14f192022a5b20||7cb4279ff0018d6a,bc14f192022a5b20,7cb4279ff0018d6a,KB-C_EXTREME_VOLUME,11.0,,cohort_trip_threshold,35.59,derived,Driver-customer pair is an extreme weighted edge in the current analysis window.
48c0ddaede901287||8bf85b2bc837724f,48c0ddaede901287,8bf85b2bc837724f,KB-C_EXTREME_VOLUME,12.0,,cohort_trip_threshold,34.91,derived,Driver-customer pair is an extreme weighted edge in the current analysis window.
6c1858943ed8865d||d4b43374d661c804,6c1858943ed8865d,d4b43374d661c804,KB-C_EXTREME_VOLUME,16.0,,cohort_trip_threshold,40.26,derived,Driver-customer pair is an extreme weighted edge in the current analysis window.
213938250a6db885||895d3a003a432a61,213938250a6db885,895d3a003a432a61,KB-C_EXTREME_VOLUME,20.0,,cohort_trip_threshold,36.38,derived,Driver-customer pair is an extreme weighted edge in the current analysis window.
db5915bba55785d6||3bbc5fb99246ed21,db5915bba55785d6,3bbc5fb99246ed21,KB-C_EXTREME_VOLUME,28.0,,cohort_trip_threshold,34.44,derived,Driver-customer pair is an extreme weighted edge in the current analysis window.
17772bbefb9eefe2||155a5f29d5e805b9,17772bbefb9eefe2,155a5f29d5e805b9,KB-C_EXTREME_VOLUME,22.0,,cohort_trip_threshold,42.23,derived,Driver-customer pair is an extreme weighted edge in the current analysis window.
bf253b3e06a28f44||0f00804f131477ec,bf253b3e06a28f44,0f00804f131477ec,KB-C_EXTREME_VOLUME,15.0,,cohort_trip_threshold,39.85,derived,Driver-customer pair is an extreme weighted edge in the current analysis window.
ff09814f87b4926a||60d84f581467cb94,ff09814f87b4926a,60d84f581467cb94,KB-C_EXTREME_VOLUME,11.0,,cohort_trip_threshold,38.77,derived,Driver-customer pair is an extreme weighted edge in the current analysis window.
39ebdb8fd897f91a||4b6e14ca71eea83a,39ebdb8fd897f91a,4b6e14ca71eea83a,KB-C_EXTREME_VOLUME,13.0,,cohort_trip_threshold,36.09,derived,Driver-customer pair is an extreme weighted edge in the current analysis window.
f7746141d43d4ee9||bc51debfebde74f1,f7746141d43d4ee9,bc51debfebde74f1,KB-C_EXTREME_VOLUME,10.0,,cohort_trip_threshold,32.99,derived,Driver-customer pair is an extreme weighted edge in the current analysis window.
4f8b0c88c3c86c87||326e6da1e32bf7b1,4f8b0c88c3c86c87,326e6da1e32bf7b1,KB-C_EXTREME_VOLUME,21.0,,cohort_trip_threshold,36.5,derived,Driver-customer pair is an extreme weighted edge in the current analysis window.
c900860cdb9ab89e||246d5ae7675ca0a5,c900860cdb9ab89e,246d5ae7675ca0a5,KB-C_EXTREME_VOLUME,21.0,,cohort_trip_threshold,37.56,derived,Driver-customer pair is an extreme weighted edge in the current analysis window.
a20e97d1d6967047||b3233f317abbd2a7,a20e97d1d6967047,b3233f317abbd2a7,KB-C_EXTREME_VOLUME,17.0,,cohort_trip_threshold,37.67,derived,Driver-customer pair is an extreme weighted edge in the current analysis window.
2b1940b159265606||e3fc0f82e1493779,2b1940b159265606,e3fc0f82e1493779,KB-C_EXTREME_VOLUME,11.0,,cohort_trip_threshold,33.92,derived,Driver-customer pair is an extreme weighted edge in the current analysis window.
44c406702a975f8f||1ce733d3ff563aa6,44c406702a975f8f,1ce733d3ff563aa6,KB-C_EXTREME_VOLUME,10.0,,cohort_trip_threshold,41.99,derived,Driver-customer pair is an extreme weighted edge in the current analysis window.
11fc357296214268||d8a9ac96ff7d8c18,11fc357296214268,d8a9ac96ff7d8c18,KB-C_EXTREME_VOLUME,17.0,,cohort_trip_threshold,50.41,derived,Driver-customer pair is an extreme weighted edge in the current analysis window.
3a55b37a8e80cc97||8c773d0a4fdbba36,3a55b37a8e80cc97,8c773d0a4fdbba36,KB-C_EXTREME_VOLUME,18.0,,cohort_trip_threshold,33.22,derived,Driver-customer pair is an extreme weighted edge in the current analysis window.
7a68874e948e939a||de1cb5721ad46616,7a68874e948e939a,de1cb5721ad46616,KB-C_EXTREME_VOLUME,16.0,,cohort_trip_threshold,36.44,derived,Driver-customer pair is an extreme weighted edge in the current analysis window.
8850bc58071161cd||c5df2c701944cae8,8850bc58071161cd,c5df2c701944cae8,KB-C_EXTREME_VOLUME,10.0,,cohort_trip_threshold,35.46,derived,Driver-customer pair is an extreme weighted edge in the current analysis window.
4c8a3d6cb7a3130d||6cb8ca73b7296739,4c8a3d6cb7a3130d,6cb8ca73b7296739,KB-C_EXTREME_VOLUME,25.0,,cohort_trip_threshold,43.64,derived,Driver-customer pair is an extreme weighted edge in the current analysis window.
9f64355214043553||29f3682c09195c08,9f64355214043553,29f3682c09195c08,KB-C_EXTREME_VOLUME,17.0,,cohort_trip_threshold,40.78,derived,Driver-customer pair is an extreme weighted edge in the current analysis window.
b0fbc70483dfecae||5999ad97cb4f3af2,b0fbc70483dfecae,5999ad97cb4f3af2,KB-C_EXTREME_VOLUME,10.0,,cohort_trip_threshold,52.54,derived,Driver-customer pair is an extreme weighted edge in the current analysis window.
3e79af741da051a5||4a3cd35444862252,3e79af741da051a5,4a3cd35444862252,KB-C_EXTREME_VOLUME,10.0,,cohort_trip_threshold,38.96,derived,Driver-customer pair is an extreme weighted edge in the current analysis window.
192c2855cda8cf91||0f100393ffe1e384,192c2855cda8cf91,0f100393ffe1e384,KB-C_EXTREME_VOLUME,21.0,,cohort_trip_threshold,44.68,derived,Driver-customer pair is an extreme weighted edge in the current analysis window.
16bc451ece21917a||f9f1dcd7b75509ea,16bc451ece21917a,f9f1dcd7b75509ea,KB-C_EXTREME_VOLUME,7.0,,cohort_trip_threshold,33.98,derived,Driver-customer pair is an extreme weighted edge in the current analysis window.
9c73fa55fe07a56d||a2df255f1a933354,9c73fa55fe07a56d,a2df255f1a933354,KB-C_EXTREME_VOLUME,20.0,,cohort_trip_threshold,41.2,derived,Driver-customer pair is an extreme weighted edge in the current analysis window.
dd9402e53f9c96fa||c5a8f14129e6090b,dd9402e53f9c96fa,c5a8f14129e6090b,KB-C_EXTREME_VOLUME,11.0,,cohort_trip_threshold,43.19,derived,Driver-customer pair is an extreme weighted edge in the current analysis window.
8886149ca9a9df41||cbdbae62743ca057,8886149ca9a9df41,cbdbae62743ca057,KB-C_EXTREME_VOLUME,6.0,,cohort_trip_threshold,33.6,derived,Driver-customer pair is an extreme weighted edge in the current analysis window.
a138f7cdbb664c23||03a32cb06ee0a162,a138f7cdbb664c23,03a32cb06ee0a162,KB-C_EXTREME_VOLUME,6.0,,cohort_trip_threshold,47.36,derived,Driver-customer pair is an extreme weighted edge in the current analysis window.
3c06cc361ddeb428||382fa86d8c478e7b,3c06cc361ddeb428,382fa86d8c478e7b,KB-C_EXTREME_VOLUME,12.0,,cohort_trip_threshold,32.93,derived,Driver-customer pair is an extreme weighted edge in the current analysis window.
605efdc2bc9f6d93||fb91feb06892232f,605efdc2bc9f6d93,fb91feb06892232f,KB-C_EXTREME_VOLUME,12.0,,cohort_trip_threshold,33.9,derived,Driver-customer pair is an extreme weighted edge in the current analysis window.
c8729954a9204bde||26ab7fbc3f75597e,c8729954a9204bde,26ab7fbc3f75597e,KB-C_EXTREME_VOLUME,17.0,,cohort_trip_threshold,36.02,derived,Driver-customer pair is an extreme weighted edge in the current analysis window.
4998891c6eccbae1||c20b2afaab0569a0,4998891c6eccbae1,c20b2afaab0569a0,KB-C_EXTREME_VOLUME,19.0,,cohort_trip_threshold,47.34,derived,Driver-customer pair is an extreme weighted edge in the current analysis window.
e7238e6e585f741b||1758ea0f3db2c586,e7238e6e585f741b,1758ea0f3db2c586,KB-C_EXTREME_VOLUME,17.0,,cohort_trip_threshold,38.99,derived,Driver-customer pair is an extreme weighted edge in the current analysis window.
e0aef4b076ed2b28||2ed96eee9dfb33cc,e0aef4b076ed2b28,2ed96eee9dfb33cc,KB-C_EXTREME_VOLUME,4.0,,cohort_trip_threshold,33.31,derived,Driver-customer pair is an extreme weighted edge in the current analysis window.
67bad591acedc594||5424339dd10dc0e2,67bad591acedc594,5424339dd10dc0e2,KB-C_EXTREME_VOLUME,19.0,,cohort_trip_threshold,42.41,derived,Driver-customer pair is an extreme weighted edge in the current analysis window.
f1428046ee22ebbb||35008ff17c72768f,f1428046ee22ebbb,35008ff17c72768f,KB-C_EXTREME_VOLUME,13.0,,cohort_trip_threshold,31.95,derived,Driver-customer pair is an extreme weighted edge in the current analysis window.
12ad27c2714de7d3||9a13c33116196c35,12ad27c2714de7d3,9a13c33116196c35,KB-C_EXTREME_VOLUME,14.0,,cohort_trip_threshold,37.31,derived,Driver-customer pair is an extreme weighted edge in the current analysis window.
9f75ba1d31c0f792||0b03c47467505a9d,9f75ba1d31c0f792,0b03c47467505a9d,KB-C_EXTREME_VOLUME,16.0,,cohort_trip_threshold,54.8,derived,Driver-customer pair is an extreme weighted edge in the current analysis window.
27b6b7ed01c53661||1b6c3d8eda36d582,27b6b7ed01c53661,1b6c3d8eda36d582,KB-C_EXTREME_VOLUME,10.0,,cohort_trip_threshold,33.84,derived,Driver-customer pair is an extreme weighted edge in the current analysis window.
d93ce7a2b2f8b4d3||4aafcb8556ea4018,d93ce7a2b2f8b4d3,4aafcb8556ea4018,KB-C_EXTREME_VOLUME,19.0,,cohort_trip_threshold,41.57,derived,Driver-customer pair is an extreme weighted edge in the current analysis window.
b1a56d3bd271b0fb||74054359cb79f338,b1a56d3bd271b0fb,74054359cb79f338,KB-C_EXTREME_VOLUME,14.0,,cohort_trip_threshold,33.25,derived,Driver-customer pair is an extreme weighted edge in the current analysis window.
e31ae6451b11a54f||1a3b0d432a081f7f,e31ae6451b11a54f,1a3b0d432a081f7f,KB-C_EXTREME_VOLUME,23.0,,cohort_trip_threshold,45.53,derived,Driver-customer pair is an extreme weighted edge in the current analysis window.
4d8d39187efab98e||6da9d9c2099cf547,4d8d39187efab98e,6da9d9c2099cf547,KB-C_EXTREME_VOLUME,18.0,,cohort_trip_threshold,38.58,derived,Driver-customer pair is an extreme weighted edge in the current analysis window.
3f4e7bbe46b6390f||470d65102aeffe46,3f4e7bbe46b6390f,470d65102aeffe46,KB-C_EXTREME_VOLUME,10.0,,cohort_trip_threshold,37.49,derived,Driver-customer pair is an extreme weighted edge in the current analysis window.
2b5f09de0a62950d||6ad20d1d659f9123,2b5f09de0a62950d,6ad20d1d659f9123,KB-C_EXTREME_VOLUME,10.0,,cohort_trip_threshold,29.39,derived,Driver-customer pair is an extreme weighted edge in the current analysis window.
730d8a7145a50272||1a2fbde4f7fe5c8d,730d8a7145a50272,1a2fbde4f7fe5c8d,KB-C_EXTREME_VOLUME,38.0,,cohort_trip_threshold,41.17,derived,Driver-customer pair is an extreme weighted edge in the current analysis window.
ef3d2d8f3923b445||70d7b77d65fed413,ef3d2d8f3923b445,70d7b77d65fed413,KB-C_EXTREME_VOLUME,15.0,,cohort_trip_threshold,42.03,derived,Driver-customer pair is an extreme weighted edge in the current analysis window.
9292c8471f83af23||153a8598743856cd,9292c8471f83af23,153a8598743856cd,KB-C_EXTREME_VOLUME,37.0,,cohort_trip_threshold,38.47,derived,Driver-customer pair is an extreme weighted edge in the current analysis window.
9afb80f6f20596d8||c5be2a654c83452f,9afb80f6f20596d8,c5be2a654c83452f,KB-C_EXTREME_VOLUME,11.0,,cohort_trip_threshold,38.68,derived,Driver-customer pair is an extreme weighted edge in the current analysis window.
a0f20fe5f89c78e1||b81c98b195a255c1,a0f20fe5f89c78e1,b81c98b195a255c1,KB-C_EXTREME_VOLUME,19.0,,cohort_trip_threshold,40.18,derived,Driver-customer pair is an extreme weighted edge in the current analysis window.
ca827a2d76eef6e1||b32d9f45a3737eb7,ca827a2d76eef6e1,b32d9f45a3737eb7,KB-C_EXTREME_VOLUME,7.0,,cohort_trip_threshold,30.6,derived,Driver-customer pair is an extreme weighted edge in the current analysis window.
ccc97fea07ecb8f0||1f72971ff82943b4,ccc97fea07ecb8f0,1f72971ff82943b4,KB-C_EXTREME_VOLUME,10.0,,cohort_trip_threshold,35.11,derived,Driver-customer pair is an extreme weighted edge in the current analysis window.
ccc97fea07ecb8f0||7f624f4c6842d6f1,ccc97fea07ecb8f0,7f624f4c6842d6f1,KB-C_EXTREME_VOLUME,10.0,,cohort_trip_threshold,42.38,derived,Driver-customer pair is an extreme weighted edge in the current analysis window.
4d13f0d3f4f2961a||816c07e5bfe690dd,4d13f0d3f4f2961a,816c07e5bfe690dd,KB-C_EXTREME_VOLUME,6.0,,cohort_trip_threshold,33.38,derived,Driver-customer pair is an extreme weighted edge in the current analysis window.
5d5d90ecd933b136||9660f1d022223b77,5d5d90ecd933b136,9660f1d022223b77,KB-C_EXTREME_VOLUME,6.0,,cohort_trip_threshold,38.86,derived,Driver-customer pair is an extreme weighted edge in the current analysis window.
b7b01139b8f7e77a||c7ecd9a53adc9a28,b7b01139b8f7e77a,c7ecd9a53adc9a28,KB-C_EXTREME_VOLUME,12.0,,cohort_trip_threshold,29.02,derived,Driver-customer pair is an extreme weighted edge in the current analysis window.
2a4e33baa4d7b717||aa780d10917e10db,2a4e33baa4d7b717,aa780d10917e10db,KB-C_EXTREME_VOLUME,26.0,,cohort_trip_threshold,42.62,derived,Driver-customer pair is an extreme weighted edge in the current analysis window.
c6ec51cc2f002740||3f522fe90122f7e5,c6ec51cc2f002740,3f522fe90122f7e5,KB-C_EXTREME_VOLUME,18.0,,cohort_trip_threshold,40.62,derived,Driver-customer pair is an extreme weighted edge in the current analysis window.
2f28f87afe88d7d3||87645955b4aa2133,2f28f87afe88d7d3,87645955b4aa2133,KB-C_EXTREME_VOLUME,9.0,,cohort_trip_threshold,31.49,derived,Driver-customer pair is an extreme weighted edge in the current analysis window.
1fa56b9ab65eded4||cd61d83924c7aec3,1fa56b9ab65eded4,cd61d83924c7aec3,KB-C_EXTREME_VOLUME,8.0,,cohort_trip_threshold,31.41,derived,Driver-customer pair is an extreme weighted edge in the current analysis window.
370cc99f587aa04b||f6584b185af6bc9f,370cc99f587aa04b,f6584b185af6bc9f,KB-C_EXTREME_VOLUME,20.0,,cohort_trip_threshold,37.98,derived,Driver-customer pair is an extreme weighted edge in the current analysis window.
0ea4cd61fa3309a7||3f81d4a275cdff7e,0ea4cd61fa3309a7,3f81d4a275cdff7e,KB-C_EXTREME_VOLUME,5.0,,cohort_trip_threshold,30.58,derived,Driver-customer pair is an extreme weighted edge in the current analysis window.
3bfb0481106c7788||068fdc5f78a29ec9,3bfb0481106c7788,068fdc5f78a29ec9,KB-C_EXTREME_VOLUME,5.0,,cohort_trip_threshold,26.78,derived,Driver-customer pair is an extreme weighted edge in the current analysis window.
8730698cbb22c34b||378fc71eecfff617,8730698cbb22c34b,378fc71eecfff617,KB-C_EXTREME_VOLUME,5.0,,cohort_trip_threshold,24.12,derived,Driver-customer pair is an extreme weighted edge in the current analysis window.
d00c951cfff25c65||933a9872a6925a72,d00c951cfff25c65,933a9872a6925a72,KB-C_EXTREME_VOLUME,5.0,,cohort_trip_threshold,49.84,derived,Driver-customer pair is an extreme weighted edge in the current analysis window.
2c439707c576f4bf||52a662c385ebe6af,2c439707c576f4bf,52a662c385ebe6af,KB-C_EXTREME_VOLUME,23.0,,cohort_trip_threshold,31.08,derived,Driver-customer pair is an extreme weighted edge in the current analysis window.
36b20da0bf12140d||7caed88907e680f7,36b20da0bf12140d,7caed88907e680f7,KB-C_EXTREME_VOLUME,20.0,,cohort_trip_threshold,48.79,derived,Driver-customer pair is an extreme weighted edge in the current analysis window.
2fbce233c3d20308||95818db67de2b839,2fbce233c3d20308,95818db67de2b839,KB-C_EXTREME_VOLUME,2.0,,cohort_trip_threshold,23.06,derived,Driver-customer pair is an extreme weighted edge in the current analysis window.
3607007da42a5c39||94fc35c45f847d70,3607007da42a5c39,94fc35c45f847d70,KB-C_EXTREME_VOLUME,13.0,,cohort_trip_threshold,36.58,derived,Driver-customer pair is an extreme weighted edge in the current analysis window.
3d929cbdb6794e8a||d04d554b7f3fe453,3d929cbdb6794e8a,d04d554b7f3fe453,KB-C_EXTREME_VOLUME,13.0,,cohort_trip_threshold,34.65,derived,Driver-customer pair is an extreme weighted edge in the current analysis window.
af6fce190a6a810b||b0161bc0b50f48af,af6fce190a6a810b,b0161bc0b50f48af,KB-C_EXTREME_VOLUME,9.0,,cohort_trip_threshold,34.84,derived,Driver-customer pair is an extreme weighted edge in the current analysis window.
b9bc6a0e28c86d43||efdcc15b81e20466,b9bc6a0e28c86d43,efdcc15b81e20466,KB-C_EXTREME_VOLUME,21.0,,cohort_trip_threshold,51.46,derived,Driver-customer pair is an extreme weighted edge in the current analysis window.
b98710d185b12a20||5e0e38eb4d9b6bf2,b98710d185b12a20,5e0e38eb4d9b6bf2,KB-C_EXTREME_VOLUME,14.0,,cohort_trip_threshold,34.96,derived,Driver-customer pair is an extreme weighted edge in the current analysis window.
0aeb9779c7afae98||fcb821fd51d3a7b7,0aeb9779c7afae98,fcb821fd51d3a7b7,KB-C_EXTREME_VOLUME,18.0,,cohort_trip_threshold,37.73,derived,Driver-customer pair is an extreme weighted edge in the current analysis window.
86b00492040445a8||9f29631be38c7aeb,86b00492040445a8,9f29631be38c7aeb,KB-C_EXTREME_VOLUME,10.0,,cohort_trip_threshold,31.24,derived,Driver-customer pair is an extreme weighted edge in the current analysis window.
baecb43006dd6035||9e9be59e543f339e,baecb43006dd6035,9e9be59e543f339e,KB-C_EXTREME_VOLUME,6.0,,cohort_trip_threshold,45.98,derived,Driver-customer pair is an extreme weighted edge in the current analysis window.
bafd3fd884342f37||be0e74922b50adf7,bafd3fd884342f37,be0e74922b50adf7,KB-C_EXTREME_VOLUME,15.0,,cohort_trip_threshold,37.95,derived,Driver-customer pair is an extreme weighted edge in the current analysis window.
32badcd099681558||5cb1a5871a5cefff,32badcd099681558,5cb1a5871a5cefff,KB-C_EXTREME_VOLUME,20.0,,cohort_trip_threshold,40.5,derived,Driver-customer pair is an extreme weighted edge in the current analysis window.
3410c6bd309215bc||2ca010925e5b431b,3410c6bd309215bc,2ca010925e5b431b,KB-C_EXTREME_VOLUME,6.0,,cohort_trip_threshold,36.36,derived,Driver-customer pair is an extreme weighted edge in the current analysis window.
9c3a8e1189c0ba0b||26bb9dc3b149ace4,9c3a8e1189c0ba0b,26bb9dc3b149ace4,KB-C_EXTREME_VOLUME,15.0,,cohort_trip_threshold,36.96,derived,Driver-customer pair is an extreme weighted edge in the current analysis window.
dc0bfd38df07b8fd||8dc49c7161a72f54,dc0bfd38df07b8fd,8dc49c7161a72f54,KB-C_EXTREME_VOLUME,21.0,,cohort_trip_threshold,34.59,derived,Driver-customer pair is an extreme weighted edge in the current analysis window.
4d336703f9f91474||248e28e03e358983,4d336703f9f91474,248e28e03e358983,KB-C_EXTREME_VOLUME,19.0,,cohort_trip_threshold,41.77,derived,Driver-customer pair is an extreme weighted edge in the current analysis window.
4c028d88f2be72c6||aa8c4d2bdf82af2f,4c028d88f2be72c6,aa8c4d2bdf82af2f,KB-C_EXTREME_VOLUME,16.0,,cohort_trip_threshold,40.65,derived,Driver-customer pair is an extreme weighted edge in the current analysis window.
0c0b1ddefaa8ab0f||452b716d0b3a162f,0c0b1ddefaa8ab0f,452b716d0b3a162f,KB-C_EXTREME_VOLUME,9.0,,cohort_trip_threshold,33.7,derived,Driver-customer pair is an extreme weighted edge in the current analysis window.
c81cd3f625e08352||dc1b6ce7e2e2b30a,c81cd3f625e08352,dc1b6ce7e2e2b30a,KB-C_EXTREME_VOLUME,14.0,,cohort_trip_threshold,34.59,derived,Driver-customer pair is an extreme weighted edge in the current analysis window.
313a10c7d1982b05||f2e68f23003c9ed2,313a10c7d1982b05,f2e68f23003c9ed2,KB-C_EXTREME_VOLUME,17.0,,cohort_trip_threshold,40.97,derived,Driver-customer pair is an extreme weighted edge in the current analysis window.
132bfddf22175bfe||6b89b83ddcf5519a,132bfddf22175bfe,6b89b83ddcf5519a,KB-C_EXTREME_VOLUME,31.0,,cohort_trip_threshold,36.01,derived,Driver-customer pair is an extreme weighted edge in the current analysis window.
844329ecb0531bb1||2351e3bc21fc765c,844329ecb0531bb1,2351e3bc21fc765c,KB-C_EXTREME_VOLUME,16.0,,cohort_trip_threshold,40.41,derived,Driver-customer pair is an extreme weighted edge in the current analysis window.
f11600ac7d71005e||a407c091345eeb23,f11600ac7d71005e,a407c091345eeb23,KB-C_EXTREME_VOLUME,17.0,,cohort_trip_threshold,40.89,derived,Driver-customer pair is an extreme weighted edge in the current analysis window.
a40be8d52581a6b8||8debac55e996ecd5,a40be8d52581a6b8,8debac55e996ecd5,KB-C_EXTREME_VOLUME,18.0,,cohort_trip_threshold,32.53,derived,Driver-customer pair is an extreme weighted edge in the current analysis window.
452018b3309c26e4||eebd3567fe5f9ad3,452018b3309c26e4,eebd3567fe5f9ad3,KB-C_EXTREME_VOLUME,9.0,,cohort_trip_threshold,31.15,derived,Driver-customer pair is an extreme weighted edge in the current analysis window.
3a3b535f6f5f0885||d6700790a3313207,3a3b535f6f5f0885,d6700790a3313207,KB-C_EXTREME_VOLUME,18.0,,cohort_trip_threshold,36.61,derived,Driver-customer pair is an extreme weighted edge in the current analysis window.
491bddefcd4b8aff||f0813858c9e60ef0,491bddefcd4b8aff,f0813858c9e60ef0,KB-C_EXTREME_VOLUME,15.0,,cohort_trip_threshold,35.35,derived,Driver-customer pair is an extreme weighted edge in the current analysis window.
e34ac002b6259125||5e9e1ed8b60c3afb,e34ac002b6259125,5e9e1ed8b60c3afb,KB-C_EXTREME_VOLUME,17.0,,cohort_trip_threshold,36.32,derived,Driver-customer pair is an extreme weighted edge in the current analysis window.
70017ec5c0095bc2||f32893b61fdddc6d,70017ec5c0095bc2,f32893b61fdddc6d,KB-C_EXTREME_VOLUME,10.0,,cohort_trip_threshold,33.08,derived,Driver-customer pair is an extreme weighted edge in the current analysis window.
43abf3ee522ea4f5||beedd7862e3af650,43abf3ee522ea4f5,beedd7862e3af650,KB-C_EXTREME_VOLUME,6.0,,cohort_trip_threshold,35.55,derived,Driver-customer pair is an extreme weighted edge in the current analysis window.
650e55d8a93e7afa||6018142ad7cd7f3b,650e55d8a93e7afa,6018142ad7cd7f3b,KB-C_EXTREME_VOLUME,10.0,,cohort_trip_threshold,49.65,derived,Driver-customer pair is an extreme weighted edge in the current analysis window.
4a480424ef156a39||e479718a6887b567,4a480424ef156a39,e479718a6887b567,KB-C_EXTREME_VOLUME,15.0,,cohort_trip_threshold,41.5,derived,Driver-customer pair is an extreme weighted edge in the current analysis window.
2e15d12c873909b7||43e5ae30504d3ea9,2e15d12c873909b7,43e5ae30504d3ea9,KB-C_EXTREME_VOLUME,10.0,,cohort_trip_threshold,32.19,derived,Driver-customer pair is an extreme weighted edge in the current analysis window.
e7b7b7e4d87f5ff1||e2ce54a3283a1c24,e7b7b7e4d87f5ff1,e2ce54a3283a1c24,KB-C_EXTREME_VOLUME,17.0,,cohort_trip_threshold,32.03,derived,Driver-customer pair is an extreme weighted edge in the current analysis window.
66c7aeb1cf62f6ed||d06e8b22ff33301d,66c7aeb1cf62f6ed,d06e8b22ff33301d,KB-C_EXTREME_VOLUME,16.0,,cohort_trip_threshold,39.5,derived,Driver-customer pair is an extreme weighted edge in the current analysis window.
371f532054353f4d||45a89afa72f3dafa,371f532054353f4d,45a89afa72f3dafa,KB-C_EXTREME_VOLUME,14.0,,cohort_trip_threshold,36.92,derived,Driver-customer pair is an extreme weighted edge in the current analysis window.
fbbbb10b6d081085||54224f5e12e293d0,fbbbb10b6d081085,54224f5e12e293d0,KB-C_EXTREME_VOLUME,10.0,,cohort_trip_threshold,35.47,derived,Driver-customer pair is an extreme weighted edge in the current analysis window.
287ea75d2779be9a||c35fdf762f8761ea,287ea75d2779be9a,c35fdf762f8761ea,KB-C_EXTREME_VOLUME,15.0,,cohort_trip_threshold,39.15,derived,Driver-customer pair is an extreme weighted edge in the current analysis window.
bf78bede5ffa9b46||a9b21d4a992448e3,bf78bede5ffa9b46,a9b21d4a992448e3,KB-C_EXTREME_VOLUME,10.0,,cohort_trip_threshold,38.24,derived,Driver-customer pair is an extreme weighted edge in the current analysis window.
4d394a3bb49d4dda||c370c0563e6904a5,4d394a3bb49d4dda,c370c0563e6904a5,KB-C_EXTREME_VOLUME,11.0,,cohort_trip_threshold,36.97,derived,Driver-customer pair is an extreme weighted edge in the current analysis window.
e9891eba8f1c5b20||1e3ad0f8ddf700e8,e9891eba8f1c5b20,1e3ad0f8ddf700e8,KB-C_EXTREME_VOLUME,41.0,,cohort_trip_threshold,54.02,derived,Driver-customer pair is an extreme weighted edge in the current analysis window.
e9891eba8f1c5b20||a3b605e8ec38399f,e9891eba8f1c5b20,a3b605e8ec38399f,KB-C_EXTREME_VOLUME,41.0,,cohort_trip_threshold,51.96,derived,Driver-customer pair is an extreme weighted edge in the current analysis window.
be613e5c5da53fe3||b33736fac370b254,be613e5c5da53fe3,b33736fac370b254,KB-C_EXTREME_VOLUME,21.0,,cohort_trip_threshold,41.98,derived,Driver-customer pair is an extreme weighted edge in the current analysis window.
652b8592922e96f3||e101c997cad0b283,652b8592922e96f3,e101c997cad0b283,KB-C_EXTREME_VOLUME,10.0,,cohort_trip_threshold,38.44,derived,Driver-customer pair is an extreme weighted edge in the current analysis window.
2be9e25d886da19b||2c98c2fd2aae189e,2be9e25d886da19b,2c98c2fd2aae189e,KB-C_EXTREME_VOLUME,14.0,,cohort_trip_threshold,41.81,derived,Driver-customer pair is an extreme weighted edge in the current analysis window.
76ff4a95955bd989||08c9138ee0a4d7b4,76ff4a95955bd989,08c9138ee0a4d7b4,KB-C_EXTREME_VOLUME,15.0,,cohort_trip_threshold,39.12,derived,Driver-customer pair is an extreme weighted edge in the current analysis window.
010a09b1c6154a36||a880ab29b5a601f7,010a09b1c6154a36,a880ab29b5a601f7,KB-C_EXTREME_VOLUME,7.0,,cohort_trip_threshold,42.8,derived,Driver-customer pair is an extreme weighted edge in the current analysis window.
d276860fe66c38fa||f7d62fe88cb22576,d276860fe66c38fa,f7d62fe88cb22576,KB-C_EXTREME_VOLUME,10.0,,cohort_trip_threshold,33.59,derived,Driver-customer pair is an extreme weighted edge in the current analysis window.
3300d91acfff3655||110ea1d4b06c8d12,3300d91acfff3655,110ea1d4b06c8d12,KB-C_EXTREME_VOLUME,12.0,,cohort_trip_threshold,26.72,derived,Driver-customer pair is an extreme weighted edge in the current analysis window.
4183330c6902787c||ccc8fdf19f7e82a0,4183330c6902787c,ccc8fdf19f7e82a0,KB-C_EXTREME_VOLUME,18.0,,cohort_trip_threshold,35.99,derived,Driver-customer pair is an extreme weighted edge in the current analysis window.
b8a31febacd9893c||d0592793bf2e1e51,b8a31febacd9893c,d0592793bf2e1e51,KB-C_EXTREME_VOLUME,13.0,,cohort_trip_threshold,29.71,derived,Driver-customer pair is an extreme weighted edge in the current analysis window.
4ff2a9f85ebbea4d||494c26079753736c,4ff2a9f85ebbea4d,494c26079753736c,KB-C_EXTREME_VOLUME,24.0,,cohort_trip_threshold,41.79,derived,Driver-customer pair is an extreme weighted edge in the current analysis window.
328007466e5f67d3||627af4d233376a20,328007466e5f67d3,627af4d233376a20,KB-C_EXTREME_VOLUME,14.0,,cohort_trip_threshold,37.86,derived,Driver-customer pair is an extreme weighted edge in the current analysis window.
52b4c47c2686b807||cd3caac5ec4258bd,52b4c47c2686b807,cd3caac5ec4258bd,KB-C_EXTREME_VOLUME,9.0,,cohort_trip_threshold,29.86,derived,Driver-customer pair is an extreme weighted edge in the current analysis window.
dd9402e53f9c96fa||5a948d06cc280904,dd9402e53f9c96fa,5a948d06cc280904,KB-C_EXTREME_VOLUME,10.0,,cohort_trip_threshold,34.73,derived,Driver-customer pair is an extreme weighted edge in the current analysis window.
0fedf4e7c9b1cf56||9a308266d26976d9,0fedf4e7c9b1cf56,9a308266d26976d9,KB-C_EXTREME_VOLUME,13.0,,cohort_trip_threshold,33.56,derived,Driver-customer pair is an extreme weighted edge in the current analysis window.
9b30aa604e27dd3b||d5dbd466498de3fa,9b30aa604e27dd3b,d5dbd466498de3fa,KB-C_EXTREME_VOLUME,7.0,,cohort_trip_threshold,29.95,derived,Driver-customer pair is an extreme weighted edge in the current analysis window.
cf3e2e37545547d5||007096d0c4ffc89b,cf3e2e37545547d5,007096d0c4ffc89b,KB-C_EXTREME_VOLUME,17.0,,cohort_trip_threshold,38.74,derived,Driver-customer pair is an extreme weighted edge in the current analysis window.
2040d83cb6617c12||fa9e851ad58856f2,2040d83cb6617c12,fa9e851ad58856f2,KB-C_EXTREME_VOLUME,16.0,,cohort_trip_threshold,34.32,derived,Driver-customer pair is an extreme weighted edge in the current analysis window.
19e7dcaf3617ef66||40b01490210ab33a,19e7dcaf3617ef66,40b01490210ab33a,KB-C_EXTREME_VOLUME,8.0,,cohort_trip_threshold,43.8,derived,Driver-customer pair is an extreme weighted edge in the current analysis window.
8850bc58071161cd||fce422f1a7ba6056,8850bc58071161cd,fce422f1a7ba6056,KB-C_EXTREME_VOLUME,9.0,,cohort_trip_threshold,32.1,derived,Driver-customer pair is an extreme weighted edge in the current analysis window.
0663a4e5f31cce75||14382bed3315eb10,0663a4e5f31cce75,14382bed3315eb10,KB-C_EXTREME_VOLUME,7.0,,cohort_trip_threshold,48.32,derived,Driver-customer pair is an extreme weighted edge in the current analysis window.
45646ae41fd495e9||2640eb26008a0c76,45646ae41fd495e9,2640eb26008a0c76,KB-C_EXTREME_VOLUME,17.0,,cohort_trip_threshold,35.73,derived,Driver-customer pair is an extreme weighted edge in the current analysis window.
c96bcf5aae68974c||d49232163ae3fa7e,c96bcf5aae68974c,d49232163ae3fa7e,KB-C_EXTREME_VOLUME,15.0,,cohort_trip_threshold,50.13,derived,Driver-customer pair is an extreme weighted edge in the current analysis window.
028fbed249ea84a7||fa07212df358fc4d,028fbed249ea84a7,fa07212df358fc4d,KB-C_EXTREME_VOLUME,14.0,,cohort_trip_threshold,41.99,derived,Driver-customer pair is an extreme weighted edge in the current analysis window.
b0692d930907a2b8||3fd6bfc86ff9272c,b0692d930907a2b8,3fd6bfc86ff9272c,KB-C_EXTREME_VOLUME,11.0,,cohort_trip_threshold,32.4,derived,Driver-customer pair is an extreme weighted edge in the current analysis window.
4d1dfe8bdae58f25||13a9a77bc8f90df4,4d1dfe8bdae58f25,13a9a77bc8f90df4,KB-C_EXTREME_VOLUME,8.0,,cohort_trip_threshold,31.08,derived,Driver-customer pair is an extreme weighted edge in the current analysis window.
b6d2d1c3be4e4d03||e53e84077e8463e4,b6d2d1c3be4e4d03,e53e84077e8463e4,KB-C_EXTREME_VOLUME,8.0,,cohort_trip_threshold,29.6,derived,Driver-customer pair is an extreme weighted edge in the current analysis window.
178ce65c2b777486||f02be47f0e6c8d92,178ce65c2b777486,f02be47f0e6c8d92,KB-C_EXTREME_VOLUME,14.0,,cohort_trip_threshold,36.29,derived,Driver-customer pair is an extreme weighted edge in the current analysis window.
eb5cedf22d30e7de||57681aef60ed1225,eb5cedf22d30e7de,57681aef60ed1225,KB-C_EXTREME_VOLUME,14.0,,cohort_trip_threshold,38.62,derived,Driver-customer pair is an extreme weighted edge in the current analysis window.
59b38d9591c2e606||844e1126f23438f7,59b38d9591c2e606,844e1126f23438f7,KB-C_EXTREME_VOLUME,15.0,,cohort_trip_threshold,36.44,derived,Driver-customer pair is an extreme weighted edge in the current analysis window.
dccf040c097d49eb||3860aaeae32bb541,dccf040c097d49eb,3860aaeae32bb541,KB-C_EXTREME_VOLUME,13.0,,cohort_trip_threshold,36.0,derived,Driver-customer pair is an extreme weighted edge in the current analysis window.
be2abdcdef98bb69||b3ad04538fb6a4ce,be2abdcdef98bb69,b3ad04538fb6a4ce,KB-C_EXTREME_VOLUME,17.0,,cohort_trip_threshold,37.46,derived,Driver-customer pair is an extreme weighted edge in the current analysis window.
c94e4b673c64d8ce||e4a1601dadb6083d,c94e4b673c64d8ce,e4a1601dadb6083d,KB-C_EXTREME_VOLUME,18.0,,cohort_trip_threshold,34.71,derived,Driver-customer pair is an extreme weighted edge in the current analysis window.
6d6875b9cbd40747||ce1f82fec833006e,6d6875b9cbd40747,ce1f82fec833006e,KB-C_EXTREME_VOLUME,8.0,,cohort_trip_threshold,34.27,derived,Driver-customer pair is an extreme weighted edge in the current analysis window.
52bb40464ca3351a||0171800a12484460,52bb40464ca3351a,0171800a12484460,KB-C_EXTREME_VOLUME,5.0,,cohort_trip_threshold,24.09,derived,Driver-customer pair is an extreme weighted edge in the current analysis window.
ca3ce4cb6ccd7a99||7c0e480226522a02,ca3ce4cb6ccd7a99,7c0e480226522a02,KB-C_EXTREME_VOLUME,5.0,,cohort_trip_threshold,34.3,derived,Driver-customer pair is an extreme weighted edge in the current analysis window.
af34b6cdd43a7866||85aae838958cb6ba,af34b6cdd43a7866,85aae838958cb6ba,KB-C_EXTREME_VOLUME,16.0,,cohort_trip_threshold,37.89,derived,Driver-customer pair is an extreme weighted edge in the current analysis window.
4e42f3c56094b892||1a2463e5a3c7ecf6,4e42f3c56094b892,1a2463e5a3c7ecf6,KB-C_EXTREME_VOLUME,11.0,,cohort_trip_threshold,32.37,derived,Driver-customer pair is an extreme weighted edge in the current analysis window.
353372fca9a86c2a||aa8a1e169553d044,353372fca9a86c2a,aa8a1e169553d044,KB-C_EXTREME_VOLUME,15.0,,cohort_trip_threshold,60.18,derived,Driver-customer pair is an extreme weighted edge in the current analysis window.
4a1571cb61a96e4b||f1f7b282abaa3432,4a1571cb61a96e4b,f1f7b282abaa3432,KB-C_EXTREME_VOLUME,8.0,,cohort_trip_threshold,27.62,derived,Driver-customer pair is an extreme weighted edge in the current analysis window.
e9fc0c58cff62eed||754168b720cffc7a,e9fc0c58cff62eed,754168b720cffc7a,KB-C_EXTREME_VOLUME,11.0,,cohort_trip_threshold,34.68,derived,Driver-customer pair is an extreme weighted edge in the current analysis window.
58ddeae5d9ed9ee9||58f152179c095aab,58ddeae5d9ed9ee9,58f152179c095aab,KB-C_EXTREME_VOLUME,8.0,,cohort_trip_threshold,29.17,derived,Driver-customer pair is an extreme weighted edge in the current analysis window.
d9a7507255954fad||fc4334ab43bf084b,d9a7507255954fad,fc4334ab43bf084b,KB-C_EXTREME_VOLUME,6.0,,cohort_trip_threshold,28.2,derived,Driver-customer pair is an extreme weighted edge in the current analysis window.
2c53eabfab91812d||125568dc94ce0dd2,2c53eabfab91812d,125568dc94ce0dd2,KB-C_EXTREME_VOLUME,15.0,,cohort_trip_threshold,35.58,derived,Driver-customer pair is an extreme weighted edge in the current analysis window.
2255046ed025b196||b03cfccbe2c23ade,2255046ed025b196,b03cfccbe2c23ade,KB-C_EXTREME_VOLUME,13.0,,cohort_trip_threshold,35.88,derived,Driver-customer pair is an extreme weighted edge in the current analysis window.
854088f65e6a95a0||adadbaad06724c4d,854088f65e6a95a0,adadbaad06724c4d,KB-C_EXTREME_VOLUME,12.0,,cohort_trip_threshold,35.92,derived,Driver-customer pair is an extreme weighted edge in the current analysis window.
bb422d8c987b31e8||43acf4c2a350b216,bb422d8c987b31e8,43acf4c2a350b216,KB-C_EXTREME_VOLUME,8.0,,cohort_trip_threshold,31.96,derived,Driver-customer pair is an extreme weighted edge in the current analysis window.
320ed8f631b13be4||8d06009465dc96b0,320ed8f631b13be4,8d06009465dc96b0,KB-C_EXTREME_VOLUME,16.0,,cohort_trip_threshold,48.24,derived,Driver-customer pair is an extreme weighted edge in the current analysis window.
78283aec611fa5de||f8227a389fc20425,78283aec611fa5de,f8227a389fc20425,KB-C_EXTREME_VOLUME,19.0,,cohort_trip_threshold,42.78,derived,Driver-customer pair is an extreme weighted edge in the current analysis window.
7877207ad71f7d47||327c830bdc3f6299,7877207ad71f7d47,327c830bdc3f6299,KB-C_EXTREME_VOLUME,28.0,,cohort_trip_threshold,41.81,derived,Driver-customer pair is an extreme weighted edge in the current analysis window.
66062133e6bc719d||d4552c269de518ad,66062133e6bc719d,d4552c269de518ad,KB-C_EXTREME_VOLUME,14.0,,cohort_trip_threshold,36.58,derived,Driver-customer pair is an extreme weighted edge in the current analysis window.
9cab892ccb1cd9f6||58efadb936d67148,9cab892ccb1cd9f6,58efadb936d67148,KB-C_EXTREME_VOLUME,19.0,,cohort_trip_threshold,59.24,derived,Driver-customer pair is an extreme weighted edge in the current analysis window.
14ae1cac060cbb39||042cad997463a534,14ae1cac060cbb39,042cad997463a534,KB-C_EXTREME_VOLUME,14.0,,cohort_trip_threshold,36.95,derived,Driver-customer pair is an extreme weighted edge in the current analysis window.
8de71771e0641730||d0321dc4bb59daa3,8de71771e0641730,d0321dc4bb59daa3,KB-C_EXTREME_VOLUME,18.0,,cohort_trip_threshold,37.46,derived,Driver-customer pair is an extreme weighted edge in the current analysis window.
9ee7fab3ec5c367b||7b1064b3577bdf4e,9ee7fab3ec5c367b,7b1064b3577bdf4e,KB-C_EXTREME_VOLUME,6.0,,cohort_trip_threshold,30.14,derived,Driver-customer pair is an extreme weighted edge in the current analysis window.
e0b74e9fda5b1515||a19523ae8b17153c,e0b74e9fda5b1515,a19523ae8b17153c,KB-C_EXTREME_VOLUME,18.0,,cohort_trip_threshold,57.3,derived,Driver-customer pair is an extreme weighted edge in the current analysis window.
ccc97fea07ecb8f0||b98d8c1cda352543,ccc97fea07ecb8f0,b98d8c1cda352543,KB-C_EXTREME_VOLUME,9.0,,cohort_trip_threshold,31.58,derived,Driver-customer pair is an extreme weighted edge in the current analysis window.
98737bb550e65941||8ddfc14298af2f2d,98737bb550e65941,8ddfc14298af2f2d,KB-C_EXTREME_VOLUME,11.0,,cohort_trip_threshold,30.0,derived,Driver-customer pair is an extreme weighted edge in the current analysis window.
0f185e2f6ec86a9f||c3a8346607148635,0f185e2f6ec86a9f,c3a8346607148635,KB-C_EXTREME_VOLUME,9.0,,cohort_trip_threshold,35.48,derived,Driver-customer pair is an extreme weighted edge in the current analysis window.
9d52bcfd284a0527||2dc6f2eb9763101e,9d52bcfd284a0527,2dc6f2eb9763101e,KB-C_EXTREME_VOLUME,6.0,,cohort_trip_threshold,29.92,derived,Driver-customer pair is an extreme weighted edge in the current analysis window.
1d25f688de1957d4||8586cecd053b7130,1d25f688de1957d4,8586cecd053b7130,KB-C_EXTREME_VOLUME,17.0,,cohort_trip_threshold,38.32,derived,Driver-customer pair is an extreme weighted edge in the current analysis window.
a35114f61101aec4||98fa8bf060e2819a,a35114f61101aec4,98fa8bf060e2819a,KB-C_EXTREME_VOLUME,18.0,,cohort_trip_threshold,40.71,derived,Driver-customer pair is an extreme weighted edge in the current analysis window.
0bf082f03493aa7d||7cc88af856bbdba1,0bf082f03493aa7d,7cc88af856bbdba1,KB-C_EXTREME_VOLUME,16.0,,cohort_trip_threshold,36.59,derived,Driver-customer pair is an extreme weighted edge in the current analysis window.
b31a30724e9259bf||460a30d2c470fa59,b31a30724e9259bf,460a30d2c470fa59,KB-C_EXTREME_VOLUME,14.0,,cohort_trip_threshold,35.9,derived,Driver-customer pair is an extreme weighted edge in the current analysis window.
28f2080e11a0e123||1ad2644245065bb2,28f2080e11a0e123,1ad2644245065bb2,KB-C_EXTREME_VOLUME,9.0,,cohort_trip_threshold,30.98,derived,Driver-customer pair is an extreme weighted edge in the current analysis window.
87b439d43ff9bd0d||79413888bdac346a,87b439d43ff9bd0d,79413888bdac346a,KB-C_EXTREME_VOLUME,8.0,,cohort_trip_threshold,34.18,derived,Driver-customer pair is an extreme weighted edge in the current analysis window.
25e96bf2f9769d21||41399a6ca198ec94,25e96bf2f9769d21,41399a6ca198ec94,KB-C_EXTREME_VOLUME,15.0,,cohort_trip_threshold,36.17,derived,Driver-customer pair is an extreme weighted edge in the current analysis window.
3a1a343b6da1a07f||1d1770a2a94ea51f,3a1a343b6da1a07f,1d1770a2a94ea51f,KB-C_EXTREME_VOLUME,9.0,,cohort_trip_threshold,40.21,derived,Driver-customer pair is an extreme weighted edge in the current analysis window.
3a1a343b6da1a07f||4cfad80b132acb13,3a1a343b6da1a07f,4cfad80b132acb13,KB-C_EXTREME_VOLUME,9.0,,cohort_trip_threshold,37.1,derived,Driver-customer pair is an extreme weighted edge in the current analysis window.
3a1a343b6da1a07f||e95e8b3daa92536a,3a1a343b6da1a07f,e95e8b3daa92536a,KB-C_EXTREME_VOLUME,9.0,,cohort_trip_threshold,28.42,derived,Driver-customer pair is an extreme weighted edge in the current analysis window.
95c3d85379e4787d||8672543422f319ed,95c3d85379e4787d,8672543422f319ed,KB-C_EXTREME_VOLUME,9.0,,cohort_trip_threshold,29.94,derived,Driver-customer pair is an extreme weighted edge in the current analysis window.
95c3d85379e4787d||8878639857122790,95c3d85379e4787d,8878639857122790,KB-C_EXTREME_VOLUME,9.0,,cohort_trip_threshold,37.24,derived,Driver-customer pair is an extreme weighted edge in the current analysis window.
5964fc96a608a97f||dd24c0dc0c0f57e7,5964fc96a608a97f,dd24c0dc0c0f57e7,KB-C_EXTREME_VOLUME,7.0,,cohort_trip_threshold,30.26,derived,Driver-customer pair is an extreme weighted edge in the current analysis window.
f42c9fe0bd6f7641||ab8ae1ae3465a170,f42c9fe0bd6f7641,ab8ae1ae3465a170,KB-C_EXTREME_VOLUME,18.0,,cohort_trip_threshold,38.39,derived,Driver-customer pair is an extreme weighted edge in the current analysis window.
2e147e69e2137259||eb6b8588d4c03ab5,2e147e69e2137259,eb6b8588d4c03ab5,KB-C_EXTREME_VOLUME,7.0,,cohort_trip_threshold,29.11,derived,Driver-customer pair is an extreme weighted edge in the current analysis window.
1f0f4372b9c9ff4f||3474b5368d3ce5c3,1f0f4372b9c9ff4f,3474b5368d3ce5c3,KB-C_EXTREME_VOLUME,8.0,,cohort_trip_threshold,30.82,derived,Driver-customer pair is an extreme weighted edge in the current analysis window.
d6d311b542894bbd||f5f8069ad4a3d08e,d6d311b542894bbd,f5f8069ad4a3d08e,KB-C_EXTREME_VOLUME,22.0,,cohort_trip_threshold,33.42,derived,Driver-customer pair is an extreme weighted edge in the current analysis window.
4bcc3ef710a62ec7||327bcfc8413e8d45,4bcc3ef710a62ec7,327bcfc8413e8d45,KB-C_EXTREME_VOLUME,18.0,,cohort_trip_threshold,42.02,derived,Driver-customer pair is an extreme weighted edge in the current analysis window.
5fbb2c6c07479dac||977b42a8363c208a,5fbb2c6c07479dac,977b42a8363c208a,KB-C_EXTREME_VOLUME,19.0,,cohort_trip_threshold,41.94,derived,Driver-customer pair is an extreme weighted edge in the current analysis window.
5afc920ca3d0cf6f||dea94a7823caef81,5afc920ca3d0cf6f,dea94a7823caef81,KB-C_EXTREME_VOLUME,10.0,,cohort_trip_threshold,30.58,derived,Driver-customer pair is an extreme weighted edge in the current analysis window.
6ad475396a0f590d||dcc163197ddebc45,6ad475396a0f590d,dcc163197ddebc45,KB-C_EXTREME_VOLUME,13.0,,cohort_trip_threshold,40.41,derived,Driver-customer pair is an extreme weighted edge in the current analysis window.
6f1c127db9a96df5||274edc6bcbc79dbd,6f1c127db9a96df5,274edc6bcbc79dbd,KB-C_EXTREME_VOLUME,11.0,,cohort_trip_threshold,27.65,derived,Driver-customer pair is an extreme weighted edge in the current analysis window.
8a20bbaf3ba2d17c||7b5eb00ba7180b29,8a20bbaf3ba2d17c,7b5eb00ba7180b29,KB-C_EXTREME_VOLUME,9.0,,cohort_trip_threshold,28.4,derived,Driver-customer pair is an extreme weighted edge in the current analysis window.
0ff4754dd2197da9||814ff718cbc40d33,0ff4754dd2197da9,814ff718cbc40d33,KB-C_EXTREME_VOLUME,16.0,,cohort_trip_threshold,36.75,derived,Driver-customer pair is an extreme weighted edge in the current analysis window.
70e6be43ef2f72ee||f0de9b54817b4337,70e6be43ef2f72ee,f0de9b54817b4337,KB-C_EXTREME_VOLUME,9.0,,cohort_trip_threshold,50.7,derived,Driver-customer pair is an extreme weighted edge in the current analysis window.
5871c8dd9278df10||8f8a6c77ae9bbdb1,5871c8dd9278df10,8f8a6c77ae9bbdb1,KB-C_EXTREME_VOLUME,7.0,,cohort_trip_threshold,33.14,derived,Driver-customer pair is an extreme weighted edge in the current analysis window.
748814dd3894d064||65b6d832da89127e,748814dd3894d064,65b6d832da89127e,KB-C_EXTREME_VOLUME,8.0,,cohort_trip_threshold,30.24,derived,Driver-customer pair is an extreme weighted edge in the current analysis window.
96edf80250e13e6b||48f2ff4f28a57bf5,96edf80250e13e6b,48f2ff4f28a57bf5,KB-C_EXTREME_VOLUME,13.0,,cohort_trip_threshold,35.3,derived,Driver-customer pair is an extreme weighted edge in the current analysis window.
eb33f405230b27b4||0aa9959d0f5862f0,eb33f405230b27b4,0aa9959d0f5862f0,KB-C_EXTREME_VOLUME,16.0,,cohort_trip_threshold,38.12,derived,Driver-customer pair is an extreme weighted edge in the current analysis window.
279ab1e3612b0866||b3b00203aeed9047,279ab1e3612b0866,b3b00203aeed9047,KB-C_EXTREME_VOLUME,15.0,,cohort_trip_threshold,38.11,derived,Driver-customer pair is an extreme weighted edge in the current analysis window.
13b3f9366f3ebc04||b5133db1614a00fb,13b3f9366f3ebc04,b5133db1614a00fb,KB-C_EXTREME_VOLUME,7.0,,cohort_trip_threshold,50.51,derived,Driver-customer pair is an extreme weighted edge in the current analysis window.
9eb52f768dc73fe0||4982cf473c0781a2,9eb52f768dc73fe0,4982cf473c0781a2,KB-C_EXTREME_VOLUME,13.0,,cohort_trip_threshold,35.04,derived,Driver-customer pair is an extreme weighted edge in the current analysis window.
1bba076cd6d26e94||9e85f0e92906432a,1bba076cd6d26e94,9e85f0e92906432a,KB-C_EXTREME_VOLUME,15.0,,cohort_trip_threshold,35.85,derived,Driver-customer pair is an extreme weighted edge in the current analysis window.
074c0a1a95a80e0f||32126b8e9460e944,074c0a1a95a80e0f,32126b8e9460e944,KB-C_EXTREME_VOLUME,10.0,,cohort_trip_threshold,29.89,derived,Driver-customer pair is an extreme weighted edge in the current analysis window.
5573ee7f7a679d61||a87209c4140de65f,5573ee7f7a679d61,a87209c4140de65f,KB-C_EXTREME_VOLUME,9.0,,cohort_trip_threshold,36.23,derived,Driver-customer pair is an extreme weighted edge in the current analysis window.
86f2028f78051ca8||3b63c964c58af414,86f2028f78051ca8,3b63c964c58af414,KB-C_EXTREME_VOLUME,19.0,,cohort_trip_threshold,39.68,derived,Driver-customer pair is an extreme weighted edge in the current analysis window.
22be75d00698ecdd||a2a5e09f444e8ba6,22be75d00698ecdd,a2a5e09f444e8ba6,KB-C_EXTREME_VOLUME,14.0,,cohort_trip_threshold,34.23,derived,Driver-customer pair is an extreme weighted edge in the current analysis window.
4cc9b4bc717127fa||34d037ce454b832d,4cc9b4bc717127fa,34d037ce454b832d,KB-C_EXTREME_VOLUME,11.0,,cohort_trip_threshold,45.59,derived,Driver-customer pair is an extreme weighted edge in the current analysis window.
6c8e364fb0fb7829||fe6b99a9acd39e52,6c8e364fb0fb7829,fe6b99a9acd39e52,KB-C_EXTREME_VOLUME,12.0,,cohort_trip_threshold,31.72,derived,Driver-customer pair is an extreme weighted edge in the current analysis window.
b4979f90270db452||6464beeccd421562,b4979f90270db452,6464beeccd421562,KB-C_EXTREME_VOLUME,5.0,,cohort_trip_threshold,25.34,derived,Driver-customer pair is an extreme weighted edge in the current analysis window.
5b7daf7c08837444||356868f472eebca9,5b7daf7c08837444,356868f472eebca9,KB-C_EXTREME_VOLUME,11.0,,cohort_trip_threshold,36.69,derived,Driver-customer pair is an extreme weighted edge in the current analysis window.
ba7b05d7e38cb371||074e1b3a3c9bdff9,ba7b05d7e38cb371,074e1b3a3c9bdff9,KB-C_EXTREME_VOLUME,8.0,,cohort_trip_threshold,28.96,derived,Driver-customer pair is an extreme weighted edge in the current analysis window.
8b2774ab97315ac7||ab8e0a800213895f,8b2774ab97315ac7,ab8e0a800213895f,KB-C_EXTREME_VOLUME,19.0,,cohort_trip_threshold,41.94,derived,Driver-customer pair is an extreme weighted edge in the current analysis window.
b050dcf14f1ea16b||ecbbbf180bf44066,b050dcf14f1ea16b,ecbbbf180bf44066,KB-C_EXTREME_VOLUME,8.0,,cohort_trip_threshold,37.21,derived,Driver-customer pair is an extreme weighted edge in the current analysis window.
8065d3e5794703d9||3486cecb3fd26f52,8065d3e5794703d9,3486cecb3fd26f52,KB-C_EXTREME_VOLUME,8.0,,cohort_trip_threshold,33.51,derived,Driver-customer pair is an extreme weighted edge in the current analysis window.
35025122ec406f4c||fd4ccd9f0b236f14,35025122ec406f4c,fd4ccd9f0b236f14,KB-C_EXTREME_VOLUME,15.0,,cohort_trip_threshold,49.26,derived,Driver-customer pair is an extreme weighted edge in the current analysis window.
e1bbb777ab016b34||ee14a26f4f2bd8a6,e1bbb777ab016b34,ee14a26f4f2bd8a6,KB-C_EXTREME_VOLUME,13.0,,cohort_trip_threshold,32.99,derived,Driver-customer pair is an extreme weighted edge in the current analysis window.
58ce52240f942777||99b278f8d0d3a519,58ce52240f942777,99b278f8d0d3a519,KB-C_EXTREME_VOLUME,14.0,,cohort_trip_threshold,35.16,derived,Driver-customer pair is an extreme weighted edge in the current analysis window.
dfe0318e974a21a2||5cf8d6a7d016849d,dfe0318e974a21a2,5cf8d6a7d016849d,KB-C_EXTREME_VOLUME,15.0,,cohort_trip_threshold,35.98,derived,Driver-customer pair is an extreme weighted edge in the current analysis window.
e6e6f1eeca41b758||758918d13b76771c,e6e6f1eeca41b758,758918d13b76771c,KB-C_EXTREME_VOLUME,15.0,,cohort_trip_threshold,32.92,derived,Driver-customer pair is an extreme weighted edge in the current analysis window.
dd9402e53f9c96fa||5e98d27120abfab8,dd9402e53f9c96fa,5e98d27120abfab8,KB-C_EXTREME_VOLUME,9.0,,cohort_trip_threshold,38.82,derived,Driver-customer pair is an extreme weighted edge in the current analysis window.
c57fba9059d3f8ff||d2f76316544aa013,c57fba9059d3f8ff,d2f76316544aa013,KB-C_EXTREME_VOLUME,21.0,,cohort_trip_threshold,38.84,derived,Driver-customer pair is an extreme weighted edge in the current analysis window.
206fc67c5c70c132||eca48e09fe1c764e,206fc67c5c70c132,eca48e09fe1c764e,KB-C_EXTREME_VOLUME,8.0,,cohort_trip_threshold,33.52,derived,Driver-customer pair is an extreme weighted edge in the current analysis window.
3aa6486ca4662309||e2af592f514c0bc7,3aa6486ca4662309,e2af592f514c0bc7,KB-C_EXTREME_VOLUME,16.0,,cohort_trip_threshold,36.63,derived,Driver-customer pair is an extreme weighted edge in the current analysis window.
70d4f57c9ee8e48c||a6e3356bc0832d13,70d4f57c9ee8e48c,a6e3356bc0832d13,KB-C_EXTREME_VOLUME,6.0,,cohort_trip_threshold,31.87,derived,Driver-customer pair is an extreme weighted edge in the current analysis window.
6e3cfcbb3637352f||0421073502dc4de3,6e3cfcbb3637352f,0421073502dc4de3,KB-C_EXTREME_VOLUME,13.0,,cohort_trip_threshold,34.57,derived,Driver-customer pair is an extreme weighted edge in the current analysis window.
6794c356c62ee295||b5b16267f246e304,6794c356c62ee295,b5b16267f246e304,KB-C_EXTREME_VOLUME,12.0,,cohort_trip_threshold,35.74,derived,Driver-customer pair is an extreme weighted edge in the current analysis window.
e39758ed23ceed25||03d522514f757de6,e39758ed23ceed25,03d522514f757de6,KB-C_EXTREME_VOLUME,16.0,,cohort_trip_threshold,38.02,derived,Driver-customer pair is an extreme weighted edge in the current analysis window.
2910c4f254ea60bd||0e121ac15e2bd29e,2910c4f254ea60bd,0e121ac15e2bd29e,KB-C_EXTREME_VOLUME,14.0,,cohort_trip_threshold,32.95,derived,Driver-customer pair is an extreme weighted edge in the current analysis window.
3d4f802713c3360a||f9438ac8952d4d2c,3d4f802713c3360a,f9438ac8952d4d2c,KB-C_EXTREME_VOLUME,10.0,,cohort_trip_threshold,30.9,derived,Driver-customer pair is an extreme weighted edge in the current analysis window.
705ba66d48fe866f||3362612e0ac6c0b8,705ba66d48fe866f,3362612e0ac6c0b8,KB-C_EXTREME_VOLUME,7.0,,cohort_trip_threshold,36.2,derived,Driver-customer pair is an extreme weighted edge in the current analysis window.
711598cb25c2e934||2aa74bdf9a6549fc,711598cb25c2e934,2aa74bdf9a6549fc,KB-C_EXTREME_VOLUME,6.0,,cohort_trip_threshold,46.12,derived,Driver-customer pair is an extreme weighted edge in the current analysis window.
0d4e6a1fbb6e4209||f7d55a3b09a730c2,0d4e6a1fbb6e4209,f7d55a3b09a730c2,KB-C_EXTREME_VOLUME,15.0,,cohort_trip_threshold,36.01,derived,Driver-customer pair is an extreme weighted edge in the current analysis window.
589d33a70ab5e04a||01f06e857dd18378,589d33a70ab5e04a,01f06e857dd18378,KB-C_EXTREME_VOLUME,17.0,,cohort_trip_threshold,33.06,derived,Driver-customer pair is an extreme weighted edge in the current analysis window.
2b6aadf01c25e2e5||08490e53f550dbe2,2b6aadf01c25e2e5,08490e53f550dbe2,KB-C_EXTREME_VOLUME,13.0,,cohort_trip_threshold,35.17,derived,Driver-customer pair is an extreme weighted edge in the current analysis window.
2da48c0402bb90f0||a98e3633e484c2be,2da48c0402bb90f0,a98e3633e484c2be,KB-C_EXTREME_VOLUME,18.0,,cohort_trip_threshold,37.86,derived,Driver-customer pair is an extreme weighted edge in the current analysis window.
37a43fd1ecbd760b||0065f5452113e361,37a43fd1ecbd760b,0065f5452113e361,KB-C_EXTREME_VOLUME,20.0,,cohort_trip_threshold,36.92,derived,Driver-customer pair is an extreme weighted edge in the current analysis window.
7002509aee1d9147||c229d95a762ad6b8,7002509aee1d9147,c229d95a762ad6b8,KB-C_EXTREME_VOLUME,7.0,,cohort_trip_threshold,36.6,derived,Driver-customer pair is an extreme weighted edge in the current analysis window.
32badcd099681558||befaa249391a6b22,32badcd099681558,befaa249391a6b22,KB-C_EXTREME_VOLUME,17.0,,cohort_trip_threshold,38.85,derived,Driver-customer pair is an extreme weighted edge in the current analysis window.
40e8b2b6fd21499d||ae2a2d16b2a6b97e,40e8b2b6fd21499d,ae2a2d16b2a6b97e,KB-C_EXTREME_VOLUME,10.0,,cohort_trip_threshold,35.32,derived,Driver-customer pair is an extreme weighted edge in the current analysis window.
97c56cfe14c0dd05||fb2d8233b4054fc8,97c56cfe14c0dd05,fb2d8233b4054fc8,KB-C_EXTREME_VOLUME,15.0,,cohort_trip_threshold,44.61,derived,Driver-customer pair is an extreme weighted edge in the current analysis window.
85654f10768c51ae||75a8d4ae5c228a6e,85654f10768c51ae,75a8d4ae5c228a6e,KB-C_EXTREME_VOLUME,10.0,,cohort_trip_threshold,29.92,derived,Driver-customer pair is an extreme weighted edge in the current analysis window.
ae925eff1acae228||55947691094f7ccd,ae925eff1acae228,55947691094f7ccd,KB-C_EXTREME_VOLUME,6.0,,cohort_trip_threshold,29.01,derived,Driver-customer pair is an extreme weighted edge in the current analysis window.
8ad1147b16fde64e||560151d68dddda5b,8ad1147b16fde64e,560151d68dddda5b,KB-C_EXTREME_VOLUME,14.0,,cohort_trip_threshold,40.01,derived,Driver-customer pair is an extreme weighted edge in the current analysis window.
92dbea63fb69e80c||0716fa74a14e23f0,92dbea63fb69e80c,0716fa74a14e23f0,KB-C_EXTREME_VOLUME,8.0,,cohort_trip_threshold,36.58,derived,Driver-customer pair is an extreme weighted edge in the current analysis window.
a9cb4d1421e551ae||c2a1c6469aed45b5,a9cb4d1421e551ae,c2a1c6469aed45b5,KB-C_EXTREME_VOLUME,10.0,,cohort_trip_threshold,28.78,derived,Driver-customer pair is an extreme weighted edge in the current analysis window.
68dd22cfe4da8da6||fe3fb6676be70d4d,68dd22cfe4da8da6,fe3fb6676be70d4d,KB-C_EXTREME_VOLUME,8.0,,cohort_trip_threshold,45.69,derived,Driver-customer pair is an extreme weighted edge in the current analysis window.
3ca82051dae8889d||ed63a68bf56f0f11,3ca82051dae8889d,ed63a68bf56f0f11,KB-C_EXTREME_VOLUME,13.0,,cohort_trip_threshold,36.56,derived,Driver-customer pair is an extreme weighted edge in the current analysis window.
ad6d70206f6eb82b||e69c694a3cf5f137,ad6d70206f6eb82b,e69c694a3cf5f137,KB-C_EXTREME_VOLUME,5.0,,cohort_trip_threshold,22.77,derived,Driver-customer pair is an extreme weighted edge in the current analysis window.
f17c8d7ebe2761ca||486d3a9e30d31325,f17c8d7ebe2761ca,486d3a9e30d31325,KB-C_EXTREME_VOLUME,8.0,,cohort_trip_threshold,28.64,derived,Driver-customer pair is an extreme weighted edge in the current analysis window.
fd6dd4c76b499da6||f963331cc75dcd74,fd6dd4c76b499da6,f963331cc75dcd74,KB-C_EXTREME_VOLUME,13.0,,cohort_trip_threshold,33.03,derived,Driver-customer pair is an extreme weighted edge in the current analysis window.
957312fe5fbc36a9||750e9aaedd7714db,957312fe5fbc36a9,750e9aaedd7714db,KB-C_EXTREME_VOLUME,11.0,,cohort_trip_threshold,32.8,derived,Driver-customer pair is an extreme weighted edge in the current analysis window.
15537ff2073454df||004f58f1dedbc207,15537ff2073454df,004f58f1dedbc207,KB-C_EXTREME_VOLUME,20.0,,cohort_trip_threshold,41.87,derived,Driver-customer pair is an extreme weighted edge in the current analysis window.
7d4c5974885068e4||192f43aafe8959e1,7d4c5974885068e4,192f43aafe8959e1,KB-C_EXTREME_VOLUME,7.0,,cohort_trip_threshold,36.97,derived,Driver-customer pair is an extreme weighted edge in the current analysis window.
47e0425985d09d08||606e0b8e88dd7fc9,47e0425985d09d08,606e0b8e88dd7fc9,KB-C_EXTREME_VOLUME,15.0,,cohort_trip_threshold,37.66,derived,Driver-customer pair is an extreme weighted edge in the current analysis window.
684afe9aa03b3fd7||0f64d7cde764ee73,684afe9aa03b3fd7,0f64d7cde764ee73,KB-C_EXTREME_VOLUME,14.0,,cohort_trip_threshold,35.01,derived,Driver-customer pair is an extreme weighted edge in the current analysis window.
9a7501e0e1519ba1||bee9dc5d7cede483,9a7501e0e1519ba1,bee9dc5d7cede483,KB-C_EXTREME_VOLUME,14.0,,cohort_trip_threshold,32.18,derived,Driver-customer pair is an extreme weighted edge in the current analysis window.
6f009210ed337adf||ab9e6b79ee87b76d,6f009210ed337adf,ab9e6b79ee87b76d,KB-C_EXTREME_VOLUME,13.0,,cohort_trip_threshold,34.81,derived,Driver-customer pair is an extreme weighted edge in the current analysis window.
da8e83827bcf93c1||9eb5bfa08c8c3564,da8e83827bcf93c1,9eb5bfa08c8c3564,KB-C_EXTREME_VOLUME,8.0,,cohort_trip_threshold,31.71,derived,Driver-customer pair is an extreme weighted edge in the current analysis window.
a137af2f9bba00ff||70603247eb9ab05d,a137af2f9bba00ff,70603247eb9ab05d,KB-C_EXTREME_VOLUME,16.0,,cohort_trip_threshold,38.07,derived,Driver-customer pair is an extreme weighted edge in the current analysis window.
6da2f3bc67076d42||782b2d8772d03c02,6da2f3bc67076d42,782b2d8772d03c02,KB-C_EXTREME_VOLUME,13.0,,cohort_trip_threshold,38.44,derived,Driver-customer pair is an extreme weighted edge in the current analysis window.
b882282bd90226ad||8adf1c6636351166,b882282bd90226ad,8adf1c6636351166,KB-C_EXTREME_VOLUME,5.0,,cohort_trip_threshold,27.59,derived,Driver-customer pair is an extreme weighted edge in the current analysis window.
28d7620a273e4c47||8c24479810f02da7,28d7620a273e4c47,8c24479810f02da7,KB-C_EXTREME_VOLUME,13.0,,cohort_trip_threshold,27.47,derived,Driver-customer pair is an extreme weighted edge in the current analysis window.
97a708cbd97cdd31||ce4ff589b341b997,97a708cbd97cdd31,ce4ff589b341b997,KB-C_EXTREME_VOLUME,7.0,,cohort_trip_threshold,31.22,derived,Driver-customer pair is an extreme weighted edge in the current analysis window.
9bbb47d9d1a4f1ea||fb66cb5ad70138f1,9bbb47d9d1a4f1ea,fb66cb5ad70138f1,KB-C_EXTREME_VOLUME,9.0,,cohort_trip_threshold,32.67,derived,Driver-customer pair is an extreme weighted edge in the current analysis window.
c57fba9059d3f8ff||3661770eeab93f8a,c57fba9059d3f8ff,3661770eeab93f8a,KB-C_EXTREME_VOLUME,20.0,,cohort_trip_threshold,40.15,derived,Driver-customer pair is an extreme weighted edge in the current analysis window.
5e1375169a59617b||330d423933b6c447,5e1375169a59617b,330d423933b6c447,KB-C_EXTREME_VOLUME,8.0,,cohort_trip_threshold,54.97,derived,Driver-customer pair is an extreme weighted edge in the current analysis window.
5e1375169a59617b||a9a2f493c3290054,5e1375169a59617b,a9a2f493c3290054,KB-C_EXTREME_VOLUME,8.0,,cohort_trip_threshold,54.55,derived,Driver-customer pair is an extreme weighted edge in the current analysis window.
692ad67d675af131||2c530297e415a5a3,692ad67d675af131,2c530297e415a5a3,KB-C_EXTREME_VOLUME,26.0,,cohort_trip_threshold,42.15,derived,Driver-customer pair is an extreme weighted edge in the current analysis window.
0bdc8165b8f96bbd||74ba914bd03224fc,0bdc8165b8f96bbd,74ba914bd03224fc,KB-C_EXTREME_VOLUME,19.0,,cohort_trip_threshold,34.97,derived,Driver-customer pair is an extreme weighted edge in the current analysis window.
facdb1c5cca43b03||6c77749b2d117c6e,facdb1c5cca43b03,6c77749b2d117c6e,KB-C_EXTREME_VOLUME,7.0,,cohort_trip_threshold,29.67,derived,Driver-customer pair is an extreme weighted edge in the current analysis window.
50bc1b26b1430ed3||863b2404c215d8f3,50bc1b26b1430ed3,863b2404c215d8f3,KB-C_EXTREME_VOLUME,6.0,,cohort_trip_threshold,45.54,derived,Driver-customer pair is an extreme weighted edge in the current analysis window.
4230d5648795a720||ee2a022fa0f90244,4230d5648795a720,ee2a022fa0f90244,KB-C_EXTREME_VOLUME,9.0,,cohort_trip_threshold,30.08,derived,Driver-customer pair is an extreme weighted edge in the current analysis window.
e6639b984db3f3d3||67fee7c3f1f84ea6,e6639b984db3f3d3,67fee7c3f1f84ea6,KB-C_EXTREME_VOLUME,8.0,,cohort_trip_threshold,34.45,derived,Driver-customer pair is an extreme weighted edge in the current analysis window.
c907c79469596b17||56a6ededb9407209,c907c79469596b17,56a6ededb9407209,KB-C_EXTREME_VOLUME,14.0,,cohort_trip_threshold,34.68,derived,Driver-customer pair is an extreme weighted edge in the current analysis window.
4a9b5a08e2b79265||a714005453feb5cd,4a9b5a08e2b79265,a714005453feb5cd,KB-C_EXTREME_VOLUME,6.0,,cohort_trip_threshold,28.87,derived,Driver-customer pair is an extreme weighted edge in the current analysis window.
ccc97fea07ecb8f0||1d0e01deb1feda04,ccc97fea07ecb8f0,1d0e01deb1feda04,KB-C_EXTREME_VOLUME,8.0,,cohort_trip_threshold,40.96,derived,Driver-customer pair is an extreme weighted edge in the current analysis window.
66dd5b3dfb231422||8d91b0580ce55a9d,66dd5b3dfb231422,8d91b0580ce55a9d,KB-C_EXTREME_VOLUME,6.0,,cohort_trip_threshold,29.42,derived,Driver-customer pair is an extreme weighted edge in the current analysis window.
4d8f4ba43d7fb772||2c59f1240546c41f,4d8f4ba43d7fb772,2c59f1240546c41f,KB-C_EXTREME_VOLUME,5.0,,cohort_trip_threshold,28.51,derived,Driver-customer pair is an extreme weighted edge in the current analysis window.
90d3f22e2e86871d||b4e2c2a7a87240bd,90d3f22e2e86871d,b4e2c2a7a87240bd,KB-C_EXTREME_VOLUME,9.0,,cohort_trip_threshold,31.43,derived,Driver-customer pair is an extreme weighted edge in the current analysis window.
f144e1282624dd2b||31c2b93f047c0e93,f144e1282624dd2b,31c2b93f047c0e93,KB-C_EXTREME_VOLUME,6.0,,cohort_trip_threshold,28.73,derived,Driver-customer pair is an extreme weighted edge in the current analysis window.
534a4085defc7432||245034b2d2c0fab0,534a4085defc7432,245034b2d2c0fab0,KB-C_EXTREME_VOLUME,8.0,,cohort_trip_threshold,28.78,derived,Driver-customer pair is an extreme weighted edge in the current analysis window.
74cc88f45f2ad484||189019567278fd53,74cc88f45f2ad484,189019567278fd53,KB-C_EXTREME_VOLUME,17.0,,cohort_trip_threshold,36.63,derived,Driver-customer pair is an extreme weighted edge in the current analysis window.
38b1d1ce9081e11f||e2ce0537b92e4bed,38b1d1ce9081e11f,e2ce0537b92e4bed,KB-C_EXTREME_VOLUME,13.0,,cohort_trip_threshold,48.84,derived,Driver-customer pair is an extreme weighted edge in the current analysis window.
6eb49672601e7d87||a22e9360ba6acfe0,6eb49672601e7d87,a22e9360ba6acfe0,KB-C_EXTREME_VOLUME,8.0,,cohort_trip_threshold,29.69,derived,Driver-customer pair is an extreme weighted edge in the current analysis window.
3da30a00bfee20b5||d4483acb85a880a8,3da30a00bfee20b5,d4483acb85a880a8,KB-C_EXTREME_VOLUME,8.0,,cohort_trip_threshold,50.34,derived,Driver-customer pair is an extreme weighted edge in the current analysis window.
870ba91aab7f7c69||0eae48df2c58eadb,870ba91aab7f7c69,0eae48df2c58eadb,KB-C_EXTREME_VOLUME,23.0,,cohort_trip_threshold,37.83,derived,Driver-customer pair is an extreme weighted edge in the current analysis window.
870ba91aab7f7c69||1c24aadb9afd7525,870ba91aab7f7c69,1c24aadb9afd7525,KB-C_EXTREME_VOLUME,23.0,,cohort_trip_threshold,35.74,derived,Driver-customer pair is an extreme weighted edge in the current analysis window.
bc3b1a8d20cdf985||2105548c6e668c8f,bc3b1a8d20cdf985,2105548c6e668c8f,KB-C_EXTREME_VOLUME,13.0,,cohort_trip_threshold,31.5,derived,Driver-customer pair is an extreme weighted edge in the current analysis window.
ff59c7693ef03da7||1e3204b632cc4eed,ff59c7693ef03da7,1e3204b632cc4eed,KB-C_EXTREME_VOLUME,5.0,,cohort_trip_threshold,27.91,derived,Driver-customer pair is an extreme weighted edge in the current analysis window.
605000e1daf17adc||160faee82f940340,605000e1daf17adc,160faee82f940340,KB-C_EXTREME_VOLUME,14.0,,cohort_trip_threshold,28.37,derived,Driver-customer pair is an extreme weighted edge in the current analysis window.
d405caa22868a485||00493aca7d995da7,d405caa22868a485,00493aca7d995da7,KB-C_EXTREME_VOLUME,5.0,,cohort_trip_threshold,34.08,derived,Driver-customer pair is an extreme weighted edge in the current analysis window.
454d87d9b9a8f2e1||c9f8d549cd941596,454d87d9b9a8f2e1,c9f8d549cd941596,KB-C_EXTREME_VOLUME,8.0,,cohort_trip_threshold,29.77,derived,Driver-customer pair is an extreme weighted edge in the current analysis window.
a73017a147e64b26||d144311a2cf32da2,a73017a147e64b26,d144311a2cf32da2,KB-C_EXTREME_VOLUME,13.0,,cohort_trip_threshold,36.6,derived,Driver-customer pair is an extreme weighted edge in the current analysis window.
858e5a82186c62f8||d12d96a7692ca882,858e5a82186c62f8,d12d96a7692ca882,KB-C_EXTREME_VOLUME,12.0,,cohort_trip_threshold,34.28,derived,Driver-customer pair is an extreme weighted edge in the current analysis window.
9e3273818904e074||bb08017e459a3c4c,9e3273818904e074,bb08017e459a3c4c,KB-C_EXTREME_VOLUME,21.0,,cohort_trip_threshold,38.78,derived,Driver-customer pair is an extreme weighted edge in the current analysis window.
42932c9ad9844315||020c1de442b69ee1,42932c9ad9844315,020c1de442b69ee1,KB-C_EXTREME_VOLUME,6.0,,cohort_trip_threshold,29.88,derived,Driver-customer pair is an extreme weighted edge in the current analysis window.
789b406448489862||61f2c36368b77aa4,789b406448489862,61f2c36368b77aa4,KB-C_EXTREME_VOLUME,14.0,,cohort_trip_threshold,33.96,derived,Driver-customer pair is an extreme weighted edge in the current analysis window.
fac5b0e9c2a37bd2||e0aea622eb155ece,fac5b0e9c2a37bd2,e0aea622eb155ece,KB-C_EXTREME_VOLUME,8.0,,cohort_trip_threshold,28.36,derived,Driver-customer pair is an extreme weighted edge in the current analysis window.
7edb3f29d30d0d5d||b708b47087d2e257,7edb3f29d30d0d5d,b708b47087d2e257,KB-C_EXTREME_VOLUME,8.0,,cohort_trip_threshold,29.13,derived,Driver-customer pair is an extreme weighted edge in the current analysis window.
9fb988ef52ae11e9||9998a0eb8d4be05f,9fb988ef52ae11e9,9998a0eb8d4be05f,KB-C_EXTREME_VOLUME,7.0,,cohort_trip_threshold,46.28,derived,Driver-customer pair is an extreme weighted edge in the current analysis window.
7e99b26f5c47fe67||af5e195f902fa804,7e99b26f5c47fe67,af5e195f902fa804,KB-C_EXTREME_VOLUME,12.0,,cohort_trip_threshold,33.92,derived,Driver-customer pair is an extreme weighted edge in the current analysis window.
4375a5b1c56ce10f||0a0c45b34cfaef19,4375a5b1c56ce10f,0a0c45b34cfaef19,KB-C_EXTREME_VOLUME,5.0,,cohort_trip_threshold,27.8,derived,Driver-customer pair is an extreme weighted edge in the current analysis window.
53bb575b49b813ef||02836bfb7087dc81,53bb575b49b813ef,02836bfb7087dc81,KB-C_EXTREME_VOLUME,14.0,,cohort_trip_threshold,37.2,derived,Driver-customer pair is an extreme weighted edge in the current analysis window.
2d422951453434d0||335a9d5e21dbda86,2d422951453434d0,335a9d5e21dbda86,KB-C_EXTREME_VOLUME,17.0,,cohort_trip_threshold,42.36,derived,Driver-customer pair is an extreme weighted edge in the current analysis window.
0ca261636670f836||bb698724338bb243,0ca261636670f836,bb698724338bb243,KB-C_EXTREME_VOLUME,6.0,,cohort_trip_threshold,28.54,derived,Driver-customer pair is an extreme weighted edge in the current analysis window.
2255046ed025b196||f5af1ad0b516ac81,2255046ed025b196,f5af1ad0b516ac81,KB-C_EXTREME_VOLUME,11.0,,cohort_trip_threshold,34.86,derived,Driver-customer pair is an extreme weighted edge in the current analysis window.
5573ee7f7a679d61||f4898043b1a9e2a8,5573ee7f7a679d61,f4898043b1a9e2a8,KB-C_EXTREME_VOLUME,8.0,,cohort_trip_threshold,29.54,derived,Driver-customer pair is an extreme weighted edge in the current analysis window.
a8e702a70a4c6b85||6969d56f0f05aab0,a8e702a70a4c6b85,6969d56f0f05aab0,KB-C_EXTREME_VOLUME,13.0,,cohort_trip_threshold,33.61,derived,Driver-customer pair is an extreme weighted edge in the current analysis window.
c46e8951be6a9d43||6e7048d3242c872c,c46e8951be6a9d43,6e7048d3242c872c,KB-C_EXTREME_VOLUME,4.0,,cohort_trip_threshold,20.8,derived,Driver-customer pair is an extreme weighted edge in the current analysis window.
43237be72d37c8d6||f97bec636a2c45ba,43237be72d37c8d6,f97bec636a2c45ba,KB-C_EXTREME_VOLUME,12.0,,cohort_trip_threshold,42.24,derived,Driver-customer pair is an extreme weighted edge in the current analysis window.
1fc58a96be3d7762||fbf69f5f1aed4c9b,1fc58a96be3d7762,fbf69f5f1aed4c9b,KB-C_EXTREME_VOLUME,14.0,,cohort_trip_threshold,33.24,derived,Driver-customer pair is an extreme weighted edge in the current analysis window.
250335eeec9709f8||b5b35b73755a02c8,250335eeec9709f8,b5b35b73755a02c8,KB-C_EXTREME_VOLUME,8.0,,cohort_trip_threshold,34.22,derived,Driver-customer pair is an extreme weighted edge in the current analysis window.
f9b924fee4f5c8f4||06ec40ceaaaa3cf5,f9b924fee4f5c8f4,06ec40ceaaaa3cf5,KB-C_EXTREME_VOLUME,7.0,,cohort_trip_threshold,40.05,derived,Driver-customer pair is an extreme weighted edge in the current analysis window.
ff09814f87b4926a||539fff0eaa00568b,ff09814f87b4926a,539fff0eaa00568b,KB-C_EXTREME_VOLUME,8.0,,cohort_trip_threshold,29.05,derived,Driver-customer pair is an extreme weighted edge in the current analysis window.
f61a58ec541feb8e||80302e958f3120c0,f61a58ec541feb8e,80302e958f3120c0,KB-C_EXTREME_VOLUME,13.0,,cohort_trip_threshold,38.62,derived,Driver-customer pair is an extreme weighted edge in the current analysis window.
2dbeeee06945b91e||0d856e4054e29711,2dbeeee06945b91e,0d856e4054e29711,KB-C_EXTREME_VOLUME,15.0,,cohort_trip_threshold,33.39,derived,Driver-customer pair is an extreme weighted edge in the current analysis window.
79a3ea967c192df6||4b33e022aee7e60e,79a3ea967c192df6,4b33e022aee7e60e,KB-C_EXTREME_VOLUME,14.0,,cohort_trip_threshold,37.28,derived,Driver-customer pair is an extreme weighted edge in the current analysis window.
652b8592922e96f3||9652f7b45471f22f,652b8592922e96f3,9652f7b45471f22f,KB-C_EXTREME_VOLUME,8.0,,cohort_trip_threshold,35.74,derived,Driver-customer pair is an extreme weighted edge in the current analysis window.
652b8592922e96f3||d01acdaf46e9450d,652b8592922e96f3,d01acdaf46e9450d,KB-C_EXTREME_VOLUME,8.0,,cohort_trip_threshold,35.36,derived,Driver-customer pair is an extreme weighted edge in the current analysis window.
bd3c80d409a424c0||92f0f694139b7c75,bd3c80d409a424c0,92f0f694139b7c75,KB-C_EXTREME_VOLUME,9.0,,cohort_trip_threshold,35.34,derived,Driver-customer pair is an extreme weighted edge in the current analysis window.
f7ac1d15b970368e||1c20a7406aae6558,f7ac1d15b970368e,1c20a7406aae6558,KB-C_EXTREME_VOLUME,7.0,,cohort_trip_threshold,33.45,derived,Driver-customer pair is an extreme weighted edge in the current analysis window.
2efafc3df8ec482a||bd4d252c736454d0,2efafc3df8ec482a,bd4d252c736454d0,KB-C_EXTREME_VOLUME,9.0,,cohort_trip_threshold,33.51,derived,Driver-customer pair is an extreme weighted edge in the current analysis window.
5b5bb13a5366a27a||9f1a3a155f0e7716,5b5bb13a5366a27a,9f1a3a155f0e7716,KB-C_EXTREME_VOLUME,7.0,,cohort_trip_threshold,27.58,derived,Driver-customer pair is an extreme weighted edge in the current analysis window.
8ff14940328ee52e||6ff214165311a34e,8ff14940328ee52e,6ff214165311a34e,KB-C_EXTREME_VOLUME,13.0,,cohort_trip_threshold,35.84,derived,Driver-customer pair is an extreme weighted edge in the current analysis window.
8f4dea845f423389||fc8de0e669e5caaa,8f4dea845f423389,fc8de0e669e5caaa,KB-C_EXTREME_VOLUME,16.0,,cohort_trip_threshold,36.86,derived,Driver-customer pair is an extreme weighted edge in the current analysis window.
7f2119568be70fe4||1b9563d67172632d,7f2119568be70fe4,1b9563d67172632d,KB-C_EXTREME_VOLUME,15.0,,cohort_trip_threshold,38.21,derived,Driver-customer pair is an extreme weighted edge in the current analysis window.
2849e546f4f1343f||5eb1eef4448d8ad5,2849e546f4f1343f,5eb1eef4448d8ad5,KB-C_EXTREME_VOLUME,15.0,,cohort_trip_threshold,32.86,derived,Driver-customer pair is an extreme weighted edge in the current analysis window.
69a69f25d633f854||3019c6707e81d408,69a69f25d633f854,3019c6707e81d408,KB-C_EXTREME_VOLUME,5.0,,cohort_trip_threshold,27.45,derived,Driver-customer pair is an extreme weighted edge in the current analysis window.
98b992f260c5b1ba||084301efd8b013dd,98b992f260c5b1ba,084301efd8b013dd,KB-C_EXTREME_VOLUME,6.0,,cohort_trip_threshold,28.8,derived,Driver-customer pair is an extreme weighted edge in the current analysis window.
d91c8fa8d753f707||fcdf8c9a697e4473,d91c8fa8d753f707,fcdf8c9a697e4473,KB-C_EXTREME_VOLUME,6.0,,cohort_trip_threshold,32.15,derived,Driver-customer pair is an extreme weighted edge in the current analysis window.
8a7825d07937e0f2||091a95f67f3cff11,8a7825d07937e0f2,091a95f67f3cff11,KB-C_EXTREME_VOLUME,7.0,,cohort_trip_threshold,43.51,derived,Driver-customer pair is an extreme weighted edge in the current analysis window.
bda92b40b3e4107c||b1fb6b76871ea033,bda92b40b3e4107c,b1fb6b76871ea033,KB-C_EXTREME_VOLUME,8.0,,cohort_trip_threshold,28.16,derived,Driver-customer pair is an extreme weighted edge in the current analysis window.
275ab998b756efca||e0f08dfa9ee49c28,275ab998b756efca,e0f08dfa9ee49c28,KB-C_EXTREME_VOLUME,17.0,,cohort_trip_threshold,37.26,derived,Driver-customer pair is an extreme weighted edge in the current analysis window.
dbb5cf2ac846d73a||376226dcf502e3c4,dbb5cf2ac846d73a,376226dcf502e3c4,KB-C_EXTREME_VOLUME,9.0,,cohort_trip_threshold,28.56,derived,Driver-customer pair is an extreme weighted edge in the current analysis window.
2beb8bc4fa739f61||6e9a33cd01620b60,2beb8bc4fa739f61,6e9a33cd01620b60,KB-C_EXTREME_VOLUME,10.0,,cohort_trip_threshold,27.94,derived,Driver-customer pair is an extreme weighted edge in the current analysis window.
56996bf7015e93b3||35e04ff5bf0e4a27,56996bf7015e93b3,35e04ff5bf0e4a27,KB-C_EXTREME_VOLUME,6.0,,cohort_trip_threshold,26.42,derived,Driver-customer pair is an extreme weighted edge in the current analysis window.
fd8f85752182d748||ebdd194dd3ca8269,fd8f85752182d748,ebdd194dd3ca8269,KB-C_EXTREME_VOLUME,7.0,,cohort_trip_threshold,21.83,derived,Driver-customer pair is an extreme weighted edge in the current analysis window.
cd59873621be424a||f29702aaeb3d0255,cd59873621be424a,f29702aaeb3d0255,KB-C_EXTREME_VOLUME,9.0,,cohort_trip_threshold,25.02,derived,Driver-customer pair is an extreme weighted edge in the current analysis window.
7831fd5f6b853394||1430df6773391a12,7831fd5f6b853394,1430df6773391a12,KB-C_EXTREME_VOLUME,10.0,,cohort_trip_threshold,29.35,derived,Driver-customer pair is an extreme weighted edge in the current analysis window.
8ab5d5d00b85a7c8||9e530fb7701ce6b4,8ab5d5d00b85a7c8,9e530fb7701ce6b4,KB-C_EXTREME_VOLUME,7.0,,cohort_trip_threshold,45.41,derived,Driver-customer pair is an extreme weighted edge in the current analysis window.
3446f4fec6585027||194539e134a71784,3446f4fec6585027,194539e134a71784,KB-C_EXTREME_VOLUME,8.0,,cohort_trip_threshold,37.5,derived,Driver-customer pair is an extreme weighted edge in the current analysis window.
61d79a3c8c23bbbd||039cadfa5f97235d,61d79a3c8c23bbbd,039cadfa5f97235d,KB-C_EXTREME_VOLUME,14.0,,cohort_trip_threshold,33.63,derived,Driver-customer pair is an extreme weighted edge in the current analysis window.
0d898a9ca555ba40||3da9e6d556f739a8,0d898a9ca555ba40,3da9e6d556f739a8,KB-C_EXTREME_VOLUME,8.0,,cohort_trip_threshold,35.64,derived,Driver-customer pair is an extreme weighted edge in the current analysis window.
ca4d4da357abddda||f7179197d33da6ba,ca4d4da357abddda,f7179197d33da6ba,KB-C_EXTREME_VOLUME,12.0,,cohort_trip_threshold,29.44,derived,Driver-customer pair is an extreme weighted edge in the current analysis window.
102987cb8f0505af||1109a2c29856cb82,102987cb8f0505af,1109a2c29856cb82,KB-C_EXTREME_VOLUME,13.0,,cohort_trip_threshold,28.12,derived,Driver-customer pair is an extreme weighted edge in the current analysis window.
d69f6d6739baff20||63e68af526192dd7,d69f6d6739baff20,63e68af526192dd7,KB-C_EXTREME_VOLUME,14.0,,cohort_trip_threshold,37.26,derived,Driver-customer pair is an extreme weighted edge in the current analysis window.
32a2195c767c7982||18250c2a855d0b21,32a2195c767c7982,18250c2a855d0b21,KB-C_EXTREME_VOLUME,11.0,,cohort_trip_threshold,28.87,derived,Driver-customer pair is an extreme weighted edge in the current analysis window.
ac5ad23248702f61||0f4911491200ddd9,ac5ad23248702f61,0f4911491200ddd9,KB-C_EXTREME_VOLUME,8.0,,cohort_trip_threshold,54.52,derived,Driver-customer pair is an extreme weighted edge in the current analysis window.
eb233480251d3ca0||9b4d8e39d9df8dc3,eb233480251d3ca0,9b4d8e39d9df8dc3,KB-C_EXTREME_VOLUME,3.0,,cohort_trip_threshold,27.0,derived,Driver-customer pair is an extreme weighted edge in the current analysis window.
3e5e8a17641c1338||1bbe3266a75939a2,3e5e8a17641c1338,1bbe3266a75939a2,KB-C_EXTREME_VOLUME,14.0,,cohort_trip_threshold,37.34,derived,Driver-customer pair is an extreme weighted edge in the current analysis window.
14878ee0ee3f303a||d8a4f010475ca367,14878ee0ee3f303a,d8a4f010475ca367,KB-C_EXTREME_VOLUME,7.0,,cohort_trip_threshold,31.63,derived,Driver-customer pair is an extreme weighted edge in the current analysis window.
b7c7e00774c78e09||7ceaba9c4a509d38,b7c7e00774c78e09,7ceaba9c4a509d38,KB-C_EXTREME_VOLUME,7.0,,cohort_trip_threshold,32.65,derived,Driver-customer pair is an extreme weighted edge in the current analysis window.
d7a7beeef6c028db||31981c9468edfcf1,d7a7beeef6c028db,31981c9468edfcf1,KB-C_EXTREME_VOLUME,12.0,,cohort_trip_threshold,33.46,derived,Driver-customer pair is an extreme weighted edge in the current analysis window.
73c7a926ed8a8581||28ceb71d20eaf0e2,73c7a926ed8a8581,28ceb71d20eaf0e2,KB-C_EXTREME_VOLUME,13.0,,cohort_trip_threshold,36.86,derived,Driver-customer pair is an extreme weighted edge in the current analysis window.
7ba994a848259164||094974d2ca7708a2,7ba994a848259164,094974d2ca7708a2,KB-C_EXTREME_VOLUME,5.0,,cohort_trip_threshold,29.16,derived,Driver-customer pair is an extreme weighted edge in the current analysis window.
5b990734fad04368||0546eb5ffc908d92,5b990734fad04368,0546eb5ffc908d92,KB-C_EXTREME_VOLUME,4.0,,cohort_trip_threshold,20.39,derived,Driver-customer pair is an extreme weighted edge in the current analysis window.
8af83f94c769bedf||a9533a4ae581f5dc,8af83f94c769bedf,a9533a4ae581f5dc,KB-C_EXTREME_VOLUME,6.0,,cohort_trip_threshold,39.77,derived,Driver-customer pair is an extreme weighted edge in the current analysis window.
9af9b853ff39f969||16db2e791fea3597,9af9b853ff39f969,16db2e791fea3597,KB-C_EXTREME_VOLUME,6.0,,cohort_trip_threshold,29.25,derived,Driver-customer pair is an extreme weighted edge in the current analysis window.
b15882f9507e3db4||a3491b0e56560be6,b15882f9507e3db4,a3491b0e56560be6,KB-C_EXTREME_VOLUME,6.0,,cohort_trip_threshold,20.28,derived,Driver-customer pair is an extreme weighted edge in the current analysis window.
839d5cb0b950b8b6||aea74677eb7b687a,839d5cb0b950b8b6,aea74677eb7b687a,KB-C_EXTREME_VOLUME,6.0,,cohort_trip_threshold,33.31,derived,Driver-customer pair is an extreme weighted edge in the current analysis window.
dfdceb4c45091eb8||af995e80c55879c6,dfdceb4c45091eb8,af995e80c55879c6,KB-C_EXTREME_VOLUME,15.0,,cohort_trip_threshold,38.42,derived,Driver-customer pair is an extreme weighted edge in the current analysis window.
5a53b9681461213b||3744551dfcea9858,5a53b9681461213b,3744551dfcea9858,KB-C_EXTREME_VOLUME,8.0,,cohort_trip_threshold,27.35,derived,Driver-customer pair is an extreme weighted edge in the current analysis window.
a80d35fa935e9d6b||ce836c8261dfa1ee,a80d35fa935e9d6b,ce836c8261dfa1ee,KB-C_EXTREME_VOLUME,6.0,,cohort_trip_threshold,22.62,derived,Driver-customer pair is an extreme weighted edge in the current analysis window.
f224ccb5c79efda4||517cb1c68c5b60a2,f224ccb5c79efda4,517cb1c68c5b60a2,KB-C_EXTREME_VOLUME,6.0,,cohort_trip_threshold,31.23,derived,Driver-customer pair is an extreme weighted edge in the current analysis window.
f5d16c59104fbed7||2c7192581a1b6e85,f5d16c59104fbed7,2c7192581a1b6e85,KB-C_EXTREME_VOLUME,8.0,,cohort_trip_threshold,52.86,derived,Driver-customer pair is an extreme weighted edge in the current analysis window.
fb0b033a50e3bed6||040d3feeb3796301,fb0b033a50e3bed6,040d3feeb3796301,KB-C_EXTREME_VOLUME,6.0,,cohort_trip_threshold,39.84,derived,Driver-customer pair is an extreme weighted edge in the current analysis window.
84d5c74e77a65995||9affe0b55f70bd78,84d5c74e77a65995,9affe0b55f70bd78,KB-C_EXTREME_VOLUME,13.0,,cohort_trip_threshold,43.04,derived,Driver-customer pair is an extreme weighted edge in the current analysis window.
9cab892ccb1cd9f6||d938b03bbf02a6df,9cab892ccb1cd9f6,d938b03bbf02a6df,KB-C_EXTREME_VOLUME,16.0,,cohort_trip_threshold,59.76,derived,Driver-customer pair is an extreme weighted edge in the current analysis window.
0470e3a2603d64f3||3cc75c90d11581f3,0470e3a2603d64f3,3cc75c90d11581f3,KB-C_EXTREME_VOLUME,11.0,,cohort_trip_threshold,31.14,derived,Driver-customer pair is an extreme weighted edge in the current analysis window.
6e1712bbb3a091ce||d7f842d2688efd0f,6e1712bbb3a091ce,d7f842d2688efd0f,KB-C_EXTREME_VOLUME,19.0,,cohort_trip_threshold,31.35,derived,Driver-customer pair is an extreme weighted edge in the current analysis window.
94f7539734ddaf6d||342e60f508457974,94f7539734ddaf6d,342e60f508457974,KB-C_EXTREME_VOLUME,10.0,,cohort_trip_threshold,27.78,derived,Driver-customer pair is an extreme weighted edge in the current analysis window.
a24474e4bfcc1780||7c24e5e8fd3fc794,a24474e4bfcc1780,7c24e5e8fd3fc794,KB-C_EXTREME_VOLUME,12.0,,cohort_trip_threshold,33.42,derived,Driver-customer pair is an extreme weighted edge in the current analysis window.
19d17ddee09f2ddb||38df400eae8e4ee7,19d17ddee09f2ddb,38df400eae8e4ee7,KB-C_EXTREME_VOLUME,7.0,,cohort_trip_threshold,30.51,derived,Driver-customer pair is an extreme weighted edge in the current analysis window.
937395bd0d780d1b||17f32c92778a6ca1,937395bd0d780d1b,17f32c92778a6ca1,KB-C_EXTREME_VOLUME,7.0,,cohort_trip_threshold,21.7,derived,Driver-customer pair is an extreme weighted edge in the current analysis window.
00cd69049675d990||aa787e5a40314cd8,00cd69049675d990,aa787e5a40314cd8,KB-C_EXTREME_VOLUME,12.0,,cohort_trip_threshold,34.61,derived,Driver-customer pair is an extreme weighted edge in the current analysis window.
c968bf9489c87726||77c04f0f562956d4,c968bf9489c87726,77c04f0f562956d4,KB-C_EXTREME_VOLUME,13.0,,cohort_trip_threshold,33.06,derived,Driver-customer pair is an extreme weighted edge in the current analysis window.
0763f3a49af2bd45||9d5cf5ac26eae3ef,0763f3a49af2bd45,9d5cf5ac26eae3ef,KB-C_EXTREME_VOLUME,5.0,,cohort_trip_threshold,44.84,derived,Driver-customer pair is an extreme weighted edge in the current analysis window.
8c88c8a08e04240d||9fdd6c40919b4165,8c88c8a08e04240d,9fdd6c40919b4165,KB-C_EXTREME_VOLUME,13.0,,cohort_trip_threshold,36.02,derived,Driver-customer pair is an extreme weighted edge in the current analysis window.
8d717e376b332867||f28a04f2561d587f,8d717e376b332867,f28a04f2561d587f,KB-C_EXTREME_VOLUME,6.0,,cohort_trip_threshold,35.15,derived,Driver-customer pair is an extreme weighted edge in the current analysis window.
b882edf7bdef614c||657c1c5c6599174c,b882edf7bdef614c,657c1c5c6599174c,KB-C_EXTREME_VOLUME,6.0,,cohort_trip_threshold,39.85,derived,Driver-customer pair is an extreme weighted edge in the current analysis window.
23d3ef6857ec2002||459ff184530a243b,23d3ef6857ec2002,459ff184530a243b,KB-C_EXTREME_VOLUME,8.0,,cohort_trip_threshold,35.02,derived,Driver-customer pair is an extreme weighted edge in the current analysis window.
7f41ff36879c6044||8fd1655efdf5e1d6,7f41ff36879c6044,8fd1655efdf5e1d6,KB-C_EXTREME_VOLUME,7.0,,cohort_trip_threshold,31.99,derived,Driver-customer pair is an extreme weighted edge in the current analysis window.
870ba91aab7f7c69||66bb4776832b9421,870ba91aab7f7c69,66bb4776832b9421,KB-C_EXTREME_VOLUME,21.0,,cohort_trip_threshold,35.54,derived,Driver-customer pair is an extreme weighted edge in the current analysis window.
42192623c4cd3aca||a7b1a9ebc0e589a2,42192623c4cd3aca,a7b1a9ebc0e589a2,KB-C_EXTREME_VOLUME,7.0,,cohort_trip_threshold,25.14,derived,Driver-customer pair is an extreme weighted edge in the current analysis window.
95dba031c4bd1682||acdf74c1b0a3916e,95dba031c4bd1682,acdf74c1b0a3916e,KB-C_EXTREME_VOLUME,13.0,,cohort_trip_threshold,42.88,derived,Driver-customer pair is an extreme weighted edge in the current analysis window.
95479e6cd7d7d3cb||70f099cf6f3c11ea,95479e6cd7d7d3cb,70f099cf6f3c11ea,KB-C_EXTREME_VOLUME,13.0,,cohort_trip_threshold,31.19,derived,Driver-customer pair is an extreme weighted edge in the current analysis window.
68a065ef160a8a65||ca854947ee9251a0,68a065ef160a8a65,ca854947ee9251a0,KB-C_EXTREME_VOLUME,15.0,,cohort_trip_threshold,36.12,derived,Driver-customer pair is an extreme weighted edge in the current analysis window.
8658a9a880655c9d||7d432808c8df6caa,8658a9a880655c9d,7d432808c8df6caa,KB-C_EXTREME_VOLUME,6.0,,cohort_trip_threshold,31.96,derived,Driver-customer pair is an extreme weighted edge in the current analysis window.
5a781a0c0cd00e5b||6dbcf6227537fd3e,5a781a0c0cd00e5b,6dbcf6227537fd3e,KB-C_EXTREME_VOLUME,5.0,,cohort_trip_threshold,26.17,derived,Driver-customer pair is an extreme weighted edge in the current analysis window.
6212be3d4a5ac8ad||f14a85e7302611d3,6212be3d4a5ac8ad,f14a85e7302611d3,KB-C_EXTREME_VOLUME,5.0,,cohort_trip_threshold,20.46,derived,Driver-customer pair is an extreme weighted edge in the current analysis window.
b336ed1eac895397||c6443e387c434c63,b336ed1eac895397,c6443e387c434c63,KB-C_EXTREME_VOLUME,5.0,,cohort_trip_threshold,40.65,derived,Driver-customer pair is an extreme weighted edge in the current analysis window.
d035b167af1a51ee||34c1a09db4b9c9ca,d035b167af1a51ee,34c1a09db4b9c9ca,KB-C_EXTREME_VOLUME,5.0,,cohort_trip_threshold,32.92,derived,Driver-customer pair is an extreme weighted edge in the current analysis window.
5dc4700a2426c8ae||4f2c01ee0b9e4317,5dc4700a2426c8ae,4f2c01ee0b9e4317,KB-C_EXTREME_VOLUME,14.0,,cohort_trip_threshold,32.88,derived,Driver-customer pair is an extreme weighted edge in the current analysis window.
9803c1877d005ee6||59e1b7168937244a,9803c1877d005ee6,59e1b7168937244a,KB-C_EXTREME_VOLUME,8.0,,cohort_trip_threshold,21.65,derived,Driver-customer pair is an extreme weighted edge in the current analysis window.
fa2ab0d9e98da965||1c786ed4dcad5f0f,fa2ab0d9e98da965,1c786ed4dcad5f0f,KB-C_EXTREME_VOLUME,6.0,,cohort_trip_threshold,25.32,derived,Driver-customer pair is an extreme weighted edge in the current analysis window.
8b908e10f751f40b||6ddf285232c28213,8b908e10f751f40b,6ddf285232c28213,KB-C_EXTREME_VOLUME,8.0,,cohort_trip_threshold,42.66,derived,Driver-customer pair is an extreme weighted edge in the current analysis window.
d340ecab8b29e29e||2335e8f66e43510e,d340ecab8b29e29e,2335e8f66e43510e,KB-C_EXTREME_VOLUME,11.0,,cohort_trip_threshold,29.85,derived,Driver-customer pair is an extreme weighted edge in the current analysis window.
32b0d09f3394c5f0||e8d5e9bc6b9c5e94,32b0d09f3394c5f0,e8d5e9bc6b9c5e94,KB-C_EXTREME_VOLUME,3.0,,cohort_trip_threshold,21.55,derived,Driver-customer pair is an extreme weighted edge in the current analysis window.
f27b2c0e2fd0c820||4305f755bb12fa6c,f27b2c0e2fd0c820,4305f755bb12fa6c,KB-C_EXTREME_VOLUME,7.0,,cohort_trip_threshold,23.7,derived,Driver-customer pair is an extreme weighted edge in the current analysis window.
80dc38ffab1b4ff8||2be6ad4f490eb2ca,80dc38ffab1b4ff8,2be6ad4f490eb2ca,KB-C_EXTREME_VOLUME,13.0,,cohort_trip_threshold,31.39,derived,Driver-customer pair is an extreme weighted edge in the current analysis window.
75317272fdd8f4b4||45eeb5726cb66b43,75317272fdd8f4b4,45eeb5726cb66b43,KB-C_EXTREME_VOLUME,16.0,,cohort_trip_threshold,32.71,derived,Driver-customer pair is an extreme weighted edge in the current analysis window.
bbd70fd50cc7cae6||4127b71dbd998719,bbd70fd50cc7cae6,4127b71dbd998719,KB-C_EXTREME_VOLUME,7.0,,cohort_trip_threshold,28.71,derived,Driver-customer pair is an extreme weighted edge in the current analysis window.
3741d2a3486a9c14||da238f9c9ca2bf56,3741d2a3486a9c14,da238f9c9ca2bf56,KB-C_EXTREME_VOLUME,8.0,,cohort_trip_threshold,27.06,derived,Driver-customer pair is an extreme weighted edge in the current analysis window.
c33c8d8b6dcb3899||c52a3589d2f867d8,c33c8d8b6dcb3899,c52a3589d2f867d8,KB-C_EXTREME_VOLUME,10.0,,cohort_trip_threshold,27.38,derived,Driver-customer pair is an extreme weighted edge in the current analysis window.
c469dd6475325880||b784b4b2925a184c,c469dd6475325880,b784b4b2925a184c,KB-C_EXTREME_VOLUME,15.0,,cohort_trip_threshold,34.48,derived,Driver-customer pair is an extreme weighted edge in the current analysis window.
1fa5d8480fcb12c5||dc1298a8e4cb7d42,1fa5d8480fcb12c5,dc1298a8e4cb7d42,KB-C_EXTREME_VOLUME,7.0,,cohort_trip_threshold,30.67,derived,Driver-customer pair is an extreme weighted edge in the current analysis window.
92f2cfd56018b1f7||bae30c19ea37fa5b,92f2cfd56018b1f7,bae30c19ea37fa5b,KB-C_EXTREME_VOLUME,7.0,,cohort_trip_threshold,24.04,derived,Driver-customer pair is an extreme weighted edge in the current analysis window.
4a382a9703828c69||f99fc23f9f5ed96f,4a382a9703828c69,f99fc23f9f5ed96f,KB-C_EXTREME_VOLUME,8.0,,cohort_trip_threshold,21.4,derived,Driver-customer pair is an extreme weighted edge in the current analysis window.
5665546526a0d746||6df351d4216e18d8,5665546526a0d746,6df351d4216e18d8,KB-C_EXTREME_VOLUME,8.0,,cohort_trip_threshold,30.69,derived,Driver-customer pair is an extreme weighted edge in the current analysis window.
8ff7a228ff410e24||510a31f6f90d325c,8ff7a228ff410e24,510a31f6f90d325c,KB-C_EXTREME_VOLUME,11.0,,cohort_trip_threshold,32.88,derived,Driver-customer pair is an extreme weighted edge in the current analysis window.
f722fdfa8fb6c63f||418a48b72fa105fb,f722fdfa8fb6c63f,418a48b72fa105fb,KB-C_EXTREME_VOLUME,12.0,,cohort_trip_threshold,31.36,derived,Driver-customer pair is an extreme weighted edge in the current analysis window.
6c7a9347fea7c611||301d93c00a14b991,6c7a9347fea7c611,301d93c00a14b991,KB-C_EXTREME_VOLUME,11.0,,cohort_trip_threshold,33.94,derived,Driver-customer pair is an extreme weighted edge in the current analysis window.
c71ac99b42ef1e7e||4fe7f1a6f7046521,c71ac99b42ef1e7e,4fe7f1a6f7046521,KB-C_EXTREME_VOLUME,6.0,,cohort_trip_threshold,28.96,derived,Driver-customer pair is an extreme weighted edge in the current analysis window.
c46ea4a81e36afd2||b2e7f543f18d6396,c46ea4a81e36afd2,b2e7f543f18d6396,KB-C_EXTREME_VOLUME,15.0,,cohort_trip_threshold,30.21,derived,Driver-customer pair is an extreme weighted edge in the current analysis window.
83e60dba9faff3f2||fbe77f7d3831002a,83e60dba9faff3f2,fbe77f7d3831002a,KB-C_EXTREME_VOLUME,6.0,,cohort_trip_threshold,23.9,derived,Driver-customer pair is an extreme weighted edge in the current analysis window.
ec35b4d152f938ac||0d7c43e43e89fef2,ec35b4d152f938ac,0d7c43e43e89fef2,KB-C_EXTREME_VOLUME,6.0,,cohort_trip_threshold,44.24,derived,Driver-customer pair is an extreme weighted edge in the current analysis window.
ff0e0ade8137251b||284ee60138701029,ff0e0ade8137251b,284ee60138701029,KB-C_EXTREME_VOLUME,11.0,,cohort_trip_threshold,27.08,derived,Driver-customer pair is an extreme weighted edge in the current analysis window.
8935d2f0afd9eb14||f2ee358d2598ce5c,8935d2f0afd9eb14,f2ee358d2598ce5c,KB-C_EXTREME_VOLUME,14.0,,cohort_trip_threshold,36.88,derived,Driver-customer pair is an extreme weighted edge in the current analysis window.
3be3df7709acb79e||64006960799d35d2,3be3df7709acb79e,64006960799d35d2,KB-C_EXTREME_VOLUME,6.0,,cohort_trip_threshold,28.51,derived,Driver-customer pair is an extreme weighted edge in the current analysis window.
5e1375169a59617b||f41878ec538d58c5,5e1375169a59617b,f41878ec538d58c5,KB-C_EXTREME_VOLUME,7.0,,cohort_trip_threshold,53.15,derived,Driver-customer pair is an extreme weighted edge in the current analysis window.
11b6d36d226537d5||1775ee62c1d2fdbc,11b6d36d226537d5,1775ee62c1d2fdbc,KB-C_EXTREME_VOLUME,8.0,,cohort_trip_threshold,28.18,derived,Driver-customer pair is an extreme weighted edge in the current analysis window.
4ffbb073038a5abe||8df0411ac9bccc0f,4ffbb073038a5abe,8df0411ac9bccc0f,KB-C_EXTREME_VOLUME,7.0,,cohort_trip_threshold,23.8,derived,Driver-customer pair is an extreme weighted edge in the current analysis window.
d9684afcbe81ef3c||10071772da00a282,d9684afcbe81ef3c,10071772da00a282,KB-C_EXTREME_VOLUME,8.0,,cohort_trip_threshold,33.9,derived,Driver-customer pair is an extreme weighted edge in the current analysis window.
0572939b7efdd8f5||16089a59559b2809,0572939b7efdd8f5,16089a59559b2809,KB-C_EXTREME_VOLUME,8.0,,cohort_trip_threshold,40.85,derived,Driver-customer pair is an extreme weighted edge in the current analysis window.
c22b7afc7dff8213||157c8fdf29acd4d7,c22b7afc7dff8213,157c8fdf29acd4d7,KB-C_EXTREME_VOLUME,14.0,,cohort_trip_threshold,33.88,derived,Driver-customer pair is an extreme weighted edge in the current analysis window.
80805a2a64427b57||bc65727d5d47c300,80805a2a64427b57,bc65727d5d47c300,KB-C_EXTREME_VOLUME,5.0,,cohort_trip_threshold,29.9,derived,Driver-customer pair is an extreme weighted edge in the current analysis window.
44b627d8a24030a6||d3ee16201d9265ca,44b627d8a24030a6,d3ee16201d9265ca,KB-C_EXTREME_VOLUME,7.0,,cohort_trip_threshold,33.17,derived,Driver-customer pair is an extreme weighted edge in the current analysis window.
f0ce53a8dc6a429c||0791727e1c636952,f0ce53a8dc6a429c,0791727e1c636952,KB-C_EXTREME_VOLUME,9.0,,cohort_trip_threshold,25.01,derived,Driver-customer pair is an extreme weighted edge in the current analysis window.
f9ceb6b046603e53||3d5a9dcccf4af49b,f9ceb6b046603e53,3d5a9dcccf4af49b,KB-C_EXTREME_VOLUME,4.0,,cohort_trip_threshold,25.97,derived,Driver-customer pair is an extreme weighted edge in the current analysis window.
27b7bf1c4ded5525||cfd4e9a00416f998,27b7bf1c4ded5525,cfd4e9a00416f998,KB-C_EXTREME_VOLUME,12.0,,cohort_trip_threshold,37.83,derived,Driver-customer pair is an extreme weighted edge in the current analysis window.
c14e69d93f931fc8||466ce529446959e6,c14e69d93f931fc8,466ce529446959e6,KB-C_EXTREME_VOLUME,8.0,,cohort_trip_threshold,27.46,derived,Driver-customer pair is an extreme weighted edge in the current analysis window.
7624066a8590f580||77ffd2e720352b48,7624066a8590f580,77ffd2e720352b48,KB-C_EXTREME_VOLUME,13.0,,cohort_trip_threshold,27.65,derived,Driver-customer pair is an extreme weighted edge in the current analysis window.
a8f35d88bbd2e572||36122e99f7901506,a8f35d88bbd2e572,36122e99f7901506,KB-C_EXTREME_VOLUME,7.0,,cohort_trip_threshold,19.94,derived,Driver-customer pair is an extreme weighted edge in the current analysis window.
ce7c6b8918d08941||6124961f53ef9dac,ce7c6b8918d08941,6124961f53ef9dac,KB-C_EXTREME_VOLUME,7.0,,cohort_trip_threshold,29.58,derived,Driver-customer pair is an extreme weighted edge in the current analysis window.
22dc3f73b5a54314||96f9bdfcf96fc941,22dc3f73b5a54314,96f9bdfcf96fc941,KB-C_EXTREME_VOLUME,14.0,,cohort_trip_threshold,31.19,derived,Driver-customer pair is an extreme weighted edge in the current analysis window.
0063665ec612bd8b||a3f44dcb236a9b20,0063665ec612bd8b,a3f44dcb236a9b20,KB-C_EXTREME_VOLUME,9.0,,cohort_trip_threshold,29.9,derived,Driver-customer pair is an extreme weighted edge in the current analysis window.
875f2713a415047d||db1a86fe14e97527,875f2713a415047d,db1a86fe14e97527,KB-C_EXTREME_VOLUME,5.0,,cohort_trip_threshold,42.18,derived,Driver-customer pair is an extreme weighted edge in the current analysis window.
9a3835cb5672416a||84399854fc83b7ab,9a3835cb5672416a,84399854fc83b7ab,KB-C_EXTREME_VOLUME,14.0,,cohort_trip_threshold,34.84,derived,Driver-customer pair is an extreme weighted edge in the current analysis window.
c6f42e512ebd5cc7||ccf826e2297bea7a,c6f42e512ebd5cc7,ccf826e2297bea7a,KB-C_EXTREME_VOLUME,10.0,,cohort_trip_threshold,36.5,derived,Driver-customer pair is an extreme weighted edge in the current analysis window.
d800261e38431b49||199739e67d7d6e8a,d800261e38431b49,199739e67d7d6e8a,KB-C_EXTREME_VOLUME,7.0,,cohort_trip_threshold,32.75,derived,Driver-customer pair is an extreme weighted edge in the current analysis window.
0b5723afff4707db||971b4dc05ad9c99c,0b5723afff4707db,971b4dc05ad9c99c,KB-C_EXTREME_VOLUME,12.0,,cohort_trip_threshold,33.26,derived,Driver-customer pair is an extreme weighted edge in the current analysis window.
5f2d357d17e64ab3||cfa7f2caa49d2cc0,5f2d357d17e64ab3,cfa7f2caa49d2cc0,KB-C_EXTREME_VOLUME,6.0,,cohort_trip_threshold,25.92,derived,Driver-customer pair is an extreme weighted edge in the current analysis window.
8388ee1489ad2a4e||a7fd2f6d8e673a46,8388ee1489ad2a4e,a7fd2f6d8e673a46,KB-C_EXTREME_VOLUME,7.0,,cohort_trip_threshold,34.01,derived,Driver-customer pair is an extreme weighted edge in the current analysis window.
025aa77f9591f6f3||bf328279bd440dc2,025aa77f9591f6f3,bf328279bd440dc2,KB-C_EXTREME_VOLUME,16.0,,cohort_trip_threshold,32.96,derived,Driver-customer pair is an extreme weighted edge in the current analysis window.
7917c7632f82fe03||b536b95f3a1331d5,7917c7632f82fe03,b536b95f3a1331d5,KB-C_EXTREME_VOLUME,7.0,,cohort_trip_threshold,25.3,derived,Driver-customer pair is an extreme weighted edge in the current analysis window.
aeea30f37b7c0891||5a9e261779bdc254,aeea30f37b7c0891,5a9e261779bdc254,KB-C_EXTREME_VOLUME,8.0,,cohort_trip_threshold,29.52,derived,Driver-customer pair is an extreme weighted edge in the current analysis window.
1e49a7b8fd768de0||7022474aa7e2c0e7,1e49a7b8fd768de0,7022474aa7e2c0e7,KB-C_EXTREME_VOLUME,6.0,,cohort_trip_threshold,34.77,derived,Driver-customer pair is an extreme weighted edge in the current analysis window.
95faa25af0505e9d||a0133e7b0fe6f307,95faa25af0505e9d,a0133e7b0fe6f307,KB-C_EXTREME_VOLUME,4.0,,cohort_trip_threshold,34.4,derived,Driver-customer pair is an extreme weighted edge in the current analysis window.
885170bd73bd3d2d||5d820f2388950e8c,885170bd73bd3d2d,5d820f2388950e8c,KB-C_EXTREME_VOLUME,7.0,,cohort_trip_threshold,31.72,derived,Driver-customer pair is an extreme weighted edge in the current analysis window.
3f75b0a67438d8cf||d4df90a768b8540d,3f75b0a67438d8cf,d4df90a768b8540d,KB-C_EXTREME_VOLUME,9.0,,cohort_trip_threshold,28.11,derived,Driver-customer pair is an extreme weighted edge in the current analysis window.
bc14f192022a5b20||3b4d289f7f083791,bc14f192022a5b20,3b4d289f7f083791,KB-C_EXTREME_VOLUME,7.0,,cohort_trip_threshold,29.78,derived,Driver-customer pair is an extreme weighted edge in the current analysis window.
83fd13124b02ed2b||7ed776fc3c75ca97,83fd13124b02ed2b,7ed776fc3c75ca97,KB-C_EXTREME_VOLUME,8.0,,cohort_trip_threshold,27.66,derived,Driver-customer pair is an extreme weighted edge in the current analysis window.
bd3c80d409a424c0||f6b1bc2920fbb0a9,bd3c80d409a424c0,f6b1bc2920fbb0a9,KB-C_EXTREME_VOLUME,8.0,,cohort_trip_threshold,30.74,derived,Driver-customer pair is an extreme weighted edge in the current analysis window.
61f59e82d672e2da||ebe22e33a73254ba,61f59e82d672e2da,ebe22e33a73254ba,KB-C_EXTREME_VOLUME,7.0,,cohort_trip_threshold,27.71,derived,Driver-customer pair is an extreme weighted edge in the current analysis window.
50b3c91c85a52480||7bdb31a9137171ec,50b3c91c85a52480,7bdb31a9137171ec,KB-C_EXTREME_VOLUME,13.0,,cohort_trip_threshold,35.1,derived,Driver-customer pair is an extreme weighted edge in the current analysis window.
c6be0629cd7ab09c||ead6d984a514d828,c6be0629cd7ab09c,ead6d984a514d828,KB-C_EXTREME_VOLUME,7.0,,cohort_trip_threshold,29.18,derived,Driver-customer pair is an extreme weighted edge in the current analysis window.
7e95a457342c949e||90278e64445b87fb,7e95a457342c949e,90278e64445b87fb,KB-C_EXTREME_VOLUME,6.0,,cohort_trip_threshold,27.53,derived,Driver-customer pair is an extreme weighted edge in the current analysis window.
d613b95a60855ccf||290913fd2ebc0e04,d613b95a60855ccf,290913fd2ebc0e04,KB-C_EXTREME_VOLUME,6.0,,cohort_trip_threshold,25.79,derived,Driver-customer pair is an extreme weighted edge in the current analysis window.
e5c530fee637c949||69234c068fe5dcc2,e5c530fee637c949,69234c068fe5dcc2,KB-C_EXTREME_VOLUME,6.0,,cohort_trip_threshold,20.17,derived,Driver-customer pair is an extreme weighted edge in the current analysis window.
96b9755c6993d0eb||381501da0e69f282,96b9755c6993d0eb,381501da0e69f282,KB-C_EXTREME_VOLUME,9.0,,cohort_trip_threshold,34.56,derived,Driver-customer pair is an extreme weighted edge in the current analysis window.
0b891837b9189b2f||e4797f3dd74007ce,0b891837b9189b2f,e4797f3dd74007ce,KB-C_EXTREME_VOLUME,3.0,,cohort_trip_threshold,26.58,derived,Driver-customer pair is an extreme weighted edge in the current analysis window.
ff09814f87b4926a||065d9e063cca732f,ff09814f87b4926a,065d9e063cca732f,KB-C_EXTREME_VOLUME,7.0,,cohort_trip_threshold,21.76,derived,Driver-customer pair is an extreme weighted edge in the current analysis window.
f1a6efd8ddf243b4||20c66dd052d93c79,f1a6efd8ddf243b4,20c66dd052d93c79,KB-C_EXTREME_VOLUME,6.0,,cohort_trip_threshold,18.44,derived,Driver-customer pair is an extreme weighted edge in the current analysis window.
dc8861cfb2a783f9||449b73acb65b7be0,dc8861cfb2a783f9,449b73acb65b7be0,KB-C_EXTREME_VOLUME,9.0,,cohort_trip_threshold,22.54,derived,Driver-customer pair is an extreme weighted edge in the current analysis window.
aeac1da05900d4e8||a62bf382e12dc210,aeac1da05900d4e8,a62bf382e12dc210,KB-C_EXTREME_VOLUME,9.0,,cohort_trip_threshold,26.99,derived,Driver-customer pair is an extreme weighted edge in the current analysis window.
3079d918d2f8289a||a2af71906b8155b5,3079d918d2f8289a,a2af71906b8155b5,KB-C_EXTREME_VOLUME,14.0,,cohort_trip_threshold,33.72,derived,Driver-customer pair is an extreme weighted edge in the current analysis window.
520aa5d1f641cb9d||7d75ee4f6fec508e,520aa5d1f641cb9d,7d75ee4f6fec508e,KB-C_EXTREME_VOLUME,10.0,,cohort_trip_threshold,38.62,derived,Driver-customer pair is an extreme weighted edge in the current analysis window.
a94edc25b8bb2cfd||f3310a586aec9b2c,a94edc25b8bb2cfd,f3310a586aec9b2c,KB-C_EXTREME_VOLUME,10.0,,cohort_trip_threshold,31.74,derived,Driver-customer pair is an extreme weighted edge in the current analysis window.
879f9d2cfba5b5bd||82ff7fb4ea35f5c1,879f9d2cfba5b5bd,82ff7fb4ea35f5c1,KB-C_EXTREME_VOLUME,7.0,,cohort_trip_threshold,29.34,derived,Driver-customer pair is an extreme weighted edge in the current analysis window.
8349ac22c049b210||b93fcd0a66db11d3,8349ac22c049b210,b93fcd0a66db11d3,KB-C_EXTREME_VOLUME,5.0,,cohort_trip_threshold,30.82,derived,Driver-customer pair is an extreme weighted edge in the current analysis window.
8349ac22c049b210||f2d6c04632cd536c,8349ac22c049b210,f2d6c04632cd536c,KB-C_EXTREME_VOLUME,5.0,,cohort_trip_threshold,26.74,derived,Driver-customer pair is an extreme weighted edge in the current analysis window.
fc7113283631e3dd||af121be02e998698,fc7113283631e3dd,af121be02e998698,KB-C_EXTREME_VOLUME,8.0,,cohort_trip_threshold,25.14,derived,Driver-customer pair is an extreme weighted edge in the current analysis window.
7d8c729a2e71dd57||0d988d51dd590144,7d8c729a2e71dd57,0d988d51dd590144,KB-C_EXTREME_VOLUME,11.0,,cohort_trip_threshold,37.23,derived,Driver-customer pair is an extreme weighted edge in the current analysis window.
a5d7bdc0629beaab||335a80cb1118a634,a5d7bdc0629beaab,335a80cb1118a634,KB-C_EXTREME_VOLUME,6.0,,cohort_trip_threshold,27.5,derived,Driver-customer pair is an extreme weighted edge in the current analysis window.
abb8795062e9160b||16720cb5c498f136,abb8795062e9160b,16720cb5c498f136,KB-C_EXTREME_VOLUME,6.0,,cohort_trip_threshold,20.34,derived,Driver-customer pair is an extreme weighted edge in the current analysis window.
bbccf045f64f0148||09abe30cc08887b3,bbccf045f64f0148,09abe30cc08887b3,KB-C_EXTREME_VOLUME,14.0,,cohort_trip_threshold,37.6,derived,Driver-customer pair is an extreme weighted edge in the current analysis window.
de7a38e73dcf8303||2a1f57a47e603712,de7a38e73dcf8303,2a1f57a47e603712,KB-C_EXTREME_VOLUME,6.0,,cohort_trip_threshold,20.57,derived,Driver-customer pair is an extreme weighted edge in the current analysis window.
be535317d119f036||6e8cf43e7f4300f8,be535317d119f036,6e8cf43e7f4300f8,KB-C_EXTREME_VOLUME,9.0,,cohort_trip_threshold,33.03,derived,Driver-customer pair is an extreme weighted edge in the current analysis window.
31fd658a9e485425||21b2fccb2b66d934,31fd658a9e485425,21b2fccb2b66d934,KB-C_EXTREME_VOLUME,12.0,,cohort_trip_threshold,31.68,derived,Driver-customer pair is an extreme weighted edge in the current analysis window.
8b3e8d84a93ad262||2e53d1b7b7029114,8b3e8d84a93ad262,2e53d1b7b7029114,KB-C_EXTREME_VOLUME,6.0,,cohort_trip_threshold,30.55,derived,Driver-customer pair is an extreme weighted edge in the current analysis window.
dd9402e53f9c96fa||65c6bf456459665f,dd9402e53f9c96fa,65c6bf456459665f,KB-C_EXTREME_VOLUME,7.0,,cohort_trip_threshold,25.68,derived,Driver-customer pair is an extreme weighted edge in the current analysis window.
884bc700bb849582||a03086e8064d46db,884bc700bb849582,a03086e8064d46db,KB-C_EXTREME_VOLUME,13.0,,cohort_trip_threshold,37.87,derived,Driver-customer pair is an extreme weighted edge in the current analysis window.
bb79ff571029a9ce||e068e5ca51923741,bb79ff571029a9ce,e068e5ca51923741,KB-C_EXTREME_VOLUME,9.0,,cohort_trip_threshold,31.86,derived,Driver-customer pair is an extreme weighted edge in the current analysis window.
9fb988ef52ae11e9||a672e56d176637f6,9fb988ef52ae11e9,a672e56d176637f6,KB-C_EXTREME_VOLUME,6.0,,cohort_trip_threshold,39.78,derived,Driver-customer pair is an extreme weighted edge in the current analysis window.
2d36874d62a5946e||d14fdc60e6ab18ba,2d36874d62a5946e,d14fdc60e6ab18ba,KB-C_EXTREME_VOLUME,11.0,,cohort_trip_threshold,34.85,derived,Driver-customer pair is an extreme weighted edge in the current analysis window.
21d21b1f45b0fdf4||ec2c7046f2da96c1,21d21b1f45b0fdf4,ec2c7046f2da96c1,KB-C_EXTREME_VOLUME,7.0,,cohort_trip_threshold,46.74,derived,Driver-customer pair is an extreme weighted edge in the current analysis window.
c8fb983b6e7503f1||4f13c3f78c863c42,c8fb983b6e7503f1,4f13c3f78c863c42,KB-C_EXTREME_VOLUME,12.0,,cohort_trip_threshold,31.35,derived,Driver-customer pair is an extreme weighted edge in the current analysis window.
70f3a7f8afc0596a||2ae4649f7c410168,70f3a7f8afc0596a,2ae4649f7c410168,KB-C_EXTREME_VOLUME,8.0,,cohort_trip_threshold,29.98,derived,Driver-customer pair is an extreme weighted edge in the current analysis window.
f7acbbd59ab450c8||c68578c20a2668f5,f7acbbd59ab450c8,c68578c20a2668f5,KB-C_EXTREME_VOLUME,5.0,,cohort_trip_threshold,27.37,derived,Driver-customer pair is an extreme weighted edge in the current analysis window.
435b1512e8a51a50||a864e412cda77ee3,435b1512e8a51a50,a864e412cda77ee3,KB-C_EXTREME_VOLUME,6.0,,cohort_trip_threshold,27.7,derived,Driver-customer pair is an extreme weighted edge in the current analysis window.
ab2e0d2fe58aff8f||477e250f10ae3f5a,ab2e0d2fe58aff8f,477e250f10ae3f5a,KB-C_EXTREME_VOLUME,6.0,,cohort_trip_threshold,36.66,derived,Driver-customer pair is an extreme weighted edge in the current analysis window.
658e052755cf7ef2||3263a18a2fc38701,658e052755cf7ef2,3263a18a2fc38701,KB-C_EXTREME_VOLUME,6.0,,cohort_trip_threshold,28.96,derived,Driver-customer pair is an extreme weighted edge in the current analysis window.
0df83b0f383539d4||2a89de98b44cb7fc,0df83b0f383539d4,2a89de98b44cb7fc,KB-C_EXTREME_VOLUME,5.0,,cohort_trip_threshold,19.3,derived,Driver-customer pair is an extreme weighted edge in the current analysis window.
d62c351ad8a8367d||808741cfaebac9d9,d62c351ad8a8367d,808741cfaebac9d9,KB-C_EXTREME_VOLUME,5.0,,cohort_trip_threshold,35.07,derived,Driver-customer pair is an extreme weighted edge in the current analysis window.
4f3a73b12fd7dfbb||51b9047874dc3dd9,4f3a73b12fd7dfbb,51b9047874dc3dd9,KB-C_EXTREME_VOLUME,9.0,,cohort_trip_threshold,33.26,derived,Driver-customer pair is an extreme weighted edge in the current analysis window.
c7356b6fa822629a||5cfb8391d04ffe42,c7356b6fa822629a,5cfb8391d04ffe42,KB-C_EXTREME_VOLUME,6.0,,cohort_trip_threshold,34.39,derived,Driver-customer pair is an extreme weighted edge in the current analysis window.
0e241b7f9c83eab9||77a70909b3f26ebb,0e241b7f9c83eab9,77a70909b3f26ebb,KB-C_EXTREME_VOLUME,13.0,,cohort_trip_threshold,34.03,derived,Driver-customer pair is an extreme weighted edge in the current analysis window.
db9cdd0dee5ed927||2206e9f998c63998,db9cdd0dee5ed927,2206e9f998c63998,KB-C_EXTREME_VOLUME,4.0,,cohort_trip_threshold,26.64,derived,Driver-customer pair is an extreme weighted edge in the current analysis window.
f2897e7636445833||3fdc3482bb6ad3f9,f2897e7636445833,3fdc3482bb6ad3f9,KB-C_EXTREME_VOLUME,7.0,,cohort_trip_threshold,25.57,derived,Driver-customer pair is an extreme weighted edge in the current analysis window.
897e4db3e98e1b19||cfb45448c57b9b26,897e4db3e98e1b19,cfb45448c57b9b26,KB-C_EXTREME_VOLUME,6.0,,cohort_trip_threshold,20.2,derived,Driver-customer pair is an extreme weighted edge in the current analysis window.
6d767fca304aa829||7f71ded5291ee1c5,6d767fca304aa829,7f71ded5291ee1c5,KB-C_EXTREME_VOLUME,5.0,,cohort_trip_threshold,32.07,derived,Driver-customer pair is an extreme weighted edge in the current analysis window.
9d9ff6991974d49e||c6096bf3a1292582,9d9ff6991974d49e,c6096bf3a1292582,KB-C_EXTREME_VOLUME,4.0,,cohort_trip_threshold,30.05,derived,Driver-customer pair is an extreme weighted edge in the current analysis window.
19640005f0d75723||4412f03f83dbc625,19640005f0d75723,4412f03f83dbc625,KB-C_EXTREME_VOLUME,12.0,,cohort_trip_threshold,31.75,derived,Driver-customer pair is an extreme weighted edge in the current analysis window.
ca650cb56e40c1ad||b6cf5b3ec22ca1c4,ca650cb56e40c1ad,b6cf5b3ec22ca1c4,KB-C_EXTREME_VOLUME,7.0,,cohort_trip_threshold,26.01,derived,Driver-customer pair is an extreme weighted edge in the current analysis window.
279d0c123ac0b8d0||157949e709be91f7,279d0c123ac0b8d0,157949e709be91f7,KB-C_EXTREME_VOLUME,6.0,,cohort_trip_threshold,17.74,derived,Driver-customer pair is an extreme weighted edge in the current analysis window.
307696c2e2adc3bc||61ff8f84277eee7b,307696c2e2adc3bc,61ff8f84277eee7b,KB-C_EXTREME_VOLUME,6.0,,cohort_trip_threshold,32.74,derived,Driver-customer pair is an extreme weighted edge in the current analysis window.
af1026087cbfbdeb||4eba7d1acc25dc77,af1026087cbfbdeb,4eba7d1acc25dc77,KB-C_EXTREME_VOLUME,11.0,,cohort_trip_threshold,27.36,derived,Driver-customer pair is an extreme weighted edge in the current analysis window.
e9ede29b8fef14e2||82cafd04a84dd9a2,e9ede29b8fef14e2,82cafd04a84dd9a2,KB-C_EXTREME_VOLUME,6.0,,cohort_trip_threshold,22.66,derived,Driver-customer pair is an extreme weighted edge in the current analysis window.
2a4fff997283024f||2e6487f9534d2736,2a4fff997283024f,2e6487f9534d2736,KB-C_EXTREME_VOLUME,12.0,,cohort_trip_threshold,30.5,derived,Driver-customer pair is an extreme weighted edge in the current analysis window.
2793957a3b7038a1||41a2d0543165e236,2793957a3b7038a1,41a2d0543165e236,KB-C_EXTREME_VOLUME,6.0,,cohort_trip_threshold,33.92,derived,Driver-customer pair is an extreme weighted edge in the current analysis window.
5264494f85458d1e||07a89783b151f526,5264494f85458d1e,07a89783b151f526,KB-C_EXTREME_VOLUME,13.0,,cohort_trip_threshold,34.54,derived,Driver-customer pair is an extreme weighted edge in the current analysis window.
b5e226058954551f||6084c68978160b2b,b5e226058954551f,6084c68978160b2b,KB-C_EXTREME_VOLUME,6.0,,cohort_trip_threshold,29.29,derived,Driver-customer pair is an extreme weighted edge in the current analysis window.
d4b9bbbb333d2aa0||d6713e76f6b6cf02,d4b9bbbb333d2aa0,d6713e76f6b6cf02,KB-C_EXTREME_VOLUME,12.0,,cohort_trip_threshold,29.25,derived,Driver-customer pair is an extreme weighted edge in the current analysis window.
118d68c8056ae931||ea61a7d37eee29bc,118d68c8056ae931,ea61a7d37eee29bc,KB-C_EXTREME_VOLUME,6.0,,cohort_trip_threshold,23.52,derived,Driver-customer pair is an extreme weighted edge in the current analysis window.
2806a48379ca66e7||aef1b5b0c1badf1c,2806a48379ca66e7,aef1b5b0c1badf1c,KB-C_EXTREME_VOLUME,6.0,,cohort_trip_threshold,26.66,derived,Driver-customer pair is an extreme weighted edge in the current analysis window.
a79c97cc18f62535||9f53712c1af6aece,a79c97cc18f62535,9f53712c1af6aece,KB-C_EXTREME_VOLUME,6.0,,cohort_trip_threshold,26.42,derived,Driver-customer pair is an extreme weighted edge in the current analysis window.
c9461917d240999f||2ed3bd7cc62dc77b,c9461917d240999f,2ed3bd7cc62dc77b,KB-C_EXTREME_VOLUME,2.0,,cohort_trip_threshold,17.92,derived,Driver-customer pair is an extreme weighted edge in the current analysis window.
b248563c3add43cb||8836128b6e6ff3c5,b248563c3add43cb,8836128b6e6ff3c5,KB-C_EXTREME_VOLUME,3.0,,cohort_trip_threshold,14.43,derived,Driver-customer pair is an extreme weighted edge in the current analysis window.
94dbe62247c234ed||cc4298be890c0669,94dbe62247c234ed,cc4298be890c0669,KB-C_EXTREME_VOLUME,11.0,,cohort_trip_threshold,30.12,derived,Driver-customer pair is an extreme weighted edge in the current analysis window.
eb67bb955e7cb0db||42861454dd46e074,eb67bb955e7cb0db,42861454dd46e074,KB-C_EXTREME_VOLUME,9.0,,cohort_trip_threshold,27.84,derived,Driver-customer pair is an extreme weighted edge in the current analysis window.
c78a6ce3e4510a4b||d4be0f591e4f11a8,c78a6ce3e4510a4b,d4be0f591e4f11a8,KB-C_EXTREME_VOLUME,5.0,,cohort_trip_threshold,38.19,derived,Driver-customer pair is an extreme weighted edge in the current analysis window.
5b6e69d9bd99dbb4||db9d86c2ccfd1d5d,5b6e69d9bd99dbb4,db9d86c2ccfd1d5d,KB-C_EXTREME_VOLUME,6.0,,cohort_trip_threshold,29.69,derived,Driver-customer pair is an extreme weighted edge in the current analysis window.
85ded4ce916222b5||092653a17626724c,85ded4ce916222b5,092653a17626724c,KB-C_EXTREME_VOLUME,7.0,,cohort_trip_threshold,19.98,derived,Driver-customer pair is an extreme weighted edge in the current analysis window.
91fc0d2c74989777||c5da71877e04775b,91fc0d2c74989777,c5da71877e04775b,KB-C_EXTREME_VOLUME,6.0,,cohort_trip_threshold,28.46,derived,Driver-customer pair is an extreme weighted edge in the current analysis window.
074c0a1a95a80e0f||aab58a839eb63af8,074c0a1a95a80e0f,aab58a839eb63af8,KB-C_EXTREME_VOLUME,12.0,,cohort_trip_threshold,24.76,derived,Driver-customer pair is an extreme weighted edge in the current analysis window.
6bb016ca22e0753f||34d915e68d0bf03b,6bb016ca22e0753f,34d915e68d0bf03b,KB-C_EXTREME_VOLUME,4.0,,cohort_trip_threshold,18.75,derived,Driver-customer pair is an extreme weighted edge in the current analysis window.
2786d67558690969||c07e37c4a220ae5e,2786d67558690969,c07e37c4a220ae5e,KB-C_EXTREME_VOLUME,6.0,,cohort_trip_threshold,28.92,derived,Driver-customer pair is an extreme weighted edge in the current analysis window.
4cd48737f0e06243||2d357d3a83962b61,4cd48737f0e06243,2d357d3a83962b61,KB-C_EXTREME_VOLUME,7.0,,cohort_trip_threshold,35.96,derived,Driver-customer pair is an extreme weighted edge in the current analysis window.
bcc070a2feb7270b||4bc7464e16fd0e1d,bcc070a2feb7270b,4bc7464e16fd0e1d,KB-C_EXTREME_VOLUME,6.0,,cohort_trip_threshold,21.31,derived,Driver-customer pair is an extreme weighted edge in the current analysis window.
92471df4e8a5af55||bcc46b23e1d5dc6e,92471df4e8a5af55,bcc46b23e1d5dc6e,KB-C_EXTREME_VOLUME,12.0,,cohort_trip_threshold,31.94,derived,Driver-customer pair is an extreme weighted edge in the current analysis window.
3e1b2905a6280042||00b103e382e54dbe,3e1b2905a6280042,00b103e382e54dbe,KB-C_EXTREME_VOLUME,6.0,,cohort_trip_threshold,23.88,derived,Driver-customer pair is an extreme weighted edge in the current analysis window.
dfdceb4c45091eb8||091c44eea25d9c63,dfdceb4c45091eb8,091c44eea25d9c63,KB-C_EXTREME_VOLUME,13.0,,cohort_trip_threshold,32.49,derived,Driver-customer pair is an extreme weighted edge in the current analysis window.
c32c90004dd407ea||e219b5333c56c1eb,c32c90004dd407ea,e219b5333c56c1eb,KB-C_EXTREME_VOLUME,8.0,,cohort_trip_threshold,24.25,derived,Driver-customer pair is an extreme weighted edge in the current analysis window.
370cc99f587aa04b||db8ef13ecff3dfa7,370cc99f587aa04b,db8ef13ecff3dfa7,KB-C_EXTREME_VOLUME,13.0,,cohort_trip_threshold,31.88,derived,Driver-customer pair is an extreme weighted edge in the current analysis window.
5ce6710c65fbcdab||77349b21ee9b4379,5ce6710c65fbcdab,77349b21ee9b4379,KB-C_EXTREME_VOLUME,12.0,,cohort_trip_threshold,30.99,derived,Driver-customer pair is an extreme weighted edge in the current analysis window.
33d32097f3801606||0dffa85e22c12d9d,33d32097f3801606,0dffa85e22c12d9d,KB-C_EXTREME_VOLUME,6.0,,cohort_trip_threshold,43.76,derived,Driver-customer pair is an extreme weighted edge in the current analysis window.
926277d33f467a3a||56709c3b0c1cd21f,926277d33f467a3a,56709c3b0c1cd21f,KB-C_EXTREME_VOLUME,5.0,,cohort_trip_threshold,29.61,derived,Driver-customer pair is an extreme weighted edge in the current analysis window.
c9e965c68868853a||618fc21453e3324f,c9e965c68868853a,618fc21453e3324f,KB-C_EXTREME_VOLUME,6.0,,cohort_trip_threshold,16.44,derived,Driver-customer pair is an extreme weighted edge in the current analysis window.
ad0701c0f86a0502||e1407f3fc0ad36ba,ad0701c0f86a0502,e1407f3fc0ad36ba,KB-C_EXTREME_VOLUME,6.0,,cohort_trip_threshold,26.11,derived,Driver-customer pair is an extreme weighted edge in the current analysis window.
d17785d535db7d2d||119d2c7536640c32,d17785d535db7d2d,119d2c7536640c32,KB-C_EXTREME_VOLUME,11.0,,cohort_trip_threshold,33.72,derived,Driver-customer pair is an extreme weighted edge in the current analysis window.
70e074f8d39b1fa4||0693ffe64c790f5b,70e074f8d39b1fa4,0693ffe64c790f5b,KB-C_EXTREME_VOLUME,4.0,,cohort_trip_threshold,25.16,derived,Driver-customer pair is an extreme weighted edge in the current analysis window.
2de3e9686fc0edda||0c251251f0378be6,2de3e9686fc0edda,0c251251f0378be6,KB-C_EXTREME_VOLUME,6.0,,cohort_trip_threshold,31.69,derived,Driver-customer pair is an extreme weighted edge in the current analysis window.
68f7e5f109eb070b||b68a2cabd2d7d1a5,68f7e5f109eb070b,b68a2cabd2d7d1a5,KB-C_EXTREME_VOLUME,6.0,,cohort_trip_threshold,32.71,derived,Driver-customer pair is an extreme weighted edge in the current analysis window.
a0aa997dad8f643d||bef76ff0f17cfca1,a0aa997dad8f643d,bef76ff0f17cfca1,KB-C_EXTREME_VOLUME,10.0,,cohort_trip_threshold,30.91,derived,Driver-customer pair is an extreme weighted edge in the current analysis window.
1888e13a0a9691eb||05028fe616c17fa2,1888e13a0a9691eb,05028fe616c17fa2,KB-C_EXTREME_VOLUME,7.0,,cohort_trip_threshold,28.61,derived,Driver-customer pair is an extreme weighted edge in the current analysis window.
060fdf98277a85a5||c979f234edc68383,060fdf98277a85a5,c979f234edc68383,KB-C_EXTREME_VOLUME,7.0,,cohort_trip_threshold,28.32,derived,Driver-customer pair is an extreme weighted edge in the current analysis window.
24bb23dabf1650ed||8a902cbb3afd75af,24bb23dabf1650ed,8a902cbb3afd75af,KB-C_EXTREME_VOLUME,9.0,,cohort_trip_threshold,26.22,derived,Driver-customer pair is an extreme weighted edge in the current analysis window.
740315055a01a80b||8960cc50eedaff1c,740315055a01a80b,8960cc50eedaff1c,KB-C_EXTREME_VOLUME,6.0,,cohort_trip_threshold,28.76,derived,Driver-customer pair is an extreme weighted edge in the current analysis window.
8b10ae56c5483c1d||80912d1d8b9b3069,8b10ae56c5483c1d,80912d1d8b9b3069,KB-C_EXTREME_VOLUME,4.0,,cohort_trip_threshold,20.31,derived,Driver-customer pair is an extreme weighted edge in the current analysis window.
0709058be585a0e9||36f1f49c27462701,0709058be585a0e9,36f1f49c27462701,KB-C_EXTREME_VOLUME,6.0,,cohort_trip_threshold,25.09,derived,Driver-customer pair is an extreme weighted edge in the current analysis window.
d68701eb01ab5378||b6babddf5cbb1328,d68701eb01ab5378,b6babddf5cbb1328,KB-C_EXTREME_VOLUME,5.0,,cohort_trip_threshold,26.4,derived,Driver-customer pair is an extreme weighted edge in the current analysis window.
e9114cba9c0f4a52||89847cdd837975bb,e9114cba9c0f4a52,89847cdd837975bb,KB-C_EXTREME_VOLUME,6.0,,cohort_trip_threshold,23.3,derived,Driver-customer pair is an extreme weighted edge in the current analysis window.
7f41ff36879c6044||5dd131f96d8a432b,7f41ff36879c6044,5dd131f96d8a432b,KB-C_EXTREME_VOLUME,6.0,,cohort_trip_threshold,27.38,derived,Driver-customer pair is an extreme weighted edge in the current analysis window.
7f41ff36879c6044||8f569823e1ec2111,7f41ff36879c6044,8f569823e1ec2111,KB-C_EXTREME_VOLUME,6.0,,cohort_trip_threshold,25.64,derived,Driver-customer pair is an extreme weighted edge in the current analysis window.
3e31a5210e2d8989||49a5f1359de1ebb0,3e31a5210e2d8989,49a5f1359de1ebb0,KB-C_EXTREME_VOLUME,4.0,,cohort_trip_threshold,22.94,derived,Driver-customer pair is an extreme weighted edge in the current analysis window.
f8e4bf7924a530b8||c67596b6a21e80ca,f8e4bf7924a530b8,c67596b6a21e80ca,KB-C_EXTREME_VOLUME,8.0,,cohort_trip_threshold,31.88,derived,Driver-customer pair is an extreme weighted edge in the current analysis window.
9cab892ccb1cd9f6||0ec9b24ee8567597,9cab892ccb1cd9f6,0ec9b24ee8567597,KB-C_EXTREME_VOLUME,14.0,,cohort_trip_threshold,57.55,derived,Driver-customer pair is an extreme weighted edge in the current analysis window.
68e9c19295d76c78||4b2b542958ec6d51,68e9c19295d76c78,4b2b542958ec6d51,KB-C_EXTREME_VOLUME,5.0,,cohort_trip_threshold,26.4,derived,Driver-customer pair is an extreme weighted edge in the current analysis window.
82abb361b3ab3f15||2bd7dbc77408139b,82abb361b3ab3f15,2bd7dbc77408139b,KB-C_EXTREME_VOLUME,6.0,,cohort_trip_threshold,25.84,derived,Driver-customer pair is an extreme weighted edge in the current analysis window.
e8107950aafeaf0e||42b73a3944d6df39,e8107950aafeaf0e,42b73a3944d6df39,KB-C_EXTREME_VOLUME,6.0,,cohort_trip_threshold,28.68,derived,Driver-customer pair is an extreme weighted edge in the current analysis window.
00aaf9cb5e6da45b||abac0990bc265763,00aaf9cb5e6da45b,abac0990bc265763,KB-C_EXTREME_VOLUME,11.0,,cohort_trip_threshold,29.66,derived,Driver-customer pair is an extreme weighted edge in the current analysis window.
eeca6f53595103e8||c491bbc10e9d7da5,eeca6f53595103e8,c491bbc10e9d7da5,KB-C_EXTREME_VOLUME,6.0,,cohort_trip_threshold,31.02,derived,Driver-customer pair is an extreme weighted edge in the current analysis window.
b75b67cf6af4f3b7||4a6d0cc10fa33f27,b75b67cf6af4f3b7,4a6d0cc10fa33f27,KB-C_EXTREME_VOLUME,5.0,,cohort_trip_threshold,15.23,derived,Driver-customer pair is an extreme weighted edge in the current analysis window.
4a3a5cbf64749ac8||d84b57ba53320215,4a3a5cbf64749ac8,d84b57ba53320215,KB-C_EXTREME_VOLUME,4.0,,cohort_trip_threshold,20.54,derived,Driver-customer pair is an extreme weighted edge in the current analysis window.
1d7e19be7eb8f3c9||18c73a740f73f40c,1d7e19be7eb8f3c9,18c73a740f73f40c,KB-C_EXTREME_VOLUME,4.0,,cohort_trip_threshold,25.44,derived,Driver-customer pair is an extreme weighted edge in the current analysis window.
46e6649a5e0a352f||32b42753eab56a62,46e6649a5e0a352f,32b42753eab56a62,KB-C_EXTREME_VOLUME,6.0,,cohort_trip_threshold,21.5,derived,Driver-customer pair is an extreme weighted edge in the current analysis window.
921e7c0c9ed7b042||5a9345d8a4109edd,921e7c0c9ed7b042,5a9345d8a4109edd,KB-C_EXTREME_VOLUME,3.0,,cohort_trip_threshold,27.39,derived,Driver-customer pair is an extreme weighted edge in the current analysis window.
05405f95e1846065||7e74d3ce82c90126,05405f95e1846065,7e74d3ce82c90126,KB-C_EXTREME_VOLUME,6.0,,cohort_trip_threshold,25.85,derived,Driver-customer pair is an extreme weighted edge in the current analysis window.
40d3c73e2df951ef||6e9388f0e193d7a7,40d3c73e2df951ef,6e9388f0e193d7a7,KB-C_EXTREME_VOLUME,5.0,,cohort_trip_threshold,29.4,derived,Driver-customer pair is an extreme weighted edge in the current analysis window.
b624e2850b39cf66||7f8a44fb531b4748,b624e2850b39cf66,7f8a44fb531b4748,KB-C_EXTREME_VOLUME,9.0,,cohort_trip_threshold,50.15,derived,Driver-customer pair is an extreme weighted edge in the current analysis window.
b624e2850b39cf66||d79182f0d72e763a,b624e2850b39cf66,d79182f0d72e763a,KB-C_EXTREME_VOLUME,9.0,,cohort_trip_threshold,48.88,derived,Driver-customer pair is an extreme weighted edge in the current analysis window.
4b67a8f3a2398432||22fa366516a96c39,4b67a8f3a2398432,22fa366516a96c39,KB-C_EXTREME_VOLUME,5.0,,cohort_trip_threshold,28.18,derived,Driver-customer pair is an extreme weighted edge in the current analysis window.
884c26c6f806f8a8||e8df7f612713a7b8,884c26c6f806f8a8,e8df7f612713a7b8,KB-C_EXTREME_VOLUME,5.0,,cohort_trip_threshold,24.75,derived,Driver-customer pair is an extreme weighted edge in the current analysis window.
615b0b0d39854b67||3be11baafbd8ec03,615b0b0d39854b67,3be11baafbd8ec03,KB-C_EXTREME_VOLUME,6.0,,cohort_trip_threshold,27.46,derived,Driver-customer pair is an extreme weighted edge in the current analysis window.
386e076c4b3d6008||4a6361bef7b66f26,386e076c4b3d6008,4a6361bef7b66f26,KB-C_EXTREME_VOLUME,6.0,,cohort_trip_threshold,25.07,derived,Driver-customer pair is an extreme weighted edge in the current analysis window.
4768e50e922a81a0||1874e9c946b2fe99,4768e50e922a81a0,1874e9c946b2fe99,KB-C_EXTREME_VOLUME,6.0,,cohort_trip_threshold,24.48,derived,Driver-customer pair is an extreme weighted edge in the current analysis window.
942c937aa12a6cb4||f7c989e76aed8f75,942c937aa12a6cb4,f7c989e76aed8f75,KB-C_EXTREME_VOLUME,6.0,,cohort_trip_threshold,23.82,derived,Driver-customer pair is an extreme weighted edge in the current analysis window.
4a83e570e4346e7f||2b14482cca666f74,4a83e570e4346e7f,2b14482cca666f74,KB-C_EXTREME_VOLUME,6.0,,cohort_trip_threshold,17.86,derived,Driver-customer pair is an extreme weighted edge in the current analysis window.
0c094205fdc9ff02||a6b3d4e6d04dea29,0c094205fdc9ff02,a6b3d4e6d04dea29,KB-C_EXTREME_VOLUME,4.0,,cohort_trip_threshold,18.8,derived,Driver-customer pair is an extreme weighted edge in the current analysis window.
0bbe870fa7895c7b||de8bb1c370d69eef,0bbe870fa7895c7b,de8bb1c370d69eef,KB-C_EXTREME_VOLUME,7.0,,cohort_trip_threshold,25.06,derived,Driver-customer pair is an extreme weighted edge in the current analysis window.
44b627d8a24030a6||5d0ecb416d58cc23,44b627d8a24030a6,5d0ecb416d58cc23,KB-C_EXTREME_VOLUME,6.0,,cohort_trip_threshold,35.22,derived,Driver-customer pair is an extreme weighted edge in the current analysis window.
c1fabae5368ec2f8||2aa312d3268cec47,c1fabae5368ec2f8,2aa312d3268cec47,KB-C_EXTREME_VOLUME,5.0,,cohort_trip_threshold,23.15,derived,Driver-customer pair is an extreme weighted edge in the current analysis window.
61f94b78ed7895b5||af675ac52e875d30,61f94b78ed7895b5,af675ac52e875d30,KB-C_EXTREME_VOLUME,6.0,,cohort_trip_threshold,23.82,derived,Driver-customer pair is an extreme weighted edge in the current analysis window.
0ca23fd8a90838da||fe108d8c4bb81151,0ca23fd8a90838da,fe108d8c4bb81151,KB-C_EXTREME_VOLUME,5.0,,cohort_trip_threshold,27.08,derived,Driver-customer pair is an extreme weighted edge in the current analysis window.
5a79c643021be2b9||f53d9b28086fcfd6,5a79c643021be2b9,f53d9b28086fcfd6,KB-C_EXTREME_VOLUME,5.0,,cohort_trip_threshold,30.67,derived,Driver-customer pair is an extreme weighted edge in the current analysis window.
e25d02abe0bd7845||0990c1ba03aa11a1,e25d02abe0bd7845,0990c1ba03aa11a1,KB-C_EXTREME_VOLUME,5.0,,cohort_trip_threshold,18.5,derived,Driver-customer pair is an extreme weighted edge in the current analysis window.
b15b2f27b5e05826||b51ef7a418dcbf5e,b15b2f27b5e05826,b51ef7a418dcbf5e,KB-C_EXTREME_VOLUME,6.0,,cohort_trip_threshold,26.04,derived,Driver-customer pair is an extreme weighted edge in the current analysis window.
1afcc9d41698c033||3d48efd65e4d08bc,1afcc9d41698c033,3d48efd65e4d08bc,KB-C_EXTREME_VOLUME,6.0,,cohort_trip_threshold,24.64,derived,Driver-customer pair is an extreme weighted edge in the current analysis window.
d7723610e4c92c74||ff68c7dfa15cdda5,d7723610e4c92c74,ff68c7dfa15cdda5,KB-C_EXTREME_VOLUME,6.0,,cohort_trip_threshold,29.75,derived,Driver-customer pair is an extreme weighted edge in the current analysis window.
0d936d4bb8de7ef2||07e69e683a02eb27,0d936d4bb8de7ef2,07e69e683a02eb27,KB-C_EXTREME_VOLUME,6.0,,cohort_trip_threshold,27.02,derived,Driver-customer pair is an extreme weighted edge in the current analysis window.
6e19d720919e7799||0e4fd00e63207be9,6e19d720919e7799,0e4fd00e63207be9,KB-C_EXTREME_VOLUME,6.0,,cohort_trip_threshold,31.56,derived,Driver-customer pair is an extreme weighted edge in the current analysis window.
2e0b996260652857||64940b961443637c,2e0b996260652857,64940b961443637c,KB-C_EXTREME_VOLUME,6.0,,cohort_trip_threshold,23.38,derived,Driver-customer pair is an extreme weighted edge in the current analysis window.
645a5eb59b46f020||9963d4a1b813402b,645a5eb59b46f020,9963d4a1b813402b,KB-C_EXTREME_VOLUME,6.0,,cohort_trip_threshold,27.11,derived,Driver-customer pair is an extreme weighted edge in the current analysis window.
645a5eb59b46f020||fe5c9da8860bcbef,645a5eb59b46f020,fe5c9da8860bcbef,KB-C_EXTREME_VOLUME,6.0,,cohort_trip_threshold,23.64,derived,Driver-customer pair is an extreme weighted edge in the current analysis window.
153a40b6f7aefcfd||5fd57652fcacd2b1,153a40b6f7aefcfd,5fd57652fcacd2b1,KB-C_EXTREME_VOLUME,5.0,,cohort_trip_threshold,27.62,derived,Driver-customer pair is an extreme weighted edge in the current analysis window.
79a30d6f8586693a||b49857a415aac71b,79a30d6f8586693a,b49857a415aac71b,KB-C_EXTREME_VOLUME,6.0,,cohort_trip_threshold,26.66,derived,Driver-customer pair is an extreme weighted edge in the current analysis window.
7b7b5b1f43e170fb||5c47c7acd1ffb2e0,7b7b5b1f43e170fb,5c47c7acd1ffb2e0,KB-C_EXTREME_VOLUME,6.0,,cohort_trip_threshold,23.3,derived,Driver-customer pair is an extreme weighted edge in the current analysis window.
568d5d73486339bd||7aaaa3675c196a6b,568d5d73486339bd,7aaaa3675c196a6b,KB-C_EXTREME_VOLUME,6.0,,cohort_trip_threshold,26.1,derived,Driver-customer pair is an extreme weighted edge in the current analysis window.
70e6be43ef2f72ee||e45e52f7d039ef4e,70e6be43ef2f72ee,e45e52f7d039ef4e,KB-C_EXTREME_VOLUME,6.0,,cohort_trip_threshold,36.33,derived,Driver-customer pair is an extreme weighted edge in the current analysis window.
37d869d1765e7a00||5199c8249a574dc9,37d869d1765e7a00,5199c8249a574dc9,KB-C_EXTREME_VOLUME,6.0,,cohort_trip_threshold,22.78,derived,Driver-customer pair is an extreme weighted edge in the current analysis window.
b4dd9c0d7e4e6055||77dcdc922e043fe5,b4dd9c0d7e4e6055,77dcdc922e043fe5,KB-C_EXTREME_VOLUME,4.0,,cohort_trip_threshold,30.18,derived,Driver-customer pair is an extreme weighted edge in the current analysis window.
2d16f48fb5ffe470||50ec6c7114295db9,2d16f48fb5ffe470,50ec6c7114295db9,KB-C_EXTREME_VOLUME,4.0,,cohort_trip_threshold,27.03,derived,Driver-customer pair is an extreme weighted edge in the current analysis window.
e414039c3e41d5e0||2783b47204744397,e414039c3e41d5e0,2783b47204744397,KB-C_EXTREME_VOLUME,5.0,,cohort_trip_threshold,20.04,derived,Driver-customer pair is an extreme weighted edge in the current analysis window.
f0acf5206f2e3a04||3125edad0b6311dc,f0acf5206f2e3a04,3125edad0b6311dc,KB-C_EXTREME_VOLUME,5.0,,cohort_trip_threshold,16.53,derived,Driver-customer pair is an extreme weighted edge in the current analysis window.
8042dbe3eb07232d||0af427198fb7a8fe,8042dbe3eb07232d,0af427198fb7a8fe,KB-C_EXTREME_VOLUME,5.0,,cohort_trip_threshold,26.95,derived,Driver-customer pair is an extreme weighted edge in the current analysis window.
080d043781885e8e||3b6237d9825ebb07,080d043781885e8e,3b6237d9825ebb07,KB-C_EXTREME_VOLUME,6.0,,cohort_trip_threshold,26.0,derived,Driver-customer pair is an extreme weighted edge in the current analysis window.
5573ee7f7a679d61||4447c5b97fa4676f,5573ee7f7a679d61,4447c5b97fa4676f,KB-C_EXTREME_VOLUME,6.0,,cohort_trip_threshold,28.74,derived,Driver-customer pair is an extreme weighted edge in the current analysis window.
d18b5620c79c2fde||64f6505047a723cf,d18b5620c79c2fde,64f6505047a723cf,KB-C_EXTREME_VOLUME,4.0,,cohort_trip_threshold,22.16,derived,Driver-customer pair is an extreme weighted edge in the current analysis window.
9cca7ff9133fa89d||fb719d70b17f930c,9cca7ff9133fa89d,fb719d70b17f930c,KB-C_EXTREME_VOLUME,5.0,,cohort_trip_threshold,30.38,derived,Driver-customer pair is an extreme weighted edge in the current analysis window.
253e0ac0982aa747||c08e5c890d07a457,253e0ac0982aa747,c08e5c890d07a457,KB-C_EXTREME_VOLUME,7.0,,cohort_trip_threshold,27.64,derived,Driver-customer pair is an extreme weighted edge in the current analysis window.
0713ad18b327b817||d47a795316bc7385,0713ad18b327b817,d47a795316bc7385,KB-C_EXTREME_VOLUME,6.0,,cohort_trip_threshold,26.52,derived,Driver-customer pair is an extreme weighted edge in the current analysis window.
241d56ef8d032b95||c469d5ebe936b1ae,241d56ef8d032b95,c469d5ebe936b1ae,KB-C_EXTREME_VOLUME,7.0,,cohort_trip_threshold,27.49,derived,Driver-customer pair is an extreme weighted edge in the current analysis window.
ff09814f87b4926a||344de2880045cc5b,ff09814f87b4926a,344de2880045cc5b,KB-C_EXTREME_VOLUME,6.0,,cohort_trip_threshold,23.99,derived,Driver-customer pair is an extreme weighted edge in the current analysis window.
ff09814f87b4926a||ca1dcab6bd331c95,ff09814f87b4926a,ca1dcab6bd331c95,KB-C_EXTREME_VOLUME,6.0,,cohort_trip_threshold,16.39,derived,Driver-customer pair is an extreme weighted edge in the current analysis window.
034652e100cea26d||f8581ec077e4a22f,034652e100cea26d,f8581ec077e4a22f,KB-C_EXTREME_VOLUME,5.0,,cohort_trip_threshold,23.93,derived,Driver-customer pair is an extreme weighted edge in the current analysis window.
31a4646de88602ec||0263bf846eb634af,31a4646de88602ec,0263bf846eb634af,KB-C_EXTREME_VOLUME,4.0,,cohort_trip_threshold,31.53,derived,Driver-customer pair is an extreme weighted edge in the current analysis window.
32da0b5e4b6ea8ce||d99da965b0d6bfb2,32da0b5e4b6ea8ce,d99da965b0d6bfb2,KB-C_EXTREME_VOLUME,4.0,,cohort_trip_threshold,26.6,derived,Driver-customer pair is an extreme weighted edge in the current analysis window.
652b8592922e96f3||f0352bfc693a7493,652b8592922e96f3,f0352bfc693a7493,KB-C_EXTREME_VOLUME,6.0,,cohort_trip_threshold,29.82,derived,Driver-customer pair is an extreme weighted edge in the current analysis window.
d712d483f115e565||9d0dab92965b0cc8,d712d483f115e565,9d0dab92965b0cc8,KB-C_EXTREME_VOLUME,4.0,,cohort_trip_threshold,35.14,derived,Driver-customer pair is an extreme weighted edge in the current analysis window.
376939c610170822||bef76ff0f17cfca1,376939c610170822,bef76ff0f17cfca1,KB-C_EXTREME_VOLUME,9.0,,cohort_trip_threshold,30.66,derived,Driver-customer pair is an extreme weighted edge in the current analysis window.
a0da1799eb23aef8||59b25b42e44aaf66,a0da1799eb23aef8,59b25b42e44aaf66,KB-C_EXTREME_VOLUME,8.0,,cohort_trip_threshold,25.88,derived,Driver-customer pair is an extreme weighted edge in the current analysis window.
646764318c8f5ffd||b64bbcbb6aeec418,646764318c8f5ffd,b64bbcbb6aeec418,KB-C_EXTREME_VOLUME,5.0,,cohort_trip_threshold,19.99,derived,Driver-customer pair is an extreme weighted edge in the current analysis window.
fb735c3dcbbbb29a||44bb91d88d9f2679,fb735c3dcbbbb29a,44bb91d88d9f2679,KB-C_EXTREME_VOLUME,5.0,,cohort_trip_threshold,28.06,derived,Driver-customer pair is an extreme weighted edge in the current analysis window.
e29e29acf72cbd3d||8f9f5fd0a51eaa03,e29e29acf72cbd3d,8f9f5fd0a51eaa03,KB-C_EXTREME_VOLUME,5.0,,cohort_trip_threshold,27.12,derived,Driver-customer pair is an extreme weighted edge in the current analysis window.
c5ef95059005435c||2fa446fd7d2365ca,c5ef95059005435c,2fa446fd7d2365ca,KB-C_EXTREME_VOLUME,6.0,,cohort_trip_threshold,28.3,derived,Driver-customer pair is an extreme weighted edge in the current analysis window.
cf29aaa04f108b58||a5f6df24ba861258,cf29aaa04f108b58,a5f6df24ba861258,KB-C_EXTREME_VOLUME,4.0,,cohort_trip_threshold,28.44,derived,Driver-customer pair is an extreme weighted edge in the current analysis window.
efda39806a5252e3||a0133e7b0fe6f307,efda39806a5252e3,a0133e7b0fe6f307,KB-C_EXTREME_VOLUME,4.0,,cohort_trip_threshold,42.42,derived,Driver-customer pair is an extreme weighted edge in the current analysis window.
336dc8d2129f6243||276bae8d87470663,336dc8d2129f6243,276bae8d87470663,KB-C_EXTREME_VOLUME,4.0,,cohort_trip_threshold,26.77,derived,Driver-customer pair is an extreme weighted edge in the current analysis window.
ad20d39accc745af||a0d8e4770eac7a49,ad20d39accc745af,a0d8e4770eac7a49,KB-C_EXTREME_VOLUME,7.0,,cohort_trip_threshold,28.38,derived,Driver-customer pair is an extreme weighted edge in the current analysis window.
e54955bc08afda80||166cf66cfb4acfbc,e54955bc08afda80,166cf66cfb4acfbc,KB-C_EXTREME_VOLUME,5.0,,cohort_trip_threshold,21.9,derived,Driver-customer pair is an extreme weighted edge in the current analysis window.
976e0349122f4270||f0bd7c70c188bfc1,976e0349122f4270,f0bd7c70c188bfc1,KB-C_EXTREME_VOLUME,4.0,,cohort_trip_threshold,19.53,derived,Driver-customer pair is an extreme weighted edge in the current analysis window.
d4aceef28966f7bd||b054b3a3c4de6568,d4aceef28966f7bd,b054b3a3c4de6568,KB-C_EXTREME_VOLUME,10.0,,cohort_trip_threshold,27.21,derived,Driver-customer pair is an extreme weighted edge in the current analysis window.
a4dbc94031ffb40a||64edd29538767dea,a4dbc94031ffb40a,64edd29538767dea,KB-C_EXTREME_VOLUME,5.0,,cohort_trip_threshold,25.44,derived,Driver-customer pair is an extreme weighted edge in the current analysis window.
60220f5fb183036f||2bc13d97b3357db5,60220f5fb183036f,2bc13d97b3357db5,KB-C_EXTREME_VOLUME,4.0,,cohort_trip_threshold,18.06,derived,Driver-customer pair is an extreme weighted edge in the current analysis window.
db604211aca4c8a9||ce09bcc117748c89,db604211aca4c8a9,ce09bcc117748c89,KB-C_EXTREME_VOLUME,4.0,,cohort_trip_threshold,24.45,derived,Driver-customer pair is an extreme weighted edge in the current analysis window.
7002509aee1d9147||9f606fb59c768afa,7002509aee1d9147,9f606fb59c768afa,KB-C_EXTREME_VOLUME,5.0,,cohort_trip_threshold,32.71,derived,Driver-customer pair is an extreme weighted edge in the current analysis window.
9e29355ee5c82ba6||bef76ff0f17cfca1,9e29355ee5c82ba6,bef76ff0f17cfca1,KB-C_EXTREME_VOLUME,9.0,,cohort_trip_threshold,30.36,derived,Driver-customer pair is an extreme weighted edge in the current analysis window.
ac9a3fe431e3512a||2592432b38283b59,ac9a3fe431e3512a,2592432b38283b59,KB-C_EXTREME_VOLUME,6.0,,cohort_trip_threshold,40.0,derived,Driver-customer pair is an extreme weighted edge in the current analysis window.
b54a6cbf109f4250||ff2a85cde730c39d,b54a6cbf109f4250,ff2a85cde730c39d,KB-C_EXTREME_VOLUME,5.0,,cohort_trip_threshold,31.56,derived,Driver-customer pair is an extreme weighted edge in the current analysis window.
cb15a88aa742c3e6||77c7e0f69bfaf2be,cb15a88aa742c3e6,77c7e0f69bfaf2be,KB-C_EXTREME_VOLUME,5.0,,cohort_trip_threshold,26.55,derived,Driver-customer pair is an extreme weighted edge in the current analysis window.
afb50c07513f7c20||c11590ba401a95ea,afb50c07513f7c20,c11590ba401a95ea,KB-C_EXTREME_VOLUME,3.0,,cohort_trip_threshold,32.86,derived,Driver-customer pair is an extreme weighted edge in the current analysis window.
22fa09e4ce792dba||27ba4ea70f592e99,22fa09e4ce792dba,27ba4ea70f592e99,KB-C_EXTREME_VOLUME,5.0,,cohort_trip_threshold,26.88,derived,Driver-customer pair is an extreme weighted edge in the current analysis window.
d21578432811872b||4d8b956f606c7f8b,d21578432811872b,4d8b956f606c7f8b,KB-C_EXTREME_VOLUME,4.0,,cohort_trip_threshold,19.22,derived,Driver-customer pair is an extreme weighted edge in the current analysis window.
95c41ffce60820ab||8c4548dd0ef21567,95c41ffce60820ab,8c4548dd0ef21567,KB-C_EXTREME_VOLUME,3.0,,cohort_trip_threshold,32.89,derived,Driver-customer pair is an extreme weighted edge in the current analysis window.
d030378aeca44404||60582953af224000,d030378aeca44404,60582953af224000,KB-C_EXTREME_VOLUME,5.0,,cohort_trip_threshold,19.48,derived,Driver-customer pair is an extreme weighted edge in the current analysis window.
6dc7d7b1f6aad832||2fd6fc79f6031b92,6dc7d7b1f6aad832,2fd6fc79f6031b92,KB-C_EXTREME_VOLUME,2.0,,cohort_trip_threshold,32.06,derived,Driver-customer pair is an extreme weighted edge in the current analysis window.
50ed8d6e3e277f32||e9d48f4ec0ee5d85,50ed8d6e3e277f32,e9d48f4ec0ee5d85,KB-C_EXTREME_VOLUME,4.0,,cohort_trip_threshold,28.69,derived,Driver-customer pair is an extreme weighted edge in the current analysis window.
14213a3b00cc6938||1084ca2c0af9cede,14213a3b00cc6938,1084ca2c0af9cede,KB-C_EXTREME_VOLUME,7.0,,cohort_trip_threshold,28.32,derived,Driver-customer pair is an extreme weighted edge in the current analysis window.
94a1683ba1828bea||244c0b57fb25dfb1,94a1683ba1828bea,244c0b57fb25dfb1,KB-C_EXTREME_VOLUME,6.0,,cohort_trip_threshold,22.9,derived,Driver-customer pair is an extreme weighted edge in the current analysis window.
38c3ab9219e1638d||ce6194ade666f0e1,38c3ab9219e1638d,ce6194ade666f0e1,KB-C_EXTREME_VOLUME,3.0,,cohort_trip_threshold,20.8,derived,Driver-customer pair is an extreme weighted edge in the current analysis window.
fcee5fa093850ac9||47785727387fb744,fcee5fa093850ac9,47785727387fb744,KB-C_EXTREME_VOLUME,5.0,,cohort_trip_threshold,42.76,derived,Driver-customer pair is an extreme weighted edge in the current analysis window.
ad48f047102e8766||8138f23bcabb75cd,ad48f047102e8766,8138f23bcabb75cd,KB-C_EXTREME_VOLUME,3.0,,cohort_trip_threshold,28.86,derived,Driver-customer pair is an extreme weighted edge in the current analysis window.
0469d202051f06c5||057092ebbaba9c88,0469d202051f06c5,057092ebbaba9c88,KB-C_EXTREME_VOLUME,4.0,,cohort_trip_threshold,27.62,derived,Driver-customer pair is an extreme weighted edge in the current analysis window.
773b77422396b09e||900e11392c287dec,773b77422396b09e,900e11392c287dec,KB-C_EXTREME_VOLUME,5.0,,cohort_trip_threshold,25.76,derived,Driver-customer pair is an extreme weighted edge in the current analysis window.
ac5ad23248702f61||d37cb2d55cfd5f1a,ac5ad23248702f61,d37cb2d55cfd5f1a,KB-C_EXTREME_VOLUME,6.0,,cohort_trip_threshold,46.35,derived,Driver-customer pair is an extreme weighted edge in the current analysis window.
dc6c668b7ccca0cf||00fd16e7847d9490,dc6c668b7ccca0cf,00fd16e7847d9490,KB-C_EXTREME_VOLUME,4.0,,cohort_trip_threshold,24.76,derived,Driver-customer pair is an extreme weighted edge in the current analysis window.
62eb7b7105af4daa||837e296b2c8cffde,62eb7b7105af4daa,837e296b2c8cffde,KB-C_EXTREME_VOLUME,5.0,,cohort_trip_threshold,42.43,derived,Driver-customer pair is an extreme weighted edge in the current analysis window.
f26265202c1182ce||29b0e3b6d426836e,f26265202c1182ce,29b0e3b6d426836e,KB-C_EXTREME_VOLUME,5.0,,cohort_trip_threshold,33.21,derived,Driver-customer pair is an extreme weighted edge in the current analysis window.
4c1e082ca4f4c9b9||b608dec8a2f0589f,4c1e082ca4f4c9b9,b608dec8a2f0589f,KB-C_EXTREME_VOLUME,3.0,,cohort_trip_threshold,15.52,derived,Driver-customer pair is an extreme weighted edge in the current analysis window.
d0f813d4263d3d1d||a039181a01cf3c67,d0f813d4263d3d1d,a039181a01cf3c67,KB-C_EXTREME_VOLUME,3.0,,cohort_trip_threshold,18.3,derived,Driver-customer pair is an extreme weighted edge in the current analysis window.
6c3e951551c12ec1||2653d86b3599e3e5,6c3e951551c12ec1,2653d86b3599e3e5,KB-C_EXTREME_VOLUME,4.0,,cohort_trip_threshold,44.94,derived,Driver-customer pair is an extreme weighted edge in the current analysis window.
4e7ec3c939831b48||bf94c238f5f1cfe6,4e7ec3c939831b48,bf94c238f5f1cfe6,KB-C_EXTREME_VOLUME,6.0,,cohort_trip_threshold,21.72,derived,Driver-customer pair is an extreme weighted edge in the current analysis window.
cf6f64f511bec4d1||f81e767283cd367a,cf6f64f511bec4d1,f81e767283cd367a,KB-C_EXTREME_VOLUME,5.0,,cohort_trip_threshold,23.98,derived,Driver-customer pair is an extreme weighted edge in the current analysis window.
795ed261e5c61b18||467bf8762408ee54,795ed261e5c61b18,467bf8762408ee54,KB-C_EXTREME_VOLUME,6.0,,cohort_trip_threshold,31.8,derived,Driver-customer pair is an extreme weighted edge in the current analysis window.
39492ab1fe9024cd||d9032195f92c7a3b,39492ab1fe9024cd,d9032195f92c7a3b,KB-C_EXTREME_VOLUME,5.0,,cohort_trip_threshold,24.66,derived,Driver-customer pair is an extreme weighted edge in the current analysis window.
8e7c97a51e1060a2||e814d76304b39cfa,8e7c97a51e1060a2,e814d76304b39cfa,KB-C_EXTREME_VOLUME,6.0,,cohort_trip_threshold,25.08,derived,Driver-customer pair is an extreme weighted edge in the current analysis window.
e9595aaa7b599f92||3c6eaa2c58025fe9,e9595aaa7b599f92,3c6eaa2c58025fe9,KB-C_EXTREME_VOLUME,6.0,,cohort_trip_threshold,32.13,derived,Driver-customer pair is an extreme weighted edge in the current analysis window.
20a76623c34ef2f2||7a54d76cbb98787e,20a76623c34ef2f2,7a54d76cbb98787e,KB-C_EXTREME_VOLUME,6.0,,cohort_trip_threshold,32.12,derived,Driver-customer pair is an extreme weighted edge in the current analysis window.
617cdd2f65372564||05d72f343ce65be9,617cdd2f65372564,05d72f343ce65be9,KB-C_EXTREME_VOLUME,5.0,,cohort_trip_threshold,29.76,derived,Driver-customer pair is an extreme weighted edge in the current analysis window.
085f80a41272812d||600956fced10a8b9,085f80a41272812d,600956fced10a8b9,KB-C_EXTREME_VOLUME,5.0,,cohort_trip_threshold,28.76,derived,Driver-customer pair is an extreme weighted edge in the current analysis window.
7428f04101efe296||1c8d2550047d02aa,7428f04101efe296,1c8d2550047d02aa,KB-C_EXTREME_VOLUME,6.0,,cohort_trip_threshold,22.38,derived,Driver-customer pair is an extreme weighted edge in the current analysis window.
56b48bba9598e6cf||a880ab29b5a601f7,56b48bba9598e6cf,a880ab29b5a601f7,KB-C_EXTREME_VOLUME,5.0,,cohort_trip_threshold,39.36,derived,Driver-customer pair is an extreme weighted edge in the current analysis window.
fd5f833fe38d64f2||e654a10a7215b8bf,fd5f833fe38d64f2,e654a10a7215b8bf,KB-C_EXTREME_VOLUME,5.0,,cohort_trip_threshold,27.44,derived,Driver-customer pair is an extreme weighted edge in the current analysis window.
9cab892ccb1cd9f6||89cb3800ad24bd8a,9cab892ccb1cd9f6,89cb3800ad24bd8a,KB-C_EXTREME_VOLUME,13.0,,cohort_trip_threshold,56.79,derived,Driver-customer pair is an extreme weighted edge in the current analysis window.
1bff7ed14a461fee||0b476e64b2994c64,1bff7ed14a461fee,0b476e64b2994c64,KB-C_EXTREME_VOLUME,2.0,,cohort_trip_threshold,22.22,derived,Driver-customer pair is an extreme weighted edge in the current analysis window.
5c3b3f6f86403454||852fb89f52c3b259,5c3b3f6f86403454,852fb89f52c3b259,KB-C_EXTREME_VOLUME,2.0,,cohort_trip_threshold,13.93,derived,Driver-customer pair is an extreme weighted edge in the current analysis window.
6f25d98d598dd9db||395d9139ba39cf82,6f25d98d598dd9db,395d9139ba39cf82,KB-C_EXTREME_VOLUME,2.0,,cohort_trip_threshold,18.74,derived,Driver-customer pair is an extreme weighted edge in the current analysis window.
430109bf2b7d8879||0fcae502fab7b236,430109bf2b7d8879,0fcae502fab7b236,KB-C_EXTREME_VOLUME,3.0,,cohort_trip_threshold,26.64,derived,Driver-customer pair is an extreme weighted edge in the current analysis window.
30160a06f349cf59||789e1ca8c46f1020,30160a06f349cf59,789e1ca8c46f1020,KB-C_EXTREME_VOLUME,5.0,,cohort_trip_threshold,16.89,derived,Driver-customer pair is an extreme weighted edge in the current analysis window.
480af5ed4b335297||3602efc3fbf73733,480af5ed4b335297,3602efc3fbf73733,KB-C_EXTREME_VOLUME,4.0,,cohort_trip_threshold,29.77,derived,Driver-customer pair is an extreme weighted edge in the current analysis window.
00e604174b6a74e8||4446cfeba962584c,00e604174b6a74e8,4446cfeba962584c,KB-C_EXTREME_VOLUME,3.0,,cohort_trip_threshold,18.62,derived,Driver-customer pair is an extreme weighted edge in the current analysis window.
909d5444ac3b14e4||a8b03c4da6326b02,909d5444ac3b14e4,a8b03c4da6326b02,KB-C_EXTREME_VOLUME,3.0,,cohort_trip_threshold,23.2,derived,Driver-customer pair is an extreme weighted edge in the current analysis window.
b1685187ea9afd1c||d003b3628672b158,b1685187ea9afd1c,d003b3628672b158,KB-C_EXTREME_VOLUME,3.0,,cohort_trip_threshold,25.53,derived,Driver-customer pair is an extreme weighted edge in the current analysis window.
8a6af9ad9b028830||759656c6035db5e8,8a6af9ad9b028830,759656c6035db5e8,KB-C_EXTREME_VOLUME,4.0,,cohort_trip_threshold,25.33,derived,Driver-customer pair is an extreme weighted edge in the current analysis window.
5baba805881ffab5||4988dab9c6adb729,5baba805881ffab5,4988dab9c6adb729,KB-C_EXTREME_VOLUME,4.0,,cohort_trip_threshold,31.39,derived,Driver-customer pair is an extreme weighted edge in the current analysis window.
31554bb020dcab47||76aba12a7e4222d4,31554bb020dcab47,76aba12a7e4222d4,KB-C_EXTREME_VOLUME,3.0,,cohort_trip_threshold,16.75,derived,Driver-customer pair is an extreme weighted edge in the current analysis window.
31554bb020dcab47||e7231b3573d1991b,31554bb020dcab47,e7231b3573d1991b,KB-C_EXTREME_VOLUME,3.0,,cohort_trip_threshold,14.08,derived,Driver-customer pair is an extreme weighted edge in the current analysis window.
8bc84c17551b0b47||d61301665d41fe31,8bc84c17551b0b47,d61301665d41fe31,KB-C_EXTREME_VOLUME,5.0,,cohort_trip_threshold,25.99,derived,Driver-customer pair is an extreme weighted edge in the current analysis window.
f81b47cd6a0cab21||2f59184e09c6f1ac,f81b47cd6a0cab21,2f59184e09c6f1ac,KB-C_EXTREME_VOLUME,5.0,,cohort_trip_threshold,28.43,derived,Driver-customer pair is an extreme weighted edge in the current analysis window.
d5286c3ba3255ba4||7dbee5960023d4c5,d5286c3ba3255ba4,7dbee5960023d4c5,KB-C_EXTREME_VOLUME,3.0,,cohort_trip_threshold,24.13,derived,Driver-customer pair is an extreme weighted edge in the current analysis window.
d2a48cec1a91c816||b64731b06dcec30c,d2a48cec1a91c816,b64731b06dcec30c,KB-C_EXTREME_VOLUME,10.0,,cohort_trip_threshold,29.22,derived,Driver-customer pair is an extreme weighted edge in the current analysis window.
a312679fe66780e9||83ecaf568d9d2daf,a312679fe66780e9,83ecaf568d9d2daf,KB-C_EXTREME_VOLUME,3.0,,cohort_trip_threshold,23.62,derived,Driver-customer pair is an extreme weighted edge in the current analysis window.
2756e5f9dbbc4aca||db334891efa59cd3,2756e5f9dbbc4aca,db334891efa59cd3,KB-C_EXTREME_VOLUME,5.0,,cohort_trip_threshold,26.78,derived,Driver-customer pair is an extreme weighted edge in the current analysis window.
b8da2df1c305d59f||592522a1f5c2eaa2,b8da2df1c305d59f,592522a1f5c2eaa2,KB-C_EXTREME_VOLUME,6.0,,cohort_trip_threshold,23.33,derived,Driver-customer pair is an extreme weighted edge in the current analysis window.
0a465991960d1244||81fe7b9abeb86b00,0a465991960d1244,81fe7b9abeb86b00,KB-C_EXTREME_VOLUME,6.0,,cohort_trip_threshold,29.72,derived,Driver-customer pair is an extreme weighted edge in the current analysis window.
0a465991960d1244||aff996725b2a646d,0a465991960d1244,aff996725b2a646d,KB-C_EXTREME_VOLUME,6.0,,cohort_trip_threshold,28.68,derived,Driver-customer pair is an extreme weighted edge in the current analysis window.
1a21f0cf23c33217||aaa91eb9d724977c,1a21f0cf23c33217,aaa91eb9d724977c,KB-C_EXTREME_VOLUME,3.0,,cohort_trip_threshold,22.22,derived,Driver-customer pair is an extreme weighted edge in the current analysis window.
c42c8991deee9228||3f460dc88e12a934,c42c8991deee9228,3f460dc88e12a934,KB-C_EXTREME_VOLUME,3.0,,cohort_trip_threshold,21.97,derived,Driver-customer pair is an extreme weighted edge in the current analysis window.
e5d084e4162e9693||bf2c7a4beb982d55,e5d084e4162e9693,bf2c7a4beb982d55,KB-C_EXTREME_VOLUME,5.0,,cohort_trip_threshold,29.61,derived,Driver-customer pair is an extreme weighted edge in the current analysis window.
1d05693ea556de5c||502532b46ed1b4a5,1d05693ea556de5c,502532b46ed1b4a5,KB-C_EXTREME_VOLUME,5.0,,cohort_trip_threshold,25.67,derived,Driver-customer pair is an extreme weighted edge in the current analysis window.
b91d7f13ab914c01||2103939fa90a8436,b91d7f13ab914c01,2103939fa90a8436,KB-C_EXTREME_VOLUME,5.0,,cohort_trip_threshold,20.21,derived,Driver-customer pair is an extreme weighted edge in the current analysis window.
db5ae992faa286dd||06346eb25f7cbd7a,db5ae992faa286dd,06346eb25f7cbd7a,KB-C_EXTREME_VOLUME,5.0,,cohort_trip_threshold,18.56,derived,Driver-customer pair is an extreme weighted edge in the current analysis window.
0666819f362af9e8||329d4b5ad34f1006,0666819f362af9e8,329d4b5ad34f1006,KB-C_EXTREME_VOLUME,4.0,,cohort_trip_threshold,18.43,derived,Driver-customer pair is an extreme weighted edge in the current analysis window.
239e6551349295f0||ec3b401ccfa9812b,239e6551349295f0,ec3b401ccfa9812b,KB-C_EXTREME_VOLUME,4.0,,cohort_trip_threshold,23.73,derived,Driver-customer pair is an extreme weighted edge in the current analysis window.
d099b25164df8558||d219c864f84d5363,d099b25164df8558,d219c864f84d5363,KB-C_EXTREME_VOLUME,5.0,,cohort_trip_threshold,18.16,derived,Driver-customer pair is an extreme weighted edge in the current analysis window.
16ffcfa6b58dd890||3959fa079af6b0cd,16ffcfa6b58dd890,3959fa079af6b0cd,KB-C_EXTREME_VOLUME,3.0,,cohort_trip_threshold,18.16,derived,Driver-customer pair is an extreme weighted edge in the current analysis window.
5f8cacc1d793584a||f0adabe9eec383b5,5f8cacc1d793584a,f0adabe9eec383b5,KB-C_EXTREME_VOLUME,5.0,,cohort_trip_threshold,37.65,derived,Driver-customer pair is an extreme weighted edge in the current analysis window.
cac03d05964562a5||ffba4e0e8e4f690c,cac03d05964562a5,ffba4e0e8e4f690c,KB-C_EXTREME_VOLUME,5.0,,cohort_trip_threshold,25.38,derived,Driver-customer pair is an extreme weighted edge in the current analysis window.
6502b66611b25496||4e46ed3acdf59519,6502b66611b25496,4e46ed3acdf59519,KB-C_EXTREME_VOLUME,5.0,,cohort_trip_threshold,25.57,derived,Driver-customer pair is an extreme weighted edge in the current analysis window.
da044681e424e9fe||db8f837cc236d94f,da044681e424e9fe,db8f837cc236d94f,KB-C_EXTREME_VOLUME,10.0,,cohort_trip_threshold,29.33,derived,Driver-customer pair is an extreme weighted edge in the current analysis window.
9b5919df985bcfad||b0609faa2ab588e7,9b5919df985bcfad,b0609faa2ab588e7,KB-C_EXTREME_VOLUME,4.0,,cohort_trip_threshold,26.18,derived,Driver-customer pair is an extreme weighted edge in the current analysis window.
5c6364ee1a38ac89||f8e748c72d492feb,5c6364ee1a38ac89,f8e748c72d492feb,KB-C_EXTREME_VOLUME,4.0,,cohort_trip_threshold,25.16,derived,Driver-customer pair is an extreme weighted edge in the current analysis window.
b8623235761f31b3||e78aafdf8cd54c50,b8623235761f31b3,e78aafdf8cd54c50,KB-C_EXTREME_VOLUME,6.0,,cohort_trip_threshold,25.12,derived,Driver-customer pair is an extreme weighted edge in the current analysis window.
4417a29405ac4063||42053861cdfbbbce,4417a29405ac4063,42053861cdfbbbce,KB-C_EXTREME_VOLUME,4.0,,cohort_trip_threshold,25.93,derived,Driver-customer pair is an extreme weighted edge in the current analysis window.
516e26c21aad01c8||b8974727c5b89df7,516e26c21aad01c8,b8974727c5b89df7,KB-C_EXTREME_VOLUME,2.0,,cohort_trip_threshold,26.76,derived,Driver-customer pair is an extreme weighted edge in the current analysis window.
603f4a0510d184b8||4629bbad37f9a620,603f4a0510d184b8,4629bbad37f9a620,KB-C_EXTREME_VOLUME,2.0,,cohort_trip_threshold,33.84,derived,Driver-customer pair is an extreme weighted edge in the current analysis window.
4fc2db549de6c0c7||738bf3e8aa3da15a,4fc2db549de6c0c7,738bf3e8aa3da15a,KB-C_EXTREME_VOLUME,3.0,,cohort_trip_threshold,16.1,derived,Driver-customer pair is an extreme weighted edge in the current analysis window.
67b63b78c322e8c3||64b5cbd64be69787,67b63b78c322e8c3,64b5cbd64be69787,KB-C_EXTREME_VOLUME,10.0,,cohort_trip_threshold,30.53,derived,Driver-customer pair is an extreme weighted edge in the current analysis window.
bcec53a446339bbb||5237fda4ce0e1cb1,bcec53a446339bbb,5237fda4ce0e1cb1,KB-C_EXTREME_VOLUME,6.0,,cohort_trip_threshold,23.99,derived,Driver-customer pair is an extreme weighted edge in the current analysis window.
3589e170d7b1e5ad||67ea941474ece020,3589e170d7b1e5ad,67ea941474ece020,KB-C_EXTREME_VOLUME,4.0,,cohort_trip_threshold,21.96,derived,Driver-customer pair is an extreme weighted edge in the current analysis window.
476a8b5d6260a1ad||14b874c895306bbe,476a8b5d6260a1ad,14b874c895306bbe,KB-C_EXTREME_VOLUME,5.0,,cohort_trip_threshold,16.9,derived,Driver-customer pair is an extreme weighted edge in the current analysis window.
3af4247717884650||47a2e5c831d0ca98,3af4247717884650,47a2e5c831d0ca98,KB-C_EXTREME_VOLUME,3.0,,cohort_trip_threshold,28.46,derived,Driver-customer pair is an extreme weighted edge in the current analysis window.
31d466f094e2c3ed||45c3f235f7cc3b61,31d466f094e2c3ed,45c3f235f7cc3b61,KB-C_EXTREME_VOLUME,5.0,,cohort_trip_threshold,24.4,derived,Driver-customer pair is an extreme weighted edge in the current analysis window.
19f16856d31d0163||33da4bddf668ff72,19f16856d31d0163,33da4bddf668ff72,KB-C_EXTREME_VOLUME,5.0,,cohort_trip_threshold,26.88,derived,Driver-customer pair is an extreme weighted edge in the current analysis window.
6874a3d3cc876a79||ff9e4bcef402097a,6874a3d3cc876a79,ff9e4bcef402097a,KB-C_EXTREME_VOLUME,5.0,,cohort_trip_threshold,17.69,derived,Driver-customer pair is an extreme weighted edge in the current analysis window.
bc5ff3b32634768e||bb0da50531f80d38,bc5ff3b32634768e,bb0da50531f80d38,KB-C_EXTREME_VOLUME,6.0,,cohort_trip_threshold,24.69,derived,Driver-customer pair is an extreme weighted edge in the current analysis window.
495fdae8393310fa||40510f8355ee9f57,495fdae8393310fa,40510f8355ee9f57,KB-C_EXTREME_VOLUME,3.0,,cohort_trip_threshold,26.66,derived,Driver-customer pair is an extreme weighted edge in the current analysis window.
61d5d88149b3e549||c8991cca07138a7c,61d5d88149b3e549,c8991cca07138a7c,KB-C_EXTREME_VOLUME,5.0,,cohort_trip_threshold,24.34,derived,Driver-customer pair is an extreme weighted edge in the current analysis window.
0831a2158d14f481||2352ffb962fc10ff,0831a2158d14f481,2352ffb962fc10ff,KB-C_EXTREME_VOLUME,4.0,,cohort_trip_threshold,26.82,derived,Driver-customer pair is an extreme weighted edge in the current analysis window.
814d085aea866eb4||cccd1cd408f30df0,814d085aea866eb4,cccd1cd408f30df0,KB-C_EXTREME_VOLUME,5.0,,cohort_trip_threshold,23.35,derived,Driver-customer pair is an extreme weighted edge in the current analysis window.
ba7b05d7e38cb371||db2af8be31dbb362,ba7b05d7e38cb371,db2af8be31dbb362,KB-C_EXTREME_VOLUME,5.0,,cohort_trip_threshold,21.78,derived,Driver-customer pair is an extreme weighted edge in the current analysis window.
a71bc99da5312a70||6050b20636b2ff39,a71bc99da5312a70,6050b20636b2ff39,KB-C_EXTREME_VOLUME,3.0,,cohort_trip_threshold,23.4,derived,Driver-customer pair is an extreme weighted edge in the current analysis window.
56f324ef201101e3||4427e7c6ec1a4ca3,56f324ef201101e3,4427e7c6ec1a4ca3,KB-C_EXTREME_VOLUME,4.0,,cohort_trip_threshold,26.03,derived,Driver-customer pair is an extreme weighted edge in the current analysis window.
d41861c840022542||fd1b8154e76c2d72,d41861c840022542,fd1b8154e76c2d72,KB-C_EXTREME_VOLUME,5.0,,cohort_trip_threshold,40.98,derived,Driver-customer pair is an extreme weighted edge in the current analysis window.
0c508532394f6c40||a888f0fc746d1b21,0c508532394f6c40,a888f0fc746d1b21,KB-C_EXTREME_VOLUME,6.0,,cohort_trip_threshold,25.49,derived,Driver-customer pair is an extreme weighted edge in the current analysis window.
4c31f5a63e56c90f||70c440f02daa8d4a,4c31f5a63e56c90f,70c440f02daa8d4a,KB-C_EXTREME_VOLUME,5.0,,cohort_trip_threshold,27.3,derived,Driver-customer pair is an extreme weighted edge in the current analysis window.
b1bdd9bfb58119e0||69031a97ee0ee0b3,b1bdd9bfb58119e0,69031a97ee0ee0b3,KB-C_EXTREME_VOLUME,6.0,,cohort_trip_threshold,26.96,derived,Driver-customer pair is an extreme weighted edge in the current analysis window.
792d8eec49534917||6d7b30910e7c860b,792d8eec49534917,6d7b30910e7c860b,KB-C_EXTREME_VOLUME,4.0,,cohort_trip_threshold,16.6,derived,Driver-customer pair is an extreme weighted edge in the current analysis window.
6e3149e623ce5c02||628eb561934325ac,6e3149e623ce5c02,628eb561934325ac,KB-C_EXTREME_VOLUME,2.0,,cohort_trip_threshold,15.53,derived,Driver-customer pair is an extreme weighted edge in the current analysis window.
d86e689373dfc386||7489263ec8bd63af,d86e689373dfc386,7489263ec8bd63af,KB-C_EXTREME_VOLUME,2.0,,cohort_trip_threshold,23.43,derived,Driver-customer pair is an extreme weighted edge in the current analysis window.
0969db394a8db64a||f80f33e8017be640,0969db394a8db64a,f80f33e8017be640,KB-C_EXTREME_VOLUME,5.0,,cohort_trip_threshold,42.11,derived,Driver-customer pair is an extreme weighted edge in the current analysis window.
6825382a15eed3de||7652b5b497e50213,6825382a15eed3de,7652b5b497e50213,KB-C_EXTREME_VOLUME,5.0,,cohort_trip_threshold,29.42,derived,Driver-customer pair is an extreme weighted edge in the current analysis window.
797396af3b696de1||28358366f4a90760,797396af3b696de1,28358366f4a90760,KB-C_EXTREME_VOLUME,3.0,,cohort_trip_threshold,31.25,derived,Driver-customer pair is an extreme weighted edge in the current analysis window.
91fc0d2c74989777||92f7b4ed60e05657,91fc0d2c74989777,92f7b4ed60e05657,KB-C_EXTREME_VOLUME,5.0,,cohort_trip_threshold,19.84,derived,Driver-customer pair is an extreme weighted edge in the current analysis window.
91fc0d2c74989777||a1a73d8d5c379f77,91fc0d2c74989777,a1a73d8d5c379f77,KB-C_EXTREME_VOLUME,5.0,,cohort_trip_threshold,16.92,derived,Driver-customer pair is an extreme weighted edge in the current analysis window.
bb9c5de6b27ed541||51d8cbfa5e28867a,bb9c5de6b27ed541,51d8cbfa5e28867a,KB-C_EXTREME_VOLUME,3.0,,cohort_trip_threshold,22.86,derived,Driver-customer pair is an extreme weighted edge in the current analysis window.
6a786e89b5b940ca||547e5d215c2ae088,6a786e89b5b940ca,547e5d215c2ae088,KB-C_EXTREME_VOLUME,7.0,,cohort_trip_threshold,18.44,derived,Driver-customer pair is an extreme weighted edge in the current analysis window.
957902918f6b00c7||497ef3eafe08346e,957902918f6b00c7,497ef3eafe08346e,KB-C_EXTREME_VOLUME,4.0,,cohort_trip_threshold,27.12,derived,Driver-customer pair is an extreme weighted edge in the current analysis window.
515d7839cd597881||815f91cfd4f51e90,515d7839cd597881,815f91cfd4f51e90,KB-C_EXTREME_VOLUME,3.0,,cohort_trip_threshold,21.57,derived,Driver-customer pair is an extreme weighted edge in the current analysis window.
9c5b7861056b37ea||a4f09ffca11278cc,9c5b7861056b37ea,a4f09ffca11278cc,KB-C_EXTREME_VOLUME,6.0,,cohort_trip_threshold,23.92,derived,Driver-customer pair is an extreme weighted edge in the current analysis window.
48c0ddaede901287||6892f0a25a4295e5,48c0ddaede901287,6892f0a25a4295e5,KB-C_EXTREME_VOLUME,6.0,,cohort_trip_threshold,23.94,derived,Driver-customer pair is an extreme weighted edge in the current analysis window.
b6606111ce652af2||b986a2634545b82b,b6606111ce652af2,b986a2634545b82b,KB-C_EXTREME_VOLUME,4.0,,cohort_trip_threshold,25.32,derived,Driver-customer pair is an extreme weighted edge in the current analysis window.
4ac589f89b6fbb20||f611064de4556406,4ac589f89b6fbb20,f611064de4556406,KB-C_EXTREME_VOLUME,3.0,,cohort_trip_threshold,20.98,derived,Driver-customer pair is an extreme weighted edge in the current analysis window.
3016db5017786657||441c8475dce13885,3016db5017786657,441c8475dce13885,KB-C_EXTREME_VOLUME,4.0,,cohort_trip_threshold,19.09,derived,Driver-customer pair is an extreme weighted edge in the current analysis window.
79874abd4ae144c4||3935eb82a3c8aeaa,79874abd4ae144c4,3935eb82a3c8aeaa,KB-C_EXTREME_VOLUME,5.0,,cohort_trip_threshold,20.08,derived,Driver-customer pair is an extreme weighted edge in the current analysis window.
ae56b62c5a6b4f74||b6e50bc871320647,ae56b62c5a6b4f74,b6e50bc871320647,KB-C_EXTREME_VOLUME,6.0,,cohort_trip_threshold,23.98,derived,Driver-customer pair is an extreme weighted edge in the current analysis window.
4b0058c383437b83||75594ae1905d478e,4b0058c383437b83,75594ae1905d478e,KB-C_EXTREME_VOLUME,3.0,,cohort_trip_threshold,22.81,derived,Driver-customer pair is an extreme weighted edge in the current analysis window.
c0db565f220e8a54||ccbc426761a6b91d,c0db565f220e8a54,ccbc426761a6b91d,KB-C_EXTREME_VOLUME,6.0,,cohort_trip_threshold,18.87,derived,Driver-customer pair is an extreme weighted edge in the current analysis window.
14413f37f53b5576||01cdaeba1426a685,14413f37f53b5576,01cdaeba1426a685,KB-C_EXTREME_VOLUME,2.0,,cohort_trip_threshold,31.32,derived,Driver-customer pair is an extreme weighted edge in the current analysis window.
60a83ad53aba840a||00fb4358ea255929,60a83ad53aba840a,00fb4358ea255929,KB-C_EXTREME_VOLUME,2.0,,cohort_trip_threshold,24.48,derived,Driver-customer pair is an extreme weighted edge in the current analysis window.
96e6de3a0ad90c4d||4fe77355420e2de2,96e6de3a0ad90c4d,4fe77355420e2de2,KB-C_EXTREME_VOLUME,2.0,,cohort_trip_threshold,21.05,derived,Driver-customer pair is an extreme weighted edge in the current analysis window.
2818527eed12cf73||c83d88d1df762b69,2818527eed12cf73,c83d88d1df762b69,KB-C_EXTREME_VOLUME,4.0,,cohort_trip_threshold,24.09,derived,Driver-customer pair is an extreme weighted edge in the current analysis window.
d8bbd14b2d5fc239||1d924146f370060f,d8bbd14b2d5fc239,1d924146f370060f,KB-C_EXTREME_VOLUME,7.0,,cohort_trip_threshold,23.2,derived,Driver-customer pair is an extreme weighted edge in the current analysis window.
48cfb216428280f9||8b8606ee2bbdc10b,48cfb216428280f9,8b8606ee2bbdc10b,KB-C_EXTREME_VOLUME,5.0,,cohort_trip_threshold,26.21,derived,Driver-customer pair is an extreme weighted edge in the current analysis window.
f830853a1bdf3926||a6d35ce095f9647f,f830853a1bdf3926,a6d35ce095f9647f,KB-C_EXTREME_VOLUME,5.0,,cohort_trip_threshold,21.54,derived,Driver-customer pair is an extreme weighted edge in the current analysis window.
06ff5b4ab0ce9daf||f102f86fa32161e4,06ff5b4ab0ce9daf,f102f86fa32161e4,KB-C_EXTREME_VOLUME,4.0,,cohort_trip_threshold,27.6,derived,Driver-customer pair is an extreme weighted edge in the current analysis window.
4011eca0487c7799||a71f06dfb454dc58,4011eca0487c7799,a71f06dfb454dc58,KB-C_EXTREME_VOLUME,3.0,,cohort_trip_threshold,23.59,derived,Driver-customer pair is an extreme weighted edge in the current analysis window.
b050dcf14f1ea16b||45278ceca53c63f9,b050dcf14f1ea16b,45278ceca53c63f9,KB-C_EXTREME_VOLUME,5.0,,cohort_trip_threshold,29.27,derived,Driver-customer pair is an extreme weighted edge in the current analysis window.
9f26e4145637b64f||16334c96e39e4243,9f26e4145637b64f,16334c96e39e4243,KB-C_EXTREME_VOLUME,5.0,,cohort_trip_threshold,38.57,derived,Driver-customer pair is an extreme weighted edge in the current analysis window.
14afa18cb79c1b7e||e28c8f422576d1c8,14afa18cb79c1b7e,e28c8f422576d1c8,KB-C_EXTREME_VOLUME,5.0,,cohort_trip_threshold,16.81,derived,Driver-customer pair is an extreme weighted edge in the current analysis window.
ae02b96b0c143f42||6fafe736638c456a,ae02b96b0c143f42,6fafe736638c456a,KB-C_EXTREME_VOLUME,4.0,,cohort_trip_threshold,25.11,derived,Driver-customer pair is an extreme weighted edge in the current analysis window.
628830953034ab34||0a05fd7712ae9d22,628830953034ab34,0a05fd7712ae9d22,KB-C_EXTREME_VOLUME,3.0,,cohort_trip_threshold,23.49,derived,Driver-customer pair is an extreme weighted edge in the current analysis window.
628830953034ab34||29d979ddce249d7b,628830953034ab34,29d979ddce249d7b,KB-C_EXTREME_VOLUME,3.0,,cohort_trip_threshold,23.73,derived,Driver-customer pair is an extreme weighted edge in the current analysis window.
e186ad52c4ef30ec||f29eb3f45651a6f0,e186ad52c4ef30ec,f29eb3f45651a6f0,KB-C_EXTREME_VOLUME,5.0,,cohort_trip_threshold,19.48,derived,Driver-customer pair is an extreme weighted edge in the current analysis window.
3a470db2bb1fb9b0||941d0cc33f16a5c6,3a470db2bb1fb9b0,941d0cc33f16a5c6,KB-C_EXTREME_VOLUME,4.0,,cohort_trip_threshold,27.4,derived,Driver-customer pair is an extreme weighted edge in the current analysis window.
7fb9d0dad32e9679||0344a8a44f233131,7fb9d0dad32e9679,0344a8a44f233131,KB-C_EXTREME_VOLUME,3.0,,cohort_trip_threshold,23.49,derived,Driver-customer pair is an extreme weighted edge in the current analysis window.
12241f8d9dac2822||c51fe518aa96b763,12241f8d9dac2822,c51fe518aa96b763,KB-C_EXTREME_VOLUME,2.0,,cohort_trip_threshold,22.1,derived,Driver-customer pair is an extreme weighted edge in the current analysis window.
1cf6d4688439cf4d||b300c11e6f3fe42a,1cf6d4688439cf4d,b300c11e6f3fe42a,KB-C_EXTREME_VOLUME,2.0,,cohort_trip_threshold,18.46,derived,Driver-customer pair is an extreme weighted edge in the current analysis window.
30f3ceccdbe3782b||efdcddb384eec7f0,30f3ceccdbe3782b,efdcddb384eec7f0,KB-C_EXTREME_VOLUME,2.0,,cohort_trip_threshold,41.2,derived,Driver-customer pair is an extreme weighted edge in the current analysis window.
5f93be37d53bcea2||6498f7cc0e4394a8,5f93be37d53bcea2,6498f7cc0e4394a8,KB-C_EXTREME_VOLUME,2.0,,cohort_trip_threshold,37.8,derived,Driver-customer pair is an extreme weighted edge in the current analysis window.
c444f7842f8c6d32||4d4a1943ddf661b2,c444f7842f8c6d32,4d4a1943ddf661b2,KB-C_EXTREME_VOLUME,2.0,,cohort_trip_threshold,26.02,derived,Driver-customer pair is an extreme weighted edge in the current analysis window.
0709058be585a0e9||ca15a3eaf604560b,0709058be585a0e9,ca15a3eaf604560b,KB-C_EXTREME_VOLUME,5.0,,cohort_trip_threshold,15.98,derived,Driver-customer pair is an extreme weighted edge in the current analysis window.
d7f0c83dd8719f03||d8685b627d6a4ec3,d7f0c83dd8719f03,d8685b627d6a4ec3,KB-C_EXTREME_VOLUME,4.0,,cohort_trip_threshold,16.94,derived,Driver-customer pair is an extreme weighted edge in the current analysis window.
5b26727f1295b42d||a240e11420d52d19,5b26727f1295b42d,a240e11420d52d19,KB-C_EXTREME_VOLUME,4.0,,cohort_trip_threshold,30.62,derived,Driver-customer pair is an extreme weighted edge in the current analysis window.
79aa4dc73cd0eee6||b7adb453e91eaa93,79aa4dc73cd0eee6,b7adb453e91eaa93,KB-C_EXTREME_VOLUME,4.0,,cohort_trip_threshold,18.21,derived,Driver-customer pair is an extreme weighted edge in the current analysis window.
2db1253cb0e25920||346110e2b5f7e439,2db1253cb0e25920,346110e2b5f7e439,KB-C_EXTREME_VOLUME,4.0,,cohort_trip_threshold,14.34,derived,Driver-customer pair is an extreme weighted edge in the current analysis window.
4dba230bd573aa58||eafceee5ea3b15c5,4dba230bd573aa58,eafceee5ea3b15c5,KB-C_EXTREME_VOLUME,3.0,,cohort_trip_threshold,28.43,derived,Driver-customer pair is an extreme weighted edge in the current analysis window.
2ee651fb264a9d01||c70594e2d9544b1a,2ee651fb264a9d01,c70594e2d9544b1a,KB-C_EXTREME_VOLUME,5.0,,cohort_trip_threshold,16.6,derived,Driver-customer pair is an extreme weighted edge in the current analysis window.
f5b4b6e1a336c95d||8f891e8c6a04cd73,f5b4b6e1a336c95d,8f891e8c6a04cd73,KB-C_EXTREME_VOLUME,6.0,,cohort_trip_threshold,27.68,derived,Driver-customer pair is an extreme weighted edge in the current analysis window.
2e8ed1d99e24f747||919c7fba41ec60cf,2e8ed1d99e24f747,919c7fba41ec60cf,KB-C_EXTREME_VOLUME,3.0,,cohort_trip_threshold,22.54,derived,Driver-customer pair is an extreme weighted edge in the current analysis window.
9f6105b5dffc9b0a||1613888c3ed5c246,9f6105b5dffc9b0a,1613888c3ed5c246,KB-C_EXTREME_VOLUME,5.0,,cohort_trip_threshold,40.55,derived,Driver-customer pair is an extreme weighted edge in the current analysis window.
9f6105b5dffc9b0a||44fc18fda36d81e2,9f6105b5dffc9b0a,44fc18fda36d81e2,KB-C_EXTREME_VOLUME,5.0,,cohort_trip_threshold,39.29,derived,Driver-customer pair is an extreme weighted edge in the current analysis window.
9f6105b5dffc9b0a||4e8eececcaaff42d,9f6105b5dffc9b0a,4e8eececcaaff42d,KB-C_EXTREME_VOLUME,5.0,,cohort_trip_threshold,39.31,derived,Driver-customer pair is an extreme weighted edge in the current analysis window.
9f6105b5dffc9b0a||f683d79271395ae8,9f6105b5dffc9b0a,f683d79271395ae8,KB-C_EXTREME_VOLUME,5.0,,cohort_trip_threshold,40.58,derived,Driver-customer pair is an extreme weighted edge in the current analysis window.
9f581ae8272b624d||492b17330a260bc5,9f581ae8272b624d,492b17330a260bc5,KB-C_EXTREME_VOLUME,3.0,,cohort_trip_threshold,23.35,derived,Driver-customer pair is an extreme weighted edge in the current analysis window.
b17b07ad8a472b16||bbc635ce050157b5,b17b07ad8a472b16,bbc635ce050157b5,KB-C_EXTREME_VOLUME,4.0,,cohort_trip_threshold,27.59,derived,Driver-customer pair is an extreme weighted edge in the current analysis window.
bebc9ebab46eb75d||4d2af282c590762e,bebc9ebab46eb75d,4d2af282c590762e,KB-C_EXTREME_VOLUME,4.0,,cohort_trip_threshold,25.76,derived,Driver-customer pair is an extreme weighted edge in the current analysis window.
9b66586002394c1b||0b4ba47fd091ee05,9b66586002394c1b,0b4ba47fd091ee05,KB-C_EXTREME_VOLUME,4.0,,cohort_trip_threshold,18.1,derived,Driver-customer pair is an extreme weighted edge in the current analysis window.
2ea5047a3f0eb577||6d122397b0c2403d,2ea5047a3f0eb577,6d122397b0c2403d,KB-C_EXTREME_VOLUME,5.0,,cohort_trip_threshold,39.09,derived,Driver-customer pair is an extreme weighted edge in the current analysis window.
3f224683db6b0578||7623f72674e1773e,3f224683db6b0578,7623f72674e1773e,KB-C_EXTREME_VOLUME,3.0,,cohort_trip_threshold,21.33,derived,Driver-customer pair is an extreme weighted edge in the current analysis window.
39380533c6b9f97a||6a2f268f1aab5ef6,39380533c6b9f97a,6a2f268f1aab5ef6,KB-C_EXTREME_VOLUME,3.0,,cohort_trip_threshold,15.8,derived,Driver-customer pair is an extreme weighted edge in the current analysis window.
722ff561f000a0e0||6a577882078b23b2,722ff561f000a0e0,6a577882078b23b2,KB-C_EXTREME_VOLUME,2.0,,cohort_trip_threshold,21.31,derived,Driver-customer pair is an extreme weighted edge in the current analysis window.
3b723f934fb76377||e2bbf4ab42016f07,3b723f934fb76377,e2bbf4ab42016f07,KB-C_EXTREME_VOLUME,4.0,,cohort_trip_threshold,31.48,derived,Driver-customer pair is an extreme weighted edge in the current analysis window.
169b22785e80466e||eca656961ecc5f8e,169b22785e80466e,eca656961ecc5f8e,KB-C_EXTREME_VOLUME,4.0,,cohort_trip_threshold,18.8,derived,Driver-customer pair is an extreme weighted edge in the current analysis window.
e75c85abdb29549b||3927026876abe67c,e75c85abdb29549b,3927026876abe67c,KB-C_EXTREME_VOLUME,3.0,,cohort_trip_threshold,15.62,derived,Driver-customer pair is an extreme weighted edge in the current analysis window.
0e7a63ecebd19d4a||09dca1c58c2ad843,0e7a63ecebd19d4a,09dca1c58c2ad843,KB-C_EXTREME_VOLUME,6.0,,cohort_trip_threshold,28.16,derived,Driver-customer pair is an extreme weighted edge in the current analysis window.
8890e9020d5fe840||3c3429eb21049abd,8890e9020d5fe840,3c3429eb21049abd,KB-C_EXTREME_VOLUME,5.0,,cohort_trip_threshold,39.76,derived,Driver-customer pair is an extreme weighted edge in the current analysis window.
8890e9020d5fe840||a931c7ea7b3dd1a4,8890e9020d5fe840,a931c7ea7b3dd1a4,KB-C_EXTREME_VOLUME,5.0,,cohort_trip_threshold,37.92,derived,Driver-customer pair is an extreme weighted edge in the current analysis window.
2b256dd32dbd35d7||81a6e2666f147b25,2b256dd32dbd35d7,81a6e2666f147b25,KB-C_EXTREME_VOLUME,3.0,,cohort_trip_threshold,15.66,derived,Driver-customer pair is an extreme weighted edge in the current analysis window.
38752cf35f43cc09||e78b056e4b3b53ea,38752cf35f43cc09,e78b056e4b3b53ea,KB-C_EXTREME_VOLUME,6.0,,cohort_trip_threshold,25.89,derived,Driver-customer pair is an extreme weighted edge in the current analysis window.
2565fba4403f76ab||5e5d30f42148b9e7,2565fba4403f76ab,5e5d30f42148b9e7,KB-C_EXTREME_VOLUME,5.0,,cohort_trip_threshold,19.73,derived,Driver-customer pair is an extreme weighted edge in the current analysis window.
237581e6521fd8fb||a9aa3928ebad1233,237581e6521fd8fb,a9aa3928ebad1233,KB-C_EXTREME_VOLUME,4.0,,cohort_trip_threshold,25.11,derived,Driver-customer pair is an extreme weighted edge in the current analysis window.
9d1791da43536ed9||0b531cd117fa1cde,9d1791da43536ed9,0b531cd117fa1cde,KB-C_EXTREME_VOLUME,3.0,,cohort_trip_threshold,15.46,derived,Driver-customer pair is an extreme weighted edge in the current analysis window.
9fac239aef1fd9b1||043f2924d1295075,9fac239aef1fd9b1,043f2924d1295075,KB-C_EXTREME_VOLUME,3.0,,cohort_trip_threshold,14.25,derived,Driver-customer pair is an extreme weighted edge in the current analysis window.
e7d54373d75520da||f4b99cfcca954239,e7d54373d75520da,f4b99cfcca954239,KB-C_EXTREME_VOLUME,3.0,,cohort_trip_threshold,19.37,derived,Driver-customer pair is an extreme weighted edge in the current analysis window.
933a6837690006a8||2c5caf5431204c45,933a6837690006a8,2c5caf5431204c45,KB-C_EXTREME_VOLUME,3.0,,cohort_trip_threshold,18.83,derived,Driver-customer pair is an extreme weighted edge in the current analysis window.
896c3dd0c18b5962||2796e87e6a0ad786,896c3dd0c18b5962,2796e87e6a0ad786,KB-C_EXTREME_VOLUME,3.0,,cohort_trip_threshold,22.42,derived,Driver-customer pair is an extreme weighted edge in the current analysis window.
1f54911f8024e962||32035dbb066e937f,1f54911f8024e962,32035dbb066e937f,KB-C_EXTREME_VOLUME,3.0,,cohort_trip_threshold,20.68,derived,Driver-customer pair is an extreme weighted edge in the current analysis window.
7bf4bf83c1e54879||79eefe2f1c11c549,7bf4bf83c1e54879,79eefe2f1c11c549,KB-C_EXTREME_VOLUME,4.0,,cohort_trip_threshold,28.02,derived,Driver-customer pair is an extreme weighted edge in the current analysis window.
d25a2fe9af1f11fd||842ffb5316363719,d25a2fe9af1f11fd,842ffb5316363719,KB-C_EXTREME_VOLUME,6.0,,cohort_trip_threshold,24.44,derived,Driver-customer pair is an extreme weighted edge in the current analysis window.
dff835107c6e3842||3ba467c1b2993ec9,dff835107c6e3842,3ba467c1b2993ec9,KB-C_EXTREME_VOLUME,6.0,,cohort_trip_threshold,22.63,derived,Driver-customer pair is an extreme weighted edge in the current analysis window.
0f8d0802336e20e9||e25f03c1fc3373b0,0f8d0802336e20e9,e25f03c1fc3373b0,KB-C_EXTREME_VOLUME,5.0,,cohort_trip_threshold,30.38,derived,Driver-customer pair is an extreme weighted edge in the current analysis window.
d85b7711c8936a87||2da3fa6b258c8f9e,d85b7711c8936a87,2da3fa6b258c8f9e,KB-C_EXTREME_VOLUME,5.0,,cohort_trip_threshold,43.2,derived,Driver-customer pair is an extreme weighted edge in the current analysis window.
22dfaf4630f5af68||046051ed17872803,22dfaf4630f5af68,046051ed17872803,KB-C_EXTREME_VOLUME,4.0,,cohort_trip_threshold,23.39,derived,Driver-customer pair is an extreme weighted edge in the current analysis window.
21de6aa639637af5||4cf65b6a032b6796,21de6aa639637af5,4cf65b6a032b6796,KB-C_EXTREME_VOLUME,5.0,,cohort_trip_threshold,31.69,derived,Driver-customer pair is an extreme weighted edge in the current analysis window.
91044168102a043c||480384775615475d,91044168102a043c,480384775615475d,KB-C_EXTREME_VOLUME,3.0,,cohort_trip_threshold,14.93,derived,Driver-customer pair is an extreme weighted edge in the current analysis window.
2efaabcd948be32e||ed0d6048d03ec9f5,2efaabcd948be32e,ed0d6048d03ec9f5,KB-C_EXTREME_VOLUME,5.0,,cohort_trip_threshold,25.75,derived,Driver-customer pair is an extreme weighted edge in the current analysis window.
8c3475c0931e508e||77f56e45187aaec0,8c3475c0931e508e,77f56e45187aaec0,KB-C_EXTREME_VOLUME,4.0,,cohort_trip_threshold,22.19,derived,Driver-customer pair is an extreme weighted edge in the current analysis window.
c6388fd46156735c||01debffc6ed9c70a,c6388fd46156735c,01debffc6ed9c70a,KB-C_EXTREME_VOLUME,3.0,,cohort_trip_threshold,15.07,derived,Driver-customer pair is an extreme weighted edge in the current analysis window.
12b2c9b7472899f8||ddfaf864202c01f1,12b2c9b7472899f8,ddfaf864202c01f1,KB-C_EXTREME_VOLUME,5.0,,cohort_trip_threshold,23.63,derived,Driver-customer pair is an extreme weighted edge in the current analysis window.
11d1f20f9cef4e00||566b1565e8c4d56d,11d1f20f9cef4e00,566b1565e8c4d56d,KB-C_EXTREME_VOLUME,2.0,,cohort_trip_threshold,17.26,derived,Driver-customer pair is an extreme weighted edge in the current analysis window.
4c3175aa76bb8472||1a76f3d6843ed95a,4c3175aa76bb8472,1a76f3d6843ed95a,KB-C_EXTREME_VOLUME,2.0,,cohort_trip_threshold,27.33,derived,Driver-customer pair is an extreme weighted edge in the current analysis window.
77fbb7a480d9f2c5||4629bbad37f9a620,77fbb7a480d9f2c5,4629bbad37f9a620,KB-C_EXTREME_VOLUME,2.0,,cohort_trip_threshold,23.56,derived,Driver-customer pair is an extreme weighted edge in the current analysis window.
859e0abe79d955f2||c1dceba6c33d711f,859e0abe79d955f2,c1dceba6c33d711f,KB-C_EXTREME_VOLUME,2.0,,cohort_trip_threshold,23.85,derived,Driver-customer pair is an extreme weighted edge in the current analysis window.
f946714523aeb815||12dc6f49fb318ccb,f946714523aeb815,12dc6f49fb318ccb,KB-C_EXTREME_VOLUME,2.0,,cohort_trip_threshold,21.32,derived,Driver-customer pair is an extreme weighted edge in the current analysis window.
d36f099ece696ce8||6d23ba05caaa0dc1,d36f099ece696ce8,6d23ba05caaa0dc1,KB-C_EXTREME_VOLUME,7.0,,cohort_trip_threshold,31.5,derived,Driver-customer pair is an extreme weighted edge in the current analysis window.
e2416cba7e866e8c||002b87b6777eb43c,e2416cba7e866e8c,002b87b6777eb43c,KB-C_EXTREME_VOLUME,5.0,,cohort_trip_threshold,26.86,derived,Driver-customer pair is an extreme weighted edge in the current analysis window.
49db0e711e7f5caa||96f4b013ec66b825,49db0e711e7f5caa,96f4b013ec66b825,KB-C_EXTREME_VOLUME,5.0,,cohort_trip_threshold,17.99,derived,Driver-customer pair is an extreme weighted edge in the current analysis window.
21a8c6ec833db358||8555adf208df59eb,21a8c6ec833db358,8555adf208df59eb,KB-C_EXTREME_VOLUME,4.0,,cohort_trip_threshold,19.44,derived,Driver-customer pair is an extreme weighted edge in the current analysis window.
ee338c4b4f18bb89||27e11b3ba34d89df,ee338c4b4f18bb89,27e11b3ba34d89df,KB-C_EXTREME_VOLUME,4.0,,cohort_trip_threshold,18.89,derived,Driver-customer pair is an extreme weighted edge in the current analysis window.
4158b2467147597a||97e2c2a07218bd2f,4158b2467147597a,97e2c2a07218bd2f,KB-C_EXTREME_VOLUME,3.0,,cohort_trip_threshold,22.63,derived,Driver-customer pair is an extreme weighted edge in the current analysis window.
ff132654631a1361||9853cac338ae9c2b,ff132654631a1361,9853cac338ae9c2b,KB-C_EXTREME_VOLUME,4.0,,cohort_trip_threshold,31.12,derived,Driver-customer pair is an extreme weighted edge in the current analysis window.
2deacb5d2d87b865||459202f926a64492,2deacb5d2d87b865,459202f926a64492,KB-C_EXTREME_VOLUME,4.0,,cohort_trip_threshold,21.78,derived,Driver-customer pair is an extreme weighted edge in the current analysis window.
6d04e88fe25ce65e||aef31f895676fbbe,6d04e88fe25ce65e,aef31f895676fbbe,KB-C_EXTREME_VOLUME,3.0,,cohort_trip_threshold,14.73,derived,Driver-customer pair is an extreme weighted edge in the current analysis window.
6212a9e8d0ba608b||b985005f9d22ce7f,6212a9e8d0ba608b,b985005f9d22ce7f,KB-C_EXTREME_VOLUME,4.0,,cohort_trip_threshold,25.49,derived,Driver-customer pair is an extreme weighted edge in the current analysis window.
eab93942999bc2d2||478050e6624eb3da,eab93942999bc2d2,478050e6624eb3da,KB-C_EXTREME_VOLUME,3.0,,cohort_trip_threshold,27.56,derived,Driver-customer pair is an extreme weighted edge in the current analysis window.
46976468c934551b||e37f3092d0585442,46976468c934551b,e37f3092d0585442,KB-C_EXTREME_VOLUME,3.0,,cohort_trip_threshold,22.31,derived,Driver-customer pair is an extreme weighted edge in the current analysis window.
2dd19e9adc1a64c2||e8b39dd5db896f7a,2dd19e9adc1a64c2,e8b39dd5db896f7a,KB-C_EXTREME_VOLUME,3.0,,cohort_trip_threshold,14.23,derived,Driver-customer pair is an extreme weighted edge in the current analysis window.
0da942422b5089c5||b92fbb79b8e4ec14,0da942422b5089c5,b92fbb79b8e4ec14,KB-C_EXTREME_VOLUME,3.0,,cohort_trip_threshold,15.46,derived,Driver-customer pair is an extreme weighted edge in the current analysis window.
937395bd0d780d1b||0657a7246791dba7,937395bd0d780d1b,0657a7246791dba7,KB-C_EXTREME_VOLUME,5.0,,cohort_trip_threshold,15.87,derived,Driver-customer pair is an extreme weighted edge in the current analysis window.
937395bd0d780d1b||9570963c9814ec6f,937395bd0d780d1b,9570963c9814ec6f,KB-C_EXTREME_VOLUME,5.0,,cohort_trip_threshold,22.0,derived,Driver-customer pair is an extreme weighted edge in the current analysis window.
937395bd0d780d1b||fc6540e2a6441284,937395bd0d780d1b,fc6540e2a6441284,KB-C_EXTREME_VOLUME,5.0,,cohort_trip_threshold,16.07,derived,Driver-customer pair is an extreme weighted edge in the current analysis window.
e80d3674633f28eb||95514fdc1c45beb7,e80d3674633f28eb,95514fdc1c45beb7,KB-C_EXTREME_VOLUME,5.0,,cohort_trip_threshold,25.56,derived,Driver-customer pair is an extreme weighted edge in the current analysis window.
1b6f5de2ccbaa8d3||24231af2cfbe2b27,1b6f5de2ccbaa8d3,24231af2cfbe2b27,KB-C_EXTREME_VOLUME,3.0,,cohort_trip_threshold,16.71,derived,Driver-customer pair is an extreme weighted edge in the current analysis window.
e3403ac76ff1b13e||b1328a8d50cf02eb,e3403ac76ff1b13e,b1328a8d50cf02eb,KB-C_EXTREME_VOLUME,4.0,,cohort_trip_threshold,15.72,derived,Driver-customer pair is an extreme weighted edge in the current analysis window.
0bec71abb314d559||957e289e6b1239f0,0bec71abb314d559,957e289e6b1239f0,KB-C_EXTREME_VOLUME,2.0,,cohort_trip_threshold,25.9,derived,Driver-customer pair is an extreme weighted edge in the current analysis window.
b373519d5d4fca38||b9918a947b54f73b,b373519d5d4fca38,b9918a947b54f73b,KB-C_EXTREME_VOLUME,2.0,,cohort_trip_threshold,36.4,derived,Driver-customer pair is an extreme weighted edge in the current analysis window.
d4c96765b55f9cef||9419093d7d9d8f96,d4c96765b55f9cef,9419093d7d9d8f96,KB-C_EXTREME_VOLUME,2.0,,cohort_trip_threshold,23.05,derived,Driver-customer pair is an extreme weighted edge in the current analysis window.
f2b2cee8dd0f1f01||d77dff5c4f8688e8,f2b2cee8dd0f1f01,d77dff5c4f8688e8,KB-C_EXTREME_VOLUME,2.0,,cohort_trip_threshold,40.47,derived,Driver-customer pair is an extreme weighted edge in the current analysis window.
bdfe04b4787b2ffb||895dfc790b888644,bdfe04b4787b2ffb,895dfc790b888644,KB-C_EXTREME_VOLUME,4.0,,cohort_trip_threshold,32.03,derived,Driver-customer pair is an extreme weighted edge in the current analysis window.
d4220aa0ff9765f9||c80bf81592814c87,d4220aa0ff9765f9,c80bf81592814c87,KB-C_EXTREME_VOLUME,3.0,,cohort_trip_threshold,21.9,derived,Driver-customer pair is an extreme weighted edge in the current analysis window.
6f370d00e5ad059e||46a366d2ddca9826,6f370d00e5ad059e,46a366d2ddca9826,KB-C_EXTREME_VOLUME,3.0,,cohort_trip_threshold,23.26,derived,Driver-customer pair is an extreme weighted edge in the current analysis window.
98ea9fae7556ccfc||c5298eb294cf6dbc,98ea9fae7556ccfc,c5298eb294cf6dbc,KB-C_EXTREME_VOLUME,5.0,,cohort_trip_threshold,16.25,derived,Driver-customer pair is an extreme weighted edge in the current analysis window.
53a759bbf14a1897||e8b93496ca05b398,53a759bbf14a1897,e8b93496ca05b398,KB-C_EXTREME_VOLUME,4.0,,cohort_trip_threshold,22.15,derived,Driver-customer pair is an extreme weighted edge in the current analysis window.
586a163bd1f5e125||d70581f73c9fc2e6,586a163bd1f5e125,d70581f73c9fc2e6,KB-C_EXTREME_VOLUME,3.0,,cohort_trip_threshold,24.06,derived,Driver-customer pair is an extreme weighted edge in the current analysis window.
efcf9741b8f78f9d||60516b93aafb1019,efcf9741b8f78f9d,60516b93aafb1019,KB-C_EXTREME_VOLUME,2.0,,cohort_trip_threshold,18.61,derived,Driver-customer pair is an extreme weighted edge in the current analysis window.
efcf9741b8f78f9d||94c3c36db9a8bfc4,efcf9741b8f78f9d,94c3c36db9a8bfc4,KB-C_EXTREME_VOLUME,2.0,,cohort_trip_threshold,25.56,derived,Driver-customer pair is an extreme weighted edge in the current analysis window.
4a068c97da8a330e||07d83d1423ae79a8,4a068c97da8a330e,07d83d1423ae79a8,KB-C_EXTREME_VOLUME,4.0,,cohort_trip_threshold,19.47,derived,Driver-customer pair is an extreme weighted edge in the current analysis window.
f454feceb7d11748||10131cf6d2330e0e,f454feceb7d11748,10131cf6d2330e0e,KB-C_EXTREME_VOLUME,4.0,,cohort_trip_threshold,24.01,derived,Driver-customer pair is an extreme weighted edge in the current analysis window.
44b627d8a24030a6||05bc24ed2ac6299f,44b627d8a24030a6,05bc24ed2ac6299f,KB-C_EXTREME_VOLUME,5.0,,cohort_trip_threshold,31.29,derived,Driver-customer pair is an extreme weighted edge in the current analysis window.
9b8d8760840dc3f4||78174f43adcd31af,9b8d8760840dc3f4,78174f43adcd31af,KB-C_EXTREME_VOLUME,5.0,,cohort_trip_threshold,19.24,derived,Driver-customer pair is an extreme weighted edge in the current analysis window.
47115afe84c17e92||5d9ebc8ae3aaeee6,47115afe84c17e92,5d9ebc8ae3aaeee6,KB-C_EXTREME_VOLUME,4.0,,cohort_trip_threshold,14.8,derived,Driver-customer pair is an extreme weighted edge in the current analysis window.
157b83ed4dc0ef43||7c76a9061c838b42,157b83ed4dc0ef43,7c76a9061c838b42,KB-C_EXTREME_VOLUME,3.0,,cohort_trip_threshold,31.99,derived,Driver-customer pair is an extreme weighted edge in the current analysis window.
cc6f03c805c585cb||b588862cf5e8eed0,cc6f03c805c585cb,b588862cf5e8eed0,KB-C_EXTREME_VOLUME,3.0,,cohort_trip_threshold,15.61,derived,Driver-customer pair is an extreme weighted edge in the current analysis window.
9148f6104b26bd6b||fd5d29cb2d3b4867,9148f6104b26bd6b,fd5d29cb2d3b4867,KB-C_EXTREME_VOLUME,4.0,,cohort_trip_threshold,28.94,derived,Driver-customer pair is an extreme weighted edge in the current analysis window.
244939b623d3204b||93d270c10f391a0d,244939b623d3204b,93d270c10f391a0d,KB-C_EXTREME_VOLUME,2.0,,cohort_trip_threshold,17.39,derived,Driver-customer pair is an extreme weighted edge in the current analysis window.
c2163b1da92f4295||1f195314bb14cbb4,c2163b1da92f4295,1f195314bb14cbb4,KB-C_EXTREME_VOLUME,2.0,,cohort_trip_threshold,13.2,derived,Driver-customer pair is an extreme weighted edge in the current analysis window.
bd9d5bd6a837d6e9||20cabe14b4d9e4d6,bd9d5bd6a837d6e9,20cabe14b4d9e4d6,KB-C_EXTREME_VOLUME,6.0,,cohort_trip_threshold,39.64,derived,Driver-customer pair is an extreme weighted edge in the current analysis window.
fa48206e95055681||90528d9e1feb3c2a,fa48206e95055681,90528d9e1feb3c2a,KB-C_EXTREME_VOLUME,4.0,,cohort_trip_threshold,16.51,derived,Driver-customer pair is an extreme weighted edge in the current analysis window.
b7cf9ef750112141||f66c3e0bc1fd7dc9,b7cf9ef750112141,f66c3e0bc1fd7dc9,KB-C_EXTREME_VOLUME,3.0,,cohort_trip_threshold,15.81,derived,Driver-customer pair is an extreme weighted edge in the current analysis window.
bfc46f7bf43495c7||2b5804c659108852,bfc46f7bf43495c7,2b5804c659108852,KB-C_EXTREME_VOLUME,5.0,,cohort_trip_threshold,29.87,derived,Driver-customer pair is an extreme weighted edge in the current analysis window.
071cf764fdf85f42||4fb1aad95d364f2f,071cf764fdf85f42,4fb1aad95d364f2f,KB-C_EXTREME_VOLUME,4.0,,cohort_trip_threshold,15.28,derived,Driver-customer pair is an extreme weighted edge in the current analysis window.
2ee651fb264a9d01||c67facb51ebecbaa,2ee651fb264a9d01,c67facb51ebecbaa,KB-C_EXTREME_VOLUME,4.0,,cohort_trip_threshold,14.64,derived,Driver-customer pair is an extreme weighted edge in the current analysis window.
c70fcfc38680dcad||b7e5ece02760f13c,c70fcfc38680dcad,b7e5ece02760f13c,KB-C_EXTREME_VOLUME,3.0,,cohort_trip_threshold,25.99,derived,Driver-customer pair is an extreme weighted edge in the current analysis window.
2916e8421d85f778||5790c5772fb91f37,2916e8421d85f778,5790c5772fb91f37,KB-C_EXTREME_VOLUME,2.0,,cohort_trip_threshold,18.84,derived,Driver-customer pair is an extreme weighted edge in the current analysis window.
f0fece0808f82606||d6f58ee52994d891,f0fece0808f82606,d6f58ee52994d891,KB-C_EXTREME_VOLUME,3.0,,cohort_trip_threshold,21.75,derived,Driver-customer pair is an extreme weighted edge in the current analysis window.
2a12f7d4d27d1aaa||c41ced1bb7288549,2a12f7d4d27d1aaa,c41ced1bb7288549,KB-C_EXTREME_VOLUME,3.0,,cohort_trip_threshold,24.6,derived,Driver-customer pair is an extreme weighted edge in the current analysis window.
5e1375169a59617b||f73d51571f8f15e5,5e1375169a59617b,f73d51571f8f15e5,KB-C_EXTREME_VOLUME,5.0,,cohort_trip_threshold,46.1,derived,Driver-customer pair is an extreme weighted edge in the current analysis window.
1afcc9d41698c033||2c3da632fe9da476,1afcc9d41698c033,2c3da632fe9da476,KB-C_EXTREME_VOLUME,5.0,,cohort_trip_threshold,25.93,derived,Driver-customer pair is an extreme weighted edge in the current analysis window.
3812111d5ad3e846||b3bf8c210471464e,3812111d5ad3e846,b3bf8c210471464e,KB-C_EXTREME_VOLUME,2.0,,cohort_trip_threshold,18.16,derived,Driver-customer pair is an extreme weighted edge in the current analysis window.
8b4925766e8e74a1||ca21d90439ea8994,8b4925766e8e74a1,ca21d90439ea8994,KB-C_EXTREME_VOLUME,2.0,,cohort_trip_threshold,22.48,derived,Driver-customer pair is an extreme weighted edge in the current analysis window.
8b4925766e8e74a1||f8cd3f56719ce2b7,8b4925766e8e74a1,f8cd3f56719ce2b7,KB-C_EXTREME_VOLUME,2.0,,cohort_trip_threshold,14.97,derived,Driver-customer pair is an extreme weighted edge in the current analysis window.
a75a5c3fee0f23fb||dc54bd91ff279f14,a75a5c3fee0f23fb,dc54bd91ff279f14,KB-C_EXTREME_VOLUME,2.0,,cohort_trip_threshold,15.28,derived,Driver-customer pair is an extreme weighted edge in the current analysis window.
a8935b2e554306db||ee3b8b47c878fd76,a8935b2e554306db,ee3b8b47c878fd76,KB-C_EXTREME_VOLUME,2.0,,cohort_trip_threshold,15.24,derived,Driver-customer pair is an extreme weighted edge in the current analysis window.
cde4bfee0b62d4ed||2d25ad16bbe40c38,cde4bfee0b62d4ed,2d25ad16bbe40c38,KB-C_EXTREME_VOLUME,2.0,,cohort_trip_threshold,45.23,derived,Driver-customer pair is an extreme weighted edge in the current analysis window.
fc2461b85dea423a||7489263ec8bd63af,fc2461b85dea423a,7489263ec8bd63af,KB-C_EXTREME_VOLUME,2.0,,cohort_trip_threshold,32.45,derived,Driver-customer pair is an extreme weighted edge in the current analysis window.
c8d9721c5f91578a||ea6d088a7298bd0b,c8d9721c5f91578a,ea6d088a7298bd0b,KB-C_EXTREME_VOLUME,5.0,,cohort_trip_threshold,21.33,derived,Driver-customer pair is an extreme weighted edge in the current analysis window.
a472f9e5a6cd904f||560dec3b71d86b8b,a472f9e5a6cd904f,560dec3b71d86b8b,KB-C_EXTREME_VOLUME,3.0,,cohort_trip_threshold,14.57,derived,Driver-customer pair is an extreme weighted edge in the current analysis window.
6903bd450960e3a2||429b30fa140d3235,6903bd450960e3a2,429b30fa140d3235,KB-C_EXTREME_VOLUME,3.0,,cohort_trip_threshold,27.99,derived,Driver-customer pair is an extreme weighted edge in the current analysis window.
bcc55a9350aa5e0c||27452ded0f6a2de6,bcc55a9350aa5e0c,27452ded0f6a2de6,KB-C_EXTREME_VOLUME,3.0,,cohort_trip_threshold,28.18,derived,Driver-customer pair is an extreme weighted edge in the current analysis window.
2409a55dda9eaf43||294050a2504b9178,2409a55dda9eaf43,294050a2504b9178,KB-C_EXTREME_VOLUME,2.0,,cohort_trip_threshold,24.63,derived,Driver-customer pair is an extreme weighted edge in the current analysis window.
3bab42455ded975b||4ce50ded8b049bfd,3bab42455ded975b,4ce50ded8b049bfd,KB-C_EXTREME_VOLUME,3.0,,cohort_trip_threshold,23.0,derived,Driver-customer pair is an extreme weighted edge in the current analysis window.
f5da5f607f500ae6||a55bd7d5e0d6d97d,f5da5f607f500ae6,a55bd7d5e0d6d97d,KB-C_EXTREME_VOLUME,3.0,,cohort_trip_threshold,18.54,derived,Driver-customer pair is an extreme weighted edge in the current analysis window.
a7ffad3b3dd93be8||5527eecc02fc5650,a7ffad3b3dd93be8,5527eecc02fc5650,KB-C_EXTREME_VOLUME,4.0,,cohort_trip_threshold,28.65,derived,Driver-customer pair is an extreme weighted edge in the current analysis window.
561e6ac0fd553519||6426a6155f2e836e,561e6ac0fd553519,6426a6155f2e836e,KB-C_EXTREME_VOLUME,3.0,,cohort_trip_threshold,24.66,derived,Driver-customer pair is an extreme weighted edge in the current analysis window.
cb2f654a802b6158||3a14dccb08ae5968,cb2f654a802b6158,3a14dccb08ae5968,KB-C_EXTREME_VOLUME,3.0,,cohort_trip_threshold,30.69,derived,Driver-customer pair is an extreme weighted edge in the current analysis window.
2bbf7fba06d95eee||31d0faa9c799b7c6,2bbf7fba06d95eee,31d0faa9c799b7c6,KB-C_EXTREME_VOLUME,5.0,,cohort_trip_threshold,21.93,derived,Driver-customer pair is an extreme weighted edge in the current analysis window.
36387d716a776211||45097a41d2210269,36387d716a776211,45097a41d2210269,KB-C_EXTREME_VOLUME,4.0,,cohort_trip_threshold,24.15,derived,Driver-customer pair is an extreme weighted edge in the current analysis window.
5c3b2463bc30a90e||1842330fcdfa0b4e,5c3b2463bc30a90e,1842330fcdfa0b4e,KB-C_EXTREME_VOLUME,2.0,,cohort_trip_threshold,33.61,derived,Driver-customer pair is an extreme weighted edge in the current analysis window.
79d7ea8a1b09120d||4403ec80bd2c9cac,79d7ea8a1b09120d,4403ec80bd2c9cac,KB-C_EXTREME_VOLUME,2.0,,cohort_trip_threshold,21.0,derived,Driver-customer pair is an extreme weighted edge in the current analysis window.
a05286b818d9f704||b8a81ac656d02ee3,a05286b818d9f704,b8a81ac656d02ee3,KB-C_EXTREME_VOLUME,2.0,,cohort_trip_threshold,17.61,derived,Driver-customer pair is an extreme weighted edge in the current analysis window.
d4e7e4385be4af86||6b9d6515726cfb94,d4e7e4385be4af86,6b9d6515726cfb94,KB-C_EXTREME_VOLUME,5.0,,cohort_trip_threshold,15.23,derived,Driver-customer pair is an extreme weighted edge in the current analysis window.
53378d2c8c5fa987||3351b05d601aa675,53378d2c8c5fa987,3351b05d601aa675,KB-C_EXTREME_VOLUME,3.0,,cohort_trip_threshold,40.3,derived,Driver-customer pair is an extreme weighted edge in the current analysis window.
c66ec7702ba74fb2||4d86c868658a33c1,c66ec7702ba74fb2,4d86c868658a33c1,KB-C_EXTREME_VOLUME,5.0,,cohort_trip_threshold,25.96,derived,Driver-customer pair is an extreme weighted edge in the current analysis window.
e47c90a1134211d6||37c0dc9f17df3531,e47c90a1134211d6,37c0dc9f17df3531,KB-C_EXTREME_VOLUME,3.0,,cohort_trip_threshold,17.37,derived,Driver-customer pair is an extreme weighted edge in the current analysis window.
5f5aaa7364e58526||b4d70c27e9238838,5f5aaa7364e58526,b4d70c27e9238838,KB-C_EXTREME_VOLUME,3.0,,cohort_trip_threshold,21.32,derived,Driver-customer pair is an extreme weighted edge in the current analysis window.
45c8ac814a6b22a3||0b4b9a49d8909da0,45c8ac814a6b22a3,0b4b9a49d8909da0,KB-C_EXTREME_VOLUME,3.0,,cohort_trip_threshold,16.67,derived,Driver-customer pair is an extreme weighted edge in the current analysis window.
98fa111b4ec4bb34||ef54abcc61d37683,98fa111b4ec4bb34,ef54abcc61d37683,KB-C_EXTREME_VOLUME,3.0,,cohort_trip_threshold,14.42,derived,Driver-customer pair is an extreme weighted edge in the current analysis window.
476cbff4299d8f40||842133fbb3debf79,476cbff4299d8f40,842133fbb3debf79,KB-C_EXTREME_VOLUME,3.0,,cohort_trip_threshold,15.49,derived,Driver-customer pair is an extreme weighted edge in the current analysis window.
297ba525b10c0ad2||5c478a218c6dd3de,297ba525b10c0ad2,5c478a218c6dd3de,KB-C_EXTREME_VOLUME,5.0,,cohort_trip_threshold,22.32,derived,Driver-customer pair is an extreme weighted edge in the current analysis window.
5b645a7489d3a5ab||1d690caf69cefc9a,5b645a7489d3a5ab,1d690caf69cefc9a,KB-C_EXTREME_VOLUME,5.0,,cohort_trip_threshold,22.75,derived,Driver-customer pair is an extreme weighted edge in the current analysis window.
4226a3fbe098b4f4||71e4b4741cd2dd60,4226a3fbe098b4f4,71e4b4741cd2dd60,KB-C_EXTREME_VOLUME,2.0,,cohort_trip_threshold,18.93,derived,Driver-customer pair is an extreme weighted edge in the current analysis window.
7bda06877fc21308||50b6f9ca16e66652,7bda06877fc21308,50b6f9ca16e66652,KB-C_EXTREME_VOLUME,3.0,,cohort_trip_threshold,15.68,derived,Driver-customer pair is an extreme weighted edge in the current analysis window.
79342375f0152800||26cd707461e9a736,79342375f0152800,26cd707461e9a736,KB-C_EXTREME_VOLUME,3.0,,cohort_trip_threshold,18.19,derived,Driver-customer pair is an extreme weighted edge in the current analysis window.
7edb3f29d30d0d5d||3db8af0569dc6546,7edb3f29d30d0d5d,3db8af0569dc6546,KB-C_EXTREME_VOLUME,5.0,,cohort_trip_threshold,25.78,derived,Driver-customer pair is an extreme weighted edge in the current analysis window.
7edb3f29d30d0d5d||7cf7c24c2ee47673,7edb3f29d30d0d5d,7cf7c24c2ee47673,KB-C_EXTREME_VOLUME,5.0,,cohort_trip_threshold,33.54,derived,Driver-customer pair is an extreme weighted edge in the current analysis window.
7edb3f29d30d0d5d||9a2bba043368c6e0,7edb3f29d30d0d5d,9a2bba043368c6e0,KB-C_EXTREME_VOLUME,5.0,,cohort_trip_threshold,27.68,derived,Driver-customer pair is an extreme weighted edge in the current analysis window.
4383dc2a73a8f22c||5ddc6029cfbc205c,4383dc2a73a8f22c,5ddc6029cfbc205c,KB-C_EXTREME_VOLUME,3.0,,cohort_trip_threshold,14.48,derived,Driver-customer pair is an extreme weighted edge in the current analysis window.
fcec0f161a82be4a||2abcde2448791b59,fcec0f161a82be4a,2abcde2448791b59,KB-C_EXTREME_VOLUME,3.0,,cohort_trip_threshold,20.24,derived,Driver-customer pair is an extreme weighted edge in the current analysis window.
525ad488ef3c9683||0eaf713edf98b550,525ad488ef3c9683,0eaf713edf98b550,KB-C_EXTREME_VOLUME,2.0,,cohort_trip_threshold,22.04,derived,Driver-customer pair is an extreme weighted edge in the current analysis window.
7c7bf5144d88643b||eff27e0c29d22f99,7c7bf5144d88643b,eff27e0c29d22f99,KB-C_EXTREME_VOLUME,2.0,,cohort_trip_threshold,14.43,derived,Driver-customer pair is an extreme weighted edge in the current analysis window.
7c7bf5144d88643b||f0165e775d4610a4,7c7bf5144d88643b,f0165e775d4610a4,KB-C_EXTREME_VOLUME,2.0,,cohort_trip_threshold,21.9,derived,Driver-customer pair is an extreme weighted edge in the current analysis window.
db29d74b7f8a77c6||d4b7bfda5fc8b7f2,db29d74b7f8a77c6,d4b7bfda5fc8b7f2,KB-C_EXTREME_VOLUME,2.0,,cohort_trip_threshold,21.51,derived,Driver-customer pair is an extreme weighted edge in the current analysis window.
811d6e62bf827d1d||2e7f5a61f9741840,811d6e62bf827d1d,2e7f5a61f9741840,KB-C_EXTREME_VOLUME,3.0,,cohort_trip_threshold,20.65,derived,Driver-customer pair is an extreme weighted edge in the current analysis window.
86c227a2f91a9191||3469c8864448b528,86c227a2f91a9191,3469c8864448b528,KB-C_EXTREME_VOLUME,3.0,,cohort_trip_threshold,21.65,derived,Driver-customer pair is an extreme weighted edge in the current analysis window.
a3c6b6bf19afcb8f||06fbd9c43a79c85d,a3c6b6bf19afcb8f,06fbd9c43a79c85d,KB-C_EXTREME_VOLUME,3.0,,cohort_trip_threshold,21.02,derived,Driver-customer pair is an extreme weighted edge in the current analysis window.
ed7c591503fc20dc||8cc623f6caf5ee5a,ed7c591503fc20dc,8cc623f6caf5ee5a,KB-C_EXTREME_VOLUME,2.0,,cohort_trip_threshold,23.48,derived,Driver-customer pair is an extreme weighted edge in the current analysis window.
2358606575eae571||d36a6a3e8ca8c241,2358606575eae571,d36a6a3e8ca8c241,KB-C_EXTREME_VOLUME,3.0,,cohort_trip_threshold,25.15,derived,Driver-customer pair is an extreme weighted edge in the current analysis window.
5573ee7f7a679d61||ef07f40aecbae870,5573ee7f7a679d61,ef07f40aecbae870,KB-C_EXTREME_VOLUME,5.0,,cohort_trip_threshold,16.33,derived,Driver-customer pair is an extreme weighted edge in the current analysis window.
43587c127e3ddeaf||04efc020ec218fec,43587c127e3ddeaf,04efc020ec218fec,KB-C_EXTREME_VOLUME,3.0,,cohort_trip_threshold,15.42,derived,Driver-customer pair is an extreme weighted edge in the current analysis window.
495a09c29479ce51||252448148696b15f,495a09c29479ce51,252448148696b15f,KB-C_EXTREME_VOLUME,3.0,,cohort_trip_threshold,20.09,derived,Driver-customer pair is an extreme weighted edge in the current analysis window.
bf7071098615befe||562281198189a606,bf7071098615befe,562281198189a606,KB-C_EXTREME_VOLUME,3.0,,cohort_trip_threshold,21.67,derived,Driver-customer pair is an extreme weighted edge in the current analysis window.
bf7071098615befe||74d2330add01f485,bf7071098615befe,74d2330add01f485,KB-C_EXTREME_VOLUME,3.0,,cohort_trip_threshold,24.56,derived,Driver-customer pair is an extreme weighted edge in the current analysis window.
6002bf88583025d5||46f97dd14d8ad9c3,6002bf88583025d5,46f97dd14d8ad9c3,KB-C_EXTREME_VOLUME,2.0,,cohort_trip_threshold,15.08,derived,Driver-customer pair is an extreme weighted edge in the current analysis window.
e8838008c85be8c7||855bc95edcd1af56,e8838008c85be8c7,855bc95edcd1af56,KB-C_EXTREME_VOLUME,2.0,,cohort_trip_threshold,30.79,derived,Driver-customer pair is an extreme weighted edge in the current analysis window.
eadbab9dbd54d80e||45b7088e2514ebf0,eadbab9dbd54d80e,45b7088e2514ebf0,KB-C_EXTREME_VOLUME,2.0,,cohort_trip_threshold,13.15,derived,Driver-customer pair is an extreme weighted edge in the current analysis window.
6a673d7825fa453e||2475decb9b67e8fb,6a673d7825fa453e,2475decb9b67e8fb,KB-C_EXTREME_VOLUME,2.0,,cohort_trip_threshold,25.23,derived,Driver-customer pair is an extreme weighted edge in the current analysis window.
6a673d7825fa453e||b32446c466b867cf,6a673d7825fa453e,b32446c466b867cf,KB-C_EXTREME_VOLUME,2.0,,cohort_trip_threshold,17.98,derived,Driver-customer pair is an extreme weighted edge in the current analysis window.
f1e55c533e8deb4d||62565262cb3f59cd,f1e55c533e8deb4d,62565262cb3f59cd,KB-C_EXTREME_VOLUME,3.0,,cohort_trip_threshold,14.93,derived,Driver-customer pair is an extreme weighted edge in the current analysis window.
53a496e73646b0d6||3359860f0841017e,53a496e73646b0d6,3359860f0841017e,KB-C_EXTREME_VOLUME,3.0,,cohort_trip_threshold,17.69,derived,Driver-customer pair is an extreme weighted edge in the current analysis window.
6cd3dcbde56e38a6||7932079489253aef,6cd3dcbde56e38a6,7932079489253aef,KB-C_EXTREME_VOLUME,5.0,,cohort_trip_threshold,28.21,derived,Driver-customer pair is an extreme weighted edge in the current analysis window.
29ce5483d8531e6d||baacbf42a703766e,29ce5483d8531e6d,baacbf42a703766e,KB-C_EXTREME_VOLUME,2.0,,cohort_trip_threshold,24.84,derived,Driver-customer pair is an extreme weighted edge in the current analysis window.
abde4de646d46ccc||00fb4358ea255929,abde4de646d46ccc,00fb4358ea255929,KB-C_EXTREME_VOLUME,2.0,,cohort_trip_threshold,15.5,derived,Driver-customer pair is an extreme weighted edge in the current analysis window.
abde4de646d46ccc||89691c2c7dbba3ed,abde4de646d46ccc,89691c2c7dbba3ed,KB-C_EXTREME_VOLUME,2.0,,cohort_trip_threshold,22.99,derived,Driver-customer pair is an extreme weighted edge in the current analysis window.
c8de5cb376ab54b0||5cd4391453a93402,c8de5cb376ab54b0,5cd4391453a93402,KB-C_EXTREME_VOLUME,2.0,,cohort_trip_threshold,14.31,derived,Driver-customer pair is an extreme weighted edge in the current analysis window.
c8de5cb376ab54b0||b300c11e6f3fe42a,c8de5cb376ab54b0,b300c11e6f3fe42a,KB-C_EXTREME_VOLUME,2.0,,cohort_trip_threshold,20.0,derived,Driver-customer pair is an extreme weighted edge in the current analysis window.
bf78bede5ffa9b46||52cec39ae763fb1c,bf78bede5ffa9b46,52cec39ae763fb1c,KB-C_EXTREME_VOLUME,5.0,,cohort_trip_threshold,30.58,derived,Driver-customer pair is an extreme weighted edge in the current analysis window.
efd0fed4731e27e0||fdd0a635fe5c5c53,efd0fed4731e27e0,fdd0a635fe5c5c53,KB-C_EXTREME_VOLUME,2.0,,cohort_trip_threshold,24.72,derived,Driver-customer pair is an extreme weighted edge in the current analysis window.
34bce29c46faf7af||3abd7d8a180ac0b3,34bce29c46faf7af,3abd7d8a180ac0b3,KB-C_EXTREME_VOLUME,5.0,,cohort_trip_threshold,26.47,derived,Driver-customer pair is an extreme weighted edge in the current analysis window.
3d1c744f70429c9a||0dac6ec00f7d0947,3d1c744f70429c9a,0dac6ec00f7d0947,KB-C_EXTREME_VOLUME,3.0,,cohort_trip_threshold,20.22,derived,Driver-customer pair is an extreme weighted edge in the current analysis window.
99a515ccf89055fd||c18fc13aa946510d,99a515ccf89055fd,c18fc13aa946510d,KB-C_EXTREME_VOLUME,4.0,,cohort_trip_threshold,22.15,derived,Driver-customer pair is an extreme weighted edge in the current analysis window.
35df97d32c0ae084||bf87d26f83ea9651,35df97d32c0ae084,bf87d26f83ea9651,KB-C_EXTREME_VOLUME,3.0,,cohort_trip_threshold,14.96,derived,Driver-customer pair is an extreme weighted edge in the current analysis window.
7cad712366b77cac||62565262cb3f59cd,7cad712366b77cac,62565262cb3f59cd,KB-C_EXTREME_VOLUME,3.0,,cohort_trip_threshold,25.71,derived,Driver-customer pair is an extreme weighted edge in the current analysis window.
1873fa2ac940b1ee||e25cbb7db34a2d7a,1873fa2ac940b1ee,e25cbb7db34a2d7a,KB-C_EXTREME_VOLUME,3.0,,cohort_trip_threshold,17.38,derived,Driver-customer pair is an extreme weighted edge in the current analysis window.
fe4606658f18e63d||b41ba4214f30ef33,fe4606658f18e63d,b41ba4214f30ef33,KB-C_EXTREME_VOLUME,3.0,,cohort_trip_threshold,14.84,derived,Driver-customer pair is an extreme weighted edge in the current analysis window.
0e6758d009a5b889||0666bc0c06fc0f72,0e6758d009a5b889,0666bc0c06fc0f72,KB-C_EXTREME_VOLUME,2.0,,cohort_trip_threshold,32.27,derived,Driver-customer pair is an extreme weighted edge in the current analysis window.
0e6758d009a5b889||1d4e5c43bac22b4d,0e6758d009a5b889,1d4e5c43bac22b4d,KB-C_EXTREME_VOLUME,2.0,,cohort_trip_threshold,23.38,derived,Driver-customer pair is an extreme weighted edge in the current analysis window.
2084085828e30bed||d50366ef0991566f,2084085828e30bed,d50366ef0991566f,KB-C_EXTREME_VOLUME,2.0,,cohort_trip_threshold,25.95,derived,Driver-customer pair is an extreme weighted edge in the current analysis window.
21d3c1277e1e7d26||10634ea92952abdc,21d3c1277e1e7d26,10634ea92952abdc,KB-C_EXTREME_VOLUME,2.0,,cohort_trip_threshold,23.25,derived,Driver-customer pair is an extreme weighted edge in the current analysis window.
39d01bb3e7cb8e66||294050a2504b9178,39d01bb3e7cb8e66,294050a2504b9178,KB-C_EXTREME_VOLUME,2.0,,cohort_trip_threshold,19.27,derived,Driver-customer pair is an extreme weighted edge in the current analysis window.
39d01bb3e7cb8e66||ea2fe46ff2300555,39d01bb3e7cb8e66,ea2fe46ff2300555,KB-C_EXTREME_VOLUME,2.0,,cohort_trip_threshold,23.73,derived,Driver-customer pair is an extreme weighted edge in the current analysis window.
3b4562aedf8ae78e||09b5deea1d338429,3b4562aedf8ae78e,09b5deea1d338429,KB-C_EXTREME_VOLUME,2.0,,cohort_trip_threshold,14.09,derived,Driver-customer pair is an extreme weighted edge in the current analysis window.
3b4562aedf8ae78e||537f963d5da45dca,3b4562aedf8ae78e,537f963d5da45dca,KB-C_EXTREME_VOLUME,2.0,,cohort_trip_threshold,17.8,derived,Driver-customer pair is an extreme weighted edge in the current analysis window.
4a6bbb80714b55e2||80eda13b9f2bfd0b,4a6bbb80714b55e2,80eda13b9f2bfd0b,KB-C_EXTREME_VOLUME,2.0,,cohort_trip_threshold,14.83,derived,Driver-customer pair is an extreme weighted edge in the current analysis window.
6163580eebce78c8||151ff1c8b5f85a5a,6163580eebce78c8,151ff1c8b5f85a5a,KB-C_EXTREME_VOLUME,2.0,,cohort_trip_threshold,17.7,derived,Driver-customer pair is an extreme weighted edge in the current analysis window.
b389ffe8afb46d27||009dbe5105a457f2,b389ffe8afb46d27,009dbe5105a457f2,KB-C_EXTREME_VOLUME,2.0,,cohort_trip_threshold,23.1,derived,Driver-customer pair is an extreme weighted edge in the current analysis window.
e2cb33391ab12c79||a7dd02e023d0eb12,e2cb33391ab12c79,a7dd02e023d0eb12,KB-C_EXTREME_VOLUME,2.0,,cohort_trip_threshold,21.8,derived,Driver-customer pair is an extreme weighted edge in the current analysis window.
34dcc433689a5e8c||9080dc73dbe6c5bd,34dcc433689a5e8c,9080dc73dbe6c5bd,KB-C_EXTREME_VOLUME,2.0,,cohort_trip_threshold,14.55,derived,Driver-customer pair is an extreme weighted edge in the current analysis window.
50a261c71148ceca||2d25ad16bbe40c38,50a261c71148ceca,2d25ad16bbe40c38,KB-C_EXTREME_VOLUME,2.0,,cohort_trip_threshold,33.52,derived,Driver-customer pair is an extreme weighted edge in the current analysis window.
50a261c71148ceca||c1dceba6c33d711f,50a261c71148ceca,c1dceba6c33d711f,KB-C_EXTREME_VOLUME,2.0,,cohort_trip_threshold,33.52,derived,Driver-customer pair is an extreme weighted edge in the current analysis window.
50a261c71148ceca||c3df161e0e6c4f69,50a261c71148ceca,c3df161e0e6c4f69,KB-C_EXTREME_VOLUME,2.0,,cohort_trip_threshold,31.78,derived,Driver-customer pair is an extreme weighted edge in the current analysis window.
9599fdeaacaa792c||d1d6e2ddac9cdce2,9599fdeaacaa792c,d1d6e2ddac9cdce2,KB-C_EXTREME_VOLUME,2.0,,cohort_trip_threshold,18.76,derived,Driver-customer pair is an extreme weighted edge in the current analysis window.
587e535dba93b9cf||a0489669b079e557,587e535dba93b9cf,a0489669b079e557,KB-C_EXTREME_VOLUME,3.0,,cohort_trip_threshold,21.49,derived,Driver-customer pair is an extreme weighted edge in the current analysis window.
54c46ae6320fe712||4d637ba283147acb,54c46ae6320fe712,4d637ba283147acb,KB-C_EXTREME_VOLUME,2.0,,cohort_trip_threshold,37.22,derived,Driver-customer pair is an extreme weighted edge in the current analysis window.
e03d382abe799004||33a97304a654371d,e03d382abe799004,33a97304a654371d,KB-C_EXTREME_VOLUME,3.0,,cohort_trip_threshold,17.35,derived,Driver-customer pair is an extreme weighted edge in the current analysis window.
2dec0773fdcb93a7||757151a2a646f5d1,2dec0773fdcb93a7,757151a2a646f5d1,KB-C_EXTREME_VOLUME,3.0,,cohort_trip_threshold,24.92,derived,Driver-customer pair is an extreme weighted edge in the current analysis window.
7765bbea1fcfc57f||b39ff773365be6e7,7765bbea1fcfc57f,b39ff773365be6e7,KB-C_EXTREME_VOLUME,3.0,,cohort_trip_threshold,26.25,derived,Driver-customer pair is an extreme weighted edge in the current analysis window.
1a59c62cd4a3205e||5ebf74b453b0f9a3,1a59c62cd4a3205e,5ebf74b453b0f9a3,KB-C_EXTREME_VOLUME,2.0,,cohort_trip_threshold,18.54,derived,Driver-customer pair is an extreme weighted edge in the current analysis window.
72590673cc653eb6||61055a21b6ffff28,72590673cc653eb6,61055a21b6ffff28,KB-C_EXTREME_VOLUME,2.0,,cohort_trip_threshold,22.96,derived,Driver-customer pair is an extreme weighted edge in the current analysis window.
7e2e2029140898be||49c37d3437f50fa1,7e2e2029140898be,49c37d3437f50fa1,KB-C_EXTREME_VOLUME,2.0,,cohort_trip_threshold,25.91,derived,Driver-customer pair is an extreme weighted edge in the current analysis window.
7e2e2029140898be||c7e1eec7ce8f8ef1,7e2e2029140898be,c7e1eec7ce8f8ef1,KB-C_EXTREME_VOLUME,2.0,,cohort_trip_threshold,18.55,derived,Driver-customer pair is an extreme weighted edge in the current analysis window.
8865667379b158e5||a0826fe71de661b8,8865667379b158e5,a0826fe71de661b8,KB-C_EXTREME_VOLUME,2.0,,cohort_trip_threshold,15.43,derived,Driver-customer pair is an extreme weighted edge in the current analysis window.
994368a3fd550da8||cc683ba7b7c98197,994368a3fd550da8,cc683ba7b7c98197,KB-C_EXTREME_VOLUME,2.0,,cohort_trip_threshold,17.23,derived,Driver-customer pair is an extreme weighted edge in the current analysis window.
bdc0b55c1a05d147||dfe0f7438f1cac1a,bdc0b55c1a05d147,dfe0f7438f1cac1a,KB-C_EXTREME_VOLUME,2.0,,cohort_trip_threshold,16.98,derived,Driver-customer pair is an extreme weighted edge in the current analysis window.
ed04c204a1187e47||dcfa23d18f01fc2a,ed04c204a1187e47,dcfa23d18f01fc2a,KB-C_EXTREME_VOLUME,3.0,,cohort_trip_threshold,17.66,derived,Driver-customer pair is an extreme weighted edge in the current analysis window.
8ba8496364710128||1943154f6821d05f,8ba8496364710128,1943154f6821d05f,KB-C_EXTREME_VOLUME,2.0,,cohort_trip_threshold,21.01,derived,Driver-customer pair is an extreme weighted edge in the current analysis window.
28dba2c725249d2f||7c100b53066134eb,28dba2c725249d2f,7c100b53066134eb,KB-C_EXTREME_VOLUME,3.0,,cohort_trip_threshold,19.43,derived,Driver-customer pair is an extreme weighted edge in the current analysis window.
4e8388079772badb||f36007deabaeda4d,4e8388079772badb,f36007deabaeda4d,KB-C_EXTREME_VOLUME,3.0,,cohort_trip_threshold,22.1,derived,Driver-customer pair is an extreme weighted edge in the current analysis window.
38de90387ed8fa71||be2c0ff846673e2b,38de90387ed8fa71,be2c0ff846673e2b,KB-C_EXTREME_VOLUME,3.0,,cohort_trip_threshold,14.05,derived,Driver-customer pair is an extreme weighted edge in the current analysis window.
da3329dc56c22716||d695abfb7799dab3,da3329dc56c22716,d695abfb7799dab3,KB-C_EXTREME_VOLUME,3.0,,cohort_trip_threshold,15.6,derived,Driver-customer pair is an extreme weighted edge in the current analysis window.
39e629f2d1b59bbe||953613145c5f4159,39e629f2d1b59bbe,953613145c5f4159,KB-C_EXTREME_VOLUME,2.0,,cohort_trip_threshold,32.38,derived,Driver-customer pair is an extreme weighted edge in the current analysis window.
39e629f2d1b59bbe||a29bc6fe19ec46ba,39e629f2d1b59bbe,a29bc6fe19ec46ba,KB-C_EXTREME_VOLUME,2.0,,cohort_trip_threshold,44.36,derived,Driver-customer pair is an extreme weighted edge in the current analysis window.
7c876e8495fd6eec||883f2930b843bd52,7c876e8495fd6eec,883f2930b843bd52,KB-C_EXTREME_VOLUME,4.0,,cohort_trip_threshold,24.49,derived,Driver-customer pair is an extreme weighted edge in the current analysis window.
c068ade7ef31cc2a||39b8fd7e9cdaa3e7,c068ade7ef31cc2a,39b8fd7e9cdaa3e7,KB-C_EXTREME_VOLUME,3.0,,cohort_trip_threshold,20.14,derived,Driver-customer pair is an extreme weighted edge in the current analysis window.
8dd336bf60715232||09101cbc7f3263ea,8dd336bf60715232,09101cbc7f3263ea,KB-C_EXTREME_VOLUME,3.0,,cohort_trip_threshold,23.39,derived,Driver-customer pair is an extreme weighted edge in the current analysis window.
8dd336bf60715232||4d49153a85b79f3e,8dd336bf60715232,4d49153a85b79f3e,KB-C_EXTREME_VOLUME,3.0,,cohort_trip_threshold,25.65,derived,Driver-customer pair is an extreme weighted edge in the current analysis window.
8dd336bf60715232||b0c9e7e07070a3a0,8dd336bf60715232,b0c9e7e07070a3a0,KB-C_EXTREME_VOLUME,3.0,,cohort_trip_threshold,27.31,derived,Driver-customer pair is an extreme weighted edge in the current analysis window.
974a5516081a83d4||4a0062a57f3c74a8,974a5516081a83d4,4a0062a57f3c74a8,KB-C_EXTREME_VOLUME,3.0,,cohort_trip_threshold,26.09,derived,Driver-customer pair is an extreme weighted edge in the current analysis window.
8da6f2968b4e20a3||6e098b2f329ef685,8da6f2968b4e20a3,6e098b2f329ef685,KB-C_EXTREME_VOLUME,3.0,,cohort_trip_threshold,20.68,derived,Driver-customer pair is an extreme weighted edge in the current analysis window.
08c2937c4489fd00||53df26768ddedd89,08c2937c4489fd00,53df26768ddedd89,KB-C_EXTREME_VOLUME,2.0,,cohort_trip_threshold,15.45,derived,Driver-customer pair is an extreme weighted edge in the current analysis window.
0beb1c5f1621c116||883e315df4699c3e,0beb1c5f1621c116,883e315df4699c3e,KB-C_EXTREME_VOLUME,2.0,,cohort_trip_threshold,20.79,derived,Driver-customer pair is an extreme weighted edge in the current analysis window.
68e0640dbf88d27b||7e79df47aa54c5e0,68e0640dbf88d27b,7e79df47aa54c5e0,KB-C_EXTREME_VOLUME,2.0,,cohort_trip_threshold,20.82,derived,Driver-customer pair is an extreme weighted edge in the current analysis window.
68e0640dbf88d27b||99e953c33b978075,68e0640dbf88d27b,99e953c33b978075,KB-C_EXTREME_VOLUME,2.0,,cohort_trip_threshold,27.28,derived,Driver-customer pair is an extreme weighted edge in the current analysis window.
6da41e8e16521e9b||a9311e186c10bb77,6da41e8e16521e9b,a9311e186c10bb77,KB-C_EXTREME_VOLUME,2.0,,cohort_trip_threshold,15.32,derived,Driver-customer pair is an extreme weighted edge in the current analysis window.
d1dbc7032e1ed156||1e01ad0047f48abf,d1dbc7032e1ed156,1e01ad0047f48abf,KB-C_EXTREME_VOLUME,2.0,,cohort_trip_threshold,19.36,derived,Driver-customer pair is an extreme weighted edge in the current analysis window.
f1edca11f62e1cd5||74cb3a09d0c8f324,f1edca11f62e1cd5,74cb3a09d0c8f324,KB-C_EXTREME_VOLUME,2.0,,cohort_trip_threshold,14.87,derived,Driver-customer pair is an extreme weighted edge in the current analysis window.
328a9a9d3325889a||c03b3302e37bb881,328a9a9d3325889a,c03b3302e37bb881,KB-C_EXTREME_VOLUME,3.0,,cohort_trip_threshold,19.99,derived,Driver-customer pair is an extreme weighted edge in the current analysis window.
60889cda0a9d00a3||57b5b2bcbbf05021,60889cda0a9d00a3,57b5b2bcbbf05021,KB-C_EXTREME_VOLUME,3.0,,cohort_trip_threshold,19.98,derived,Driver-customer pair is an extreme weighted edge in the current analysis window.
7ee3dc90649c17b7||c6f98725a05b88c9,7ee3dc90649c17b7,c6f98725a05b88c9,KB-C_EXTREME_VOLUME,3.0,,cohort_trip_threshold,22.7,derived,Driver-customer pair is an extreme weighted edge in the current analysis window.
9a7d2dd08541ef2c||bf341adf1e1b82a3,9a7d2dd08541ef2c,bf341adf1e1b82a3,KB-C_EXTREME_VOLUME,3.0,,cohort_trip_threshold,25.51,derived,Driver-customer pair is an extreme weighted edge in the current analysis window.
fdbfcb91211007a7||c2d6f77c0bd563e0,fdbfcb91211007a7,c2d6f77c0bd563e0,KB-C_EXTREME_VOLUME,3.0,,cohort_trip_threshold,23.24,derived,Driver-customer pair is an extreme weighted edge in the current analysis window.
38a4b5bdeb8730d7||416a13b1960877dc,38a4b5bdeb8730d7,416a13b1960877dc,KB-C_EXTREME_VOLUME,2.0,,cohort_trip_threshold,29.43,derived,Driver-customer pair is an extreme weighted edge in the current analysis window.
6f2f9f4b06d456ee||bb755b813cd5560e,6f2f9f4b06d456ee,bb755b813cd5560e,KB-C_EXTREME_VOLUME,2.0,,cohort_trip_threshold,14.73,derived,Driver-customer pair is an extreme weighted edge in the current analysis window.
f0fb726f4a15dba0||b7ca029d7b55f4c9,f0fb726f4a15dba0,b7ca029d7b55f4c9,KB-C_EXTREME_VOLUME,2.0,,cohort_trip_threshold,16.64,derived,Driver-customer pair is an extreme weighted edge in the current analysis window.
86231bbb769e838a||c35316c30c966387,86231bbb769e838a,c35316c30c966387,KB-C_EXTREME_VOLUME,2.0,,cohort_trip_threshold,16.12,derived,Driver-customer pair is an extreme weighted edge in the current analysis window.
4a586cf0d26f30ba||a142799d1370ae06,4a586cf0d26f30ba,a142799d1370ae06,KB-C_EXTREME_VOLUME,2.0,,cohort_trip_threshold,18.44,derived,Driver-customer pair is an extreme weighted edge in the current analysis window.
03aa400042ae1428||f3153cbe8ad15155,03aa400042ae1428,f3153cbe8ad15155,KB-C_EXTREME_VOLUME,2.0,,cohort_trip_threshold,15.02,derived,Driver-customer pair is an extreme weighted edge in the current analysis window.
077de8828e6465d0||8a56abf5d97c9c8e,077de8828e6465d0,8a56abf5d97c9c8e,KB-C_EXTREME_VOLUME,2.0,,cohort_trip_threshold,12.6,derived,Driver-customer pair is an extreme weighted edge in the current analysis window.
2ec2ede4552f6e69||1b733d5572daba33,2ec2ede4552f6e69,1b733d5572daba33,KB-C_EXTREME_VOLUME,2.0,,cohort_trip_threshold,16.08,derived,Driver-customer pair is an extreme weighted edge in the current analysis window.
533c764ba72d09b3||f6e569eef5aa428f,533c764ba72d09b3,f6e569eef5aa428f,KB-C_EXTREME_VOLUME,2.0,,cohort_trip_threshold,15.19,derived,Driver-customer pair is an extreme weighted edge in the current analysis window.
8dfe98d41ed2ade1||69af8c6f29dca3b7,8dfe98d41ed2ade1,69af8c6f29dca3b7,KB-C_EXTREME_VOLUME,3.0,,cohort_trip_threshold,15.14,derived,Driver-customer pair is an extreme weighted edge in the current analysis window.
edd0ac577962819a||dd047787de288b2e,edd0ac577962819a,dd047787de288b2e,KB-C_EXTREME_VOLUME,2.0,,cohort_trip_threshold,25.7,derived,Driver-customer pair is an extreme weighted edge in the current analysis window.
55bb97b22d99dc6c||106301e245cc6f51,55bb97b22d99dc6c,106301e245cc6f51,KB-C_EXTREME_VOLUME,2.0,,cohort_trip_threshold,27.77,derived,Driver-customer pair is an extreme weighted edge in the current analysis window.
e0490ea40606df69||fc66946479ca72db,e0490ea40606df69,fc66946479ca72db,KB-C_EXTREME_VOLUME,2.0,,cohort_trip_threshold,24.99,derived,Driver-customer pair is an extreme weighted edge in the current analysis window.
01ad240d7760d3fd||bf341adf1e1b82a3,01ad240d7760d3fd,bf341adf1e1b82a3,KB-C_EXTREME_VOLUME,4.0,,cohort_trip_threshold,21.72,derived,Driver-customer pair is an extreme weighted edge in the current analysis window.
daac25b07a336a80||5e17c8e6f5220715,daac25b07a336a80,5e17c8e6f5220715,KB-C_EXTREME_VOLUME,3.0,,cohort_trip_threshold,22.35,derived,Driver-customer pair is an extreme weighted edge in the current analysis window.
a7bcfa41a7ab7a2b||34d2919e78ba444c,a7bcfa41a7ab7a2b,34d2919e78ba444c,KB-C_EXTREME_VOLUME,3.0,,cohort_trip_threshold,20.76,derived,Driver-customer pair is an extreme weighted edge in the current analysis window.
d1de2778f8de8146||157e99fd649acc5e,d1de2778f8de8146,157e99fd649acc5e,KB-C_EXTREME_VOLUME,2.0,,cohort_trip_threshold,13.82,derived,Driver-customer pair is an extreme weighted edge in the current analysis window.
b28db6755448f68b||d1eee67fdba75531,b28db6755448f68b,d1eee67fdba75531,KB-C_EXTREME_VOLUME,3.0,,cohort_trip_threshold,22.02,derived,Driver-customer pair is an extreme weighted edge in the current analysis window.
e5013a9b15ae5faa||69725660f42b6159,e5013a9b15ae5faa,69725660f42b6159,KB-C_EXTREME_VOLUME,2.0,,cohort_trip_threshold,18.84,derived,Driver-customer pair is an extreme weighted edge in the current analysis window.
8ce248b701cedb75||3d6a4518940a9a45,8ce248b701cedb75,3d6a4518940a9a45,KB-C_EXTREME_VOLUME,4.0,,cohort_trip_threshold,27.84,derived,Driver-customer pair is an extreme weighted edge in the current analysis window.
9c6b3c3e07ecbd90||8ef84e51a137eb65,9c6b3c3e07ecbd90,8ef84e51a137eb65,KB-C_EXTREME_VOLUME,3.0,,cohort_trip_threshold,18.73,derived,Driver-customer pair is an extreme weighted edge in the current analysis window.
9e4d7cc7527c8642||1aa04ed4612e438a,9e4d7cc7527c8642,1aa04ed4612e438a,KB-C_EXTREME_VOLUME,3.0,,cohort_trip_threshold,22.49,derived,Driver-customer pair is an extreme weighted edge in the current analysis window.
6fe38266f53a24d1||294050a2504b9178,6fe38266f53a24d1,294050a2504b9178,KB-C_EXTREME_VOLUME,2.0,,cohort_trip_threshold,17.97,derived,Driver-customer pair is an extreme weighted edge in the current analysis window.
6fe38266f53a24d1||aa795a96af294ad2,6fe38266f53a24d1,aa795a96af294ad2,KB-C_EXTREME_VOLUME,2.0,,cohort_trip_threshold,15.93,derived,Driver-customer pair is an extreme weighted edge in the current analysis window.
a08298ffe23289fb||3eb6dcf0869c230f,a08298ffe23289fb,3eb6dcf0869c230f,KB-C_EXTREME_VOLUME,2.0,,cohort_trip_threshold,25.7,derived,Driver-customer pair is an extreme weighted edge in the current analysis window.
c65091af6566904f||07ed8ff194d0dfa5,c65091af6566904f,07ed8ff194d0dfa5,KB-C_EXTREME_VOLUME,2.0,,cohort_trip_threshold,13.2,derived,Driver-customer pair is an extreme weighted edge in the current analysis window.
c65091af6566904f||35bb7226f6e14af5,c65091af6566904f,35bb7226f6e14af5,KB-C_EXTREME_VOLUME,2.0,,cohort_trip_threshold,14.67,derived,Driver-customer pair is an extreme weighted edge in the current analysis window.
90a327ef4799c2ea||e11f5b0c41329292,90a327ef4799c2ea,e11f5b0c41329292,KB-C_EXTREME_VOLUME,2.0,,cohort_trip_threshold,25.62,derived,Driver-customer pair is an extreme weighted edge in the current analysis window.
dd9402e53f9c96fa||3c12eef6c71215b1,dd9402e53f9c96fa,3c12eef6c71215b1,KB-C_EXTREME_VOLUME,5.0,,cohort_trip_threshold,23.14,derived,Driver-customer pair is an extreme weighted edge in the current analysis window.
13b41a139ff23a0d||5ec69745e716c3f0,13b41a139ff23a0d,5ec69745e716c3f0,KB-C_EXTREME_VOLUME,3.0,,cohort_trip_threshold,20.36,derived,Driver-customer pair is an extreme weighted edge in the current analysis window.
18a866c6a11dc8ca||f83dd8352547695f,18a866c6a11dc8ca,f83dd8352547695f,KB-C_EXTREME_VOLUME,2.0,,cohort_trip_threshold,15.58,derived,Driver-customer pair is an extreme weighted edge in the current analysis window.
847dbc209749e3b7||621a67e7ebfcec08,847dbc209749e3b7,621a67e7ebfcec08,KB-C_EXTREME_VOLUME,2.0,,cohort_trip_threshold,17.98,derived,Driver-customer pair is an extreme weighted edge in the current analysis window.
8c607f4a44b6f827||dcb99acb3360236c,8c607f4a44b6f827,dcb99acb3360236c,KB-C_EXTREME_VOLUME,3.0,,cohort_trip_threshold,14.55,derived,Driver-customer pair is an extreme weighted edge in the current analysis window.
0957bdcd4d701a29||5fff1a7a6b0757a9,0957bdcd4d701a29,5fff1a7a6b0757a9,KB-C_EXTREME_VOLUME,3.0,,cohort_trip_threshold,15.71,derived,Driver-customer pair is an extreme weighted edge in the current analysis window.
9cbf103ff07be6c9||2fc07ecfb8c9a8da,9cbf103ff07be6c9,2fc07ecfb8c9a8da,KB-C_EXTREME_VOLUME,3.0,,cohort_trip_threshold,18.16,derived,Driver-customer pair is an extreme weighted edge in the current analysis window.
34e1173431b3f90b||bc5a89cedb08e5dd,34e1173431b3f90b,bc5a89cedb08e5dd,KB-C_EXTREME_VOLUME,2.0,,cohort_trip_threshold,22.48,derived,Driver-customer pair is an extreme weighted edge in the current analysis window.
8633e9064f779d50||2cf59df8cad304ba,8633e9064f779d50,2cf59df8cad304ba,KB-C_EXTREME_VOLUME,2.0,,cohort_trip_threshold,21.12,derived,Driver-customer pair is an extreme weighted edge in the current analysis window.
8ce772004943b124||6ff0992785716a13,8ce772004943b124,6ff0992785716a13,KB-C_EXTREME_VOLUME,2.0,,cohort_trip_threshold,16.94,derived,Driver-customer pair is an extreme weighted edge in the current analysis window.
a44e9b42bcd359e2||6bf81fd87961cd8d,a44e9b42bcd359e2,6bf81fd87961cd8d,KB-C_EXTREME_VOLUME,2.0,,cohort_trip_threshold,30.91,derived,Driver-customer pair is an extreme weighted edge in the current analysis window.
73057ed3aa2f5739||f665b2c5d39d8cbd,73057ed3aa2f5739,f665b2c5d39d8cbd,KB-C_EXTREME_VOLUME,2.0,,cohort_trip_threshold,15.03,derived,Driver-customer pair is an extreme weighted edge in the current analysis window.
a9683d8a66925cbc||924e1767256e23c0,a9683d8a66925cbc,924e1767256e23c0,KB-C_EXTREME_VOLUME,10.0,,cohort_trip_threshold,22.71,derived,Driver-customer pair is an extreme weighted edge in the current analysis window.
203fa088a01b343d||6a515ca60c31195b,203fa088a01b343d,6a515ca60c31195b,KB-C_EXTREME_VOLUME,4.0,,cohort_trip_threshold,25.22,derived,Driver-customer pair is an extreme weighted edge in the current analysis window.
8d11e9af5363d508||89f38184ea0d0b07,8d11e9af5363d508,89f38184ea0d0b07,KB-C_EXTREME_VOLUME,3.0,,cohort_trip_threshold,22.32,derived,Driver-customer pair is an extreme weighted edge in the current analysis window.
e7c956f60de10965||f432f6e3c1838af9,e7c956f60de10965,f432f6e3c1838af9,KB-C_EXTREME_VOLUME,2.0,,cohort_trip_threshold,22.16,derived,Driver-customer pair is an extreme weighted edge in the current analysis window.
de851b172863d382||2552395f9948e4ad,de851b172863d382,2552395f9948e4ad,KB-C_EXTREME_VOLUME,4.0,,cohort_trip_threshold,22.68,derived,Driver-customer pair is an extreme weighted edge in the current analysis window.
b90f20ad285a8cd4||b28088e268dac576,b90f20ad285a8cd4,b28088e268dac576,KB-C_EXTREME_VOLUME,3.0,,cohort_trip_threshold,14.46,derived,Driver-customer pair is an extreme weighted edge in the current analysis window.
78dd5656ba206977||fa33e8dc306d4094,78dd5656ba206977,fa33e8dc306d4094,KB-C_EXTREME_VOLUME,3.0,,cohort_trip_threshold,21.08,derived,Driver-customer pair is an extreme weighted edge in the current analysis window.
b42d46f33670a5be||1b60c72aff8660a4,b42d46f33670a5be,1b60c72aff8660a4,KB-C_EXTREME_VOLUME,2.0,,cohort_trip_threshold,15.82,derived,Driver-customer pair is an extreme weighted edge in the current analysis window.
26975077d93af675||ae59c891fc7b3fa8,26975077d93af675,ae59c891fc7b3fa8,KB-C_EXTREME_VOLUME,2.0,,cohort_trip_threshold,16.46,derived,Driver-customer pair is an extreme weighted edge in the current analysis window.
81dc2a9d97eb21b3||52fd39451b1a0458,81dc2a9d97eb21b3,52fd39451b1a0458,KB-C_EXTREME_VOLUME,2.0,,cohort_trip_threshold,27.3,derived,Driver-customer pair is an extreme weighted edge in the current analysis window.
8b91cfdfe1888b33||7fcb0ac02c64edeb,8b91cfdfe1888b33,7fcb0ac02c64edeb,KB-C_EXTREME_VOLUME,2.0,,cohort_trip_threshold,18.91,derived,Driver-customer pair is an extreme weighted edge in the current analysis window.
46c23629f0a81677||608f240ce069ac58,46c23629f0a81677,608f240ce069ac58,KB-C_EXTREME_VOLUME,3.0,,cohort_trip_threshold,20.04,derived,Driver-customer pair is an extreme weighted edge in the current analysis window.
76b1853e1a33628a||ad5ca139bc6400d1,76b1853e1a33628a,ad5ca139bc6400d1,KB-C_EXTREME_VOLUME,3.0,,cohort_trip_threshold,15.39,derived,Driver-customer pair is an extreme weighted edge in the current analysis window.
dc51661339e5f1a5||1e9368c74bd03525,dc51661339e5f1a5,1e9368c74bd03525,KB-C_EXTREME_VOLUME,2.0,,cohort_trip_threshold,16.69,derived,Driver-customer pair is an extreme weighted edge in the current analysis window.
45f38c1d456d6a42||942d3505bb5fa68f,45f38c1d456d6a42,942d3505bb5fa68f,KB-C_EXTREME_VOLUME,2.0,,cohort_trip_threshold,19.04,derived,Driver-customer pair is an extreme weighted edge in the current analysis window.
3a0439785db54c1f||a6d04388ffca7646,3a0439785db54c1f,a6d04388ffca7646,KB-C_EXTREME_VOLUME,3.0,,cohort_trip_threshold,15.84,derived,Driver-customer pair is an extreme weighted edge in the current analysis window.
3a0439785db54c1f||c88fd0d450fe2fd3,3a0439785db54c1f,c88fd0d450fe2fd3,KB-C_EXTREME_VOLUME,3.0,,cohort_trip_threshold,21.46,derived,Driver-customer pair is an extreme weighted edge in the current analysis window.
8fc54b7d10996f90||c16d1221793c62f5,8fc54b7d10996f90,c16d1221793c62f5,KB-C_EXTREME_VOLUME,3.0,,cohort_trip_threshold,14.3,derived,Driver-customer pair is an extreme weighted edge in the current analysis window.
32c9a1a4919e34fc||c5d2411beaffb4da,32c9a1a4919e34fc,c5d2411beaffb4da,KB-C_EXTREME_VOLUME,3.0,,cohort_trip_threshold,16.51,derived,Driver-customer pair is an extreme weighted edge in the current analysis window.
db5929f5cf0de980||f953283d2fc6de7e,db5929f5cf0de980,f953283d2fc6de7e,KB-C_EXTREME_VOLUME,3.0,,cohort_trip_threshold,21.03,derived,Driver-customer pair is an extreme weighted edge in the current analysis window.
5be88d6f55e6d261||ca4162624a6709cf,5be88d6f55e6d261,ca4162624a6709cf,KB-C_EXTREME_VOLUME,2.0,,cohort_trip_threshold,36.02,derived,Driver-customer pair is an extreme weighted edge in the current analysis window.
731e25d65de9e09c||4301ee364a8b0b00,731e25d65de9e09c,4301ee364a8b0b00,KB-C_EXTREME_VOLUME,2.0,,cohort_trip_threshold,16.14,derived,Driver-customer pair is an extreme weighted edge in the current analysis window.
8feb665242258115||20129fa060177c18,8feb665242258115,20129fa060177c18,KB-C_EXTREME_VOLUME,2.0,,cohort_trip_threshold,14.74,derived,Driver-customer pair is an extreme weighted edge in the current analysis window.
93ca1128092777b0||151fcf30ac93c1b5,93ca1128092777b0,151fcf30ac93c1b5,KB-C_EXTREME_VOLUME,2.0,,cohort_trip_threshold,13.39,derived,Driver-customer pair is an extreme weighted edge in the current analysis window.
05441e4005f5c957||5f3224e30acd1a45,05441e4005f5c957,5f3224e30acd1a45,KB-C_EXTREME_VOLUME,3.0,,cohort_trip_threshold,21.65,derived,Driver-customer pair is an extreme weighted edge in the current analysis window.
49e5cdb20aa81f28||f51851338b6182f0,49e5cdb20aa81f28,f51851338b6182f0,KB-C_EXTREME_VOLUME,2.0,,cohort_trip_threshold,38.39,derived,Driver-customer pair is an extreme weighted edge in the current analysis window.
d659d955a2f255e6||41542d3611ffd557,d659d955a2f255e6,41542d3611ffd557,KB-C_EXTREME_VOLUME,2.0,,cohort_trip_threshold,24.32,derived,Driver-customer pair is an extreme weighted edge in the current analysis window.
d7afe9cad93ab15e||29161770ec68eb44,d7afe9cad93ab15e,29161770ec68eb44,KB-C_EXTREME_VOLUME,2.0,,cohort_trip_threshold,21.01,derived,Driver-customer pair is an extreme weighted edge in the current analysis window.
f420e009c215e56e||b258f73e9f52e480,f420e009c215e56e,b258f73e9f52e480,KB-C_EXTREME_VOLUME,2.0,,cohort_trip_threshold,15.44,derived,Driver-customer pair is an extreme weighted edge in the current analysis window.
de8a12e165057aa7||d4ea05a6ca2c61d1,de8a12e165057aa7,d4ea05a6ca2c61d1,KB-C_EXTREME_VOLUME,4.0,,cohort_trip_threshold,19.59,derived,Driver-customer pair is an extreme weighted edge in the current analysis window.
026afa23b5b567ea||8bbf4021607e738f,026afa23b5b567ea,8bbf4021607e738f,KB-C_EXTREME_VOLUME,2.0,,cohort_trip_threshold,15.76,derived,Driver-customer pair is an extreme weighted edge in the current analysis window.
214eb873adda0a31||649e9fe4b0c468f5,214eb873adda0a31,649e9fe4b0c468f5,KB-C_EXTREME_VOLUME,2.0,,cohort_trip_threshold,22.96,derived,Driver-customer pair is an extreme weighted edge in the current analysis window.
327352a614fbc513||46c202076c55cf2a,327352a614fbc513,46c202076c55cf2a,KB-C_EXTREME_VOLUME,2.0,,cohort_trip_threshold,17.65,derived,Driver-customer pair is an extreme weighted edge in the current analysis window.
36677e6671d2b17c||06fb161b68cbf5c8,36677e6671d2b17c,06fb161b68cbf5c8,KB-C_EXTREME_VOLUME,2.0,,cohort_trip_threshold,15.57,derived,Driver-customer pair is an extreme weighted edge in the current analysis window.
36677e6671d2b17c||888dcaaa6f07d355,36677e6671d2b17c,888dcaaa6f07d355,KB-C_EXTREME_VOLUME,2.0,,cohort_trip_threshold,23.62,derived,Driver-customer pair is an extreme weighted edge in the current analysis window.
74942d809b323d09||173b9c99505b1e06,74942d809b323d09,173b9c99505b1e06,KB-C_EXTREME_VOLUME,2.0,,cohort_trip_threshold,21.54,derived,Driver-customer pair is an extreme weighted edge in the current analysis window.
74942d809b323d09||8e83c6d7ee667591,74942d809b323d09,8e83c6d7ee667591,KB-C_EXTREME_VOLUME,2.0,,cohort_trip_threshold,22.38,derived,Driver-customer pair is an extreme weighted edge in the current analysis window.
aa703e14567b2118||9c62443e9b0d3da7,aa703e14567b2118,9c62443e9b0d3da7,KB-C_EXTREME_VOLUME,2.0,,cohort_trip_threshold,25.45,derived,Driver-customer pair is an extreme weighted edge in the current analysis window.
50851dea689b8537||1f9ae0d34ec0be43,50851dea689b8537,1f9ae0d34ec0be43,KB-C_EXTREME_VOLUME,2.0,,cohort_trip_threshold,18.68,derived,Driver-customer pair is an extreme weighted edge in the current analysis window.
1e257adbf85000d5||c02597dd34dcb7c7,1e257adbf85000d5,c02597dd34dcb7c7,KB-C_EXTREME_VOLUME,2.0,,cohort_trip_threshold,26.04,derived,Driver-customer pair is an extreme weighted edge in the current analysis window.
4f70fac92f244a24||f6ea38ed9188a23e,4f70fac92f244a24,f6ea38ed9188a23e,KB-C_EXTREME_VOLUME,2.0,,cohort_trip_threshold,20.42,derived,Driver-customer pair is an extreme weighted edge in the current analysis window.
11781eff5730fcdb||6a068d3595241198,11781eff5730fcdb,6a068d3595241198,KB-C_EXTREME_VOLUME,4.0,,cohort_trip_threshold,16.33,derived,Driver-customer pair is an extreme weighted edge in the current analysis window.
012d80b71bee700a||366f42820b01eaa0,012d80b71bee700a,366f42820b01eaa0,KB-C_EXTREME_VOLUME,3.0,,cohort_trip_threshold,22.44,derived,Driver-customer pair is an extreme weighted edge in the current analysis window.
c8a446f62334c5b8||b589b30cba99c751,c8a446f62334c5b8,b589b30cba99c751,KB-C_EXTREME_VOLUME,3.0,,cohort_trip_threshold,23.83,derived,Driver-customer pair is an extreme weighted edge in the current analysis window.
21f769c955a2b489||c15a603204faed80,21f769c955a2b489,c15a603204faed80,KB-C_EXTREME_VOLUME,2.0,,cohort_trip_threshold,21.76,derived,Driver-customer pair is an extreme weighted edge in the current analysis window.
4a46718dcd128254||b77dfc39fcaf9da3,4a46718dcd128254,b77dfc39fcaf9da3,KB-C_EXTREME_VOLUME,2.0,,cohort_trip_threshold,13.7,derived,Driver-customer pair is an extreme weighted edge in the current analysis window.
6e386f90d16be886||defba620bd464a2a,6e386f90d16be886,defba620bd464a2a,KB-C_EXTREME_VOLUME,2.0,,cohort_trip_threshold,15.74,derived,Driver-customer pair is an extreme weighted edge in the current analysis window.
da21ec4465fdc8e5||88f4951d8226fbe7,da21ec4465fdc8e5,88f4951d8226fbe7,KB-C_EXTREME_VOLUME,2.0,,cohort_trip_threshold,22.98,derived,Driver-customer pair is an extreme weighted edge in the current analysis window.
fa6a13e9e9ec363f||0615897f7f6c682e,fa6a13e9e9ec363f,0615897f7f6c682e,KB-C_EXTREME_VOLUME,2.0,,cohort_trip_threshold,19.61,derived,Driver-customer pair is an extreme weighted edge in the current analysis window.
0e10fdbe3b146e6c||f300bb9648ca9421,0e10fdbe3b146e6c,f300bb9648ca9421,KB-C_EXTREME_VOLUME,2.0,,cohort_trip_threshold,23.32,derived,Driver-customer pair is an extreme weighted edge in the current analysis window.
0931e64fcc91bb56||45af79b8869aed2c,0931e64fcc91bb56,45af79b8869aed2c,KB-C_EXTREME_VOLUME,2.0,,cohort_trip_threshold,17.5,derived,Driver-customer pair is an extreme weighted edge in the current analysis window.
6757a0225363a5ba||79daaea27fad5939,6757a0225363a5ba,79daaea27fad5939,KB-C_EXTREME_VOLUME,2.0,,cohort_trip_threshold,13.08,derived,Driver-customer pair is an extreme weighted edge in the current analysis window.
8b17443af90d51d6||19cf4e9b6707ff98,8b17443af90d51d6,19cf4e9b6707ff98,KB-C_EXTREME_VOLUME,2.0,,cohort_trip_threshold,19.16,derived,Driver-customer pair is an extreme weighted edge in the current analysis window.
ce0fe3ccc7568693||3e588ce55ad1de34,ce0fe3ccc7568693,3e588ce55ad1de34,KB-C_EXTREME_VOLUME,2.0,,cohort_trip_threshold,18.44,derived,Driver-customer pair is an extreme weighted edge in the current analysis window.
e0b805811513c41f||e19836a390565972,e0b805811513c41f,e19836a390565972,KB-C_EXTREME_VOLUME,2.0,,cohort_trip_threshold,14.99,derived,Driver-customer pair is an extreme weighted edge in the current analysis window.
9e6e4026069c090a||7a95bfcb52bc6bc9,9e6e4026069c090a,7a95bfcb52bc6bc9,KB-C_EXTREME_VOLUME,2.0,,cohort_trip_threshold,25.83,derived,Driver-customer pair is an extreme weighted edge in the current analysis window.
3c16ceb51a8e96ac||f0136270e5edb637,3c16ceb51a8e96ac,f0136270e5edb637,KB-C_EXTREME_VOLUME,2.0,,cohort_trip_threshold,23.74,derived,Driver-customer pair is an extreme weighted edge in the current analysis window.
7df44a2563f29036||e8d4fbe37de524b5,7df44a2563f29036,e8d4fbe37de524b5,KB-C_EXTREME_VOLUME,2.0,,cohort_trip_threshold,25.75,derived,Driver-customer pair is an extreme weighted edge in the current analysis window.
dc8ec9078f784073||e03f824d23904c80,dc8ec9078f784073,e03f824d23904c80,KB-C_EXTREME_VOLUME,2.0,,cohort_trip_threshold,14.37,derived,Driver-customer pair is an extreme weighted edge in the current analysis window.
2e129277f68712c7||711003387ac48a62,2e129277f68712c7,711003387ac48a62,KB-C_EXTREME_VOLUME,2.0,,cohort_trip_threshold,14.38,derived,Driver-customer pair is an extreme weighted edge in the current analysis window.
6421b919aeb73749||fd43015073dd784c,6421b919aeb73749,fd43015073dd784c,KB-C_EXTREME_VOLUME,2.0,,cohort_trip_threshold,13.8,derived,Driver-customer pair is an extreme weighted edge in the current analysis window.
98eb5bc06a65a3a3||5f471621c7b18dbf,98eb5bc06a65a3a3,5f471621c7b18dbf,KB-C_EXTREME_VOLUME,3.0,,cohort_trip_threshold,17.27,derived,Driver-customer pair is an extreme weighted edge in the current analysis window.
7e6eeda6e031c087||c5298eb294cf6dbc,7e6eeda6e031c087,c5298eb294cf6dbc,KB-C_EXTREME_VOLUME,3.0,,cohort_trip_threshold,23.35,derived,Driver-customer pair is an extreme weighted edge in the current analysis window.
073abe17b5a81b43||22499c7a4aab866f,073abe17b5a81b43,22499c7a4aab866f,KB-C_EXTREME_VOLUME,2.0,,cohort_trip_threshold,26.72,derived,Driver-customer pair is an extreme weighted edge in the current analysis window.
32aaba9ba3f4b7f1||a778b20cb5af9658,32aaba9ba3f4b7f1,a778b20cb5af9658,KB-C_EXTREME_VOLUME,2.0,,cohort_trip_threshold,13.63,derived,Driver-customer pair is an extreme weighted edge in the current analysis window.
7e38f9a30e8d3d5b||bdfac12ecb86e33f,7e38f9a30e8d3d5b,bdfac12ecb86e33f,KB-C_EXTREME_VOLUME,2.0,,cohort_trip_threshold,13.88,derived,Driver-customer pair is an extreme weighted edge in the current analysis window.
bb11259bbfd88de5||117a7ec5c878fae0,bb11259bbfd88de5,117a7ec5c878fae0,KB-C_EXTREME_VOLUME,2.0,,cohort_trip_threshold,18.75,derived,Driver-customer pair is an extreme weighted edge in the current analysis window.
544ed47d95319d3d||5aefe63886b11c94,544ed47d95319d3d,5aefe63886b11c94,KB-C_EXTREME_VOLUME,3.0,,cohort_trip_threshold,14.28,derived,Driver-customer pair is an extreme weighted edge in the current analysis window.
8cd60603585551e4||eb6ceb9cd4f01b25,8cd60603585551e4,eb6ceb9cd4f01b25,KB-C_EXTREME_VOLUME,3.0,,cohort_trip_threshold,18.99,derived,Driver-customer pair is an extreme weighted edge in the current analysis window.
2b7bfbd06be753dc||9f9d9233b233ffe2,2b7bfbd06be753dc,9f9d9233b233ffe2,KB-C_EXTREME_VOLUME,2.0,,cohort_trip_threshold,14.07,derived,Driver-customer pair is an extreme weighted edge in the current analysis window.
2dbbbeaef5ec7e54||3786730b3d40d4bc,2dbbbeaef5ec7e54,3786730b3d40d4bc,KB-C_EXTREME_VOLUME,2.0,,cohort_trip_threshold,14.28,derived,Driver-customer pair is an extreme weighted edge in the current analysis window.
4781ede6b3b815de||c997531fe8dac586,4781ede6b3b815de,c997531fe8dac586,KB-C_EXTREME_VOLUME,2.0,,cohort_trip_threshold,25.5,derived,Driver-customer pair is an extreme weighted edge in the current analysis window.
89ce1c2bb769300f||bfa542f7779e7a39,89ce1c2bb769300f,bfa542f7779e7a39,KB-C_EXTREME_VOLUME,2.0,,cohort_trip_threshold,15.43,derived,Driver-customer pair is an extreme weighted edge in the current analysis window.
b8e7f3c55a88de76||2deb219bc567f9eb,b8e7f3c55a88de76,2deb219bc567f9eb,KB-C_EXTREME_VOLUME,2.0,,cohort_trip_threshold,18.55,derived,Driver-customer pair is an extreme weighted edge in the current analysis window.
bb6f73e9c5fea741||e52454087e2ddc9e,bb6f73e9c5fea741,e52454087e2ddc9e,KB-C_EXTREME_VOLUME,2.0,,cohort_trip_threshold,22.01,derived,Driver-customer pair is an extreme weighted edge in the current analysis window.
122f604c5226b896||6c6e130308603e07,122f604c5226b896,6c6e130308603e07,KB-C_EXTREME_VOLUME,3.0,,cohort_trip_threshold,21.01,derived,Driver-customer pair is an extreme weighted edge in the current analysis window.
46d307ddc88f56a0||5c96cbebc7cba993,46d307ddc88f56a0,5c96cbebc7cba993,KB-C_EXTREME_VOLUME,2.0,,cohort_trip_threshold,25.44,derived,Driver-customer pair is an extreme weighted edge in the current analysis window.
e410ed256d2a1312||b300ea2cfd59c602,e410ed256d2a1312,b300ea2cfd59c602,KB-C_EXTREME_VOLUME,2.0,,cohort_trip_threshold,14.3,derived,Driver-customer pair is an extreme weighted edge in the current analysis window.
26513d77db3659ed||fd4ad9e5507d9595,26513d77db3659ed,fd4ad9e5507d9595,KB-C_EXTREME_VOLUME,2.0,,cohort_trip_threshold,14.59,derived,Driver-customer pair is an extreme weighted edge in the current analysis window.
7206aaaa78a3677e||f46b5bad8f80fdf4,7206aaaa78a3677e,f46b5bad8f80fdf4,KB-C_EXTREME_VOLUME,2.0,,cohort_trip_threshold,15.53,derived,Driver-customer pair is an extreme weighted edge in the current analysis window.
0040903149cbdd2a||e7cde005f865c91e,0040903149cbdd2a,e7cde005f865c91e,KB-C_EXTREME_VOLUME,2.0,,cohort_trip_threshold,13.48,derived,Driver-customer pair is an extreme weighted edge in the current analysis window.
397be4492afdbc45||095b58d90087c62e,397be4492afdbc45,095b58d90087c62e,KB-C_EXTREME_VOLUME,2.0,,cohort_trip_threshold,18.65,derived,Driver-customer pair is an extreme weighted edge in the current analysis window.
9683410d755365b9||60e5e23959b7bb60,9683410d755365b9,60e5e23959b7bb60,KB-C_EXTREME_VOLUME,2.0,,cohort_trip_threshold,20.71,derived,Driver-customer pair is an extreme weighted edge in the current analysis window.
a11786e5edc15a0f||79a2f73d20c4d815,a11786e5edc15a0f,79a2f73d20c4d815,KB-C_EXTREME_VOLUME,2.0,,cohort_trip_threshold,18.45,derived,Driver-customer pair is an extreme weighted edge in the current analysis window.
e386f8e62564449f||0648f76ad0c66a2c,e386f8e62564449f,0648f76ad0c66a2c,KB-C_EXTREME_VOLUME,2.0,,cohort_trip_threshold,14.28,derived,Driver-customer pair is an extreme weighted edge in the current analysis window.
666a3092872a7877||0d002050511777a7,666a3092872a7877,0d002050511777a7,KB-C_EXTREME_VOLUME,4.0,,cohort_trip_threshold,16.58,derived,Driver-customer pair is an extreme weighted edge in the current analysis window.
ce1268dca72a8396||0cfd1ca59068ab4a,ce1268dca72a8396,0cfd1ca59068ab4a,KB-C_EXTREME_VOLUME,4.0,,cohort_trip_threshold,26.0,derived,Driver-customer pair is an extreme weighted edge in the current analysis window.
31e1cea334a22965||0707efeed1069c7f,31e1cea334a22965,0707efeed1069c7f,KB-C_EXTREME_VOLUME,2.0,,cohort_trip_threshold,13.73,derived,Driver-customer pair is an extreme weighted edge in the current analysis window.
10e922a431fe7892||f0a1d913c382f289,10e922a431fe7892,f0a1d913c382f289,KB-C_EXTREME_VOLUME,4.0,,cohort_trip_threshold,16.58,derived,Driver-customer pair is an extreme weighted edge in the current analysis window.
faf45d5f79077422||f8f69ef9c6600943,faf45d5f79077422,f8f69ef9c6600943,KB-C_EXTREME_VOLUME,2.0,,cohort_trip_threshold,19.42,derived,Driver-customer pair is an extreme weighted edge in the current analysis window.
0b6204e1a3f8c214||bf9beb6865dc35b6,0b6204e1a3f8c214,bf9beb6865dc35b6,KB-C_EXTREME_VOLUME,2.0,,cohort_trip_threshold,13.61,derived,Driver-customer pair is an extreme weighted edge in the current analysis window.
0da942422b5089c5||3b43460464b1dca0,0da942422b5089c5,3b43460464b1dca0,KB-C_EXTREME_VOLUME,2.0,,cohort_trip_threshold,17.94,derived,Driver-customer pair is an extreme weighted edge in the current analysis window.
b0cfba61b2f9763c||95924c47e26a8bd7,b0cfba61b2f9763c,95924c47e26a8bd7,KB-C_EXTREME_VOLUME,2.0,,cohort_trip_threshold,19.39,derived,Driver-customer pair is an extreme weighted edge in the current analysis window.
93fd58e7710fb5c4||55ede04f9944bfeb,93fd58e7710fb5c4,55ede04f9944bfeb,KB-C_EXTREME_VOLUME,3.0,,cohort_trip_threshold,25.79,derived,Driver-customer pair is an extreme weighted edge in the current analysis window.
00e10daf4a370d16||73f049a76a54e2c1,00e10daf4a370d16,73f049a76a54e2c1,KB-C_EXTREME_VOLUME,2.0,,cohort_trip_threshold,13.74,derived,Driver-customer pair is an extreme weighted edge in the current analysis window.
7c4610bafa6a0f9c||eb545cec3d8fe9f4,7c4610bafa6a0f9c,eb545cec3d8fe9f4,KB-C_EXTREME_VOLUME,2.0,,cohort_trip_threshold,27.36,derived,Driver-customer pair is an extreme weighted edge in the current analysis window.
8072c28e73b97551||5ece8d0eaed7d2b7,8072c28e73b97551,5ece8d0eaed7d2b7,KB-C_EXTREME_VOLUME,2.0,,cohort_trip_threshold,14.69,derived,Driver-customer pair is an extreme weighted edge in the current analysis window.
91a395ba3525a53f||82972dde458fb950,91a395ba3525a53f,82972dde458fb950,KB-C_EXTREME_VOLUME,2.0,,cohort_trip_threshold,22.74,derived,Driver-customer pair is an extreme weighted edge in the current analysis window.
05b7fefb4a551a5b||05e1296821a0fcb7,05b7fefb4a551a5b,05e1296821a0fcb7,KB-C_EXTREME_VOLUME,2.0,,cohort_trip_threshold,13.86,derived,Driver-customer pair is an extreme weighted edge in the current analysis window.
971a854517a8d02f||b209aa55b7ca1918,971a854517a8d02f,b209aa55b7ca1918,KB-C_EXTREME_VOLUME,2.0,,cohort_trip_threshold,15.76,derived,Driver-customer pair is an extreme weighted edge in the current analysis window.
a6d529834b8321ab||ad3b434db110257e,a6d529834b8321ab,ad3b434db110257e,KB-C_EXTREME_VOLUME,2.0,,cohort_trip_threshold,23.92,derived,Driver-customer pair is an extreme weighted edge in the current analysis window.
92f702e5a686b9c4||bc3a67bb70146486,92f702e5a686b9c4,bc3a67bb70146486,KB-C_EXTREME_VOLUME,5.0,,cohort_trip_threshold,44.71,derived,Driver-customer pair is an extreme weighted edge in the current analysis window.
7415be4a5d7226a7||ede3edb52e9f8a74,7415be4a5d7226a7,ede3edb52e9f8a74,KB-C_EXTREME_VOLUME,2.0,,cohort_trip_threshold,14.1,derived,Driver-customer pair is an extreme weighted edge in the current analysis window.
7c178ad70fa306fc||36db140bf1231d7a,7c178ad70fa306fc,36db140bf1231d7a,KB-C_EXTREME_VOLUME,2.0,,cohort_trip_threshold,14.09,derived,Driver-customer pair is an extreme weighted edge in the current analysis window.
54feed68bc9d6fc2||f83dd8352547695f,54feed68bc9d6fc2,f83dd8352547695f,KB-C_EXTREME_VOLUME,2.0,,cohort_trip_threshold,15.31,derived,Driver-customer pair is an extreme weighted edge in the current analysis window.
2f5cb527465903f3||0600dc4de485bd8e,2f5cb527465903f3,0600dc4de485bd8e,KB-C_EXTREME_VOLUME,3.0,,cohort_trip_threshold,21.42,derived,Driver-customer pair is an extreme weighted edge in the current analysis window.
2f5cb527465903f3||e7623ca1c7f38df5,2f5cb527465903f3,e7623ca1c7f38df5,KB-C_EXTREME_VOLUME,3.0,,cohort_trip_threshold,20.76,derived,Driver-customer pair is an extreme weighted edge in the current analysis window.
362555e67f9c0d92||2905de92123127d6,362555e67f9c0d92,2905de92123127d6,KB-C_EXTREME_VOLUME,2.0,,cohort_trip_threshold,14.14,derived,Driver-customer pair is an extreme weighted edge in the current analysis window.
e32af60562175193||94dbfdca8e713b92,e32af60562175193,94dbfdca8e713b92,KB-C_EXTREME_VOLUME,2.0,,cohort_trip_threshold,13.74,derived,Driver-customer pair is an extreme weighted edge in the current analysis window.
f345f74d8ff45236||bf7dfef500d0b326,f345f74d8ff45236,bf7dfef500d0b326,KB-C_EXTREME_VOLUME,2.0,,cohort_trip_threshold,15.7,derived,Driver-customer pair is an extreme weighted edge in the current analysis window.
0f9779d23dcfcb70||7294957d3fdab5ed,0f9779d23dcfcb70,7294957d3fdab5ed,KB-C_EXTREME_VOLUME,2.0,,cohort_trip_threshold,29.63,derived,Driver-customer pair is an extreme weighted edge in the current analysis window.
0f9779d23dcfcb70||ccd0f5b20d938344,0f9779d23dcfcb70,ccd0f5b20d938344,KB-C_EXTREME_VOLUME,2.0,,cohort_trip_threshold,29.82,derived,Driver-customer pair is an extreme weighted edge in the current analysis window.
13e1bf1823b8adfa||240fd36b6b2ce797,13e1bf1823b8adfa,240fd36b6b2ce797,KB-C_EXTREME_VOLUME,3.0,,cohort_trip_threshold,20.84,derived,Driver-customer pair is an extreme weighted edge in the current analysis window.
b7a23e1f26dbc189||7623f72674e1773e,b7a23e1f26dbc189,7623f72674e1773e,KB-C_EXTREME_VOLUME,3.0,,cohort_trip_threshold,20.35,derived,Driver-customer pair is an extreme weighted edge in the current analysis window.
350a8919ec877510||41915f04439759cd,350a8919ec877510,41915f04439759cd,KB-C_EXTREME_VOLUME,2.0,,cohort_trip_threshold,18.72,derived,Driver-customer pair is an extreme weighted edge in the current analysis window.
92f953f3cde15517||7d2da8979260af6f,92f953f3cde15517,7d2da8979260af6f,KB-C_EXTREME_VOLUME,2.0,,cohort_trip_threshold,15.56,derived,Driver-customer pair is an extreme weighted edge in the current analysis window.
987330d56c77df72||1db9421347f78cba,987330d56c77df72,1db9421347f78cba,KB-C_EXTREME_VOLUME,2.0,,cohort_trip_threshold,18.28,derived,Driver-customer pair is an extreme weighted edge in the current analysis window.
f8fdd985c0fe23db||08958b08a2a9c6de,f8fdd985c0fe23db,08958b08a2a9c6de,KB-C_EXTREME_VOLUME,2.0,,cohort_trip_threshold,18.37,derived,Driver-customer pair is an extreme weighted edge in the current analysis window.
6f7e7665e1f1e34d||fffee78f229c8a24,6f7e7665e1f1e34d,fffee78f229c8a24,KB-C_EXTREME_VOLUME,2.0,,cohort_trip_threshold,20.83,derived,Driver-customer pair is an extreme weighted edge in the current analysis window.
755b24bafac9709f||3162c35d57d2fb5f,755b24bafac9709f,3162c35d57d2fb5f,KB-C_EXTREME_VOLUME,2.0,,cohort_trip_threshold,24.3,derived,Driver-customer pair is an extreme weighted edge in the current analysis window.
d9f063878132da63||e61b395bbd408272,d9f063878132da63,e61b395bbd408272,KB-C_EXTREME_VOLUME,2.0,,cohort_trip_threshold,25.84,derived,Driver-customer pair is an extreme weighted edge in the current analysis window.
de1b7321ee5b1e6a||58239779b8b3468a,de1b7321ee5b1e6a,58239779b8b3468a,KB-C_EXTREME_VOLUME,2.0,,cohort_trip_threshold,14.66,derived,Driver-customer pair is an extreme weighted edge in the current analysis window.
edd9db488156be5f||34918ea436c24834,edd9db488156be5f,34918ea436c24834,KB-C_EXTREME_VOLUME,2.0,,cohort_trip_threshold,24.98,derived,Driver-customer pair is an extreme weighted edge in the current analysis window.
3fb7c393ccf8e312||3cd4ca20dd8c3c8b,3fb7c393ccf8e312,3cd4ca20dd8c3c8b,KB-C_EXTREME_VOLUME,2.0,,cohort_trip_threshold,25.12,derived,Driver-customer pair is an extreme weighted edge in the current analysis window.
72ae658ac991f4e0||03aeb9143611d627,72ae658ac991f4e0,03aeb9143611d627,KB-C_EXTREME_VOLUME,3.0,,cohort_trip_threshold,21.78,derived,Driver-customer pair is an extreme weighted edge in the current analysis window.
11155396ca7e5e53||479a2ee652631fb5,11155396ca7e5e53,479a2ee652631fb5,KB-C_EXTREME_VOLUME,2.0,,cohort_trip_threshold,15.6,derived,Driver-customer pair is an extreme weighted edge in the current analysis window.
2cf84f191cb8bcac||bdfc4fe4b9b12ced,2cf84f191cb8bcac,bdfc4fe4b9b12ced,KB-C_EXTREME_VOLUME,2.0,,cohort_trip_threshold,19.34,derived,Driver-customer pair is an extreme weighted edge in the current analysis window.
453a56017fd603ca||92bd66773493d472,453a56017fd603ca,92bd66773493d472,KB-C_EXTREME_VOLUME,2.0,,cohort_trip_threshold,16.26,derived,Driver-customer pair is an extreme weighted edge in the current analysis window.
7340f09cc2515fed||c691f74fd44b7edd,7340f09cc2515fed,c691f74fd44b7edd,KB-C_EXTREME_VOLUME,2.0,,cohort_trip_threshold,20.63,derived,Driver-customer pair is an extreme weighted edge in the current analysis window.
c4b54161bafbb95f||9f8000d3cfce075a,c4b54161bafbb95f,9f8000d3cfce075a,KB-C_EXTREME_VOLUME,2.0,,cohort_trip_threshold,17.6,derived,Driver-customer pair is an extreme weighted edge in the current analysis window.
eca56d819643fa4d||ac50f0207bb34cc7,eca56d819643fa4d,ac50f0207bb34cc7,KB-C_EXTREME_VOLUME,2.0,,cohort_trip_threshold,15.05,derived,Driver-customer pair is an extreme weighted edge in the current analysis window.
660ee502445fb1e9||4c0cdb6d7e0144c6,660ee502445fb1e9,4c0cdb6d7e0144c6,KB-C_EXTREME_VOLUME,2.0,,cohort_trip_threshold,28.87,derived,Driver-customer pair is an extreme weighted edge in the current analysis window.
6758bc63dc18ace5||ccd9c33a6ec2bf8b,6758bc63dc18ace5,ccd9c33a6ec2bf8b,KB-C_EXTREME_VOLUME,2.0,,cohort_trip_threshold,17.1,derived,Driver-customer pair is an extreme weighted edge in the current analysis window.
708bdd01fefb25c8||8d2c5e56909c3a9b,708bdd01fefb25c8,8d2c5e56909c3a9b,KB-C_EXTREME_VOLUME,2.0,,cohort_trip_threshold,34.94,derived,Driver-customer pair is an extreme weighted edge in the current analysis window.
b2a3a08abb9fc68b||9c0f72c25bc52372,b2a3a08abb9fc68b,9c0f72c25bc52372,KB-C_EXTREME_VOLUME,2.0,,cohort_trip_threshold,20.43,derived,Driver-customer pair is an extreme weighted edge in the current analysis window.
e810686eb582b27f||b95755caeffef760,e810686eb582b27f,b95755caeffef760,KB-C_EXTREME_VOLUME,2.0,,cohort_trip_threshold,19.12,derived,Driver-customer pair is an extreme weighted edge in the current analysis window.
bd30de9b0512df5c||abac0990bc265763,bd30de9b0512df5c,abac0990bc265763,KB-C_EXTREME_VOLUME,3.0,,cohort_trip_threshold,20.1,derived,Driver-customer pair is an extreme weighted edge in the current analysis window.
1e79e3f00fe00cd3||1250e2d767fe92f4,1e79e3f00fe00cd3,1250e2d767fe92f4,KB-C_EXTREME_VOLUME,2.0,,cohort_trip_threshold,14.48,derived,Driver-customer pair is an extreme weighted edge in the current analysis window.
fd950ae9fbdd72f1||262cb0eeabf6e15a,fd950ae9fbdd72f1,262cb0eeabf6e15a,KB-C_EXTREME_VOLUME,2.0,,cohort_trip_threshold,15.74,derived,Driver-customer pair is an extreme weighted edge in the current analysis window.
8bf973feaa7220c5||4c749dd503184be9,8bf973feaa7220c5,4c749dd503184be9,KB-C_EXTREME_VOLUME,2.0,,cohort_trip_threshold,18.94,derived,Driver-customer pair is an extreme weighted edge in the current analysis window.
5e0e5d2520ae61bf||0a170749bbb1bdc8,5e0e5d2520ae61bf,0a170749bbb1bdc8,KB-C_EXTREME_VOLUME,2.0,,cohort_trip_threshold,15.52,derived,Driver-customer pair is an extreme weighted edge in the current analysis window.
5e0e5d2520ae61bf||1666d12ab469e7b5,5e0e5d2520ae61bf,1666d12ab469e7b5,KB-C_EXTREME_VOLUME,2.0,,cohort_trip_threshold,14.52,derived,Driver-customer pair is an extreme weighted edge in the current analysis window.
7028be3a80523162||80108382bfc20f09,7028be3a80523162,80108382bfc20f09,KB-C_EXTREME_VOLUME,2.0,,cohort_trip_threshold,13.99,derived,Driver-customer pair is an extreme weighted edge in the current analysis window.
79fb26d0ad2da977||2c5123bc469eca23,79fb26d0ad2da977,2c5123bc469eca23,KB-C_EXTREME_VOLUME,2.0,,cohort_trip_threshold,17.48,derived,Driver-customer pair is an extreme weighted edge in the current analysis window.
885638b2b04fc65c||84a0569d6c87d27c,885638b2b04fc65c,84a0569d6c87d27c,KB-C_EXTREME_VOLUME,2.0,,cohort_trip_threshold,18.99,derived,Driver-customer pair is an extreme weighted edge in the current analysis window.
2e6f27d6f08e0d18||9c7e9a5008be06e6,2e6f27d6f08e0d18,9c7e9a5008be06e6,KB-C_EXTREME_VOLUME,2.0,,cohort_trip_threshold,27.16,derived,Driver-customer pair is an extreme weighted edge in the current analysis window.
4daee42a60443457||006f37b9b4477e82,4daee42a60443457,006f37b9b4477e82,KB-C_EXTREME_VOLUME,2.0,,cohort_trip_threshold,15.15,derived,Driver-customer pair is an extreme weighted edge in the current analysis window.
6afb3b95bf7a784a||67864cd286527d5b,6afb3b95bf7a784a,67864cd286527d5b,KB-C_EXTREME_VOLUME,2.0,,cohort_trip_threshold,17.28,derived,Driver-customer pair is an extreme weighted edge in the current analysis window.
be881e48de22afc7||e6bab9cd9fc0ed54,be881e48de22afc7,e6bab9cd9fc0ed54,KB-C_EXTREME_VOLUME,2.0,,cohort_trip_threshold,13.57,derived,Driver-customer pair is an extreme weighted edge in the current analysis window.
ce62243c45d522e7||abd7b30ca5686048,ce62243c45d522e7,abd7b30ca5686048,KB-C_EXTREME_VOLUME,2.0,,cohort_trip_threshold,14.13,derived,Driver-customer pair is an extreme weighted edge in the current analysis window.
289710069f85d42f||0b52825e936ca06d,289710069f85d42f,0b52825e936ca06d,KB-C_EXTREME_VOLUME,2.0,,cohort_trip_threshold,17.46,derived,Driver-customer pair is an extreme weighted edge in the current analysis window.
41a74016af4f3c0c||7623f72674e1773e,41a74016af4f3c0c,7623f72674e1773e,KB-C_EXTREME_VOLUME,2.0,,cohort_trip_threshold,20.34,derived,Driver-customer pair is an extreme weighted edge in the current analysis window.
6293a1f967141668||84f6b6aff503521e,6293a1f967141668,84f6b6aff503521e,KB-C_EXTREME_VOLUME,2.0,,cohort_trip_threshold,21.49,derived,Driver-customer pair is an extreme weighted edge in the current analysis window.
99dd383c544364b2||deecb76635a1ca68,99dd383c544364b2,deecb76635a1ca68,KB-C_EXTREME_VOLUME,2.0,,cohort_trip_threshold,15.02,derived,Driver-customer pair is an extreme weighted edge in the current analysis window.
afea97b68ffbc2a8||c4f535cd0ea407db,afea97b68ffbc2a8,c4f535cd0ea407db,KB-C_EXTREME_VOLUME,2.0,,cohort_trip_threshold,18.76,derived,Driver-customer pair is an extreme weighted edge in the current analysis window.
ff7d0dabfc0b559e||6819365a5fb9bf4d,ff7d0dabfc0b559e,6819365a5fb9bf4d,KB-C_EXTREME_VOLUME,2.0,,cohort_trip_threshold,32.17,derived,Driver-customer pair is an extreme weighted edge in the current analysis window.
7b16a0c0b41dbebc||e1d6e23bbc93c79f,7b16a0c0b41dbebc,e1d6e23bbc93c79f,KB-C_EXTREME_VOLUME,2.0,,cohort_trip_threshold,33.27,derived,Driver-customer pair is an extreme weighted edge in the current analysis window.
7ed7f8f20bdcd112||059ad5f9683af33e,7ed7f8f20bdcd112,059ad5f9683af33e,KB-C_EXTREME_VOLUME,2.0,,cohort_trip_threshold,14.0,derived,Driver-customer pair is an extreme weighted edge in the current analysis window.
a2fde6bdd7e34511||b761b4efbd234dba,a2fde6bdd7e34511,b761b4efbd234dba,KB-C_EXTREME_VOLUME,2.0,,cohort_trip_threshold,25.43,derived,Driver-customer pair is an extreme weighted edge in the current analysis window.
ce2ca38c9e86668a||76a76ce424a7a6bf,ce2ca38c9e86668a,76a76ce424a7a6bf,KB-C_EXTREME_VOLUME,2.0,,cohort_trip_threshold,25.44,derived,Driver-customer pair is an extreme weighted edge in the current analysis window.
02d7ac9f19355600||ccd9c33a6ec2bf8b,02d7ac9f19355600,ccd9c33a6ec2bf8b,KB-C_EXTREME_VOLUME,2.0,,cohort_trip_threshold,17.22,derived,Driver-customer pair is an extreme weighted edge in the current analysis window.
24f92d29efb456c0||5a9a46fb9bcb3c4e,24f92d29efb456c0,5a9a46fb9bcb3c4e,KB-C_EXTREME_VOLUME,2.0,,cohort_trip_threshold,25.37,derived,Driver-customer pair is an extreme weighted edge in the current analysis window.
e2a559efc1c490ac||abac0990bc265763,e2a559efc1c490ac,abac0990bc265763,KB-C_EXTREME_VOLUME,3.0,,cohort_trip_threshold,18.34,derived,Driver-customer pair is an extreme weighted edge in the current analysis window.
214aa9ef2ec25772||584a8f5c77a37f8c,214aa9ef2ec25772,584a8f5c77a37f8c,KB-C_EXTREME_VOLUME,2.0,,cohort_trip_threshold,18.24,derived,Driver-customer pair is an extreme weighted edge in the current analysis window.
43cdfe9da5e156ca||f3153cbe8ad15155,43cdfe9da5e156ca,f3153cbe8ad15155,KB-C_EXTREME_VOLUME,2.0,,cohort_trip_threshold,15.48,derived,Driver-customer pair is an extreme weighted edge in the current analysis window.
b8f02f4bcf7693b0||6413bf92a6872d94,b8f02f4bcf7693b0,6413bf92a6872d94,KB-C_EXTREME_VOLUME,2.0,,cohort_trip_threshold,15.02,derived,Driver-customer pair is an extreme weighted edge in the current analysis window.
cf4d7ba24a0ed2af||3fe28b9688135ca8,cf4d7ba24a0ed2af,3fe28b9688135ca8,KB-C_EXTREME_VOLUME,2.0,,cohort_trip_threshold,17.72,derived,Driver-customer pair is an extreme weighted edge in the current analysis window.
d5df1498da95abac||9474990eadbaf82f,d5df1498da95abac,9474990eadbaf82f,KB-C_EXTREME_VOLUME,2.0,,cohort_trip_threshold,13.88,derived,Driver-customer pair is an extreme weighted edge in the current analysis window.
14cf4b46c7378fb6||6024c954f7b09aba,14cf4b46c7378fb6,6024c954f7b09aba,KB-C_EXTREME_VOLUME,2.0,,cohort_trip_threshold,25.63,derived,Driver-customer pair is an extreme weighted edge in the current analysis window.
f8134234d5243c2a||8a8d7e04b173c19a,f8134234d5243c2a,8a8d7e04b173c19a,KB-C_EXTREME_VOLUME,2.0,,cohort_trip_threshold,16.11,derived,Driver-customer pair is an extreme weighted edge in the current analysis window.
3d72218b954253d8||389c42e98173e058,3d72218b954253d8,389c42e98173e058,KB-C_EXTREME_VOLUME,2.0,,cohort_trip_threshold,14.78,derived,Driver-customer pair is an extreme weighted edge in the current analysis window.
d3a49bd9ecc6eb54||80c1fdd4104642be,d3a49bd9ecc6eb54,80c1fdd4104642be,KB-C_EXTREME_VOLUME,2.0,,cohort_trip_threshold,16.2,derived,Driver-customer pair is an extreme weighted edge in the current analysis window.
093d9e3c915cac13||1aea4c096aa5712d,093d9e3c915cac13,1aea4c096aa5712d,KB-C_EXTREME_VOLUME,2.0,,cohort_trip_threshold,24.3,derived,Driver-customer pair is an extreme weighted edge in the current analysis window.
0d70e2dcb7611a6c||009b1280a3080c65,0d70e2dcb7611a6c,009b1280a3080c65,KB-C_EXTREME_VOLUME,2.0,,cohort_trip_threshold,18.25,derived,Driver-customer pair is an extreme weighted edge in the current analysis window.
14efbbee1ecde26e||4ab524e28de9d3f7,14efbbee1ecde26e,4ab524e28de9d3f7,KB-C_EXTREME_VOLUME,2.0,,cohort_trip_threshold,13.3,derived,Driver-customer pair is an extreme weighted edge in the current analysis window.
1b73f72f3092cfcf||a92d2fa1f4c1830a,1b73f72f3092cfcf,a92d2fa1f4c1830a,KB-C_EXTREME_VOLUME,2.0,,cohort_trip_threshold,19.02,derived,Driver-customer pair is an extreme weighted edge in the current analysis window.
da0bcd3134128c70||6fa6e6d1f532fb1d,da0bcd3134128c70,6fa6e6d1f532fb1d,KB-C_EXTREME_VOLUME,2.0,,cohort_trip_threshold,25.13,derived,Driver-customer pair is an extreme weighted edge in the current analysis window.
e80170254e78781a||5ece8d0eaed7d2b7,e80170254e78781a,5ece8d0eaed7d2b7,KB-C_EXTREME_VOLUME,2.0,,cohort_trip_threshold,15.49,derived,Driver-customer pair is an extreme weighted edge in the current analysis window.
f3295fb2e19ffca4||47588634ed372c7b,f3295fb2e19ffca4,47588634ed372c7b,KB-C_EXTREME_VOLUME,2.0,,cohort_trip_threshold,14.04,derived,Driver-customer pair is an extreme weighted edge in the current analysis window.
3d6b2c93f77303f7||29a0a84e7e505f74,3d6b2c93f77303f7,29a0a84e7e505f74,KB-C_EXTREME_VOLUME,2.0,,cohort_trip_threshold,14.66,derived,Driver-customer pair is an extreme weighted edge in the current analysis window.
3d6b2c93f77303f7||2d34a14c94abe61f,3d6b2c93f77303f7,2d34a14c94abe61f,KB-C_EXTREME_VOLUME,2.0,,cohort_trip_threshold,21.28,derived,Driver-customer pair is an extreme weighted edge in the current analysis window.
3d6b2c93f77303f7||c8a06cc612e3404d,3d6b2c93f77303f7,c8a06cc612e3404d,KB-C_EXTREME_VOLUME,2.0,,cohort_trip_threshold,14.71,derived,Driver-customer pair is an extreme weighted edge in the current analysis window.
3d6b2c93f77303f7||d42e77d683e65d98,3d6b2c93f77303f7,d42e77d683e65d98,KB-C_EXTREME_VOLUME,2.0,,cohort_trip_threshold,15.08,derived,Driver-customer pair is an extreme weighted edge in the current analysis window.
3d6b2c93f77303f7||d6eb0db5555b91d9,3d6b2c93f77303f7,d6eb0db5555b91d9,KB-C_EXTREME_VOLUME,2.0,,cohort_trip_threshold,22.33,derived,Driver-customer pair is an extreme weighted edge in the current analysis window.
3d6b2c93f77303f7||e37446e4c685452a,3d6b2c93f77303f7,e37446e4c685452a,KB-C_EXTREME_VOLUME,2.0,,cohort_trip_threshold,21.41,derived,Driver-customer pair is an extreme weighted edge in the current analysis window.
3d6b2c93f77303f7||fbfb59a3e7f16c94,3d6b2c93f77303f7,fbfb59a3e7f16c94,KB-C_EXTREME_VOLUME,2.0,,cohort_trip_threshold,14.23,derived,Driver-customer pair is an extreme weighted edge in the current analysis window.
5d5610ac177a7743||33ac4dd715310f2a,5d5610ac177a7743,33ac4dd715310f2a,KB-C_EXTREME_VOLUME,2.0,,cohort_trip_threshold,22.42,derived,Driver-customer pair is an extreme weighted edge in the current analysis window.
a51ffa65e21910e9||65ad3345f9b7aa51,a51ffa65e21910e9,65ad3345f9b7aa51,KB-C_EXTREME_VOLUME,2.0,,cohort_trip_threshold,24.4,derived,Driver-customer pair is an extreme weighted edge in the current analysis window.
eaff972a431470af||f0c0e4bcc89c07fc,eaff972a431470af,f0c0e4bcc89c07fc,KB-C_EXTREME_VOLUME,2.0,,cohort_trip_threshold,18.3,derived,Driver-customer pair is an extreme weighted edge in the current analysis window.
842026654cfb3f0a||a308a0875caf0bc2,842026654cfb3f0a,a308a0875caf0bc2,KB-C_EXTREME_VOLUME,2.0,,cohort_trip_threshold,18.12,derived,Driver-customer pair is an extreme weighted edge in the current analysis window.
e3fd7b4dff98adf7||600956fced10a8b9,e3fd7b4dff98adf7,600956fced10a8b9,KB-C_EXTREME_VOLUME,2.0,,cohort_trip_threshold,20.59,derived,Driver-customer pair is an extreme weighted edge in the current analysis window.
febc63865f4ca751||2c42d5ea868eeb8c,febc63865f4ca751,2c42d5ea868eeb8c,KB-C_EXTREME_VOLUME,2.0,,cohort_trip_threshold,16.07,derived,Driver-customer pair is an extreme weighted edge in the current analysis window.
3a159af2f707cfc7||e3f53178e33e89d8,3a159af2f707cfc7,e3f53178e33e89d8,KB-C_EXTREME_VOLUME,2.0,,cohort_trip_threshold,21.9,derived,Driver-customer pair is an extreme weighted edge in the current analysis window.
67842d1b70d1817c||1e789fdf82ca1a3a,67842d1b70d1817c,1e789fdf82ca1a3a,KB-C_EXTREME_VOLUME,2.0,,cohort_trip_threshold,26.86,derived,Driver-customer pair is an extreme weighted edge in the current analysis window.
a7e805719e0bf66f||36bcc144cf12b1f5,a7e805719e0bf66f,36bcc144cf12b1f5,KB-C_EXTREME_VOLUME,2.0,,cohort_trip_threshold,14.64,derived,Driver-customer pair is an extreme weighted edge in the current analysis window.
049edac416fe46c7||a4fb857f6039b795,049edac416fe46c7,a4fb857f6039b795,KB-C_EXTREME_VOLUME,2.0,,cohort_trip_threshold,13.54,derived,Driver-customer pair is an extreme weighted edge in the current analysis window.
0870b7b94f8115d6||368de9d75a29737a,0870b7b94f8115d6,368de9d75a29737a,KB-C_EXTREME_VOLUME,2.0,,cohort_trip_threshold,15.17,derived,Driver-customer pair is an extreme weighted edge in the current analysis window.
119975a7d73f5204||0b34096c7fb53b34,119975a7d73f5204,0b34096c7fb53b34,KB-C_EXTREME_VOLUME,2.0,,cohort_trip_threshold,18.19,derived,Driver-customer pair is an extreme weighted edge in the current analysis window.
756032a773b1b7de||eddd7fb9a1a2b814,756032a773b1b7de,eddd7fb9a1a2b814,KB-C_EXTREME_VOLUME,2.0,,cohort_trip_threshold,22.7,derived,Driver-customer pair is an extreme weighted edge in the current analysis window.
3f9065597c9a9a17||65caea214435aff9,3f9065597c9a9a17,65caea214435aff9,KB-C_EXTREME_VOLUME,2.0,,cohort_trip_threshold,17.14,derived,Driver-customer pair is an extreme weighted edge in the current analysis window.
92f3597dd5fd1990||172a6596704332fa,92f3597dd5fd1990,172a6596704332fa,KB-C_EXTREME_VOLUME,2.0,,cohort_trip_threshold,14.08,derived,Driver-customer pair is an extreme weighted edge in the current analysis window.
aaff9131f115440d||0730b9bbab090c2d,aaff9131f115440d,0730b9bbab090c2d,KB-C_EXTREME_VOLUME,2.0,,cohort_trip_threshold,21.17,derived,Driver-customer pair is an extreme weighted edge in the current analysis window.
31eef681f9bf11b2||755786cb293a842d,31eef681f9bf11b2,755786cb293a842d,KB-C_EXTREME_VOLUME,2.0,,cohort_trip_threshold,17.0,derived,Driver-customer pair is an extreme weighted edge in the current analysis window.
3dad37ffb4da2bb4||727f8aff3c702e3e,3dad37ffb4da2bb4,727f8aff3c702e3e,KB-C_EXTREME_VOLUME,2.0,,cohort_trip_threshold,25.33,derived,Driver-customer pair is an extreme weighted edge in the current analysis window.
a9ff50f7ec175ef7||bcd5fc70f29fffbb,a9ff50f7ec175ef7,bcd5fc70f29fffbb,KB-C_EXTREME_VOLUME,2.0,,cohort_trip_threshold,17.48,derived,Driver-customer pair is an extreme weighted edge in the current analysis window.
c1fef734b0516b5a||9f8000d3cfce075a,c1fef734b0516b5a,9f8000d3cfce075a,KB-C_EXTREME_VOLUME,2.0,,cohort_trip_threshold,18.43,derived,Driver-customer pair is an extreme weighted edge in the current analysis window.
0d5a5ca6e7eea103||1272dfd935c7b4f6,0d5a5ca6e7eea103,1272dfd935c7b4f6,KB-C_EXTREME_VOLUME,2.0,,cohort_trip_threshold,15.46,derived,Driver-customer pair is an extreme weighted edge in the current analysis window.
3d41815f04f150a5||5b05f2a3b55705d7,3d41815f04f150a5,5b05f2a3b55705d7,KB-C_EXTREME_VOLUME,2.0,,cohort_trip_threshold,37.9,derived,Driver-customer pair is an extreme weighted edge in the current analysis window.
3d41815f04f150a5||cf5a8a1ccb0f4112,3d41815f04f150a5,cf5a8a1ccb0f4112,KB-C_EXTREME_VOLUME,2.0,,cohort_trip_threshold,14.11,derived,Driver-customer pair is an extreme weighted edge in the current analysis window.
482fa8b61a6db2bd||8ca22ae8f9a3113c,482fa8b61a6db2bd,8ca22ae8f9a3113c,KB-C_EXTREME_VOLUME,2.0,,cohort_trip_threshold,24.39,derived,Driver-customer pair is an extreme weighted edge in the current analysis window.
736be1eaa9a340fe||18e5042694957947,736be1eaa9a340fe,18e5042694957947,KB-C_EXTREME_VOLUME,2.0,,cohort_trip_threshold,22.69,derived,Driver-customer pair is an extreme weighted edge in the current analysis window.
bb5bdc8e46b00771||652cd723af1b39b3,bb5bdc8e46b00771,652cd723af1b39b3,KB-C_EXTREME_VOLUME,2.0,,cohort_trip_threshold,20.57,derived,Driver-customer pair is an extreme weighted edge in the current analysis window.
d2d3d4104be2d919||97ff6d4ef7850231,d2d3d4104be2d919,97ff6d4ef7850231,KB-C_EXTREME_VOLUME,2.0,,cohort_trip_threshold,21.46,derived,Driver-customer pair is an extreme weighted edge in the current analysis window.
3e6876605911d950||2a4e7504bcb72066,3e6876605911d950,2a4e7504bcb72066,KB-C_EXTREME_VOLUME,2.0,,cohort_trip_threshold,14.24,derived,Driver-customer pair is an extreme weighted edge in the current analysis window.
3e6876605911d950||dc7990f5891470da,3e6876605911d950,dc7990f5891470da,KB-C_EXTREME_VOLUME,2.0,,cohort_trip_threshold,21.46,derived,Driver-customer pair is an extreme weighted edge in the current analysis window.
5241fa78c15d2bb5||a87e151915e07c3b,5241fa78c15d2bb5,a87e151915e07c3b,KB-C_EXTREME_VOLUME,2.0,,cohort_trip_threshold,19.57,derived,Driver-customer pair is an extreme weighted edge in the current analysis window.
9eadda4fcb6db96b||6efe2c309a2640e7,9eadda4fcb6db96b,6efe2c309a2640e7,KB-C_EXTREME_VOLUME,2.0,,cohort_trip_threshold,14.9,derived,Driver-customer pair is an extreme weighted edge in the current analysis window.
5b5d9f383f132c73||281c3f98b5acdcfc,5b5d9f383f132c73,281c3f98b5acdcfc,KB-C_EXTREME_VOLUME,2.0,,cohort_trip_threshold,21.86,derived,Driver-customer pair is an extreme weighted edge in the current analysis window.
830e0db1e230ff0e||c48dfc81f12730b5,830e0db1e230ff0e,c48dfc81f12730b5,KB-C_EXTREME_VOLUME,2.0,,cohort_trip_threshold,24.92,derived,Driver-customer pair is an extreme weighted edge in the current analysis window.
92076247a2c28b69||5442294131a35e72,92076247a2c28b69,5442294131a35e72,KB-C_EXTREME_VOLUME,2.0,,cohort_trip_threshold,17.68,derived,Driver-customer pair is an extreme weighted edge in the current analysis window.
92076247a2c28b69||7110895591d5a044,92076247a2c28b69,7110895591d5a044,KB-C_EXTREME_VOLUME,2.0,,cohort_trip_threshold,14.7,derived,Driver-customer pair is an extreme weighted edge in the current analysis window.
92076247a2c28b69||a664fe157fb3268a,92076247a2c28b69,a664fe157fb3268a,KB-C_EXTREME_VOLUME,2.0,,cohort_trip_threshold,21.82,derived,Driver-customer pair is an extreme weighted edge in the current analysis window.
b670388c15037225||11daf3df82b26df7,b670388c15037225,11daf3df82b26df7,KB-C_EXTREME_VOLUME,2.0,,cohort_trip_threshold,14.79,derived,Driver-customer pair is an extreme weighted edge in the current analysis window.
b670388c15037225||eb98c8d284252a72,b670388c15037225,eb98c8d284252a72,KB-C_EXTREME_VOLUME,2.0,,cohort_trip_threshold,16.61,derived,Driver-customer pair is an extreme weighted edge in the current analysis window.
db172c7496cdbb51||600956fced10a8b9,db172c7496cdbb51,600956fced10a8b9,KB-C_EXTREME_VOLUME,2.0,,cohort_trip_threshold,36.66,derived,Driver-customer pair is an extreme weighted edge in the current analysis window.
78b1cc6765616c00||757231e9c03bb011,78b1cc6765616c00,757231e9c03bb011,KB-C_EXTREME_VOLUME,2.0,,cohort_trip_threshold,14.56,derived,Driver-customer pair is an extreme weighted edge in the current analysis window.
d9355563d8e4190d||1f7c2d876a5d024a,d9355563d8e4190d,1f7c2d876a5d024a,KB-C_EXTREME_VOLUME,2.0,,cohort_trip_threshold,16.68,derived,Driver-customer pair is an extreme weighted edge in the current analysis window.
4b432310a28a9d7e||479d4631e9a3f48a,4b432310a28a9d7e,479d4631e9a3f48a,KB-C_EXTREME_VOLUME,2.0,,cohort_trip_threshold,15.64,derived,Driver-customer pair is an extreme weighted edge in the current analysis window.
9671612f72cb8c2b||c4c9c11eb6fee4ca,9671612f72cb8c2b,c4c9c11eb6fee4ca,KB-C_EXTREME_VOLUME,2.0,,cohort_trip_threshold,22.64,derived,Driver-customer pair is an extreme weighted edge in the current analysis window.
dae03eea2d7eec35||272965f9e63d9def,dae03eea2d7eec35,272965f9e63d9def,KB-C_EXTREME_VOLUME,2.0,,cohort_trip_threshold,15.11,derived,Driver-customer pair is an extreme weighted edge in the current analysis window.
2b420d164fd9cc8b||71e443c317775daa,2b420d164fd9cc8b,71e443c317775daa,KB-C_EXTREME_VOLUME,2.0,,cohort_trip_threshold,32.93,derived,Driver-customer pair is an extreme weighted edge in the current analysis window.
55aa5f79486e88dd||9c892f50ce176e12,55aa5f79486e88dd,9c892f50ce176e12,KB-C_EXTREME_VOLUME,2.0,,cohort_trip_threshold,18.26,derived,Driver-customer pair is an extreme weighted edge in the current analysis window.
18737f21722a056b||74def29f19c5f035,18737f21722a056b,74def29f19c5f035,KB-C_EXTREME_VOLUME,2.0,,cohort_trip_threshold,14.23,derived,Driver-customer pair is an extreme weighted edge in the current analysis window.
8bdf8960a535dadf||02635f7079724824,8bdf8960a535dadf,02635f7079724824,KB-C_EXTREME_VOLUME,2.0,,cohort_trip_threshold,20.64,derived,Driver-customer pair is an extreme weighted edge in the current analysis window.
ddb756a3c3de37c0||bb90700a3d5e62d3,ddb756a3c3de37c0,bb90700a3d5e62d3,KB-C_EXTREME_VOLUME,2.0,,cohort_trip_threshold,17.88,derived,Driver-customer pair is an extreme weighted edge in the current analysis window.
e788eb347458612e||8ff7df6364ebef8e,e788eb347458612e,8ff7df6364ebef8e,KB-C_EXTREME_VOLUME,2.0,,cohort_trip_threshold,23.06,derived,Driver-customer pair is an extreme weighted edge in the current analysis window.
1732d89fe712dabf||c999b663404d2d8d,1732d89fe712dabf,c999b663404d2d8d,KB-C_EXTREME_VOLUME,2.0,,cohort_trip_threshold,15.87,derived,Driver-customer pair is an extreme weighted edge in the current analysis window.
1732d89fe712dabf||e853245e4c9637fc,1732d89fe712dabf,e853245e4c9637fc,KB-C_EXTREME_VOLUME,2.0,,cohort_trip_threshold,16.47,derived,Driver-customer pair is an extreme weighted edge in the current analysis window.
3a94377f21825abd||600956fced10a8b9,3a94377f21825abd,600956fced10a8b9,KB-C_EXTREME_VOLUME,2.0,,cohort_trip_threshold,20.42,derived,Driver-customer pair is an extreme weighted edge in the current analysis window.
8cc9de4edfb92af9||093c43dbb4e024e0,8cc9de4edfb92af9,093c43dbb4e024e0,KB-C_EXTREME_VOLUME,2.0,,cohort_trip_threshold,13.01,derived,Driver-customer pair is an extreme weighted edge in the current analysis window.
e0b5923fb7bee117||2d40ce27c8b59f2a,e0b5923fb7bee117,2d40ce27c8b59f2a,KB-C_EXTREME_VOLUME,2.0,,cohort_trip_threshold,18.92,derived,Driver-customer pair is an extreme weighted edge in the current analysis window.
200d6d0d369171c2||8f01beca907faacd,200d6d0d369171c2,8f01beca907faacd,KB-C_EXTREME_VOLUME,2.0,,cohort_trip_threshold,20.78,derived,Driver-customer pair is an extreme weighted edge in the current analysis window.
29f440399a879639||98a5846dab73650d,29f440399a879639,98a5846dab73650d,KB-C_EXTREME_VOLUME,2.0,,cohort_trip_threshold,23.33,derived,Driver-customer pair is an extreme weighted edge in the current analysis window.
45ad06774f6cab9a||370d8fe88636d62b,45ad06774f6cab9a,370d8fe88636d62b,KB-C_EXTREME_VOLUME,2.0,,cohort_trip_threshold,25.19,derived,Driver-customer pair is an extreme weighted edge in the current analysis window.
45ad06774f6cab9a||a3d1ac0414321800,45ad06774f6cab9a,a3d1ac0414321800,KB-C_EXTREME_VOLUME,2.0,,cohort_trip_threshold,25.28,derived,Driver-customer pair is an extreme weighted edge in the current analysis window.
52f47cc9ba6513c0||1d44f478842dd858,52f47cc9ba6513c0,1d44f478842dd858,KB-C_EXTREME_VOLUME,2.0,,cohort_trip_threshold,18.2,derived,Driver-customer pair is an extreme weighted edge in the current analysis window.
a7455ab43fa04b9e||93a2134a311a4d70,a7455ab43fa04b9e,93a2134a311a4d70,KB-C_EXTREME_VOLUME,2.0,,cohort_trip_threshold,13.81,derived,Driver-customer pair is an extreme weighted edge in the current analysis window.
a7455ab43fa04b9e||b9abbdcdae758822,a7455ab43fa04b9e,b9abbdcdae758822,KB-C_EXTREME_VOLUME,2.0,,cohort_trip_threshold,21.11,derived,Driver-customer pair is an extreme weighted edge in the current analysis window.
cf59cbcce6ef058e||e21e80452a858778,cf59cbcce6ef058e,e21e80452a858778,KB-C_EXTREME_VOLUME,2.0,,cohort_trip_threshold,20.9,derived,Driver-customer pair is an extreme weighted edge in the current analysis window.
d5cc16cd490fbae0||8d31da063ee77978,d5cc16cd490fbae0,8d31da063ee77978,KB-C_EXTREME_VOLUME,2.0,,cohort_trip_threshold,15.26,derived,Driver-customer pair is an extreme weighted edge in the current analysis window.
f2d594c557daa3ef||9f9d9233b233ffe2,f2d594c557daa3ef,9f9d9233b233ffe2,KB-C_EXTREME_VOLUME,2.0,,cohort_trip_threshold,15.18,derived,Driver-customer pair is an extreme weighted edge in the current analysis window.
184f45a9dfba631f||63aee30f8a0a01d0,184f45a9dfba631f,63aee30f8a0a01d0,KB-C_EXTREME_VOLUME,2.0,,cohort_trip_threshold,13.7,derived,Driver-customer pair is an extreme weighted edge in the current analysis window.
bb27c6c183cd1611||defe18936a4d2b20,bb27c6c183cd1611,defe18936a4d2b20,KB-C_EXTREME_VOLUME,2.0,,cohort_trip_threshold,14.16,derived,Driver-customer pair is an extreme weighted edge in the current analysis window.
c04972ec88003ab4||014a5570c75f1d20,c04972ec88003ab4,014a5570c75f1d20,KB-C_EXTREME_VOLUME,2.0,,cohort_trip_threshold,15.0,derived,Driver-customer pair is an extreme weighted edge in the current analysis window.
dbbb85c60cd892e3||62c0ddbf6eb019e1,dbbb85c60cd892e3,62c0ddbf6eb019e1,KB-C_EXTREME_VOLUME,2.0,,cohort_trip_threshold,37.4,derived,Driver-customer pair is an extreme weighted edge in the current analysis window.
ffc9f339ec4c2644||211f5b2905b7ad99,ffc9f339ec4c2644,211f5b2905b7ad99,KB-C_EXTREME_VOLUME,2.0,,cohort_trip_threshold,25.82,derived,Driver-customer pair is an extreme weighted edge in the current analysis window.
26b412c3e27da802||6efe2c309a2640e7,26b412c3e27da802,6efe2c309a2640e7,KB-C_EXTREME_VOLUME,2.0,,cohort_trip_threshold,14.68,derived,Driver-customer pair is an extreme weighted edge in the current analysis window.
3e4ea4a992702f27||500967bbcbafb611,3e4ea4a992702f27,500967bbcbafb611,KB-C_EXTREME_VOLUME,2.0,,cohort_trip_threshold,15.62,derived,Driver-customer pair is an extreme weighted edge in the current analysis window.
3e4ea4a992702f27||766937b25cb8a46d,3e4ea4a992702f27,766937b25cb8a46d,KB-C_EXTREME_VOLUME,2.0,,cohort_trip_threshold,15.05,derived,Driver-customer pair is an extreme weighted edge in the current analysis window.
d979a70e18c7169a||20a7396332523f9e,d979a70e18c7169a,20a7396332523f9e,KB-C_EXTREME_VOLUME,2.0,,cohort_trip_threshold,15.13,derived,Driver-customer pair is an extreme weighted edge in the current analysis window.
6626da18f2540e5d||3557b15b863acc76,6626da18f2540e5d,3557b15b863acc76,KB-C_EXTREME_VOLUME,2.0,,cohort_trip_threshold,23.5,derived,Driver-customer pair is an extreme weighted edge in the current analysis window.
cb72968327c467bb||1ef2747e8b767a59,cb72968327c467bb,1ef2747e8b767a59,KB-C_EXTREME_VOLUME,2.0,,cohort_trip_threshold,17.02,derived,Driver-customer pair is an extreme weighted edge in the current analysis window.
5cc8e8b18e3423e9||20e0f93dd2c8e1d6,5cc8e8b18e3423e9,20e0f93dd2c8e1d6,KB-C_EXTREME_VOLUME,2.0,,cohort_trip_threshold,16.49,derived,Driver-customer pair is an extreme weighted edge in the current analysis window.
5fc49a0c311d88a5||8c33b1a68f2d5757,5fc49a0c311d88a5,8c33b1a68f2d5757,KB-C_EXTREME_VOLUME,2.0,,cohort_trip_threshold,15.02,derived,Driver-customer pair is an extreme weighted edge in the current analysis window.
7d33206972854dbd||c2bfd242e87f45dc,7d33206972854dbd,c2bfd242e87f45dc,KB-C_EXTREME_VOLUME,2.0,,cohort_trip_threshold,15.16,derived,Driver-customer pair is an extreme weighted edge in the current analysis window.
b20737432fcf5f37||3032fac8bf620906,b20737432fcf5f37,3032fac8bf620906,KB-C_EXTREME_VOLUME,2.0,,cohort_trip_threshold,18.7,derived,Driver-customer pair is an extreme weighted edge in the current analysis window.
e2004d4c2b575f24||58239779b8b3468a,e2004d4c2b575f24,58239779b8b3468a,KB-C_EXTREME_VOLUME,2.0,,cohort_trip_threshold,15.04,derived,Driver-customer pair is an extreme weighted edge in the current analysis window.
30e5d45bd3a59746||7262a04d939b6984,30e5d45bd3a59746,7262a04d939b6984,KB-C_EXTREME_VOLUME,2.0,,cohort_trip_threshold,23.06,derived,Driver-customer pair is an extreme weighted edge in the current analysis window.
83a0261bf2393f40||c76b3a6ef7bbabee,83a0261bf2393f40,c76b3a6ef7bbabee,KB-C_EXTREME_VOLUME,2.0,,cohort_trip_threshold,13.88,derived,Driver-customer pair is an extreme weighted edge in the current analysis window.
fc9d4034b4f88564||c284c9b80188443d,fc9d4034b4f88564,c284c9b80188443d,KB-C_EXTREME_VOLUME,2.0,,cohort_trip_threshold,14.14,derived,Driver-customer pair is an extreme weighted edge in the current analysis window.
309e20a68a1cb159||4705542f8f235481,309e20a68a1cb159,4705542f8f235481,KB-C_EXTREME_VOLUME,2.0,,cohort_trip_threshold,17.1,derived,Driver-customer pair is an extreme weighted edge in the current analysis window.
efdc5bcf56ae45a8||aabc021ec544c293,efdc5bcf56ae45a8,aabc021ec544c293,KB-C_EXTREME_VOLUME,2.0,,cohort_trip_threshold,14.9,derived,Driver-customer pair is an extreme weighted edge in the current analysis window.
f841d9e3b4770368||0e5de51e7aa6e468,f841d9e3b4770368,0e5de51e7aa6e468,KB-C_EXTREME_VOLUME,2.0,,cohort_trip_threshold,14.71,derived,Driver-customer pair is an extreme weighted edge in the current analysis window.
f9d7ca746710c080||7f3321d9f43497e2,f9d7ca746710c080,7f3321d9f43497e2,KB-C_EXTREME_VOLUME,2.0,,cohort_trip_threshold,15.09,derived,Driver-customer pair is an extreme weighted edge in the current analysis window.
0ace3c373fa3cbb5||7fdc308134e4c417,0ace3c373fa3cbb5,7fdc308134e4c417,KB-C_EXTREME_VOLUME,2.0,,cohort_trip_threshold,14.4,derived,Driver-customer pair is an extreme weighted edge in the current analysis window.
12aa63e4a3644885||cf5a8a1ccb0f4112,12aa63e4a3644885,cf5a8a1ccb0f4112,KB-C_EXTREME_VOLUME,2.0,,cohort_trip_threshold,13.53,derived,Driver-customer pair is an extreme weighted edge in the current analysis window.
5357ec8cdda15638||8d3b359f423f28ce,5357ec8cdda15638,8d3b359f423f28ce,KB-C_EXTREME_VOLUME,2.0,,cohort_trip_threshold,17.73,derived,Driver-customer pair is an extreme weighted edge in the current analysis window.
899df92fbca63852||e99e5358644b1445,899df92fbca63852,e99e5358644b1445,KB-C_EXTREME_VOLUME,2.0,,cohort_trip_threshold,22.86,derived,Driver-customer pair is an extreme weighted edge in the current analysis window.
9ed806d32f320a7b||9161b2188d6d95ff,9ed806d32f320a7b,9161b2188d6d95ff,KB-C_EXTREME_VOLUME,2.0,,cohort_trip_threshold,24.26,derived,Driver-customer pair is an extreme weighted edge in the current analysis window.
136b222bf74759be||9e5d0ef78503241d,136b222bf74759be,9e5d0ef78503241d,KB-C_EXTREME_VOLUME,2.0,,cohort_trip_threshold,17.73,derived,Driver-customer pair is an extreme weighted edge in the current analysis window.
1a604f8f1c1b3725||e99e5358644b1445,1a604f8f1c1b3725,e99e5358644b1445,KB-C_EXTREME_VOLUME,2.0,,cohort_trip_threshold,15.48,derived,Driver-customer pair is an extreme weighted edge in the current analysis window.
084c6b283c8c5d38||4bb7bc0aadd69917,084c6b283c8c5d38,4bb7bc0aadd69917,KB-C_EXTREME_VOLUME,2.0,,cohort_trip_threshold,14.86,derived,Driver-customer pair is an extreme weighted edge in the current analysis window.
0c1b581f22025f79||d78a11f7bd9599ab,0c1b581f22025f79,d78a11f7bd9599ab,KB-C_EXTREME_VOLUME,2.0,,cohort_trip_threshold,18.73,derived,Driver-customer pair is an extreme weighted edge in the current analysis window.
eb13f75c88cbb4a4||599c6c483b0e226d,eb13f75c88cbb4a4,599c6c483b0e226d,KB-C_EXTREME_VOLUME,2.0,,cohort_trip_threshold,20.3,derived,Driver-customer pair is an extreme weighted edge in the current analysis window.
7ea430a8b5c3b6f5||01a15a946d9cc3b3,7ea430a8b5c3b6f5,01a15a946d9cc3b3,KB-C_EXTREME_VOLUME,2.0,,cohort_trip_threshold,17.99,derived,Driver-customer pair is an extreme weighted edge in the current analysis window.
8dd2fb0b927a74a0||3dce555377dff186,8dd2fb0b927a74a0,3dce555377dff186,KB-C_EXTREME_VOLUME,2.0,,cohort_trip_threshold,15.99,derived,Driver-customer pair is an extreme weighted edge in the current analysis window.
3e23334144ad3d1a||67ac3b124775822e,3e23334144ad3d1a,67ac3b124775822e,KB-C_EXTREME_VOLUME,2.0,,cohort_trip_threshold,14.45,derived,Driver-customer pair is an extreme weighted edge in the current analysis window.
a94edc25b8bb2cfd||368de9d75a29737a,a94edc25b8bb2cfd,368de9d75a29737a,KB-C_EXTREME_VOLUME,2.0,,cohort_trip_threshold,15.27,derived,Driver-customer pair is an extreme weighted edge in the current analysis window.
c925a3a182099354||08e5865b00f4ecdc,c925a3a182099354,08e5865b00f4ecdc,KB-C_EXTREME_VOLUME,2.0,,cohort_trip_threshold,14.26,derived,Driver-customer pair is an extreme weighted edge in the current analysis window.
c925a3a182099354||bc7ed74bc13e5330,c925a3a182099354,bc7ed74bc13e5330,KB-C_EXTREME_VOLUME,2.0,,cohort_trip_threshold,16.4,derived,Driver-customer pair is an extreme weighted edge in the current analysis window.
3885b2a6fcd3064b||25db33a2d228e7c7,3885b2a6fcd3064b,25db33a2d228e7c7,KB-C_EXTREME_VOLUME,2.0,,cohort_trip_threshold,16.38,derived,Driver-customer pair is an extreme weighted edge in the current analysis window.
692ad67d675af131||3a6c7cf03b56a6cc,692ad67d675af131,3a6c7cf03b56a6cc,KB-C_EXTREME_VOLUME,2.0,,cohort_trip_threshold,28.34,derived,Driver-customer pair is an extreme weighted edge in the current analysis window.
4023976e57c1ed6a||9c7e9a5008be06e6,4023976e57c1ed6a,9c7e9a5008be06e6,KB-C_EXTREME_VOLUME,2.0,,cohort_trip_threshold,27.48,derived,Driver-customer pair is an extreme weighted edge in the current analysis window.
80d981c74449789e||9ee6ec45595b325e,80d981c74449789e,9ee6ec45595b325e,KB-C_EXTREME_VOLUME,2.0,,cohort_trip_threshold,20.6,derived,Driver-customer pair is an extreme weighted edge in the current analysis window.
730d8a7145a50272||157efd78c63e6c30,730d8a7145a50272,157efd78c63e6c30,KB-C_EXTREME_VOLUME,2.0,,cohort_trip_threshold,13.3,derived,Driver-customer pair is an extreme weighted edge in the current analysis window.
7e42f291f1f0e976||9cfc22006f8d3095,7e42f291f1f0e976,9cfc22006f8d3095,KB-C_EXTREME_VOLUME,2.0,,cohort_trip_threshold,20.71,derived,Driver-customer pair is an extreme weighted edge in the current analysis window.
8153ea4d98f27b91||9cfc22006f8d3095,8153ea4d98f27b91,9cfc22006f8d3095,KB-C_EXTREME_VOLUME,2.0,,cohort_trip_threshold,13.58,derived,Driver-customer pair is an extreme weighted edge in the current analysis window.
99c0813002b497c7||9cfc22006f8d3095,99c0813002b497c7,9cfc22006f8d3095,KB-C_EXTREME_VOLUME,2.0,,cohort_trip_threshold,29.1,derived,Driver-customer pair is an extreme weighted edge in the current analysis window.
b851286ad4f8e77b||9cfc22006f8d3095,b851286ad4f8e77b,9cfc22006f8d3095,KB-C_EXTREME_VOLUME,2.0,,cohort_trip_threshold,13.58,derived,Driver-customer pair is an extreme weighted edge in the current analysis window.
c0ce94d715b60660||9cfc22006f8d3095,c0ce94d715b60660,9cfc22006f8d3095,KB-C_EXTREME_VOLUME,2.0,,cohort_trip_threshold,13.58,derived,Driver-customer pair is an extreme weighted edge in the current analysis window.
f0fecbcee2785836||9cfc22006f8d3095,f0fecbcee2785836,9cfc22006f8d3095,KB-C_EXTREME_VOLUME,2.0,,cohort_trip_threshold,21.06,derived,Driver-customer pair is an extreme weighted edge in the current analysis window.
0b3ee15c35f044f5||abac0990bc265763,0b3ee15c35f044f5,abac0990bc265763,KB-C_EXTREME_VOLUME,2.0,,cohort_trip_threshold,20.79,derived,Driver-customer pair is an extreme weighted edge in the current analysis window.
44969366800a4c6a||de666799e5d37a4c,44969366800a4c6a,de666799e5d37a4c,KB-C_EXTREME_VOLUME,2.0,,cohort_trip_threshold,15.51,derived,Driver-customer pair is an extreme weighted edge in the current analysis window.
5c28a35b7583abd6||ff9dd3f92ce6c0d5,5c28a35b7583abd6,ff9dd3f92ce6c0d5,KB-C_EXTREME_VOLUME,2.0,,cohort_trip_threshold,25.67,derived,Driver-customer pair is an extreme weighted edge in the current analysis window.
72d97aafe9200fa7||e6b8ae0186095b0f,72d97aafe9200fa7,e6b8ae0186095b0f,KB-C_EXTREME_VOLUME,2.0,,cohort_trip_threshold,15.23,derived,Driver-customer pair is an extreme weighted edge in the current analysis window.
8b3acdfd3a10bde9||4305e64babbb6fc9,8b3acdfd3a10bde9,4305e64babbb6fc9,KB-C_EXTREME_VOLUME,2.0,,cohort_trip_threshold,13.95,derived,Driver-customer pair is an extreme weighted edge in the current analysis window.
b4deb48185968da3||bfca5157b2f8748f,b4deb48185968da3,bfca5157b2f8748f,KB-C_EXTREME_VOLUME,2.0,,cohort_trip_threshold,18.08,derived,Driver-customer pair is an extreme weighted edge in the current analysis window.
be3d3550f31f2a9f||e74e390511d79703,be3d3550f31f2a9f,e74e390511d79703,KB-C_EXTREME_VOLUME,2.0,,cohort_trip_threshold,17.0,derived,Driver-customer pair is an extreme weighted edge in the current analysis window.
e0fd2b6de2fb4168||95ca55a48cf6ffe3,e0fd2b6de2fb4168,95ca55a48cf6ffe3,KB-C_EXTREME_VOLUME,2.0,,cohort_trip_threshold,18.11,derived,Driver-customer pair is an extreme weighted edge in the current analysis window.
e0fd2b6de2fb4168||963e7b5f15d8946e,e0fd2b6de2fb4168,963e7b5f15d8946e,KB-C_EXTREME_VOLUME,2.0,,cohort_trip_threshold,17.52,derived,Driver-customer pair is an extreme weighted edge in the current analysis window.
f20cd58b38e3348d||d9d201e49c4beb54,f20cd58b38e3348d,d9d201e49c4beb54,KB-C_EXTREME_VOLUME,2.0,,cohort_trip_threshold,26.07,derived,Driver-customer pair is an extreme weighted edge in the current analysis window.
f2fde735bdc9687c||a69db8cd006f4ca1,f2fde735bdc9687c,a69db8cd006f4ca1,KB-C_EXTREME_VOLUME,2.0,,cohort_trip_threshold,23.43,derived,Driver-customer pair is an extreme weighted edge in the current analysis window.
f9ad988367fc6ca6||210e718734fa46f6,f9ad988367fc6ca6,210e718734fa46f6,KB-C_EXTREME_VOLUME,2.0,,cohort_trip_threshold,17.53,derived,Driver-customer pair is an extreme weighted edge in the current analysis window.
5f4fa4b5dc96fc17||5e63a8c46f1dfd09,5f4fa4b5dc96fc17,5e63a8c46f1dfd09,KB-C_TIGHT_PAIR_SHARE,0.9298,,0.5,58.58,derived,The pair absorbs an unusually large share of both the driver and customer activity.
5828b7e28d77245d||fad2dbe4e38702c5,5828b7e28d77245d,fad2dbe4e38702c5,KB-C_TIGHT_PAIR_SHARE,0.6885,,0.5,79.74,derived,The pair absorbs an unusually large share of both the driver and customer activity.
fbb5fad6a1615aa3||d99f5d7d24e2d881,fbb5fad6a1615aa3,d99f5d7d24e2d881,KB-C_TIGHT_PAIR_SHARE,0.6733,,0.5,69.98,derived,The pair absorbs an unusually large share of both the driver and customer activity.
f5d16c59104fbed7||790a7c79085e1cdc,f5d16c59104fbed7,790a7c79085e1cdc,KB-C_TIGHT_PAIR_SHARE,0.6209,,0.5,79.74,derived,The pair absorbs an unusually large share of both the driver and customer activity.
5dd78d9a81cbed8f||b17fc5490aa266e4,5dd78d9a81cbed8f,b17fc5490aa266e4,KB-C_TIGHT_PAIR_SHARE,0.5889,,0.5,59.31,derived,The pair absorbs an unusually large share of both the driver and customer activity.
f6282d84d92f0ed1||a86ab17c2f4cf7e5,f6282d84d92f0ed1,a86ab17c2f4cf7e5,KB-C_TIGHT_PAIR_SHARE,0.6137,,0.5,53.47,derived,The pair absorbs an unusually large share of both the driver and customer activity.
b000369895322197||3b741f6e7b796df3,b000369895322197,3b741f6e7b796df3,KB-C_TIGHT_PAIR_SHARE,0.9932,,0.5,53.84,derived,The pair absorbs an unusually large share of both the driver and customer activity.
ee9a55ea5e7b6316||6e7a2cfe8823aaa2,ee9a55ea5e7b6316,6e7a2cfe8823aaa2,KB-C_TIGHT_PAIR_SHARE,0.8661,,0.5,52.96,derived,The pair absorbs an unusually large share of both the driver and customer activity.
0c4547ef96051cad||cb3a42f41d8ed1bc,0c4547ef96051cad,cb3a42f41d8ed1bc,KB-C_TIGHT_PAIR_SHARE,0.8031,,0.5,61.62,derived,The pair absorbs an unusually large share of both the driver and customer activity.
26cba052effbf0e3||f45ded2c24cce763,26cba052effbf0e3,f45ded2c24cce763,KB-C_TIGHT_PAIR_SHARE,0.8333,,0.5,52.39,derived,The pair absorbs an unusually large share of both the driver and customer activity.
d3ac170709f50de7||a9640b909f60adb4,d3ac170709f50de7,a9640b909f60adb4,KB-C_TIGHT_PAIR_SHARE,0.6823,,0.5,58.1,derived,The pair absorbs an unusually large share of both the driver and customer activity.
031d6b289f9fd963||2c7192581a1b6e85,031d6b289f9fd963,2c7192581a1b6e85,KB-C_TIGHT_PAIR_SHARE,0.5531,,0.5,83.09,derived,The pair absorbs an unusually large share of both the driver and customer activity.
e504bb113eedbb01||b362416ee69d1f84,e504bb113eedbb01,b362416ee69d1f84,KB-C_TIGHT_PAIR_SHARE,0.5508,,0.5,55.61,derived,The pair absorbs an unusually large share of both the driver and customer activity.
b5d1bbee8ad1e4bf||fb2d8233b4054fc8,b5d1bbee8ad1e4bf,fb2d8233b4054fc8,KB-C_TIGHT_PAIR_SHARE,0.6652,,0.5,62.86,derived,The pair absorbs an unusually large share of both the driver and customer activity.
5bfcc769835bc616||49b8504ff44a6f3d,5bfcc769835bc616,49b8504ff44a6f3d,KB-C_TIGHT_PAIR_SHARE,0.4916,,0.5,59.19,derived,The pair absorbs an unusually large share of both the driver and customer activity.
e7d0b7f056509cdf||82f3af7f9355acd2,e7d0b7f056509cdf,82f3af7f9355acd2,KB-C_TIGHT_PAIR_SHARE,1.0,,0.5,45.15,derived,The pair absorbs an unusually large share of both the driver and customer activity.
6d41d622812350e8||a85190bfdf72ee03,6d41d622812350e8,a85190bfdf72ee03,KB-C_TIGHT_PAIR_SHARE,0.6686,,0.5,55.82,derived,The pair absorbs an unusually large share of both the driver and customer activity.
d8ad18ba0b3bab28||71ac2c51b3d719cc,d8ad18ba0b3bab28,71ac2c51b3d719cc,KB-C_TIGHT_PAIR_SHARE,0.5826,,0.5,48.03,derived,The pair absorbs an unusually large share of both the driver and customer activity.
2ad211695a38705b||811391e246672e6b,2ad211695a38705b,811391e246672e6b,KB-C_TIGHT_PAIR_SHARE,0.5697,,0.5,48.97,derived,The pair absorbs an unusually large share of both the driver and customer activity.
8f3fdcaba9cd227e||fc93cbfb75bd312b,8f3fdcaba9cd227e,fc93cbfb75bd312b,KB-C_TIGHT_PAIR_SHARE,0.9643,,0.5,41.05,derived,The pair absorbs an unusually large share of both the driver and customer activity.
6ac447c7a0bdf9e4||73cf6441682389f9,6ac447c7a0bdf9e4,73cf6441682389f9,KB-C_TIGHT_PAIR_SHARE,0.8897,,0.5,57.73,derived,The pair absorbs an unusually large share of both the driver and customer activity.
a14b1a86c52d0c12||789cb9bc304669be,a14b1a86c52d0c12,789cb9bc304669be,KB-C_TIGHT_PAIR_SHARE,0.7366,,0.5,54.59,derived,The pair absorbs an unusually large share of both the driver and customer activity.
9c93e0c8cc8a3817||2f16d5c12ed95d2f,9c93e0c8cc8a3817,2f16d5c12ed95d2f,KB-C_TIGHT_PAIR_SHARE,0.9192,,0.5,46.36,derived,The pair absorbs an unusually large share of both the driver and customer activity.
3a3c0eb1926d9e65||e9395bd45deffea8,3a3c0eb1926d9e65,e9395bd45deffea8,KB-C_TIGHT_PAIR_SHARE,0.7846,,0.5,53.89,derived,The pair absorbs an unusually large share of both the driver and customer activity.
7fcf436466291cb1||f70e6a906ebaf50a,7fcf436466291cb1,f70e6a906ebaf50a,KB-C_TIGHT_PAIR_SHARE,0.8442,,0.5,52.26,derived,The pair absorbs an unusually large share of both the driver and customer activity.
53cc6d5844c1dc86||80390c0393c4f064,53cc6d5844c1dc86,80390c0393c4f064,KB-C_TIGHT_PAIR_SHARE,0.9375,,0.5,51.41,derived,The pair absorbs an unusually large share of both the driver and customer activity.
01e148ef553c737f||99d38cf092913061,01e148ef553c737f,99d38cf092913061,KB-C_TIGHT_PAIR_SHARE,0.5969,,0.5,52.89,derived,The pair absorbs an unusually large share of both the driver and customer activity.
d5b7dcc0ba5860dc||3d8210d1ef1503df,d5b7dcc0ba5860dc,3d8210d1ef1503df,KB-C_TIGHT_PAIR_SHARE,0.9155,,0.5,44.28,derived,The pair absorbs an unusually large share of both the driver and customer activity.
6db042c5dd3c1ac2||cd4eb772a03a76c9,6db042c5dd3c1ac2,cd4eb772a03a76c9,KB-C_TIGHT_PAIR_SHARE,0.9298,,0.5,44.2,derived,The pair absorbs an unusually large share of both the driver and customer activity.
7afd4c3507395b2f||b235143704083232,7afd4c3507395b2f,b235143704083232,KB-C_TIGHT_PAIR_SHARE,0.914,,0.5,37.47,derived,The pair absorbs an unusually large share of both the driver and customer activity.
7707f835175da80c||93cfa84a47fae88f,7707f835175da80c,93cfa84a47fae88f,KB-C_TIGHT_PAIR_SHARE,0.9791,,0.5,41.52,derived,The pair absorbs an unusually large share of both the driver and customer activity.
86c40d438daa709a||32a8f8c52c0b0c0d,86c40d438daa709a,32a8f8c52c0b0c0d,KB-C_TIGHT_PAIR_SHARE,0.7872,,0.5,53.08,derived,The pair absorbs an unusually large share of both the driver and customer activity.
968ff0b5f9bc2cdd||367cfa7518afb41c,968ff0b5f9bc2cdd,367cfa7518afb41c,KB-C_TIGHT_PAIR_SHARE,0.8098,,0.5,46.93,derived,The pair absorbs an unusually large share of both the driver and customer activity.
b24d7599b4d519da||69bc51ae419557aa,b24d7599b4d519da,69bc51ae419557aa,KB-C_TIGHT_PAIR_SHARE,0.8183,,0.5,47.76,derived,The pair absorbs an unusually large share of both the driver and customer activity.
ff6991f732e05132||3c65ed70e9e2ce05,ff6991f732e05132,3c65ed70e9e2ce05,KB-C_TIGHT_PAIR_SHARE,0.8974,,0.5,45.97,derived,The pair absorbs an unusually large share of both the driver and customer activity.
7c0b132411b37fa6||190ac40c60535ce9,7c0b132411b37fa6,190ac40c60535ce9,KB-C_TIGHT_PAIR_SHARE,0.7368,,0.5,44.08,derived,The pair absorbs an unusually large share of both the driver and customer activity.
839b2baeda98c857||1cec7fbe2ec4c178,839b2baeda98c857,1cec7fbe2ec4c178,KB-C_TIGHT_PAIR_SHARE,0.7083,,0.5,56.33,derived,The pair absorbs an unusually large share of both the driver and customer activity.
11e4996e955e9754||c74aa8d733e635a5,11e4996e955e9754,c74aa8d733e635a5,KB-C_TIGHT_PAIR_SHARE,0.7774,,0.5,47.39,derived,The pair absorbs an unusually large share of both the driver and customer activity.
cf07c41702c5d803||58d9afc5a2ba75e2,cf07c41702c5d803,58d9afc5a2ba75e2,KB-C_TIGHT_PAIR_SHARE,0.7294,,0.5,47.21,derived,The pair absorbs an unusually large share of both the driver and customer activity.
30f9f0d5c8bce870||466dd53db700fd39,30f9f0d5c8bce870,466dd53db700fd39,KB-C_TIGHT_PAIR_SHARE,0.4792,,0.5,50.76,derived,The pair absorbs an unusually large share of both the driver and customer activity.
f7f2fc7ea3c0ab55||c1f69fb1a068ff32,f7f2fc7ea3c0ab55,c1f69fb1a068ff32,KB-C_TIGHT_PAIR_SHARE,0.8571,,0.5,53.96,derived,The pair absorbs an unusually large share of both the driver and customer activity.
875f7558903ca6a7||e37c1c635113bf58,875f7558903ca6a7,e37c1c635113bf58,KB-C_TIGHT_PAIR_SHARE,0.7179,,0.5,53.07,derived,The pair absorbs an unusually large share of both the driver and customer activity.
d2a356488a6d7005||67b19ffa85ba28c1,d2a356488a6d7005,67b19ffa85ba28c1,KB-C_TIGHT_PAIR_SHARE,0.5494,,0.5,46.14,derived,The pair absorbs an unusually large share of both the driver and customer activity.
af6aec0451123935||a29f77f258fcb9db,af6aec0451123935,a29f77f258fcb9db,KB-C_TIGHT_PAIR_SHARE,0.8955,,0.5,48.38,derived,The pair absorbs an unusually large share of both the driver and customer activity.
fe9c614486853538||cc4d8d00abbdde42,fe9c614486853538,cc4d8d00abbdde42,KB-C_TIGHT_PAIR_SHARE,0.6961,,0.5,50.26,derived,The pair absorbs an unusually large share of both the driver and customer activity.
e3664478b5588228||0ea15bda0b859ab9,e3664478b5588228,0ea15bda0b859ab9,KB-C_TIGHT_PAIR_SHARE,0.8475,,0.5,52.8,derived,The pair absorbs an unusually large share of both the driver and customer activity.
d6f7c63c9ece887d||e18e24d03a0dead3,d6f7c63c9ece887d,e18e24d03a0dead3,KB-C_TIGHT_PAIR_SHARE,0.7209,,0.5,54.37,derived,The pair absorbs an unusually large share of both the driver and customer activity.
b5b4a56620b19669||51b643c08a9ba25c,b5b4a56620b19669,51b643c08a9ba25c,KB-C_TIGHT_PAIR_SHARE,0.7715,,0.5,50.05,derived,The pair absorbs an unusually large share of both the driver and customer activity.
a53008c38937ae08||5f011ebc4cfaa010,a53008c38937ae08,5f011ebc4cfaa010,KB-C_TIGHT_PAIR_SHARE,0.787,,0.5,45.8,derived,The pair absorbs an unusually large share of both the driver and customer activity.
855faae4bc5c31cd||560a5afe5b53b126,855faae4bc5c31cd,560a5afe5b53b126,KB-C_TIGHT_PAIR_SHARE,0.7171,,0.5,51.96,derived,The pair absorbs an unusually large share of both the driver and customer activity.
2ff877bcf6cc0493||faa480c51adf21e6,2ff877bcf6cc0493,faa480c51adf21e6,KB-C_TIGHT_PAIR_SHARE,0.7829,,0.5,51.37,derived,The pair absorbs an unusually large share of both the driver and customer activity.
70f3ac4afc425606||93e7e4b6f68aec61,70f3ac4afc425606,93e7e4b6f68aec61,KB-C_TIGHT_PAIR_SHARE,0.859,,0.5,51.44,derived,The pair absorbs an unusually large share of both the driver and customer activity.
72f0e6c478e612e5||c832b2f342e2a8fe,72f0e6c478e612e5,c832b2f342e2a8fe,KB-C_TIGHT_PAIR_SHARE,0.7405,,0.5,46.43,derived,The pair absorbs an unusually large share of both the driver and customer activity.
e3b3a761afc18171||26de927c2fb38b37,e3b3a761afc18171,26de927c2fb38b37,KB-C_TIGHT_PAIR_SHARE,0.5733,,0.5,53.41,derived,The pair absorbs an unusually large share of both the driver and customer activity.
83d8f08ed0e73096||d95b5e000559ad65,83d8f08ed0e73096,d95b5e000559ad65,KB-C_TIGHT_PAIR_SHARE,0.5718,,0.5,53.59,derived,The pair absorbs an unusually large share of both the driver and customer activity.
0bc6aefc555a07a6||0cccc55cd49a330d,0bc6aefc555a07a6,0cccc55cd49a330d,KB-C_TIGHT_PAIR_SHARE,0.54,,0.5,42.84,derived,The pair absorbs an unusually large share of both the driver and customer activity.
06dc1428ff38bf0b||8b3402138b33ade8,06dc1428ff38bf0b,8b3402138b33ade8,KB-C_TIGHT_PAIR_SHARE,0.8261,,0.5,50.91,derived,The pair absorbs an unusually large share of both the driver and customer activity.
e93ea7d59646db67||2a4c3284fe02f241,e93ea7d59646db67,2a4c3284fe02f241,KB-C_TIGHT_PAIR_SHARE,0.6658,,0.5,48.72,derived,The pair absorbs an unusually large share of both the driver and customer activity.
44969366800a4c6a||69577266c946a1ae,44969366800a4c6a,69577266c946a1ae,KB-C_TIGHT_PAIR_SHARE,0.8,,0.5,51.73,derived,The pair absorbs an unusually large share of both the driver and customer activity.
d63a72f37a36f49b||3bfe5a6f87f66977,d63a72f37a36f49b,3bfe5a6f87f66977,KB-C_TIGHT_PAIR_SHARE,0.775,,0.5,51.93,derived,The pair absorbs an unusually large share of both the driver and customer activity.
5d06622cce833761||bda43ff79f51172e,5d06622cce833761,bda43ff79f51172e,KB-C_TIGHT_PAIR_SHARE,0.5687,,0.5,42.78,derived,The pair absorbs an unusually large share of both the driver and customer activity.
b19d7ba8ee0cdd68||f14ecb532ab90766,b19d7ba8ee0cdd68,f14ecb532ab90766,KB-C_TIGHT_PAIR_SHARE,0.7171,,0.5,46.61,derived,The pair absorbs an unusually large share of both the driver and customer activity.
8dec1612b02307e7||a75855291e5fc922,8dec1612b02307e7,a75855291e5fc922,KB-C_TIGHT_PAIR_SHARE,0.7661,,0.5,50.72,derived,The pair absorbs an unusually large share of both the driver and customer activity.
fdf6ff53120ae679||4058c7a858c2b68a,fdf6ff53120ae679,4058c7a858c2b68a,KB-C_TIGHT_PAIR_SHARE,0.7148,,0.5,43.3,derived,The pair absorbs an unusually large share of both the driver and customer activity.
2d0fc73ff9d602de||dffacb0f1be6d209,2d0fc73ff9d602de,dffacb0f1be6d209,KB-C_TIGHT_PAIR_SHARE,0.7207,,0.5,47.69,derived,The pair absorbs an unusually large share of both the driver and customer activity.
9bda8bf90cebeba4||dad74dcd87a15af5,9bda8bf90cebeba4,dad74dcd87a15af5,KB-C_TIGHT_PAIR_SHARE,0.6728,,0.5,43.84,derived,The pair absorbs an unusually large share of both the driver and customer activity.
87fdba920f14bdc4||94929da44e46071c,87fdba920f14bdc4,94929da44e46071c,KB-C_TIGHT_PAIR_SHARE,0.7294,,0.5,46.86,derived,The pair absorbs an unusually large share of both the driver and customer activity.
247cafe1649338e9||ff4741aefdd7ea41,247cafe1649338e9,ff4741aefdd7ea41,KB-C_TIGHT_PAIR_SHARE,0.7684,,0.5,46.3,derived,The pair absorbs an unusually large share of both the driver and customer activity.
c6963e8e70b25ecd||92f5b10955f7b62e,c6963e8e70b25ecd,92f5b10955f7b62e,KB-C_TIGHT_PAIR_SHARE,0.7448,,0.5,61.98,derived,The pair absorbs an unusually large share of both the driver and customer activity.
c58bd24e790c5d1b||4346b343ed755173,c58bd24e790c5d1b,4346b343ed755173,KB-C_TIGHT_PAIR_SHARE,0.7439,,0.5,47.81,derived,The pair absorbs an unusually large share of both the driver and customer activity.
5b155c30e9228305||b781a89db40e70ec,5b155c30e9228305,b781a89db40e70ec,KB-C_TIGHT_PAIR_SHARE,0.6739,,0.5,49.91,derived,The pair absorbs an unusually large share of both the driver and customer activity.
01714f487853f9ea||df1ffc3f608e21a2,01714f487853f9ea,df1ffc3f608e21a2,KB-C_TIGHT_PAIR_SHARE,0.7586,,0.5,48.46,derived,The pair absorbs an unusually large share of both the driver and customer activity.
dc6dfd83ba5cd9fe||1dee5772213d988e,dc6dfd83ba5cd9fe,1dee5772213d988e,KB-C_TIGHT_PAIR_SHARE,0.772,,0.5,52.16,derived,The pair absorbs an unusually large share of both the driver and customer activity.
460c39188524b386||07388ec6d0654e3b,460c39188524b386,07388ec6d0654e3b,KB-C_TIGHT_PAIR_SHARE,0.7304,,0.5,50.87,derived,The pair absorbs an unusually large share of both the driver and customer activity.
5c80c95ec49760e4||41c1e90362494e4d,5c80c95ec49760e4,41c1e90362494e4d,KB-C_TIGHT_PAIR_SHARE,0.5663,,0.5,50.51,derived,The pair absorbs an unusually large share of both the driver and customer activity.
c167d3b3a3c8f675||ecc7dfd94c14c8f4,c167d3b3a3c8f675,ecc7dfd94c14c8f4,KB-C_TIGHT_PAIR_SHARE,0.7922,,0.5,36.78,derived,The pair absorbs an unusually large share of both the driver and customer activity.
c3d7ac3f89793351||d09b93bb2845979b,c3d7ac3f89793351,d09b93bb2845979b,KB-C_TIGHT_PAIR_SHARE,0.5408,,0.5,44.84,derived,The pair absorbs an unusually large share of both the driver and customer activity.
38ee1a769435beb3||6493cbd9a212c8c4,38ee1a769435beb3,6493cbd9a212c8c4,KB-C_TIGHT_PAIR_SHARE,0.755,,0.5,45.62,derived,The pair absorbs an unusually large share of both the driver and customer activity.
17bf0a1d0c39ac69||67fa423f76efd928,17bf0a1d0c39ac69,67fa423f76efd928,KB-C_TIGHT_PAIR_SHARE,0.7594,,0.5,47.59,derived,The pair absorbs an unusually large share of both the driver and customer activity.
b7e9d097f77e6318||62e3a7ecb3c79a6b,b7e9d097f77e6318,62e3a7ecb3c79a6b,KB-C_TIGHT_PAIR_SHARE,0.7281,,0.5,49.24,derived,The pair absorbs an unusually large share of both the driver and customer activity.
111584d348f70b95||de355ad6baf1aa51,111584d348f70b95,de355ad6baf1aa51,KB-C_TIGHT_PAIR_SHARE,0.6275,,0.5,52.63,derived,The pair absorbs an unusually large share of both the driver and customer activity.
58d262096e98d29f||4f2866a762b6309d,58d262096e98d29f,4f2866a762b6309d,KB-C_TIGHT_PAIR_SHARE,0.7394,,0.5,44.92,derived,The pair absorbs an unusually large share of both the driver and customer activity.
83f00c64b968cfa6||cbd51e565c5a52d5,83f00c64b968cfa6,cbd51e565c5a52d5,KB-C_TIGHT_PAIR_SHARE,0.6267,,0.5,52.78,derived,The pair absorbs an unusually large share of both the driver and customer activity.
c8829c1ad55e7f1c||41d3cd0ae4e12f2e,c8829c1ad55e7f1c,41d3cd0ae4e12f2e,KB-C_TIGHT_PAIR_SHARE,0.6491,,0.5,44.78,derived,The pair absorbs an unusually large share of both the driver and customer activity.
95562397aeb4b9b5||5a27cfec6e51b6b2,95562397aeb4b9b5,5a27cfec6e51b6b2,KB-C_TIGHT_PAIR_SHARE,0.6989,,0.5,47.03,derived,The pair absorbs an unusually large share of both the driver and customer activity.
7ec11ab6d5572daf||27d936c8b49491ee,7ec11ab6d5572daf,27d936c8b49491ee,KB-C_TIGHT_PAIR_SHARE,0.7292,,0.5,41.17,derived,The pair absorbs an unusually large share of both the driver and customer activity.
bf1442b249ed925e||ce90293333ff55be,bf1442b249ed925e,ce90293333ff55be,KB-C_TIGHT_PAIR_SHARE,0.669,,0.5,49.38,derived,The pair absorbs an unusually large share of both the driver and customer activity.
031c9ec68840283c||c4c31300d01b9b91,031c9ec68840283c,c4c31300d01b9b91,KB-C_TIGHT_PAIR_SHARE,0.59,,0.5,41.42,derived,The pair absorbs an unusually large share of both the driver and customer activity.
0888b2b1b0ec8820||313113be6f17c7d8,0888b2b1b0ec8820,313113be6f17c7d8,KB-C_TIGHT_PAIR_SHARE,0.59,,0.5,49.17,derived,The pair absorbs an unusually large share of both the driver and customer activity.
b37fea7171c50a4f||89017d591c4abd81,b37fea7171c50a4f,89017d591c4abd81,KB-C_TIGHT_PAIR_SHARE,0.5552,,0.5,45.58,derived,The pair absorbs an unusually large share of both the driver and customer activity.
019d9de93d765cc3||6fad3cec31e51149,019d9de93d765cc3,6fad3cec31e51149,KB-C_TIGHT_PAIR_SHARE,0.6512,,0.5,39.1,derived,The pair absorbs an unusually large share of both the driver and customer activity.
64e69e6ac121ffe8||133841525ae1514e,64e69e6ac121ffe8,133841525ae1514e,KB-C_TIGHT_PAIR_SHARE,0.5328,,0.5,44.94,derived,The pair absorbs an unusually large share of both the driver and customer activity.
8397bdba08f52473||ceafc6827726a992,8397bdba08f52473,ceafc6827726a992,KB-C_TIGHT_PAIR_SHARE,0.6372,,0.5,40.51,derived,The pair absorbs an unusually large share of both the driver and customer activity.
f6c059af13c1d7e4||96478e6eeee55e48,f6c059af13c1d7e4,96478e6eeee55e48,KB-C_TIGHT_PAIR_SHARE,0.7426,,0.5,48.17,derived,The pair absorbs an unusually large share of both the driver and customer activity.
000d9c8d3c67d250||648e04b38fa38917,000d9c8d3c67d250,648e04b38fa38917,KB-C_TIGHT_PAIR_SHARE,0.7595,,0.5,43.33,derived,The pair absorbs an unusually large share of both the driver and customer activity.
05f12f9e3c541f9c||b39c25b8e34fbe9e,05f12f9e3c541f9c,b39c25b8e34fbe9e,KB-C_TIGHT_PAIR_SHARE,0.7464,,0.5,40.89,derived,The pair absorbs an unusually large share of both the driver and customer activity.
ee7d2f2cc6da651a||75ef7cb28c1d698d,ee7d2f2cc6da651a,75ef7cb28c1d698d,KB-C_TIGHT_PAIR_SHARE,0.5778,,0.5,44.87,derived,The pair absorbs an unusually large share of both the driver and customer activity.
7520e500419b8375||31a32af796127af0,7520e500419b8375,31a32af796127af0,KB-C_TIGHT_PAIR_SHARE,0.7018,,0.5,49.34,derived,The pair absorbs an unusually large share of both the driver and customer activity.
cc93a3e44a6f1230||c7074ce36bc909a0,cc93a3e44a6f1230,c7074ce36bc909a0,KB-C_TIGHT_PAIR_SHARE,0.5338,,0.5,48.1,derived,The pair absorbs an unusually large share of both the driver and customer activity.
89b458fb1c9ce584||7fbc99e5cc3ee174,89b458fb1c9ce584,7fbc99e5cc3ee174,KB-C_TIGHT_PAIR_SHARE,0.7439,,0.5,50.26,derived,The pair absorbs an unusually large share of both the driver and customer activity.
5955780af597fb71||acd904eb7d2f1ccb,5955780af597fb71,acd904eb7d2f1ccb,KB-C_TIGHT_PAIR_SHARE,0.6221,,0.5,45.26,derived,The pair absorbs an unusually large share of both the driver and customer activity.
dff67a4fdd760ba5||affff2efdb94e79c,dff67a4fdd760ba5,affff2efdb94e79c,KB-C_TIGHT_PAIR_SHARE,0.6786,,0.5,51.15,derived,The pair absorbs an unusually large share of both the driver and customer activity.
9b410f88dc89eccd||089df9834f04494a,9b410f88dc89eccd,089df9834f04494a,KB-C_TIGHT_PAIR_SHARE,0.6471,,0.5,48.56,derived,The pair absorbs an unusually large share of both the driver and customer activity.
ad3b2a30813cdca9||2ae3a3f1742e7a00,ad3b2a30813cdca9,2ae3a3f1742e7a00,KB-C_TIGHT_PAIR_SHARE,0.6507,,0.5,51.09,derived,The pair absorbs an unusually large share of both the driver and customer activity.
eb8c41f66161961b||b7dd56ceaf413ae5,eb8c41f66161961b,b7dd56ceaf413ae5,KB-C_TIGHT_PAIR_SHARE,0.7479,,0.5,50.32,derived,The pair absorbs an unusually large share of both the driver and customer activity.
216a1fe3e93c8adf||cc6935bd9ca3c87b,216a1fe3e93c8adf,cc6935bd9ca3c87b,KB-C_TIGHT_PAIR_SHARE,0.772,,0.5,46.52,derived,The pair absorbs an unusually large share of both the driver and customer activity.
33af613bd024e85f||0525af43bc2e7103,33af613bd024e85f,0525af43bc2e7103,KB-C_TIGHT_PAIR_SHARE,0.679,,0.5,43.11,derived,The pair absorbs an unusually large share of both the driver and customer activity.
d16001e216748caf||475c8dafea88d299,d16001e216748caf,475c8dafea88d299,KB-C_TIGHT_PAIR_SHARE,0.4808,,0.5,50.31,derived,The pair absorbs an unusually large share of both the driver and customer activity.
e021adeb79a69fc3||369cf56474061839,e021adeb79a69fc3,369cf56474061839,KB-C_TIGHT_PAIR_SHARE,0.6972,,0.5,51.2,derived,The pair absorbs an unusually large share of both the driver and customer activity.
aa929b3ec727ec4f||f1cc09a62c35963f,aa929b3ec727ec4f,f1cc09a62c35963f,KB-C_TIGHT_PAIR_SHARE,0.6582,,0.5,46.64,derived,The pair absorbs an unusually large share of both the driver and customer activity.
def6f67206cb7756||25bdbfc71916c38c,def6f67206cb7756,25bdbfc71916c38c,KB-C_TIGHT_PAIR_SHARE,0.5226,,0.5,47.04,derived,The pair absorbs an unusually large share of both the driver and customer activity.
d8ce0b99e008401e||ae3c7ed271ab1203,d8ce0b99e008401e,ae3c7ed271ab1203,KB-C_TIGHT_PAIR_SHARE,0.6615,,0.5,48.87,derived,The pair absorbs an unusually large share of both the driver and customer activity.
0505591ad33e4fd7||0b82ae42e3883891,0505591ad33e4fd7,0b82ae42e3883891,KB-C_TIGHT_PAIR_SHARE,0.6164,,0.5,33.17,derived,The pair absorbs an unusually large share of both the driver and customer activity.
1e9e16bae86fb8fd||f83b8af127a3c2ac,1e9e16bae86fb8fd,f83b8af127a3c2ac,KB-C_TIGHT_PAIR_SHARE,0.6164,,0.5,27.58,derived,The pair absorbs an unusually large share of both the driver and customer activity.
2c3de002d29c6ca7||8e913410ca1bf7da,2c3de002d29c6ca7,8e913410ca1bf7da,KB-C_TIGHT_PAIR_SHARE,0.6164,,0.5,51.43,derived,The pair absorbs an unusually large share of both the driver and customer activity.
6af17a9fec4e1b0f||75e177a8777cf7c2,6af17a9fec4e1b0f,75e177a8777cf7c2,KB-C_TIGHT_PAIR_SHARE,0.6164,,0.5,27.74,derived,The pair absorbs an unusually large share of both the driver and customer activity.
72a5a561b03dbfb8||6e831490f71b1f3d,72a5a561b03dbfb8,6e831490f71b1f3d,KB-C_TIGHT_PAIR_SHARE,0.6164,,0.5,44.1,derived,The pair absorbs an unusually large share of both the driver and customer activity.
c8e57453ee7b29db||bfc8ac8a223a4bca,c8e57453ee7b29db,bfc8ac8a223a4bca,KB-C_TIGHT_PAIR_SHARE,0.6164,,0.5,31.67,derived,The pair absorbs an unusually large share of both the driver and customer activity.
6ff810634c4c05d2||75ec5c4f995b8146,6ff810634c4c05d2,75ec5c4f995b8146,KB-C_TIGHT_PAIR_SHARE,0.7645,,0.5,44.72,derived,The pair absorbs an unusually large share of both the driver and customer activity.
1e9ab19c0baf6c7f||28e82cbb2878172a,1e9ab19c0baf6c7f,28e82cbb2878172a,KB-C_TIGHT_PAIR_SHARE,0.6164,,0.5,27.51,derived,The pair absorbs an unusually large share of both the driver and customer activity.
7befb7ce8e219542||73ff5ba45a062901,7befb7ce8e219542,73ff5ba45a062901,KB-C_TIGHT_PAIR_SHARE,0.6174,,0.5,51.75,derived,The pair absorbs an unusually large share of both the driver and customer activity.
90b08fc62ec6441b||74b8ad67cde31132,90b08fc62ec6441b,74b8ad67cde31132,KB-C_TIGHT_PAIR_SHARE,0.7148,,0.5,49.04,derived,The pair absorbs an unusually large share of both the driver and customer activity.
139efb1cfd3897f6||55bf393f20aede28,139efb1cfd3897f6,55bf393f20aede28,KB-C_TIGHT_PAIR_SHARE,0.7871,,0.5,35.08,derived,The pair absorbs an unusually large share of both the driver and customer activity.
3c5fac8efd5ab89c||b6137ed72d20f110,3c5fac8efd5ab89c,b6137ed72d20f110,KB-C_TIGHT_PAIR_SHARE,0.7405,,0.5,44.74,derived,The pair absorbs an unusually large share of both the driver and customer activity.
fd5e71ebfd20eeea||8372331b69d2452e,fd5e71ebfd20eeea,8372331b69d2452e,KB-C_TIGHT_PAIR_SHARE,0.5937,,0.5,47.88,derived,The pair absorbs an unusually large share of both the driver and customer activity.
4c743e88cf802adf||9aa4a0ccccf9e4d3,4c743e88cf802adf,9aa4a0ccccf9e4d3,KB-C_TIGHT_PAIR_SHARE,0.7253,,0.5,45.26,derived,The pair absorbs an unusually large share of both the driver and customer activity.
93acaef9b4738727||cd2e395f8ada8c8f,93acaef9b4738727,cd2e395f8ada8c8f,KB-C_TIGHT_PAIR_SHARE,0.6564,,0.5,40.13,derived,The pair absorbs an unusually large share of both the driver and customer activity.
da2afb3ae684c9ad||8244ccb1e79c8d8f,da2afb3ae684c9ad,8244ccb1e79c8d8f,KB-C_TIGHT_PAIR_SHARE,0.679,,0.5,43.92,derived,The pair absorbs an unusually large share of both the driver and customer activity.
dc7f9bec55a8253b||5cfbcd0d7d30c09f,dc7f9bec55a8253b,5cfbcd0d7d30c09f,KB-C_TIGHT_PAIR_SHARE,0.7063,,0.5,39.57,derived,The pair absorbs an unusually large share of both the driver and customer activity.
878e399bfbc7e273||1d915b18ebb03e36,878e399bfbc7e273,1d915b18ebb03e36,KB-C_TIGHT_PAIR_SHARE,0.5745,,0.5,35.88,derived,The pair absorbs an unusually large share of both the driver and customer activity.
ac7d5f324aa6a2ec||2669dea7e86fae0c,ac7d5f324aa6a2ec,2669dea7e86fae0c,KB-C_TIGHT_PAIR_SHARE,0.6257,,0.5,38.97,derived,The pair absorbs an unusually large share of both the driver and customer activity.
60bfe2cfd01fe075||15de4d58b603356f,60bfe2cfd01fe075,15de4d58b603356f,KB-C_TIGHT_PAIR_SHARE,0.6973,,0.5,48.96,derived,The pair absorbs an unusually large share of both the driver and customer activity.
1c448d3ad0b14068||b6195ced5a22d256,1c448d3ad0b14068,b6195ced5a22d256,KB-C_TIGHT_PAIR_SHARE,0.6318,,0.5,43.81,derived,The pair absorbs an unusually large share of both the driver and customer activity.
73d7f070d2006b66||b07e65486273905e,73d7f070d2006b66,b07e65486273905e,KB-C_TIGHT_PAIR_SHARE,0.7294,,0.5,40.75,derived,The pair absorbs an unusually large share of both the driver and customer activity.
d429b6761fabccc8||8f8892e8ce3dc549,d429b6761fabccc8,8f8892e8ce3dc549,KB-C_TIGHT_PAIR_SHARE,0.6175,,0.5,51.36,derived,The pair absorbs an unusually large share of both the driver and customer activity.
0ac50e33034ddb52||c319d95ff6b6e6df,0ac50e33034ddb52,c319d95ff6b6e6df,KB-C_TIGHT_PAIR_SHARE,0.75,,0.5,48.12,derived,The pair absorbs an unusually large share of both the driver and customer activity.
bbed65f4b44c16c9||85f3d95e64193b5c,bbed65f4b44c16c9,85f3d95e64193b5c,KB-C_TIGHT_PAIR_SHARE,0.673,,0.5,42.86,derived,The pair absorbs an unusually large share of both the driver and customer activity.
0539a81b56b7960e||7db6a84fcac2a668,0539a81b56b7960e,7db6a84fcac2a668,KB-C_TIGHT_PAIR_SHARE,0.6426,,0.5,45.84,derived,The pair absorbs an unusually large share of both the driver and customer activity.
7368f6eefb12faad||ba685fe0f52f6d50,7368f6eefb12faad,ba685fe0f52f6d50,KB-C_TIGHT_PAIR_SHARE,0.6423,,0.5,43.18,derived,The pair absorbs an unusually large share of both the driver and customer activity.
76f43dc04198e3a6||bd69da6bbb89cb4c,76f43dc04198e3a6,bd69da6bbb89cb4c,KB-C_TIGHT_PAIR_SHARE,0.6267,,0.5,49.17,derived,The pair absorbs an unusually large share of both the driver and customer activity.
70c7caba889c36e5||0caff602343cf5e9,70c7caba889c36e5,0caff602343cf5e9,KB-C_TIGHT_PAIR_SHARE,0.6728,,0.5,49.77,derived,The pair absorbs an unusually large share of both the driver and customer activity.
c32a443c0ff7531a||86db076eb345568d,c32a443c0ff7531a,86db076eb345568d,KB-C_TIGHT_PAIR_SHARE,0.6369,,0.5,41.29,derived,The pair absorbs an unusually large share of both the driver and customer activity.
a7df70523542a9ea||200c1bb696d74f48,a7df70523542a9ea,200c1bb696d74f48,KB-C_TIGHT_PAIR_SHARE,0.6577,,0.5,40.53,derived,The pair absorbs an unusually large share of both the driver and customer activity.
0a977205db9cf63c||6110f5c1481e2a84,0a977205db9cf63c,6110f5c1481e2a84,KB-C_TIGHT_PAIR_SHARE,0.6216,,0.5,40.01,derived,The pair absorbs an unusually large share of both the driver and customer activity.
c9f29734288a83d7||fe9be7de046a23b3,c9f29734288a83d7,fe9be7de046a23b3,KB-C_TIGHT_PAIR_SHARE,0.7148,,0.5,48.11,derived,The pair absorbs an unusually large share of both the driver and customer activity.
d0cbd5169a6537fb||96d32eba1a11ea52,d0cbd5169a6537fb,96d32eba1a11ea52,KB-C_TIGHT_PAIR_SHARE,0.6352,,0.5,50.93,derived,The pair absorbs an unusually large share of both the driver and customer activity.
8b3acdfd3a10bde9||f5b6d53896dfb707,8b3acdfd3a10bde9,f5b6d53896dfb707,KB-C_TIGHT_PAIR_SHARE,0.5663,,0.5,49.39,derived,The pair absorbs an unusually large share of both the driver and customer activity.
a14a61d5fddec080||a8c69b5d256a31a6,a14a61d5fddec080,a8c69b5d256a31a6,KB-C_TIGHT_PAIR_SHARE,0.6961,,0.5,47.04,derived,The pair absorbs an unusually large share of both the driver and customer activity.
a55a58cd57481ec4||d2a0fa7b30a14a94,a55a58cd57481ec4,d2a0fa7b30a14a94,KB-C_TIGHT_PAIR_SHARE,0.5184,,0.5,49.08,derived,The pair absorbs an unusually large share of both the driver and customer activity.
a7f15e6584e04d53||c27d08e889e37357,a7f15e6584e04d53,c27d08e889e37357,KB-C_TIGHT_PAIR_SHARE,0.6481,,0.5,43.67,derived,The pair absorbs an unusually large share of both the driver and customer activity.
86c55b2bf0ec2f11||3da4ab2e1cfd4017,86c55b2bf0ec2f11,3da4ab2e1cfd4017,KB-C_TIGHT_PAIR_SHARE,0.6569,,0.5,47.67,derived,The pair absorbs an unusually large share of both the driver and customer activity.
3569be3b45eb45c4||0c5eea179cc51214,3569be3b45eb45c4,0c5eea179cc51214,KB-C_TIGHT_PAIR_SHARE,0.627,,0.5,39.26,derived,The pair absorbs an unusually large share of both the driver and customer activity.
8c892532d38ba577||39c991ff5639a3e9,8c892532d38ba577,39c991ff5639a3e9,KB-C_TIGHT_PAIR_SHARE,0.3551,,0.5,45.38,derived,The pair absorbs an unusually large share of both the driver and customer activity.
cd68f266461f708d||c2ba05545db896d5,cd68f266461f708d,c2ba05545db896d5,KB-C_TIGHT_PAIR_SHARE,0.5175,,0.5,39.12,derived,The pair absorbs an unusually large share of both the driver and customer activity.
6ac85211ad5c5789||c8185a3bf4012dae,6ac85211ad5c5789,c8185a3bf4012dae,KB-C_TIGHT_PAIR_SHARE,0.5999,,0.5,44.38,derived,The pair absorbs an unusually large share of both the driver and customer activity.
f83ba675966bd902||306881e0eba7a079,f83ba675966bd902,306881e0eba7a079,KB-C_TIGHT_PAIR_SHARE,0.6164,,0.5,25.0,derived,The pair absorbs an unusually large share of both the driver and customer activity.
1022107caf8a8fbc||03bd319415f1ce3f,1022107caf8a8fbc,03bd319415f1ce3f,KB-C_TIGHT_PAIR_SHARE,0.5907,,0.5,52.46,derived,The pair absorbs an unusually large share of both the driver and customer activity.
a2d092c888e689fe||7e89094fd8404208,a2d092c888e689fe,7e89094fd8404208,KB-C_TIGHT_PAIR_SHARE,0.64,,0.5,34.57,derived,The pair absorbs an unusually large share of both the driver and customer activity.
33c083b10c9726b7||e831dd2a08faea77,33c083b10c9726b7,e831dd2a08faea77,KB-C_TIGHT_PAIR_SHARE,0.7063,,0.5,43.43,derived,The pair absorbs an unusually large share of both the driver and customer activity.
5c49e7b84cee0187||06e31382add6bd8f,5c49e7b84cee0187,06e31382add6bd8f,KB-C_TIGHT_PAIR_SHARE,0.6052,,0.5,42.32,derived,The pair absorbs an unusually large share of both the driver and customer activity.
ec458cf469d5b281||4c8e3987921bdc56,ec458cf469d5b281,4c8e3987921bdc56,KB-C_TIGHT_PAIR_SHARE,0.6164,,0.5,32.62,derived,The pair absorbs an unusually large share of both the driver and customer activity.
a3def0add97e8d24||811c3bc8b0fff1ba,a3def0add97e8d24,811c3bc8b0fff1ba,KB-C_TIGHT_PAIR_SHARE,0.7464,,0.5,48.4,derived,The pair absorbs an unusually large share of both the driver and customer activity.
209a248b8e631d18||120cbedecbc6b70f,209a248b8e631d18,120cbedecbc6b70f,KB-C_TIGHT_PAIR_SHARE,0.6125,,0.5,36.69,derived,The pair absorbs an unusually large share of both the driver and customer activity.
9768fb2778c8542f||5b61f64db8e8a2b3,9768fb2778c8542f,5b61f64db8e8a2b3,KB-C_TIGHT_PAIR_SHARE,0.6164,,0.5,29.45,derived,The pair absorbs an unusually large share of both the driver and customer activity.
e68a66b698e67521||7aacb72a0f84cc21,e68a66b698e67521,7aacb72a0f84cc21,KB-C_TIGHT_PAIR_SHARE,0.6164,,0.5,28.71,derived,The pair absorbs an unusually large share of both the driver and customer activity.
9021a24fdf156353||ce2a687d7f1b8677,9021a24fdf156353,ce2a687d7f1b8677,KB-C_TIGHT_PAIR_SHARE,0.5908,,0.5,48.77,derived,The pair absorbs an unusually large share of both the driver and customer activity.
98032a135fe2c389||8cd86353603bf27b,98032a135fe2c389,8cd86353603bf27b,KB-C_TIGHT_PAIR_SHARE,0.5897,,0.5,46.11,derived,The pair absorbs an unusually large share of both the driver and customer activity.
fcf4d80d41cffe7d||5249641d0fff7fb8,fcf4d80d41cffe7d,5249641d0fff7fb8,KB-C_TIGHT_PAIR_SHARE,0.6145,,0.5,43.1,derived,The pair absorbs an unusually large share of both the driver and customer activity.
f90be4483497c7cc||31efde3e7c7dfeed,f90be4483497c7cc,31efde3e7c7dfeed,KB-C_TIGHT_PAIR_SHARE,0.5153,,0.5,44.58,derived,The pair absorbs an unusually large share of both the driver and customer activity.
fe9569ebac34f307||d491ffea52e86b0d,fe9569ebac34f307,d491ffea52e86b0d,KB-C_TIGHT_PAIR_SHARE,0.629,,0.5,41.42,derived,The pair absorbs an unusually large share of both the driver and customer activity.
d0065ae61f54fef9||7e9c63dd2bff2da9,d0065ae61f54fef9,7e9c63dd2bff2da9,KB-C_TIGHT_PAIR_SHARE,0.3959,,0.5,53.47,derived,The pair absorbs an unusually large share of both the driver and customer activity.
99cb7cb6b4101950||5db69378b6704acf,99cb7cb6b4101950,5db69378b6704acf,KB-C_TIGHT_PAIR_SHARE,0.6072,,0.5,48.88,derived,The pair absorbs an unusually large share of both the driver and customer activity.
8bf250d1d2c80b96||f8dfbcfc81b1a598,8bf250d1d2c80b96,f8dfbcfc81b1a598,KB-C_TIGHT_PAIR_SHARE,0.5999,,0.5,49.78,derived,The pair absorbs an unusually large share of both the driver and customer activity.
9c12e44befb21908||9973a3b0c841a5ec,9c12e44befb21908,9973a3b0c841a5ec,KB-C_TIGHT_PAIR_SHARE,0.656,,0.5,41.46,derived,The pair absorbs an unusually large share of both the driver and customer activity.
7211b98f46920e40||104bced700a7d913,7211b98f46920e40,104bced700a7d913,KB-C_TIGHT_PAIR_SHARE,0.6108,,0.5,47.5,derived,The pair absorbs an unusually large share of both the driver and customer activity.
1828570effc4cc32||aa24dc2e6c02b356,1828570effc4cc32,aa24dc2e6c02b356,KB-C_TIGHT_PAIR_SHARE,0.5829,,0.5,48.55,derived,The pair absorbs an unusually large share of both the driver and customer activity.
6486b27f4c823a0e||816b8ff669fb288c,6486b27f4c823a0e,816b8ff669fb288c,KB-C_TIGHT_PAIR_SHARE,0.5259,,0.5,46.14,derived,The pair absorbs an unusually large share of both the driver and customer activity.
71bd2702b4dec081||a86bef374bc7b8e6,71bd2702b4dec081,a86bef374bc7b8e6,KB-C_TIGHT_PAIR_SHARE,0.606,,0.5,47.88,derived,The pair absorbs an unusually large share of both the driver and customer activity.
f4608a0acfc807a6||1676d6c32b2588d1,f4608a0acfc807a6,1676d6c32b2588d1,KB-C_TIGHT_PAIR_SHARE,0.6662,,0.5,41.2,derived,The pair absorbs an unusually large share of both the driver and customer activity.
adb0fe6e6c3efdf1||4fd0ed8fda975166,adb0fe6e6c3efdf1,4fd0ed8fda975166,KB-C_TIGHT_PAIR_SHARE,0.6821,,0.5,46.04,derived,The pair absorbs an unusually large share of both the driver and customer activity.
d9920060ab3c4718||63d60e8c5a07a6a8,d9920060ab3c4718,63d60e8c5a07a6a8,KB-C_TIGHT_PAIR_SHARE,0.557,,0.5,47.66,derived,The pair absorbs an unusually large share of both the driver and customer activity.
00770340ce221481||ed3f4f5272ef63db,00770340ce221481,ed3f4f5272ef63db,KB-C_TIGHT_PAIR_SHARE,0.696,,0.5,40.44,derived,The pair absorbs an unusually large share of both the driver and customer activity.
51b6261c937701ca||acc20797cf030675,51b6261c937701ca,acc20797cf030675,KB-C_TIGHT_PAIR_SHARE,0.6257,,0.5,47.27,derived,The pair absorbs an unusually large share of both the driver and customer activity.
25b83bc3af3840ed||2c4213e3e18ab56f,25b83bc3af3840ed,2c4213e3e18ab56f,KB-C_TIGHT_PAIR_SHARE,0.6229,,0.5,48.34,derived,The pair absorbs an unusually large share of both the driver and customer activity.
2621150d9eadf4ca||dbb4059c3f90667f,2621150d9eadf4ca,dbb4059c3f90667f,KB-C_TIGHT_PAIR_SHARE,0.6145,,0.5,48.69,derived,The pair absorbs an unusually large share of both the driver and customer activity.
fb0fe62b752f3ad7||a65263bf7eda4b01,fb0fe62b752f3ad7,a65263bf7eda4b01,KB-C_TIGHT_PAIR_SHARE,0.6177,,0.5,49.51,derived,The pair absorbs an unusually large share of both the driver and customer activity.
77e4256285d37480||9068c3edf055a37e,77e4256285d37480,9068c3edf055a37e,KB-C_TIGHT_PAIR_SHARE,0.6587,,0.5,38.08,derived,The pair absorbs an unusually large share of both the driver and customer activity.
4aa48e74d20b253c||90e22432339b0201,4aa48e74d20b253c,90e22432339b0201,KB-C_TIGHT_PAIR_SHARE,0.7294,,0.5,55.87,derived,The pair absorbs an unusually large share of both the driver and customer activity.
ba1d56f7a69fa168||00439b9754480c93,ba1d56f7a69fa168,00439b9754480c93,KB-C_TIGHT_PAIR_SHARE,0.6831,,0.5,47.78,derived,The pair absorbs an unusually large share of both the driver and customer activity.
1cfe705dc495d3f1||146d9d580e1f8e8a,1cfe705dc495d3f1,146d9d580e1f8e8a,KB-C_TIGHT_PAIR_SHARE,0.6289,,0.5,40.71,derived,The pair absorbs an unusually large share of both the driver and customer activity.
1a59a47b10399307||d7b9b8dbb7a89c03,1a59a47b10399307,d7b9b8dbb7a89c03,KB-C_TIGHT_PAIR_SHARE,0.6577,,0.5,49.28,derived,The pair absorbs an unusually large share of both the driver and customer activity.
1d1f561c858fa6d8||c3d2908591cb7e0d,1d1f561c858fa6d8,c3d2908591cb7e0d,KB-C_TIGHT_PAIR_SHARE,0.6752,,0.5,45.67,derived,The pair absorbs an unusually large share of both the driver and customer activity.
866e5578ce575e99||6490f8755ba18bf5,866e5578ce575e99,6490f8755ba18bf5,KB-C_TIGHT_PAIR_SHARE,0.673,,0.5,48.64,derived,The pair absorbs an unusually large share of both the driver and customer activity.
36fb82a035123cbf||62416464f97da744,36fb82a035123cbf,62416464f97da744,KB-C_TIGHT_PAIR_SHARE,0.6527,,0.5,47.8,derived,The pair absorbs an unusually large share of both the driver and customer activity.
31026da1835b2169||031bd11aba63f513,31026da1835b2169,031bd11aba63f513,KB-C_TIGHT_PAIR_SHARE,0.6953,,0.5,39.06,derived,The pair absorbs an unusually large share of both the driver and customer activity.
072a21f2113355cd||b6b98a266064195b,072a21f2113355cd,b6b98a266064195b,KB-C_TIGHT_PAIR_SHARE,0.7187,,0.5,45.78,derived,The pair absorbs an unusually large share of both the driver and customer activity.
570aca56fdc94b66||09376c3601104bef,570aca56fdc94b66,09376c3601104bef,KB-C_TIGHT_PAIR_SHARE,0.5915,,0.5,38.54,derived,The pair absorbs an unusually large share of both the driver and customer activity.
53b754231bc06ac6||a478447cdad75431,53b754231bc06ac6,a478447cdad75431,KB-C_TIGHT_PAIR_SHARE,0.6582,,0.5,42.15,derived,The pair absorbs an unusually large share of both the driver and customer activity.
bf9db9dce49fa7ae||0f7c4f452502f87e,bf9db9dce49fa7ae,0f7c4f452502f87e,KB-C_TIGHT_PAIR_SHARE,0.592,,0.5,47.66,derived,The pair absorbs an unusually large share of both the driver and customer activity.
f99b8339c4458083||04f9c8b070d45b7b,f99b8339c4458083,04f9c8b070d45b7b,KB-C_TIGHT_PAIR_SHARE,0.6658,,0.5,44.1,derived,The pair absorbs an unusually large share of both the driver and customer activity.
a79af0d5ec214df7||5a2d5b902bb08050,a79af0d5ec214df7,5a2d5b902bb08050,KB-C_TIGHT_PAIR_SHARE,0.696,,0.5,36.78,derived,The pair absorbs an unusually large share of both the driver and customer activity.
c89b42c05d2daf93||3ee88bb0528b6dd4,c89b42c05d2daf93,3ee88bb0528b6dd4,KB-C_TIGHT_PAIR_SHARE,0.696,,0.5,35.76,derived,The pair absorbs an unusually large share of both the driver and customer activity.
fd4f4b8319ed7cc0||6dd6d8e48a498dc5,fd4f4b8319ed7cc0,6dd6d8e48a498dc5,KB-C_TIGHT_PAIR_SHARE,0.4894,,0.5,47.92,derived,The pair absorbs an unusually large share of both the driver and customer activity.
1cbc3891261661a5||0fbc0517d7ccb875,1cbc3891261661a5,0fbc0517d7ccb875,KB-C_TIGHT_PAIR_SHARE,0.5051,,0.5,46.6,derived,The pair absorbs an unusually large share of both the driver and customer activity.
d216dadeed5008e9||0c758bc5a8abd8bf,d216dadeed5008e9,0c758bc5a8abd8bf,KB-C_TIGHT_PAIR_SHARE,0.5626,,0.5,46.64,derived,The pair absorbs an unusually large share of both the driver and customer activity.
535e8e65aaa3f72e||46c5383aa4869178,535e8e65aaa3f72e,46c5383aa4869178,KB-C_TIGHT_PAIR_SHARE,0.4947,,0.5,47.08,derived,The pair absorbs an unusually large share of both the driver and customer activity.
40bd779ea7f0f445||eb1e1e75cf4bed3a,40bd779ea7f0f445,eb1e1e75cf4bed3a,KB-C_TIGHT_PAIR_SHARE,0.5533,,0.5,48.68,derived,The pair absorbs an unusually large share of both the driver and customer activity.
2855d45f9da1858b||7f1cf423dd81fb01,2855d45f9da1858b,7f1cf423dd81fb01,KB-C_TIGHT_PAIR_SHARE,0.6257,,0.5,38.68,derived,The pair absorbs an unusually large share of both the driver and customer activity.
ac05827af39af85b||3f5eed28ac3266b9,ac05827af39af85b,3f5eed28ac3266b9,KB-C_TIGHT_PAIR_SHARE,0.6481,,0.5,44.64,derived,The pair absorbs an unusually large share of both the driver and customer activity.
a2ff982d593ef5d9||13114fb87acddf53,a2ff982d593ef5d9,13114fb87acddf53,KB-C_TIGHT_PAIR_SHARE,0.5285,,0.5,45.85,derived,The pair absorbs an unusually large share of both the driver and customer activity.
2f4ff0449e7ece98||5cfd7cdb2761ce9f,2f4ff0449e7ece98,5cfd7cdb2761ce9f,KB-C_TIGHT_PAIR_SHARE,0.6365,,0.5,44.44,derived,The pair absorbs an unusually large share of both the driver and customer activity.
1964c0e04b0de7f3||4f91ae27c0478790,1964c0e04b0de7f3,4f91ae27c0478790,KB-C_TIGHT_PAIR_SHARE,0.6352,,0.5,47.44,derived,The pair absorbs an unusually large share of both the driver and customer activity.
8e993736d7a0bdcf||faf5a2b1b293e046,8e993736d7a0bdcf,faf5a2b1b293e046,KB-C_TIGHT_PAIR_SHARE,0.4176,,0.5,45.12,derived,The pair absorbs an unusually large share of both the driver and customer activity.
a7647b9a93aa0d10||215ff117173a3f78,a7647b9a93aa0d10,215ff117173a3f78,KB-C_TIGHT_PAIR_SHARE,0.4176,,0.5,45.6,derived,The pair absorbs an unusually large share of both the driver and customer activity.
abca6b2b4cd2fba6||844120cb4d4f9013,abca6b2b4cd2fba6,844120cb4d4f9013,KB-C_TIGHT_PAIR_SHARE,0.5168,,0.5,45.36,derived,The pair absorbs an unusually large share of both the driver and customer activity.
75fe75ad477196aa||0343be259256f03c,75fe75ad477196aa,0343be259256f03c,KB-C_TIGHT_PAIR_SHARE,0.6686,,0.5,42.05,derived,The pair absorbs an unusually large share of both the driver and customer activity.
f65d3d5c34e3052a||7026d665dca1ef2d,f65d3d5c34e3052a,7026d665dca1ef2d,KB-C_TIGHT_PAIR_SHARE,0.6134,,0.5,42.56,derived,The pair absorbs an unusually large share of both the driver and customer activity.
49e7c2d47f318a0f||11471c4b47abcba9,49e7c2d47f318a0f,11471c4b47abcba9,KB-C_TIGHT_PAIR_SHARE,0.5489,,0.5,48.0,derived,The pair absorbs an unusually large share of both the driver and customer activity.
1e4eb6e11c83167d||6ce6b17d4e77cdf4,1e4eb6e11c83167d,6ce6b17d4e77cdf4,KB-C_TIGHT_PAIR_SHARE,0.5853,,0.5,45.26,derived,The pair absorbs an unusually large share of both the driver and customer activity.
4fd03fb810fcd3c3||91f7d6b428016139,4fd03fb810fcd3c3,91f7d6b428016139,KB-C_TIGHT_PAIR_SHARE,0.5771,,0.5,46.81,derived,The pair absorbs an unusually large share of both the driver and customer activity.
a6362216194c7591||4f7f4c1947224b7e,a6362216194c7591,4f7f4c1947224b7e,KB-C_TIGHT_PAIR_SHARE,0.5195,,0.5,45.38,derived,The pair absorbs an unusually large share of both the driver and customer activity.
f43556d6fdf1d584||65d66a318b25907c,f43556d6fdf1d584,65d66a318b25907c,KB-C_TIGHT_PAIR_SHARE,0.6727,,0.5,40.05,derived,The pair absorbs an unusually large share of both the driver and customer activity.
d453440c5feb96ec||72b86be33a9770fd,d453440c5feb96ec,72b86be33a9770fd,KB-C_TIGHT_PAIR_SHARE,0.6564,,0.5,45.26,derived,The pair absorbs an unusually large share of both the driver and customer activity.
eca2d01daf17a7ed||05cd5463ca69947a,eca2d01daf17a7ed,05cd5463ca69947a,KB-C_TIGHT_PAIR_SHARE,0.5687,,0.5,39.08,derived,The pair absorbs an unusually large share of both the driver and customer activity.
add6a3a2b1dc1b52||5d3cc2f0f24da340,add6a3a2b1dc1b52,5d3cc2f0f24da340,KB-C_TIGHT_PAIR_SHARE,0.5765,,0.5,48.65,derived,The pair absorbs an unusually large share of both the driver and customer activity.
7e62d782d2f90a4a||221e2266a043b91e,7e62d782d2f90a4a,221e2266a043b91e,KB-C_TIGHT_PAIR_SHARE,0.6554,,0.5,41.93,derived,The pair absorbs an unusually large share of both the driver and customer activity.
aaec82964a8db8c3||f5070e51004d8b10,aaec82964a8db8c3,f5070e51004d8b10,KB-C_TIGHT_PAIR_SHARE,0.6873,,0.5,61.89,derived,The pair absorbs an unusually large share of both the driver and customer activity.
7246ed9979c3be0f||b607e4dccf9c8af1,7246ed9979c3be0f,b607e4dccf9c8af1,KB-C_TIGHT_PAIR_SHARE,0.6481,,0.5,44.33,derived,The pair absorbs an unusually large share of both the driver and customer activity.
4388bf88f619a8f2||51cba4837e3aa8e3,4388bf88f619a8f2,51cba4837e3aa8e3,KB-C_TIGHT_PAIR_SHARE,0.5161,,0.5,43.43,derived,The pair absorbs an unusually large share of both the driver and customer activity.
62af3e1f62497a6a||d0d6e1dad4e03344,62af3e1f62497a6a,d0d6e1dad4e03344,KB-C_TIGHT_PAIR_SHARE,0.4703,,0.5,47.85,derived,The pair absorbs an unusually large share of both the driver and customer activity.
72d97aafe9200fa7||19d8ccb251d42091,72d97aafe9200fa7,19d8ccb251d42091,KB-C_TIGHT_PAIR_SHARE,0.5309,,0.5,47.98,derived,The pair absorbs an unusually large share of both the driver and customer activity.
455af235d85f4e4a||57ef926d0b78b080,455af235d85f4e4a,57ef926d0b78b080,KB-C_TIGHT_PAIR_SHARE,0.64,,0.5,46.17,derived,The pair absorbs an unusually large share of both the driver and customer activity.
e9d73783535c76f6||2e2b22a4aedb65e4,e9d73783535c76f6,2e2b22a4aedb65e4,KB-C_TIGHT_PAIR_SHARE,0.6577,,0.5,35.99,derived,The pair absorbs an unusually large share of both the driver and customer activity.
dc084ac91d4ee799||fd3ddff52a2fe154,dc084ac91d4ee799,fd3ddff52a2fe154,KB-C_TIGHT_PAIR_SHARE,0.6119,,0.5,50.14,derived,The pair absorbs an unusually large share of both the driver and customer activity.
768f77edea6ed664||89b58bcad5cd30a3,768f77edea6ed664,89b58bcad5cd30a3,KB-C_TIGHT_PAIR_SHARE,0.5641,,0.5,47.44,derived,The pair absorbs an unusually large share of both the driver and customer activity.
47538899bbd7e37f||2cc89be476d14d2d,47538899bbd7e37f,2cc89be476d14d2d,KB-C_TIGHT_PAIR_SHARE,0.6093,,0.5,39.38,derived,The pair absorbs an unusually large share of both the driver and customer activity.
1f3707b089d5420a||10012ca858f62242,1f3707b089d5420a,10012ca858f62242,KB-C_TIGHT_PAIR_SHARE,0.506,,0.5,42.37,derived,The pair absorbs an unusually large share of both the driver and customer activity.
66c5b71be0e63cc7||8563a5c3fc3b5716,66c5b71be0e63cc7,8563a5c3fc3b5716,KB-C_TIGHT_PAIR_SHARE,0.525,,0.5,42.18,derived,The pair absorbs an unusually large share of both the driver and customer activity.
36b216544e16f015||caea6450612b15d7,36b216544e16f015,caea6450612b15d7,KB-C_TIGHT_PAIR_SHARE,0.5208,,0.5,38.54,derived,The pair absorbs an unusually large share of both the driver and customer activity.
24f9a99760d18b6a||65ae97d0ef3f60a9,24f9a99760d18b6a,65ae97d0ef3f60a9,KB-C_TIGHT_PAIR_SHARE,0.5634,,0.5,46.78,derived,The pair absorbs an unusually large share of both the driver and customer activity.
5878c38d8a3e7079||39c483ffc808cb2a,5878c38d8a3e7079,39c483ffc808cb2a,KB-C_TIGHT_PAIR_SHARE,0.629,,0.5,40.14,derived,The pair absorbs an unusually large share of both the driver and customer activity.
d55bb19e62fdcba1||d0e5b1dd23621925,d55bb19e62fdcba1,d0e5b1dd23621925,KB-C_TIGHT_PAIR_SHARE,0.6345,,0.5,33.54,derived,The pair absorbs an unusually large share of both the driver and customer activity.
661e3d75e226c2f9||3c6eee5bb9240bad,661e3d75e226c2f9,3c6eee5bb9240bad,KB-C_TIGHT_PAIR_SHARE,0.6728,,0.5,45.12,derived,The pair absorbs an unusually large share of both the driver and customer activity.
f6d353fbca15af36||776e9ed5a51fe9d0,f6d353fbca15af36,776e9ed5a51fe9d0,KB-C_TIGHT_PAIR_SHARE,0.5342,,0.5,38.29,derived,The pair absorbs an unusually large share of both the driver and customer activity.
a7629275523a7741||9dd47e260070bb92,a7629275523a7741,9dd47e260070bb92,KB-C_TIGHT_PAIR_SHARE,0.556,,0.5,32.68,derived,The pair absorbs an unusually large share of both the driver and customer activity.
8a7479888f62fc07||b4b91027d3ae32cd,8a7479888f62fc07,b4b91027d3ae32cd,KB-C_TIGHT_PAIR_SHARE,0.5855,,0.5,40.63,derived,The pair absorbs an unusually large share of both the driver and customer activity.
7370b6f272bba1e8||489ebee5b9e7190d,7370b6f272bba1e8,489ebee5b9e7190d,KB-C_TIGHT_PAIR_SHARE,0.531,,0.5,40.97,derived,The pair absorbs an unusually large share of both the driver and customer activity.
2fb30b05225a816f||dfea839d547dd4b1,2fb30b05225a816f,dfea839d547dd4b1,KB-C_TIGHT_PAIR_SHARE,0.5176,,0.5,43.49,derived,The pair absorbs an unusually large share of both the driver and customer activity.
e77ac3dee5bf92c2||f8cad5e7cc8db4d0,e77ac3dee5bf92c2,f8cad5e7cc8db4d0,KB-C_TIGHT_PAIR_SHARE,0.7187,,0.5,44.38,derived,The pair absorbs an unusually large share of both the driver and customer activity.
c200a937b0d05b58||da5395e23fb77e8b,c200a937b0d05b58,da5395e23fb77e8b,KB-C_TIGHT_PAIR_SHARE,0.4676,,0.5,40.07,derived,The pair absorbs an unusually large share of both the driver and customer activity.
d642734b8aad119e||f9fea46b434d7db7,d642734b8aad119e,f9fea46b434d7db7,KB-C_TIGHT_PAIR_SHARE,0.62,,0.5,37.72,derived,The pair absorbs an unusually large share of both the driver and customer activity.
06d43b133ae6fc47||17a2a0784fef34c9,06d43b133ae6fc47,17a2a0784fef34c9,KB-C_TIGHT_PAIR_SHARE,0.4792,,0.5,48.4,derived,The pair absorbs an unusually large share of both the driver and customer activity.
835785cfa8eab704||f0eef6fdc3c5849a,835785cfa8eab704,f0eef6fdc3c5849a,KB-C_TIGHT_PAIR_SHARE,0.5724,,0.5,47.46,derived,The pair absorbs an unusually large share of both the driver and customer activity.
8d224d5393896dda||96e859633e6274b0,8d224d5393896dda,96e859633e6274b0,KB-C_TIGHT_PAIR_SHARE,0.5379,,0.5,45.88,derived,The pair absorbs an unusually large share of both the driver and customer activity.
4291ffa3348326ff||b772c1e657662f26,4291ffa3348326ff,b772c1e657662f26,KB-C_TIGHT_PAIR_SHARE,0.3867,,0.5,41.8,derived,The pair absorbs an unusually large share of both the driver and customer activity.
c5143d69ed0c39aa||d5f3e83716640ade,c5143d69ed0c39aa,d5f3e83716640ade,KB-C_TIGHT_PAIR_SHARE,0.5944,,0.5,36.86,derived,The pair absorbs an unusually large share of both the driver and customer activity.
ea438011c7df2552||9e03abf7515e9018,ea438011c7df2552,9e03abf7515e9018,KB-C_TIGHT_PAIR_SHARE,0.5859,,0.5,42.32,derived,The pair absorbs an unusually large share of both the driver and customer activity.
7c67f3e9755d8011||b438605c19e0f40f,7c67f3e9755d8011,b438605c19e0f40f,KB-C_TIGHT_PAIR_SHARE,0.3837,,0.5,41.76,derived,The pair absorbs an unusually large share of both the driver and customer activity.
c2e3dc5eef67a5ea||f294bf949899b69f,c2e3dc5eef67a5ea,f294bf949899b69f,KB-C_TIGHT_PAIR_SHARE,0.64,,0.5,43.16,derived,The pair absorbs an unusually large share of both the driver and customer activity.
25c88c2c1219214a||0e28cc507833a628,25c88c2c1219214a,0e28cc507833a628,KB-C_TIGHT_PAIR_SHARE,0.5618,,0.5,43.7,derived,The pair absorbs an unusually large share of both the driver and customer activity.
2f69145fbaab2968||bdf8d991b12e6b81,2f69145fbaab2968,bdf8d991b12e6b81,KB-C_TIGHT_PAIR_SHARE,0.628,,0.5,45.03,derived,The pair absorbs an unusually large share of both the driver and customer activity.
ba3dd8516d33712f||afd48ca3d7462ca6,ba3dd8516d33712f,afd48ca3d7462ca6,KB-C_TIGHT_PAIR_SHARE,0.5457,,0.5,36.5,derived,The pair absorbs an unusually large share of both the driver and customer activity.
f570d1f2b4f754fe||61f882ceb4384cd2,f570d1f2b4f754fe,61f882ceb4384cd2,KB-C_TIGHT_PAIR_SHARE,0.5168,,0.5,47.9,derived,The pair absorbs an unusually large share of both the driver and customer activity.
029085d5e2a48678||e53349cbaf1a64ad,029085d5e2a48678,e53349cbaf1a64ad,KB-C_TIGHT_PAIR_SHARE,0.656,,0.5,36.56,derived,The pair absorbs an unusually large share of both the driver and customer activity.
da6fe6a511808fd0||ae21ee12826bdc6e,da6fe6a511808fd0,ae21ee12826bdc6e,KB-C_TIGHT_PAIR_SHARE,0.6257,,0.5,38.75,derived,The pair absorbs an unusually large share of both the driver and customer activity.
b3a852ae65f064c8||a4276b2b13f59fbb,b3a852ae65f064c8,a4276b2b13f59fbb,KB-C_TIGHT_PAIR_SHARE,0.6134,,0.5,47.4,derived,The pair absorbs an unusually large share of both the driver and customer activity.
c3a7827c60bef9aa||1fd25e8eee9a67af,c3a7827c60bef9aa,1fd25e8eee9a67af,KB-C_TIGHT_PAIR_SHARE,0.6104,,0.5,39.52,derived,The pair absorbs an unusually large share of both the driver and customer activity.
15c72372f4ebc17d||67d0f9dcd3cd733f,15c72372f4ebc17d,67d0f9dcd3cd733f,KB-C_TIGHT_PAIR_SHARE,0.683,,0.5,43.65,derived,The pair absorbs an unusually large share of both the driver and customer activity.
d668255acfdeddff||ea664b06d4c9f652,d668255acfdeddff,ea664b06d4c9f652,KB-C_TIGHT_PAIR_SHARE,0.4537,,0.5,43.81,derived,The pair absorbs an unusually large share of both the driver and customer activity.
9c8688935f340e53||6bee3f20a83ae153,9c8688935f340e53,6bee3f20a83ae153,KB-C_TIGHT_PAIR_SHARE,0.5604,,0.5,47.89,derived,The pair absorbs an unusually large share of both the driver and customer activity.
0efdf72fcb6bbbc0||80ac44fef859617c,0efdf72fcb6bbbc0,80ac44fef859617c,KB-C_TIGHT_PAIR_SHARE,0.696,,0.5,37.66,derived,The pair absorbs an unusually large share of both the driver and customer activity.
f12c86ab2bcf8178||4f792e94c929ebe1,f12c86ab2bcf8178,4f792e94c929ebe1,KB-C_TIGHT_PAIR_SHARE,0.696,,0.5,36.42,derived,The pair absorbs an unusually large share of both the driver and customer activity.
681891fa8aa9f41b||cdd356ed4c426591,681891fa8aa9f41b,cdd356ed4c426591,KB-C_TIGHT_PAIR_SHARE,0.5352,,0.5,46.67,derived,The pair absorbs an unusually large share of both the driver and customer activity.
66e2ec6894eed7c0||28ebe69d0f9395e8,66e2ec6894eed7c0,28ebe69d0f9395e8,KB-C_TIGHT_PAIR_SHARE,0.3191,,0.5,57.88,derived,The pair absorbs an unusually large share of both the driver and customer activity.
9295bda703ebb07c||06bcb3d0402c09a7,9295bda703ebb07c,06bcb3d0402c09a7,KB-C_TIGHT_PAIR_SHARE,0.64,,0.5,42.09,derived,The pair absorbs an unusually large share of both the driver and customer activity.
b08523ead717660e||093d104d8bceda7e,b08523ead717660e,093d104d8bceda7e,KB-C_TIGHT_PAIR_SHARE,0.5494,,0.5,44.14,derived,The pair absorbs an unusually large share of both the driver and customer activity.
7a9e250ff00850e1||2b7015872e692b24,7a9e250ff00850e1,2b7015872e692b24,KB-C_TIGHT_PAIR_SHARE,0.629,,0.5,46.62,derived,The pair absorbs an unusually large share of both the driver and customer activity.
b462eb79e1d911b1||45ff5f1734fd4ab0,b462eb79e1d911b1,45ff5f1734fd4ab0,KB-C_TIGHT_PAIR_SHARE,0.5337,,0.5,41.49,derived,The pair absorbs an unusually large share of both the driver and customer activity.
e1971c9d6276d445||70493717aae4412c,e1971c9d6276d445,70493717aae4412c,KB-C_TIGHT_PAIR_SHARE,0.5078,,0.5,42.43,derived,The pair absorbs an unusually large share of both the driver and customer activity.
6ab382d48ce5fb4c||441fb4d1592c46ac,6ab382d48ce5fb4c,441fb4d1592c46ac,KB-C_TIGHT_PAIR_SHARE,0.588,,0.5,47.61,derived,The pair absorbs an unusually large share of both the driver and customer activity.
76b838517a5803d0||d8c18320795c6631,76b838517a5803d0,d8c18320795c6631,KB-C_TIGHT_PAIR_SHARE,0.5907,,0.5,47.72,derived,The pair absorbs an unusually large share of both the driver and customer activity.
065c763e856f1601||d4451c264d27d378,065c763e856f1601,d4451c264d27d378,KB-C_TIGHT_PAIR_SHARE,0.64,,0.5,51.28,derived,The pair absorbs an unusually large share of both the driver and customer activity.
b9162eacd69bdaf3||516d43dec7f530fd,b9162eacd69bdaf3,516d43dec7f530fd,KB-C_TIGHT_PAIR_SHARE,0.64,,0.5,54.37,derived,The pair absorbs an unusually large share of both the driver and customer activity.
2e99294ba536730c||356007fd38805236,2e99294ba536730c,356007fd38805236,KB-C_TIGHT_PAIR_SHARE,0.6257,,0.5,43.14,derived,The pair absorbs an unusually large share of both the driver and customer activity.
ca17e1d5cd2e53e6||4f5bd502c05ce442,ca17e1d5cd2e53e6,4f5bd502c05ce442,KB-C_TIGHT_PAIR_SHARE,0.4176,,0.5,39.36,derived,The pair absorbs an unusually large share of both the driver and customer activity.
8dde76fb68a4e97a||1d5acfebf79d2c9b,8dde76fb68a4e97a,1d5acfebf79d2c9b,KB-C_TIGHT_PAIR_SHARE,0.629,,0.5,43.54,derived,The pair absorbs an unusually large share of both the driver and customer activity.
1f750ea67820917a||68d2dc28899fbe71,1f750ea67820917a,68d2dc28899fbe71,KB-C_TIGHT_PAIR_SHARE,0.4664,,0.5,50.68,derived,The pair absorbs an unusually large share of both the driver and customer activity.
074f9586d4df4699||e86bb846ddac97d1,074f9586d4df4699,e86bb846ddac97d1,KB-C_TIGHT_PAIR_SHARE,0.5525,,0.5,39.89,derived,The pair absorbs an unusually large share of both the driver and customer activity.
1f8e872b216ce0ae||83fdc59c5686db7a,1f8e872b216ce0ae,83fdc59c5686db7a,KB-C_TIGHT_PAIR_SHARE,0.5284,,0.5,40.27,derived,The pair absorbs an unusually large share of both the driver and customer activity.
4401adf7b70fb6a8||796d1a27851b23b4,4401adf7b70fb6a8,796d1a27851b23b4,KB-C_TIGHT_PAIR_SHARE,0.64,,0.5,38.94,derived,The pair absorbs an unusually large share of both the driver and customer activity.
49f69971c6bb3597||ff821cfa12f681b2,49f69971c6bb3597,ff821cfa12f681b2,KB-C_TIGHT_PAIR_SHARE,0.5958,,0.5,38.57,derived,The pair absorbs an unusually large share of both the driver and customer activity.
4ee67ef6ecca0555||20f0fb56e7906991,4ee67ef6ecca0555,20f0fb56e7906991,KB-C_TIGHT_PAIR_SHARE,0.696,,0.5,42.78,derived,The pair absorbs an unusually large share of both the driver and customer activity.
e7f4644f5961f254||50490fc62991d973,e7f4644f5961f254,50490fc62991d973,KB-C_TIGHT_PAIR_SHARE,0.5199,,0.5,35.66,derived,The pair absorbs an unusually large share of both the driver and customer activity.
c2a5f5908f8297b6||416ba3aa38b45ef4,c2a5f5908f8297b6,416ba3aa38b45ef4,KB-C_TIGHT_PAIR_SHARE,0.6564,,0.5,40.98,derived,The pair absorbs an unusually large share of both the driver and customer activity.
39f09ad8625c0a20||e8e5e79752c96140,39f09ad8625c0a20,e8e5e79752c96140,KB-C_TIGHT_PAIR_SHARE,0.4808,,0.5,43.89,derived,The pair absorbs an unusually large share of both the driver and customer activity.
93f706c50ef14859||7194bc1945d649c5,93f706c50ef14859,7194bc1945d649c5,KB-C_TIGHT_PAIR_SHARE,0.5651,,0.5,45.02,derived,The pair absorbs an unusually large share of both the driver and customer activity.
837d494a8cc048a9||df03895f23241ab8,837d494a8cc048a9,df03895f23241ab8,KB-C_TIGHT_PAIR_SHARE,0.4857,,0.5,42.98,derived,The pair absorbs an unusually large share of both the driver and customer activity.
74c4443c222af69e||f279a1801550ed64,74c4443c222af69e,f279a1801550ed64,KB-C_TIGHT_PAIR_SHARE,0.4117,,0.5,26.4,derived,The pair absorbs an unusually large share of both the driver and customer activity.
233ee0c48d4846e1||0ecf0f70cda3f5a7,233ee0c48d4846e1,0ecf0f70cda3f5a7,KB-C_TIGHT_PAIR_SHARE,0.5622,,0.5,39.54,derived,The pair absorbs an unusually large share of both the driver and customer activity.
839d8448b00b8529||2d9edea3207d3a8f,839d8448b00b8529,2d9edea3207d3a8f,KB-C_TIGHT_PAIR_SHARE,0.509,,0.5,47.18,derived,The pair absorbs an unusually large share of both the driver and customer activity.
482a087a911b48db||f5de01d5035cf29d,482a087a911b48db,f5de01d5035cf29d,KB-C_TIGHT_PAIR_SHARE,0.6093,,0.5,40.71,derived,The pair absorbs an unusually large share of both the driver and customer activity.
21164a1333e62406||2b41df2d36a53608,21164a1333e62406,2b41df2d36a53608,KB-C_TIGHT_PAIR_SHARE,0.6481,,0.5,38.36,derived,The pair absorbs an unusually large share of both the driver and customer activity.
49ac003a891fec94||64acbb8c9f04432a,49ac003a891fec94,64acbb8c9f04432a,KB-C_TIGHT_PAIR_SHARE,0.5167,,0.5,48.24,derived,The pair absorbs an unusually large share of both the driver and customer activity.
a0b07bbebfa3d791||cc2f8a8300a5484e,a0b07bbebfa3d791,cc2f8a8300a5484e,KB-C_TIGHT_PAIR_SHARE,0.6384,,0.5,39.4,derived,The pair absorbs an unusually large share of both the driver and customer activity.
347264c45064cdd1||c81b8f640a0f302b,347264c45064cdd1,c81b8f640a0f302b,KB-C_TIGHT_PAIR_SHARE,0.4784,,0.5,40.05,derived,The pair absorbs an unusually large share of both the driver and customer activity.
fcd7020e4c4a53d0||a5f2000b4df1374d,fcd7020e4c4a53d0,a5f2000b4df1374d,KB-C_TIGHT_PAIR_SHARE,0.5235,,0.5,39.48,derived,The pair absorbs an unusually large share of both the driver and customer activity.
93304041b749303c||9b994bed56abdc1d,93304041b749303c,9b994bed56abdc1d,KB-C_TIGHT_PAIR_SHARE,0.5634,,0.5,40.31,derived,The pair absorbs an unusually large share of both the driver and customer activity.
f2117533b66578a9||7c48a7ccf2bdecc8,f2117533b66578a9,7c48a7ccf2bdecc8,KB-C_TIGHT_PAIR_SHARE,0.5853,,0.5,44.41,derived,The pair absorbs an unusually large share of both the driver and customer activity.
e2239f66d16bad25||6992ca49dff46d60,e2239f66d16bad25,6992ca49dff46d60,KB-C_TIGHT_PAIR_SHARE,0.5494,,0.5,44.34,derived,The pair absorbs an unusually large share of both the driver and customer activity.
33caad945262f762||f0eb9c89a8f88566,33caad945262f762,f0eb9c89a8f88566,KB-C_TIGHT_PAIR_SHARE,0.6138,,0.5,45.94,derived,The pair absorbs an unusually large share of both the driver and customer activity.
97e064518e105a83||65cc0724efd3100e,97e064518e105a83,65cc0724efd3100e,KB-C_TIGHT_PAIR_SHARE,0.5338,,0.5,37.59,derived,The pair absorbs an unusually large share of both the driver and customer activity.
253a044ce34379a0||a23a48da79e21063,253a044ce34379a0,a23a48da79e21063,KB-C_TIGHT_PAIR_SHARE,0.5304,,0.5,34.04,derived,The pair absorbs an unusually large share of both the driver and customer activity.
530c45f460a50fe5||75616316b281cd1e,530c45f460a50fe5,75616316b281cd1e,KB-C_TIGHT_PAIR_SHARE,0.5999,,0.5,43.52,derived,The pair absorbs an unusually large share of both the driver and customer activity.
596d68d26c54db44||be46a853dc66eec8,596d68d26c54db44,be46a853dc66eec8,KB-C_TIGHT_PAIR_SHARE,0.5068,,0.5,40.19,derived,The pair absorbs an unusually large share of both the driver and customer activity.
e8f54b3c7b58608b||e75e1c9234c57a63,e8f54b3c7b58608b,e75e1c9234c57a63,KB-C_TIGHT_PAIR_SHARE,0.5068,,0.5,40.25,derived,The pair absorbs an unusually large share of both the driver and customer activity.
73021c54dda571ae||cab98da4250978f3,73021c54dda571ae,cab98da4250978f3,KB-C_TIGHT_PAIR_SHARE,0.6587,,0.5,34.0,derived,The pair absorbs an unusually large share of both the driver and customer activity.
6b09a7a88829d6c3||2a960e72f4e8a6ab,6b09a7a88829d6c3,2a960e72f4e8a6ab,KB-C_TIGHT_PAIR_SHARE,0.6221,,0.5,44.37,derived,The pair absorbs an unusually large share of both the driver and customer activity.
aa7f21a21bd89e8a||1cfb227996e9a502,aa7f21a21bd89e8a,1cfb227996e9a502,KB-C_TIGHT_PAIR_SHARE,0.6221,,0.5,38.47,derived,The pair absorbs an unusually large share of both the driver and customer activity.
6afdb11e3d876037||aed8f87c6814e94e,6afdb11e3d876037,aed8f87c6814e94e,KB-C_TIGHT_PAIR_SHARE,0.5902,,0.5,39.8,derived,The pair absorbs an unusually large share of both the driver and customer activity.
9f37b557221202c5||d72a8d2ed5ce706f,9f37b557221202c5,d72a8d2ed5ce706f,KB-C_TIGHT_PAIR_SHARE,0.5763,,0.5,39.27,derived,The pair absorbs an unusually large share of both the driver and customer activity.
ccf75c31af4079eb||d147869648f3e847,ccf75c31af4079eb,d147869648f3e847,KB-C_TIGHT_PAIR_SHARE,0.5855,,0.5,39.77,derived,The pair absorbs an unusually large share of both the driver and customer activity.
d75a3daa79605185||b6cb99f649541fd0,d75a3daa79605185,b6cb99f649541fd0,KB-C_TIGHT_PAIR_SHARE,0.6119,,0.5,45.34,derived,The pair absorbs an unusually large share of both the driver and customer activity.
62e53009279d220f||b8ad41032c8bb07e,62e53009279d220f,b8ad41032c8bb07e,KB-C_TIGHT_PAIR_SHARE,0.4808,,0.5,41.32,derived,The pair absorbs an unusually large share of both the driver and customer activity.
679e5be8a5c259d1||ea79424362ac4271,679e5be8a5c259d1,ea79424362ac4271,KB-C_TIGHT_PAIR_SHARE,0.531,,0.5,41.55,derived,The pair absorbs an unusually large share of both the driver and customer activity.
023f52e48d1ad128||784ca6b743abf41b,023f52e48d1ad128,784ca6b743abf41b,KB-C_TIGHT_PAIR_SHARE,0.4895,,0.5,30.92,derived,The pair absorbs an unusually large share of both the driver and customer activity.
b6244cab15f690aa||cdd6f632560019c8,b6244cab15f690aa,cdd6f632560019c8,KB-C_TIGHT_PAIR_SHARE,0.5869,,0.5,42.52,derived,The pair absorbs an unusually large share of both the driver and customer activity.
47af867ce877154c||b8acd8e32b760a2b,47af867ce877154c,b8acd8e32b760a2b,KB-C_TIGHT_PAIR_SHARE,0.5999,,0.5,43.48,derived,The pair absorbs an unusually large share of both the driver and customer activity.
1ea6e292782a86d5||ea398e884a5cb21d,1ea6e292782a86d5,ea398e884a5cb21d,KB-C_TIGHT_PAIR_SHARE,0.5944,,0.5,38.3,derived,The pair absorbs an unusually large share of both the driver and customer activity.
04a9ec6821110c1f||f89b8475159ebc99,04a9ec6821110c1f,f89b8475159ebc99,KB-C_TIGHT_PAIR_SHARE,0.5522,,0.5,42.44,derived,The pair absorbs an unusually large share of both the driver and customer activity.
7bb07e94d0706fca||d5e6a4de2d95b199,7bb07e94d0706fca,d5e6a4de2d95b199,KB-C_TIGHT_PAIR_SHARE,0.5252,,0.5,43.94,derived,The pair absorbs an unusually large share of both the driver and customer activity.
63c41aad7b8121a5||036762349cc59d3a,63c41aad7b8121a5,036762349cc59d3a,KB-C_TIGHT_PAIR_SHARE,0.426,,0.5,41.81,derived,The pair absorbs an unusually large share of both the driver and customer activity.
9715aaceb208ed3b||72e5f7c066605741,9715aaceb208ed3b,72e5f7c066605741,KB-C_TIGHT_PAIR_SHARE,0.426,,0.5,51.02,derived,The pair absorbs an unusually large share of both the driver and customer activity.
0fece9ac92bc431b||e69de64123980b5d,0fece9ac92bc431b,e69de64123980b5d,KB-C_TIGHT_PAIR_SHARE,0.5018,,0.5,41.5,derived,The pair absorbs an unusually large share of both the driver and customer activity.
666a3092872a7877||c1de173350852133,666a3092872a7877,c1de173350852133,KB-C_TIGHT_PAIR_SHARE,0.5439,,0.5,45.87,derived,The pair absorbs an unusually large share of both the driver and customer activity.
b62beeb5e4a0a91d||4d3597b64605c678,b62beeb5e4a0a91d,4d3597b64605c678,KB-C_TIGHT_PAIR_SHARE,0.5332,,0.5,43.56,derived,The pair absorbs an unusually large share of both the driver and customer activity.
40acf18c210f9269||dfed23b230b12326,40acf18c210f9269,dfed23b230b12326,KB-C_TIGHT_PAIR_SHARE,0.59,,0.5,45.79,derived,The pair absorbs an unusually large share of both the driver and customer activity.
373ad0220443d475||b1906e333b1b538a,373ad0220443d475,b1906e333b1b538a,KB-C_TIGHT_PAIR_SHARE,0.4832,,0.5,42.8,derived,The pair absorbs an unusually large share of both the driver and customer activity.
f51a4b899a8b26d2||6b4cce38949460b4,f51a4b899a8b26d2,6b4cce38949460b4,KB-C_TIGHT_PAIR_SHARE,0.6093,,0.5,39.34,derived,The pair absorbs an unusually large share of both the driver and customer activity.
6c679f8098174d61||cb8c28650e82baf4,6c679f8098174d61,cb8c28650e82baf4,KB-C_TIGHT_PAIR_SHARE,0.4919,,0.5,32.84,derived,The pair absorbs an unusually large share of both the driver and customer activity.
9d4234a0593d9077||b041109911d8eeb1,9d4234a0593d9077,b041109911d8eeb1,KB-C_TIGHT_PAIR_SHARE,0.5034,,0.5,41.82,derived,The pair absorbs an unusually large share of both the driver and customer activity.
dfb6017f141cf05c||c6cebe3f1d7fb8a9,dfb6017f141cf05c,c6cebe3f1d7fb8a9,KB-C_TIGHT_PAIR_SHARE,0.5209,,0.5,43.65,derived,The pair absorbs an unusually large share of both the driver and customer activity.
75cbc3a1f0cd5b16||21fbae063205e268,75cbc3a1f0cd5b16,21fbae063205e268,KB-C_TIGHT_PAIR_SHARE,0.5421,,0.5,42.54,derived,The pair absorbs an unusually large share of both the driver and customer activity.
6545cf2c835690bc||b6c116861942e779,6545cf2c835690bc,b6c116861942e779,KB-C_TIGHT_PAIR_SHARE,0.6257,,0.5,38.72,derived,The pair absorbs an unusually large share of both the driver and customer activity.
8068bcfea8935975||9d8a7e5ca81b102c,8068bcfea8935975,9d8a7e5ca81b102c,KB-C_TIGHT_PAIR_SHARE,0.4875,,0.5,45.31,derived,The pair absorbs an unusually large share of both the driver and customer activity.
2ec1650f4033afec||c46fd92ce5728643,2ec1650f4033afec,c46fd92ce5728643,KB-C_TIGHT_PAIR_SHARE,0.4644,,0.5,43.95,derived,The pair absorbs an unusually large share of both the driver and customer activity.
bf3ff0bf492c40fa||140e3d16950f86e2,bf3ff0bf492c40fa,140e3d16950f86e2,KB-C_TIGHT_PAIR_SHARE,0.4862,,0.5,36.95,derived,The pair absorbs an unusually large share of both the driver and customer activity.
8aa1e75c3819f744||064f8525a8659f40,8aa1e75c3819f744,064f8525a8659f40,KB-C_TIGHT_PAIR_SHARE,0.6587,,0.5,23.97,derived,The pair absorbs an unusually large share of both the driver and customer activity.
db99c1784ff63592||dd254fed1559323f,db99c1784ff63592,dd254fed1559323f,KB-C_TIGHT_PAIR_SHARE,0.5958,,0.5,38.66,derived,The pair absorbs an unusually large share of both the driver and customer activity.
667b20067d547094||c6da2b546cd21f06,667b20067d547094,c6da2b546cd21f06,KB-C_TIGHT_PAIR_SHARE,0.5637,,0.5,38.48,derived,The pair absorbs an unusually large share of both the driver and customer activity.
e15717a62f290fbb||1a3f2da8d72ab761,e15717a62f290fbb,1a3f2da8d72ab761,KB-C_TIGHT_PAIR_SHARE,0.5482,,0.5,45.99,derived,The pair absorbs an unusually large share of both the driver and customer activity.
85a664bf6f87b6dd||80653c2dbf291c8f,85a664bf6f87b6dd,80653c2dbf291c8f,KB-C_TIGHT_PAIR_SHARE,0.4832,,0.5,42.12,derived,The pair absorbs an unusually large share of both the driver and customer activity.
1404cdecd1b7c27d||2f6171158c63a40b,1404cdecd1b7c27d,2f6171158c63a40b,KB-C_TIGHT_PAIR_SHARE,0.5259,,0.5,38.51,derived,The pair absorbs an unusually large share of both the driver and customer activity.
13ddec0fff826b54||3aa4200977035ca2,13ddec0fff826b54,3aa4200977035ca2,KB-C_TIGHT_PAIR_SHARE,0.4598,,0.5,46.31,derived,The pair absorbs an unusually large share of both the driver and customer activity.
709d587d6d63c90f||4ab83b03e3c1712a,709d587d6d63c90f,4ab83b03e3c1712a,KB-C_TIGHT_PAIR_SHARE,0.474,,0.5,40.13,derived,The pair absorbs an unusually large share of both the driver and customer activity.
3eb2a21c2fc0608d||cff13c81d6f29727,3eb2a21c2fc0608d,cff13c81d6f29727,KB-C_TIGHT_PAIR_SHARE,0.4879,,0.5,38.93,derived,The pair absorbs an unusually large share of both the driver and customer activity.
486ee9e0be7cb98c||2aee074cc5e5cbd5,486ee9e0be7cb98c,2aee074cc5e5cbd5,KB-C_TIGHT_PAIR_SHARE,0.5763,,0.5,42.94,derived,The pair absorbs an unusually large share of both the driver and customer activity.
c323912cf7fdf570||589030512815a359,c323912cf7fdf570,589030512815a359,KB-C_TIGHT_PAIR_SHARE,0.6164,,0.5,46.4,derived,The pair absorbs an unusually large share of both the driver and customer activity.
cab6d3bce35be2f0||cb7e87aaf9deafbd,cab6d3bce35be2f0,cb7e87aaf9deafbd,KB-C_TIGHT_PAIR_SHARE,0.6164,,0.5,38.34,derived,The pair absorbs an unusually large share of both the driver and customer activity.
435cc5cc97ca97bd||89cd2ff7dfe55988,435cc5cc97ca97bd,89cd2ff7dfe55988,KB-C_TIGHT_PAIR_SHARE,0.6164,,0.5,37.41,derived,The pair absorbs an unusually large share of both the driver and customer activity.
872450ad10af5827||7b7ebbe8642430e3,872450ad10af5827,7b7ebbe8642430e3,KB-C_TIGHT_PAIR_SHARE,0.6164,,0.5,36.22,derived,The pair absorbs an unusually large share of both the driver and customer activity.
6037cdf8d922c1de||4c3f261de5e83e54,6037cdf8d922c1de,4c3f261de5e83e54,KB-C_TIGHT_PAIR_SHARE,0.5908,,0.5,37.84,derived,The pair absorbs an unusually large share of both the driver and customer activity.
c3f35594c37cdb8f||9b5c3691982a9936,c3f35594c37cdb8f,9b5c3691982a9936,KB-C_TIGHT_PAIR_SHARE,0.5999,,0.5,40.66,derived,The pair absorbs an unusually large share of both the driver and customer activity.
3ce2d7c297a854cd||3545c4ee5ed3ccd7,3ce2d7c297a854cd,3545c4ee5ed3ccd7,KB-C_TIGHT_PAIR_SHARE,0.516,,0.5,45.77,derived,The pair absorbs an unusually large share of both the driver and customer activity.
fade2adce4880f73||f48b3a538a40fe21,fade2adce4880f73,f48b3a538a40fe21,KB-C_TIGHT_PAIR_SHARE,0.4908,,0.5,44.76,derived,The pair absorbs an unusually large share of both the driver and customer activity.
6aaeecac26641e7a||ded2c401f9512704,6aaeecac26641e7a,ded2c401f9512704,KB-C_TIGHT_PAIR_SHARE,0.5159,,0.5,41.91,derived,The pair absorbs an unusually large share of both the driver and customer activity.
8e8ff01196c8c833||f399f33d58ffd8aa,8e8ff01196c8c833,f399f33d58ffd8aa,KB-C_TIGHT_PAIR_SHARE,0.5209,,0.5,43.51,derived,The pair absorbs an unusually large share of both the driver and customer activity.
5757a0575588f387||902e909b69c0bb7d,5757a0575588f387,902e909b69c0bb7d,KB-C_TIGHT_PAIR_SHARE,0.4314,,0.5,44.4,derived,The pair absorbs an unusually large share of both the driver and customer activity.
f66d41fda41fdc36||aa14618093edf108,f66d41fda41fdc36,aa14618093edf108,KB-C_TIGHT_PAIR_SHARE,0.5218,,0.5,42.32,derived,The pair absorbs an unusually large share of both the driver and customer activity.
d811b5c5f19d5f7d||974cd75261d4c156,d811b5c5f19d5f7d,974cd75261d4c156,KB-C_TIGHT_PAIR_SHARE,0.4905,,0.5,42.17,derived,The pair absorbs an unusually large share of both the driver and customer activity.
02df3393bbac42fc||638712f1898de72c,02df3393bbac42fc,638712f1898de72c,KB-C_TIGHT_PAIR_SHARE,0.5361,,0.5,33.28,derived,The pair absorbs an unusually large share of both the driver and customer activity.
21c49191eb4b033f||27bad3a5278e21c7,21c49191eb4b033f,27bad3a5278e21c7,KB-C_TIGHT_PAIR_SHARE,0.58,,0.5,36.9,derived,The pair absorbs an unusually large share of both the driver and customer activity.
f0aef1b5b9e0455c||96ddf166f570bb91,f0aef1b5b9e0455c,96ddf166f570bb91,KB-C_TIGHT_PAIR_SHARE,0.58,,0.5,33.18,derived,The pair absorbs an unusually large share of both the driver and customer activity.
c5beeba0980c4174||5f07724d3e06c629,c5beeba0980c4174,5f07724d3e06c629,KB-C_TIGHT_PAIR_SHARE,0.5908,,0.5,50.14,derived,The pair absorbs an unusually large share of both the driver and customer activity.
da20945cbac8c6b3||52e7f2e31ae8f8ac,da20945cbac8c6b3,52e7f2e31ae8f8ac,KB-C_TIGHT_PAIR_SHARE,0.5651,,0.5,44.69,derived,The pair absorbs an unusually large share of both the driver and customer activity.
e471f12c32896e30||39970bb791628d4d,e471f12c32896e30,39970bb791628d4d,KB-C_TIGHT_PAIR_SHARE,0.556,,0.5,44.04,derived,The pair absorbs an unusually large share of both the driver and customer activity.
a1b243a4e3507797||5715f8e841870bc3,a1b243a4e3507797,5715f8e841870bc3,KB-C_TIGHT_PAIR_SHARE,0.5266,,0.5,45.74,derived,The pair absorbs an unusually large share of both the driver and customer activity.
46d4e381552f3b1a||93665c0dd9246de4,46d4e381552f3b1a,93665c0dd9246de4,KB-C_TIGHT_PAIR_SHARE,0.6587,,0.5,28.83,derived,The pair absorbs an unusually large share of both the driver and customer activity.
e10442dda51e0ccb||cd7734921df619df,e10442dda51e0ccb,cd7734921df619df,KB-C_TIGHT_PAIR_SHARE,0.507,,0.5,45.0,derived,The pair absorbs an unusually large share of both the driver and customer activity.
320fe7b8bab4c050||6a4c360150ef33de,320fe7b8bab4c050,6a4c360150ef33de,KB-C_TIGHT_PAIR_SHARE,0.5482,,0.5,39.91,derived,The pair absorbs an unusually large share of both the driver and customer activity.
a671ba23b6de84ed||0d3ea0eca111512a,a671ba23b6de84ed,0d3ea0eca111512a,KB-C_TIGHT_PAIR_SHARE,0.5041,,0.5,39.55,derived,The pair absorbs an unusually large share of both the driver and customer activity.
870448098e26ea7c||063f2fe94680fae8,870448098e26ea7c,063f2fe94680fae8,KB-C_TIGHT_PAIR_SHARE,0.5333,,0.5,43.46,derived,The pair absorbs an unusually large share of both the driver and customer activity.
e246a881cd9a0931||f55453f743fecd70,e246a881cd9a0931,f55453f743fecd70,KB-C_TIGHT_PAIR_SHARE,0.6093,,0.5,41.55,derived,The pair absorbs an unusually large share of both the driver and customer activity.
d68d62444b58e942||29101674f988dc38,d68d62444b58e942,29101674f988dc38,KB-C_TIGHT_PAIR_SHARE,0.426,,0.5,38.78,derived,The pair absorbs an unusually large share of both the driver and customer activity.
248ffcdf9b5fc368||c1e410e4e6990f16,248ffcdf9b5fc368,c1e410e4e6990f16,KB-C_TIGHT_PAIR_SHARE,0.5807,,0.5,41.61,derived,The pair absorbs an unusually large share of both the driver and customer activity.
57a781e937c3bccc||6693657e3de8511b,57a781e937c3bccc,6693657e3de8511b,KB-C_TIGHT_PAIR_SHARE,0.5576,,0.5,38.36,derived,The pair absorbs an unusually large share of both the driver and customer activity.
b55afc9f546db09e||b86f62344fa566fd,b55afc9f546db09e,b86f62344fa566fd,KB-C_TIGHT_PAIR_SHARE,0.3484,,0.5,34.43,derived,The pair absorbs an unusually large share of both the driver and customer activity.
504e52104c3ffccf||8066e5bb8bc771fc,504e52104c3ffccf,8066e5bb8bc771fc,KB-C_TIGHT_PAIR_SHARE,0.5341,,0.5,39.88,derived,The pair absorbs an unusually large share of both the driver and customer activity.
3a8cad57f76cd018||0a5a8c88fab1d577,3a8cad57f76cd018,0a5a8c88fab1d577,KB-C_TIGHT_PAIR_SHARE,0.5637,,0.5,42.2,derived,The pair absorbs an unusually large share of both the driver and customer activity.
2b7fe2c644f86663||25d2840ebf05430e,2b7fe2c644f86663,25d2840ebf05430e,KB-C_TIGHT_PAIR_SHARE,0.463,,0.5,36.42,derived,The pair absorbs an unusually large share of both the driver and customer activity.
61407bb564df3f5a||b58b5687b52d0d9a,61407bb564df3f5a,b58b5687b52d0d9a,KB-C_TIGHT_PAIR_SHARE,0.6257,,0.5,36.46,derived,The pair absorbs an unusually large share of both the driver and customer activity.
a818cd2d34b3f9a9||51da6711b5df2670,a818cd2d34b3f9a9,51da6711b5df2670,KB-C_TIGHT_PAIR_SHARE,0.4461,,0.5,41.98,derived,The pair absorbs an unusually large share of both the driver and customer activity.
7069dc4387b6357e||190e346f932b1b08,7069dc4387b6357e,190e346f932b1b08,KB-C_TIGHT_PAIR_SHARE,0.5908,,0.5,43.41,derived,The pair absorbs an unusually large share of both the driver and customer activity.
fa9cac68bc8dbe42||d5470e627d6a03c6,fa9cac68bc8dbe42,d5470e627d6a03c6,KB-C_TIGHT_PAIR_SHARE,0.5178,,0.5,42.6,derived,The pair absorbs an unusually large share of both the driver and customer activity.
0455fce5025b170d||06b645fb5851b587,0455fce5025b170d,06b645fb5851b587,KB-C_TIGHT_PAIR_SHARE,0.565,,0.5,41.56,derived,The pair absorbs an unusually large share of both the driver and customer activity.
50fcdabb710f529b||a00bfff85a169310,50fcdabb710f529b,a00bfff85a169310,KB-C_TIGHT_PAIR_SHARE,0.4153,,0.5,39.9,derived,The pair absorbs an unusually large share of both the driver and customer activity.
24874b35932be159||2c60c8d3584ee84b,24874b35932be159,2c60c8d3584ee84b,KB-C_TIGHT_PAIR_SHARE,0.4598,,0.5,38.6,derived,The pair absorbs an unusually large share of both the driver and customer activity.
c362ea293c53a87e||14d85bafdfe27fad,c362ea293c53a87e,14d85bafdfe27fad,KB-C_TIGHT_PAIR_SHARE,0.531,,0.5,39.02,derived,The pair absorbs an unusually large share of both the driver and customer activity.
eb6a969f143a5e43||063b491f8e855795,eb6a969f143a5e43,063b491f8e855795,KB-C_TIGHT_PAIR_SHARE,0.5576,,0.5,42.54,derived,The pair absorbs an unusually large share of both the driver and customer activity.
4744004d84d71866||44664fb2bd369542,4744004d84d71866,44664fb2bd369542,KB-C_TIGHT_PAIR_SHARE,0.5001,,0.5,41.0,derived,The pair absorbs an unusually large share of both the driver and customer activity.
689bde99f8719118||8f015c1ff13b810b,689bde99f8719118,8f015c1ff13b810b,KB-C_TIGHT_PAIR_SHARE,0.4822,,0.5,42.47,derived,The pair absorbs an unusually large share of both the driver and customer activity.
2d8e15aed9740927||877fbc943ee8a185,2d8e15aed9740927,877fbc943ee8a185,KB-C_TIGHT_PAIR_SHARE,0.4822,,0.5,45.28,derived,The pair absorbs an unusually large share of both the driver and customer activity.
15de35505115e14b||f1aca47ed38a98ab,15de35505115e14b,f1aca47ed38a98ab,KB-C_TIGHT_PAIR_SHARE,0.495,,0.5,44.9,derived,The pair absorbs an unusually large share of both the driver and customer activity.
216d131b730a61b7||54042ee4fcbaed99,216d131b730a61b7,54042ee4fcbaed99,KB-C_TIGHT_PAIR_SHARE,0.5385,,0.5,33.93,derived,The pair absorbs an unusually large share of both the driver and customer activity.
2bd2c8292f4fd9df||6a908a1aa940022a,2bd2c8292f4fd9df,6a908a1aa940022a,KB-C_TIGHT_PAIR_SHARE,0.5435,,0.5,43.06,derived,The pair absorbs an unusually large share of both the driver and customer activity.
dde0bc926659dd64||f0602aa597b5d5d4,dde0bc926659dd64,f0602aa597b5d5d4,KB-C_TIGHT_PAIR_SHARE,0.4986,,0.5,46.91,derived,The pair absorbs an unusually large share of both the driver and customer activity.
5e5fe239ae4a0fe0||560e20df7ce0d6b7,5e5fe239ae4a0fe0,560e20df7ce0d6b7,KB-C_TIGHT_PAIR_SHARE,0.5425,,0.5,43.08,derived,The pair absorbs an unusually large share of both the driver and customer activity.
f1c7de5737101a8b||d7f0d8ea851ed4d7,f1c7de5737101a8b,d7f0d8ea851ed4d7,KB-C_TIGHT_PAIR_SHARE,0.5123,,0.5,38.99,derived,The pair absorbs an unusually large share of both the driver and customer activity.
59c7d6ca2c95abe0||8e19d5cb72bcba3a,59c7d6ca2c95abe0,8e19d5cb72bcba3a,KB-C_TIGHT_PAIR_SHARE,0.4757,,0.5,40.11,derived,The pair absorbs an unusually large share of both the driver and customer activity.
b5dc0528d4e14f2e||72c7773f02e13495,b5dc0528d4e14f2e,72c7773f02e13495,KB-C_TIGHT_PAIR_SHARE,0.4507,,0.5,42.22,derived,The pair absorbs an unusually large share of both the driver and customer activity.
5190dcecff0687cb||3b5a8fcf94c1c31f,5190dcecff0687cb,3b5a8fcf94c1c31f,KB-C_TIGHT_PAIR_SHARE,0.4431,,0.5,33.19,derived,The pair absorbs an unusually large share of both the driver and customer activity.
fa93c7bdb7f3010b||82394df9e22dcf30,fa93c7bdb7f3010b,82394df9e22dcf30,KB-C_TIGHT_PAIR_SHARE,0.4414,,0.5,47.38,derived,The pair absorbs an unusually large share of both the driver and customer activity.
64a2502cb3d79c9b||e6a03cb0e531834a,64a2502cb3d79c9b,e6a03cb0e531834a,KB-C_TIGHT_PAIR_SHARE,0.4427,,0.5,39.25,derived,The pair absorbs an unusually large share of both the driver and customer activity.
f61692aa22ba34fc||a4922225195984ed,f61692aa22ba34fc,a4922225195984ed,KB-C_TIGHT_PAIR_SHARE,0.4145,,0.5,43.29,derived,The pair absorbs an unusually large share of both the driver and customer activity.
0fbd136e7a4aae47||45ba87dcfe484b57,0fbd136e7a4aae47,45ba87dcfe484b57,KB-C_TIGHT_PAIR_SHARE,0.4098,,0.5,40.31,derived,The pair absorbs an unusually large share of both the driver and customer activity.
b1272ce5af1cf2ff||99ad6e58b74c1f6c,b1272ce5af1cf2ff,99ad6e58b74c1f6c,KB-C_TIGHT_PAIR_SHARE,0.4003,,0.5,41.31,derived,The pair absorbs an unusually large share of both the driver and customer activity.
a4c70057374cb545||5776e69fc2622ae9,a4c70057374cb545,5776e69fc2622ae9,KB-C_TIGHT_PAIR_SHARE,0.3748,,0.5,36.24,derived,The pair absorbs an unusually large share of both the driver and customer activity.
ffd67b6926dfc9ee||59cb048c3cad499a,ffd67b6926dfc9ee,59cb048c3cad499a,KB-C_TIGHT_PAIR_SHARE,0.4209,,0.5,37.72,derived,The pair absorbs an unusually large share of both the driver and customer activity.
37a68533d5c19d93||faa65fc00238f066,37a68533d5c19d93,faa65fc00238f066,KB-C_TIGHT_PAIR_SHARE,0.3596,,0.5,41.84,derived,The pair absorbs an unusually large share of both the driver and customer activity.
8b2774ab97315ac7||80213f13fd005fb2,8b2774ab97315ac7,80213f13fd005fb2,KB-C_TIGHT_PAIR_SHARE,0.3311,,0.5,40.61,derived,The pair absorbs an unusually large share of both the driver and customer activity.
94a4b25d51b3b51f||0afaf7ca1fe3ba4e,94a4b25d51b3b51f,0afaf7ca1fe3ba4e,KB-C_TIGHT_PAIR_SHARE,0.4109,,0.5,24.17,derived,The pair absorbs an unusually large share of both the driver and customer activity.
2904b02904e9300b||ca328f4443fc792d,2904b02904e9300b,ca328f4443fc792d,KB-C_TIGHT_PAIR_SHARE,0.4038,,0.5,37.66,derived,The pair absorbs an unusually large share of both the driver and customer activity.
f7746141d43d4ee9||bc51debfebde74f1,f7746141d43d4ee9,bc51debfebde74f1,KB-C_TIGHT_PAIR_SHARE,0.3845,,0.5,32.99,derived,The pair absorbs an unusually large share of both the driver and customer activity.
8886149ca9a9df41||cbdbae62743ca057,8886149ca9a9df41,cbdbae62743ca057,KB-C_TIGHT_PAIR_SHARE,0.3205,,0.5,33.6,derived,The pair absorbs an unusually large share of both the driver and customer activity.
a138f7cdbb664c23||03a32cb06ee0a162,a138f7cdbb664c23,03a32cb06ee0a162,KB-C_TIGHT_PAIR_SHARE,0.3205,,0.5,47.36,derived,The pair absorbs an unusually large share of both the driver and customer activity.
3c06cc361ddeb428||382fa86d8c478e7b,3c06cc361ddeb428,382fa86d8c478e7b,KB-C_TIGHT_PAIR_SHARE,0.375,,0.5,32.93,derived,The pair absorbs an unusually large share of both the driver and customer activity.
605efdc2bc9f6d93||fb91feb06892232f,605efdc2bc9f6d93,fb91feb06892232f,KB-C_TIGHT_PAIR_SHARE,0.375,,0.5,33.9,derived,The pair absorbs an unusually large share of both the driver and customer activity.
f1428046ee22ebbb||35008ff17c72768f,f1428046ee22ebbb,35008ff17c72768f,KB-C_TIGHT_PAIR_SHARE,0.3513,,0.5,31.95,derived,The pair absorbs an unusually large share of both the driver and customer activity.
ca827a2d76eef6e1||b32d9f45a3737eb7,ca827a2d76eef6e1,b32d9f45a3737eb7,KB-C_TIGHT_PAIR_SHARE,0.3156,,0.5,30.6,derived,The pair absorbs an unusually large share of both the driver and customer activity.
4d13f0d3f4f2961a||816c07e5bfe690dd,4d13f0d3f4f2961a,816c07e5bfe690dd,KB-C_TIGHT_PAIR_SHARE,0.3596,,0.5,33.38,derived,The pair absorbs an unusually large share of both the driver and customer activity.
5d5d90ecd933b136||9660f1d022223b77,5d5d90ecd933b136,9660f1d022223b77,KB-C_TIGHT_PAIR_SHARE,0.3596,,0.5,38.86,derived,The pair absorbs an unusually large share of both the driver and customer activity.
baecb43006dd6035||9e9be59e543f339e,baecb43006dd6035,9e9be59e543f339e,KB-C_TIGHT_PAIR_SHARE,0.2895,,0.5,45.98,derived,The pair absorbs an unusually large share of both the driver and customer activity.
3410c6bd309215bc||2ca010925e5b431b,3410c6bd309215bc,2ca010925e5b431b,KB-C_TIGHT_PAIR_SHARE,0.2876,,0.5,36.36,derived,The pair absorbs an unusually large share of both the driver and customer activity.
0c0b1ddefaa8ab0f||452b716d0b3a162f,0c0b1ddefaa8ab0f,452b716d0b3a162f,KB-C_TIGHT_PAIR_SHARE,0.3282,,0.5,33.7,derived,The pair absorbs an unusually large share of both the driver and customer activity.
9b30aa604e27dd3b||d5dbd466498de3fa,9b30aa604e27dd3b,d5dbd466498de3fa,KB-C_TIGHT_PAIR_SHARE,0.3112,,0.5,29.95,derived,The pair absorbs an unusually large share of both the driver and customer activity.
b6d2d1c3be4e4d03||e53e84077e8463e4,b6d2d1c3be4e4d03,e53e84077e8463e4,KB-C_TIGHT_PAIR_SHARE,0.3062,,0.5,29.6,derived,The pair absorbs an unusually large share of both the driver and customer activity.
58ddeae5d9ed9ee9||58f152179c095aab,58ddeae5d9ed9ee9,58f152179c095aab,KB-C_TIGHT_PAIR_SHARE,0.2983,,0.5,29.17,derived,The pair absorbs an unusually large share of both the driver and customer activity.
9d52bcfd284a0527||2dc6f2eb9763101e,9d52bcfd284a0527,2dc6f2eb9763101e,KB-C_TIGHT_PAIR_SHARE,0.2876,,0.5,29.92,derived,The pair absorbs an unusually large share of both the driver and customer activity.
5964fc96a608a97f||dd24c0dc0c0f57e7,5964fc96a608a97f,dd24c0dc0c0f57e7,KB-C_TIGHT_PAIR_SHARE,0.2823,,0.5,30.26,derived,The pair absorbs an unusually large share of both the driver and customer activity.
711598cb25c2e934||2aa74bdf9a6549fc,711598cb25c2e934,2aa74bdf9a6549fc,KB-C_TIGHT_PAIR_SHARE,0.2466,,0.5,46.12,derived,The pair absorbs an unusually large share of both the driver and customer activity.
5f4fa4b5dc96fc17||5e63a8c46f1dfd09,5f4fa4b5dc96fc17,5e63a8c46f1dfd09,KB-C_SUSPICIOUS_COMPONENT,2.0,,2,58.58,derived,The suspicious pair belongs to a connected component with shared supporting entities.
5828b7e28d77245d||fad2dbe4e38702c5,5828b7e28d77245d,fad2dbe4e38702c5,KB-C_SUSPICIOUS_COMPONENT,4.0,,2,79.74,derived,The suspicious pair belongs to a connected component with shared supporting entities.
f5d16c59104fbed7||790a7c79085e1cdc,f5d16c59104fbed7,790a7c79085e1cdc,KB-C_SUSPICIOUS_COMPONENT,5.0,,2,79.74,derived,The suspicious pair belongs to a connected component with shared supporting entities.
5dd78d9a81cbed8f||b17fc5490aa266e4,5dd78d9a81cbed8f,b17fc5490aa266e4,KB-C_SUSPICIOUS_COMPONENT,3.0,,2,59.31,derived,The suspicious pair belongs to a connected component with shared supporting entities.
f6282d84d92f0ed1||a86ab17c2f4cf7e5,f6282d84d92f0ed1,a86ab17c2f4cf7e5,KB-C_SUSPICIOUS_COMPONENT,2.0,,2,53.47,derived,The suspicious pair belongs to a connected component with shared supporting entities.
0c4547ef96051cad||cb3a42f41d8ed1bc,0c4547ef96051cad,cb3a42f41d8ed1bc,KB-C_SUSPICIOUS_COMPONENT,8.0,,2,61.62,derived,The suspicious pair belongs to a connected component with shared supporting entities.
d3ac170709f50de7||a9640b909f60adb4,d3ac170709f50de7,a9640b909f60adb4,KB-C_SUSPICIOUS_COMPONENT,6.0,,2,58.1,derived,The suspicious pair belongs to a connected component with shared supporting entities.
031d6b289f9fd963||2c7192581a1b6e85,031d6b289f9fd963,2c7192581a1b6e85,KB-C_SUSPICIOUS_COMPONENT,5.0,,2,83.09,derived,The suspicious pair belongs to a connected component with shared supporting entities.
e504bb113eedbb01||b362416ee69d1f84,e504bb113eedbb01,b362416ee69d1f84,KB-C_SUSPICIOUS_COMPONENT,7.0,,2,55.61,derived,The suspicious pair belongs to a connected component with shared supporting entities.
b5d1bbee8ad1e4bf||fb2d8233b4054fc8,b5d1bbee8ad1e4bf,fb2d8233b4054fc8,KB-C_SUSPICIOUS_COMPONENT,2.0,,2,62.86,derived,The suspicious pair belongs to a connected component with shared supporting entities.
e7d0b7f056509cdf||82f3af7f9355acd2,e7d0b7f056509cdf,82f3af7f9355acd2,KB-C_SUSPICIOUS_COMPONENT,4.0,,2,45.15,derived,The suspicious pair belongs to a connected component with shared supporting entities.
e6226a83e74cde2c||31e9d70f116f13a0,e6226a83e74cde2c,31e9d70f116f13a0,KB-C_SUSPICIOUS_COMPONENT,5.0,,2,57.92,derived,The suspicious pair belongs to a connected component with shared supporting entities.
6d41d622812350e8||a85190bfdf72ee03,6d41d622812350e8,a85190bfdf72ee03,KB-C_SUSPICIOUS_COMPONENT,10.0,,2,55.82,derived,The suspicious pair belongs to a connected component with shared supporting entities.
6ac447c7a0bdf9e4||73cf6441682389f9,6ac447c7a0bdf9e4,73cf6441682389f9,KB-C_SUSPICIOUS_COMPONENT,7.0,,2,57.73,derived,The suspicious pair belongs to a connected component with shared supporting entities.
a14b1a86c52d0c12||789cb9bc304669be,a14b1a86c52d0c12,789cb9bc304669be,KB-C_SUSPICIOUS_COMPONENT,2.0,,2,54.59,derived,The suspicious pair belongs to a connected component with shared supporting entities.
9c93e0c8cc8a3817||2f16d5c12ed95d2f,9c93e0c8cc8a3817,2f16d5c12ed95d2f,KB-C_SUSPICIOUS_COMPONENT,6.0,,2,46.36,derived,The suspicious pair belongs to a connected component with shared supporting entities.
150ce272eb426c0f||a7b7608c07bf6998,150ce272eb426c0f,a7b7608c07bf6998,KB-C_SUSPICIOUS_COMPONENT,9.0,,2,56.79,derived,The suspicious pair belongs to a connected component with shared supporting entities.
3a3c0eb1926d9e65||e9395bd45deffea8,3a3c0eb1926d9e65,e9395bd45deffea8,KB-C_SUSPICIOUS_COMPONENT,10.0,,2,53.89,derived,The suspicious pair belongs to a connected component with shared supporting entities.
7fcf436466291cb1||f70e6a906ebaf50a,7fcf436466291cb1,f70e6a906ebaf50a,KB-C_SUSPICIOUS_COMPONENT,7.0,,2,52.26,derived,The suspicious pair belongs to a connected component with shared supporting entities.
53cc6d5844c1dc86||80390c0393c4f064,53cc6d5844c1dc86,80390c0393c4f064,KB-C_SUSPICIOUS_COMPONENT,5.0,,2,51.41,derived,The suspicious pair belongs to a connected component with shared supporting entities.
01e148ef553c737f||99d38cf092913061,01e148ef553c737f,99d38cf092913061,KB-C_SUSPICIOUS_COMPONENT,3.0,,2,52.89,derived,The suspicious pair belongs to a connected component with shared supporting entities.
6db042c5dd3c1ac2||cd4eb772a03a76c9,6db042c5dd3c1ac2,cd4eb772a03a76c9,KB-C_SUSPICIOUS_COMPONENT,18.0,,2,44.2,derived,The suspicious pair belongs to a connected component with shared supporting entities.
61ed7b3348db32e2||2c7192581a1b6e85,61ed7b3348db32e2,2c7192581a1b6e85,KB-C_SUSPICIOUS_COMPONENT,5.0,,2,78.25,derived,The suspicious pair belongs to a connected component with shared supporting entities.
86c40d438daa709a||32a8f8c52c0b0c0d,86c40d438daa709a,32a8f8c52c0b0c0d,KB-C_SUSPICIOUS_COMPONENT,4.0,,2,53.08,derived,The suspicious pair belongs to a connected component with shared supporting entities.
839b2baeda98c857||1cec7fbe2ec4c178,839b2baeda98c857,1cec7fbe2ec4c178,KB-C_SUSPICIOUS_COMPONENT,2.0,,2,56.33,derived,The suspicious pair belongs to a connected component with shared supporting entities.
92f702e5a686b9c4||8db2e31deb571a3d,92f702e5a686b9c4,8db2e31deb571a3d,KB-C_SUSPICIOUS_COMPONENT,6.0,,2,66.7,derived,The suspicious pair belongs to a connected component with shared supporting entities.
11e4996e955e9754||c74aa8d733e635a5,11e4996e955e9754,c74aa8d733e635a5,KB-C_SUSPICIOUS_COMPONENT,18.0,,2,47.39,derived,The suspicious pair belongs to a connected component with shared supporting entities.
cf07c41702c5d803||58d9afc5a2ba75e2,cf07c41702c5d803,58d9afc5a2ba75e2,KB-C_SUSPICIOUS_COMPONENT,2.0,,2,47.21,derived,The suspicious pair belongs to a connected component with shared supporting entities.
30f9f0d5c8bce870||466dd53db700fd39,30f9f0d5c8bce870,466dd53db700fd39,KB-C_SUSPICIOUS_COMPONENT,13.0,,2,50.76,derived,The suspicious pair belongs to a connected component with shared supporting entities.
f7f2fc7ea3c0ab55||c1f69fb1a068ff32,f7f2fc7ea3c0ab55,c1f69fb1a068ff32,KB-C_SUSPICIOUS_COMPONENT,10.0,,2,53.96,derived,The suspicious pair belongs to a connected component with shared supporting entities.
875f7558903ca6a7||e37c1c635113bf58,875f7558903ca6a7,e37c1c635113bf58,KB-C_SUSPICIOUS_COMPONENT,4.0,,2,53.07,derived,The suspicious pair belongs to a connected component with shared supporting entities.
2b5f09de0a62950d||aa10b7ee9cb8499a,2b5f09de0a62950d,aa10b7ee9cb8499a,KB-C_SUSPICIOUS_COMPONENT,12.0,,2,52.43,derived,The suspicious pair belongs to a connected component with shared supporting entities.
6c2f20549567d103||7c283effab4dcaea,6c2f20549567d103,7c283effab4dcaea,KB-C_SUSPICIOUS_COMPONENT,18.0,,2,54.03,derived,The suspicious pair belongs to a connected component with shared supporting entities.
92f702e5a686b9c4||be5cc6d64ed50de0,92f702e5a686b9c4,be5cc6d64ed50de0,KB-C_SUSPICIOUS_COMPONENT,6.0,,2,69.22,derived,The suspicious pair belongs to a connected component with shared supporting entities.
af6aec0451123935||a29f77f258fcb9db,af6aec0451123935,a29f77f258fcb9db,KB-C_SUSPICIOUS_COMPONENT,9.0,,2,48.38,derived,The suspicious pair belongs to a connected component with shared supporting entities.
fe9c614486853538||cc4d8d00abbdde42,fe9c614486853538,cc4d8d00abbdde42,KB-C_SUSPICIOUS_COMPONENT,13.0,,2,50.26,derived,The suspicious pair belongs to a connected component with shared supporting entities.
e3664478b5588228||0ea15bda0b859ab9,e3664478b5588228,0ea15bda0b859ab9,KB-C_SUSPICIOUS_COMPONENT,7.0,,2,52.8,derived,The suspicious pair belongs to a connected component with shared supporting entities.
b050dcf14f1ea16b||67f5534bf105be4c,b050dcf14f1ea16b,67f5534bf105be4c,KB-C_SUSPICIOUS_COMPONENT,2.0,,2,54.29,derived,The suspicious pair belongs to a connected component with shared supporting entities.
d6f7c63c9ece887d||e18e24d03a0dead3,d6f7c63c9ece887d,e18e24d03a0dead3,KB-C_SUSPICIOUS_COMPONENT,6.0,,2,54.37,derived,The suspicious pair belongs to a connected component with shared supporting entities.
b5b4a56620b19669||51b643c08a9ba25c,b5b4a56620b19669,51b643c08a9ba25c,KB-C_SUSPICIOUS_COMPONENT,2.0,,2,50.05,derived,The suspicious pair belongs to a connected component with shared supporting entities.
855faae4bc5c31cd||560a5afe5b53b126,855faae4bc5c31cd,560a5afe5b53b126,KB-C_SUSPICIOUS_COMPONENT,3.0,,2,51.96,derived,The suspicious pair belongs to a connected component with shared supporting entities.
70f3ac4afc425606||93e7e4b6f68aec61,70f3ac4afc425606,93e7e4b6f68aec61,KB-C_SUSPICIOUS_COMPONENT,6.0,,2,51.44,derived,The suspicious pair belongs to a connected component with shared supporting entities.
e3b3a761afc18171||26de927c2fb38b37,e3b3a761afc18171,26de927c2fb38b37,KB-C_SUSPICIOUS_COMPONENT,7.0,,2,53.41,derived,The suspicious pair belongs to a connected component with shared supporting entities.
83d8f08ed0e73096||d95b5e000559ad65,83d8f08ed0e73096,d95b5e000559ad65,KB-C_SUSPICIOUS_COMPONENT,5.0,,2,53.59,derived,The suspicious pair belongs to a connected component with shared supporting entities.
06dc1428ff38bf0b||8b3402138b33ade8,06dc1428ff38bf0b,8b3402138b33ade8,KB-C_SUSPICIOUS_COMPONENT,6.0,,2,50.91,derived,The suspicious pair belongs to a connected component with shared supporting entities.
e93ea7d59646db67||2a4c3284fe02f241,e93ea7d59646db67,2a4c3284fe02f241,KB-C_SUSPICIOUS_COMPONENT,12.0,,2,48.72,derived,The suspicious pair belongs to a connected component with shared supporting entities.
44969366800a4c6a||69577266c946a1ae,44969366800a4c6a,69577266c946a1ae,KB-C_SUSPICIOUS_COMPONENT,18.0,,2,51.73,derived,The suspicious pair belongs to a connected component with shared supporting entities.
d63a72f37a36f49b||3bfe5a6f87f66977,d63a72f37a36f49b,3bfe5a6f87f66977,KB-C_SUSPICIOUS_COMPONENT,18.0,,2,51.93,derived,The suspicious pair belongs to a connected component with shared supporting entities.
5d06622cce833761||bda43ff79f51172e,5d06622cce833761,bda43ff79f51172e,KB-C_SUSPICIOUS_COMPONENT,2.0,,2,42.78,derived,The suspicious pair belongs to a connected component with shared supporting entities.
8dec1612b02307e7||a75855291e5fc922,8dec1612b02307e7,a75855291e5fc922,KB-C_SUSPICIOUS_COMPONENT,7.0,,2,50.72,derived,The suspicious pair belongs to a connected component with shared supporting entities.
31a5966f21b4ba4e||87d821a23a5cd7de,31a5966f21b4ba4e,87d821a23a5cd7de,KB-C_SUSPICIOUS_COMPONENT,4.0,,2,48.39,derived,The suspicious pair belongs to a connected component with shared supporting entities.
bd9d5bd6a837d6e9||3ac1b109549cc988,bd9d5bd6a837d6e9,3ac1b109549cc988,KB-C_SUSPICIOUS_COMPONENT,30.0,,2,62.53,derived,The suspicious pair belongs to a connected component with shared supporting entities.
d56dc5041a15a1a6||35510a2ded08e417,d56dc5041a15a1a6,35510a2ded08e417,KB-C_SUSPICIOUS_COMPONENT,30.0,,2,48.88,derived,The suspicious pair belongs to a connected component with shared supporting entities.
2d0fc73ff9d602de||dffacb0f1be6d209,2d0fc73ff9d602de,dffacb0f1be6d209,KB-C_SUSPICIOUS_COMPONENT,6.0,,2,47.69,derived,The suspicious pair belongs to a connected component with shared supporting entities.
87fdba920f14bdc4||94929da44e46071c,87fdba920f14bdc4,94929da44e46071c,KB-C_SUSPICIOUS_COMPONENT,6.0,,2,46.86,derived,The suspicious pair belongs to a connected component with shared supporting entities.
247cafe1649338e9||ff4741aefdd7ea41,247cafe1649338e9,ff4741aefdd7ea41,KB-C_SUSPICIOUS_COMPONENT,2.0,,2,46.3,derived,The suspicious pair belongs to a connected component with shared supporting entities.
e6226a83e74cde2c||d2765fd5bf813eea,e6226a83e74cde2c,d2765fd5bf813eea,KB-C_SUSPICIOUS_COMPONENT,5.0,,2,50.24,derived,The suspicious pair belongs to a connected component with shared supporting entities.
c6963e8e70b25ecd||92f5b10955f7b62e,c6963e8e70b25ecd,92f5b10955f7b62e,KB-C_SUSPICIOUS_COMPONENT,18.0,,2,61.98,derived,The suspicious pair belongs to a connected component with shared supporting entities.
c58bd24e790c5d1b||4346b343ed755173,c58bd24e790c5d1b,4346b343ed755173,KB-C_SUSPICIOUS_COMPONENT,6.0,,2,47.81,derived,The suspicious pair belongs to a connected component with shared supporting entities.
5b155c30e9228305||b781a89db40e70ec,5b155c30e9228305,b781a89db40e70ec,KB-C_SUSPICIOUS_COMPONENT,13.0,,2,49.91,derived,The suspicious pair belongs to a connected component with shared supporting entities.
652280701c4d0c32||0cb58995c54abba0,652280701c4d0c32,0cb58995c54abba0,KB-C_SUSPICIOUS_COMPONENT,2.0,,2,52.14,derived,The suspicious pair belongs to a connected component with shared supporting entities.
01714f487853f9ea||df1ffc3f608e21a2,01714f487853f9ea,df1ffc3f608e21a2,KB-C_SUSPICIOUS_COMPONENT,18.0,,2,48.46,derived,The suspicious pair belongs to a connected component with shared supporting entities.
28d18b5006fb2cdd||e9893b8c86ca92b8,28d18b5006fb2cdd,e9893b8c86ca92b8,KB-C_SUSPICIOUS_COMPONENT,12.0,,2,56.49,derived,The suspicious pair belongs to a connected component with shared supporting entities.
460c39188524b386||07388ec6d0654e3b,460c39188524b386,07388ec6d0654e3b,KB-C_SUSPICIOUS_COMPONENT,10.0,,2,50.87,derived,The suspicious pair belongs to a connected component with shared supporting entities.
5c80c95ec49760e4||41c1e90362494e4d,5c80c95ec49760e4,41c1e90362494e4d,KB-C_SUSPICIOUS_COMPONENT,3.0,,2,50.51,derived,The suspicious pair belongs to a connected component with shared supporting entities.
17bf0a1d0c39ac69||67fa423f76efd928,17bf0a1d0c39ac69,67fa423f76efd928,KB-C_SUSPICIOUS_COMPONENT,18.0,,2,47.59,derived,The suspicious pair belongs to a connected component with shared supporting entities.
b7e9d097f77e6318||62e3a7ecb3c79a6b,b7e9d097f77e6318,62e3a7ecb3c79a6b,KB-C_SUSPICIOUS_COMPONENT,6.0,,2,49.24,derived,The suspicious pair belongs to a connected component with shared supporting entities.
111584d348f70b95||de355ad6baf1aa51,111584d348f70b95,de355ad6baf1aa51,KB-C_SUSPICIOUS_COMPONENT,18.0,,2,52.63,derived,The suspicious pair belongs to a connected component with shared supporting entities.
c6ea5eb41b2e2f06||283add2357e13810,c6ea5eb41b2e2f06,283add2357e13810,KB-C_SUSPICIOUS_COMPONENT,30.0,,2,47.17,derived,The suspicious pair belongs to a connected component with shared supporting entities.
83f00c64b968cfa6||cbd51e565c5a52d5,83f00c64b968cfa6,cbd51e565c5a52d5,KB-C_SUSPICIOUS_COMPONENT,5.0,,2,52.78,derived,The suspicious pair belongs to a connected component with shared supporting entities.
c8829c1ad55e7f1c||41d3cd0ae4e12f2e,c8829c1ad55e7f1c,41d3cd0ae4e12f2e,KB-C_SUSPICIOUS_COMPONENT,2.0,,2,44.78,derived,The suspicious pair belongs to a connected component with shared supporting entities.
bf1442b249ed925e||ce90293333ff55be,bf1442b249ed925e,ce90293333ff55be,KB-C_SUSPICIOUS_COMPONENT,3.0,,2,49.38,derived,The suspicious pair belongs to a connected component with shared supporting entities.
031c9ec68840283c||c4c31300d01b9b91,031c9ec68840283c,c4c31300d01b9b91,KB-C_SUSPICIOUS_COMPONENT,9.0,,2,41.42,derived,The suspicious pair belongs to a connected component with shared supporting entities.
0888b2b1b0ec8820||313113be6f17c7d8,0888b2b1b0ec8820,313113be6f17c7d8,KB-C_SUSPICIOUS_COMPONENT,13.0,,2,49.17,derived,The suspicious pair belongs to a connected component with shared supporting entities.
64e69e6ac121ffe8||133841525ae1514e,64e69e6ac121ffe8,133841525ae1514e,KB-C_SUSPICIOUS_COMPONENT,2.0,,2,44.94,derived,The suspicious pair belongs to a connected component with shared supporting entities.
652280701c4d0c32||9ff175949ae3d953,652280701c4d0c32,9ff175949ae3d953,KB-C_SUSPICIOUS_COMPONENT,2.0,,2,49.04,derived,The suspicious pair belongs to a connected component with shared supporting entities.
f6c059af13c1d7e4||96478e6eeee55e48,f6c059af13c1d7e4,96478e6eeee55e48,KB-C_SUSPICIOUS_COMPONENT,4.0,,2,48.17,derived,The suspicious pair belongs to a connected component with shared supporting entities.
ac5ad23248702f61||31195016ed4e705a,ac5ad23248702f61,31195016ed4e705a,KB-C_SUSPICIOUS_COMPONENT,6.0,,2,64.9,derived,The suspicious pair belongs to a connected component with shared supporting entities.
7520e500419b8375||31a32af796127af0,7520e500419b8375,31a32af796127af0,KB-C_SUSPICIOUS_COMPONENT,10.0,,2,49.34,derived,The suspicious pair belongs to a connected component with shared supporting entities.
cc93a3e44a6f1230||c7074ce36bc909a0,cc93a3e44a6f1230,c7074ce36bc909a0,KB-C_SUSPICIOUS_COMPONENT,5.0,,2,48.1,derived,The suspicious pair belongs to a connected component with shared supporting entities.
89b458fb1c9ce584||7fbc99e5cc3ee174,89b458fb1c9ce584,7fbc99e5cc3ee174,KB-C_SUSPICIOUS_COMPONENT,3.0,,2,50.26,derived,The suspicious pair belongs to a connected component with shared supporting entities.
f94e52b0bfd5a39f||239a6b4107fca2d6,f94e52b0bfd5a39f,239a6b4107fca2d6,KB-C_SUSPICIOUS_COMPONENT,5.0,,2,54.92,derived,The suspicious pair belongs to a connected component with shared supporting entities.
dff67a4fdd760ba5||affff2efdb94e79c,dff67a4fdd760ba5,affff2efdb94e79c,KB-C_SUSPICIOUS_COMPONENT,7.0,,2,51.15,derived,The suspicious pair belongs to a connected component with shared supporting entities.
9b410f88dc89eccd||089df9834f04494a,9b410f88dc89eccd,089df9834f04494a,KB-C_SUSPICIOUS_COMPONENT,13.0,,2,48.56,derived,The suspicious pair belongs to a connected component with shared supporting entities.
ad3b2a30813cdca9||2ae3a3f1742e7a00,ad3b2a30813cdca9,2ae3a3f1742e7a00,KB-C_SUSPICIOUS_COMPONENT,3.0,,2,51.09,derived,The suspicious pair belongs to a connected component with shared supporting entities.
eb8c41f66161961b||b7dd56ceaf413ae5,eb8c41f66161961b,b7dd56ceaf413ae5,KB-C_SUSPICIOUS_COMPONENT,10.0,,2,50.32,derived,The suspicious pair belongs to a connected component with shared supporting entities.
ac5ad23248702f61||243ea0e71a4e1e1e,ac5ad23248702f61,243ea0e71a4e1e1e,KB-C_SUSPICIOUS_COMPONENT,6.0,,2,67.41,derived,The suspicious pair belongs to a connected component with shared supporting entities.
216a1fe3e93c8adf||cc6935bd9ca3c87b,216a1fe3e93c8adf,cc6935bd9ca3c87b,KB-C_SUSPICIOUS_COMPONENT,10.0,,2,46.52,derived,The suspicious pair belongs to a connected component with shared supporting entities.
33af613bd024e85f||0525af43bc2e7103,33af613bd024e85f,0525af43bc2e7103,KB-C_SUSPICIOUS_COMPONENT,3.0,,2,43.11,derived,The suspicious pair belongs to a connected component with shared supporting entities.
d16001e216748caf||475c8dafea88d299,d16001e216748caf,475c8dafea88d299,KB-C_SUSPICIOUS_COMPONENT,2.0,,2,50.31,derived,The suspicious pair belongs to a connected component with shared supporting entities.
e021adeb79a69fc3||369cf56474061839,e021adeb79a69fc3,369cf56474061839,KB-C_SUSPICIOUS_COMPONENT,18.0,,2,51.2,derived,The suspicious pair belongs to a connected component with shared supporting entities.
aa929b3ec727ec4f||f1cc09a62c35963f,aa929b3ec727ec4f,f1cc09a62c35963f,KB-C_SUSPICIOUS_COMPONENT,8.0,,2,46.64,derived,The suspicious pair belongs to a connected component with shared supporting entities.
ac5ad23248702f61||7a529c8033873ce1,ac5ad23248702f61,7a529c8033873ce1,KB-C_SUSPICIOUS_COMPONENT,6.0,,2,65.52,derived,The suspicious pair belongs to a connected component with shared supporting entities.
def6f67206cb7756||25bdbfc71916c38c,def6f67206cb7756,25bdbfc71916c38c,KB-C_SUSPICIOUS_COMPONENT,6.0,,2,47.04,derived,The suspicious pair belongs to a connected component with shared supporting entities.
d8ce0b99e008401e||ae3c7ed271ab1203,d8ce0b99e008401e,ae3c7ed271ab1203,KB-C_SUSPICIOUS_COMPONENT,30.0,,2,48.87,derived,The suspicious pair belongs to a connected component with shared supporting entities.
2c3de002d29c6ca7||8e913410ca1bf7da,2c3de002d29c6ca7,8e913410ca1bf7da,KB-C_SUSPICIOUS_COMPONENT,2.0,,2,51.43,derived,The suspicious pair belongs to a connected component with shared supporting entities.
6ff810634c4c05d2||75ec5c4f995b8146,6ff810634c4c05d2,75ec5c4f995b8146,KB-C_SUSPICIOUS_COMPONENT,2.0,,2,44.72,derived,The suspicious pair belongs to a connected component with shared supporting entities.
7befb7ce8e219542||73ff5ba45a062901,7befb7ce8e219542,73ff5ba45a062901,KB-C_SUSPICIOUS_COMPONENT,4.0,,2,51.75,derived,The suspicious pair belongs to a connected component with shared supporting entities.
90b08fc62ec6441b||74b8ad67cde31132,90b08fc62ec6441b,74b8ad67cde31132,KB-C_SUSPICIOUS_COMPONENT,2.0,,2,49.04,derived,The suspicious pair belongs to a connected component with shared supporting entities.
ac5ad23248702f61||9cba5e1709f5e9c7,ac5ad23248702f61,9cba5e1709f5e9c7,KB-C_SUSPICIOUS_COMPONENT,6.0,,2,70.61,derived,The suspicious pair belongs to a connected component with shared supporting entities.
fd5e71ebfd20eeea||8372331b69d2452e,fd5e71ebfd20eeea,8372331b69d2452e,KB-C_SUSPICIOUS_COMPONENT,8.0,,2,47.88,derived,The suspicious pair belongs to a connected component with shared supporting entities.
4c743e88cf802adf||9aa4a0ccccf9e4d3,4c743e88cf802adf,9aa4a0ccccf9e4d3,KB-C_SUSPICIOUS_COMPONENT,3.0,,2,45.26,derived,The suspicious pair belongs to a connected component with shared supporting entities.
dc7f9bec55a8253b||5cfbcd0d7d30c09f,dc7f9bec55a8253b,5cfbcd0d7d30c09f,KB-C_SUSPICIOUS_COMPONENT,5.0,,2,39.57,derived,The suspicious pair belongs to a connected component with shared supporting entities.
ac7d5f324aa6a2ec||2669dea7e86fae0c,ac7d5f324aa6a2ec,2669dea7e86fae0c,KB-C_SUSPICIOUS_COMPONENT,18.0,,2,38.97,derived,The suspicious pair belongs to a connected component with shared supporting entities.
60bfe2cfd01fe075||15de4d58b603356f,60bfe2cfd01fe075,15de4d58b603356f,KB-C_SUSPICIOUS_COMPONENT,7.0,,2,48.96,derived,The suspicious pair belongs to a connected component with shared supporting entities.
d429b6761fabccc8||8f8892e8ce3dc549,d429b6761fabccc8,8f8892e8ce3dc549,KB-C_SUSPICIOUS_COMPONENT,5.0,,2,51.36,derived,The suspicious pair belongs to a connected component with shared supporting entities.
0ac50e33034ddb52||c319d95ff6b6e6df,0ac50e33034ddb52,c319d95ff6b6e6df,KB-C_SUSPICIOUS_COMPONENT,18.0,,2,48.12,derived,The suspicious pair belongs to a connected component with shared supporting entities.
bbed65f4b44c16c9||85f3d95e64193b5c,bbed65f4b44c16c9,85f3d95e64193b5c,KB-C_SUSPICIOUS_COMPONENT,2.0,,2,42.86,derived,The suspicious pair belongs to a connected component with shared supporting entities.
0539a81b56b7960e||7db6a84fcac2a668,0539a81b56b7960e,7db6a84fcac2a668,KB-C_SUSPICIOUS_COMPONENT,3.0,,2,45.84,derived,The suspicious pair belongs to a connected component with shared supporting entities.
76f43dc04198e3a6||bd69da6bbb89cb4c,76f43dc04198e3a6,bd69da6bbb89cb4c,KB-C_SUSPICIOUS_COMPONENT,5.0,,2,49.17,derived,The suspicious pair belongs to a connected component with shared supporting entities.
70c7caba889c36e5||0caff602343cf5e9,70c7caba889c36e5,0caff602343cf5e9,KB-C_SUSPICIOUS_COMPONENT,7.0,,2,49.77,derived,The suspicious pair belongs to a connected component with shared supporting entities.
0a977205db9cf63c||6110f5c1481e2a84,0a977205db9cf63c,6110f5c1481e2a84,KB-C_SUSPICIOUS_COMPONENT,5.0,,2,40.01,derived,The suspicious pair belongs to a connected component with shared supporting entities.
c9f29734288a83d7||fe9be7de046a23b3,c9f29734288a83d7,fe9be7de046a23b3,KB-C_SUSPICIOUS_COMPONENT,10.0,,2,48.11,derived,The suspicious pair belongs to a connected component with shared supporting entities.
3fad1a6dd7d74a77||725053c8c2febdda,3fad1a6dd7d74a77,725053c8c2febdda,KB-C_SUSPICIOUS_COMPONENT,2.0,,2,48.28,derived,The suspicious pair belongs to a connected component with shared supporting entities.
d0cbd5169a6537fb||96d32eba1a11ea52,d0cbd5169a6537fb,96d32eba1a11ea52,KB-C_SUSPICIOUS_COMPONENT,13.0,,2,50.93,derived,The suspicious pair belongs to a connected component with shared supporting entities.
8b3acdfd3a10bde9||f5b6d53896dfb707,8b3acdfd3a10bde9,f5b6d53896dfb707,KB-C_SUSPICIOUS_COMPONENT,13.0,,2,49.39,derived,The suspicious pair belongs to a connected component with shared supporting entities.
61ed7b3348db32e2||7d959c630346afdc,61ed7b3348db32e2,7d959c630346afdc,KB-C_SUSPICIOUS_COMPONENT,5.0,,2,69.47,derived,The suspicious pair belongs to a connected component with shared supporting entities.
a14a61d5fddec080||a8c69b5d256a31a6,a14a61d5fddec080,a8c69b5d256a31a6,KB-C_SUSPICIOUS_COMPONENT,2.0,,2,47.04,derived,The suspicious pair belongs to a connected component with shared supporting entities.
a55a58cd57481ec4||d2a0fa7b30a14a94,a55a58cd57481ec4,d2a0fa7b30a14a94,KB-C_SUSPICIOUS_COMPONENT,8.0,,2,49.08,derived,The suspicious pair belongs to a connected component with shared supporting entities.
a7f15e6584e04d53||c27d08e889e37357,a7f15e6584e04d53,c27d08e889e37357,KB-C_SUSPICIOUS_COMPONENT,2.0,,2,43.67,derived,The suspicious pair belongs to a connected component with shared supporting entities.
86c55b2bf0ec2f11||3da4ab2e1cfd4017,86c55b2bf0ec2f11,3da4ab2e1cfd4017,KB-C_SUSPICIOUS_COMPONENT,5.0,,2,47.67,derived,The suspicious pair belongs to a connected component with shared supporting entities.
23de61111fc9ec37||9963d4a1b813402b,23de61111fc9ec37,9963d4a1b813402b,KB-C_SUSPICIOUS_COMPONENT,2.0,,2,41.25,derived,The suspicious pair belongs to a connected component with shared supporting entities.
3569be3b45eb45c4||0c5eea179cc51214,3569be3b45eb45c4,0c5eea179cc51214,KB-C_SUSPICIOUS_COMPONENT,2.0,,2,39.26,derived,The suspicious pair belongs to a connected component with shared supporting entities.
dd82576cf338efe5||6f049f2ce975848f,dd82576cf338efe5,6f049f2ce975848f,KB-C_SUSPICIOUS_COMPONENT,2.0,,2,53.06,derived,The suspicious pair belongs to a connected component with shared supporting entities.
cd68f266461f708d||c2ba05545db896d5,cd68f266461f708d,c2ba05545db896d5,KB-C_SUSPICIOUS_COMPONENT,3.0,,2,39.12,derived,The suspicious pair belongs to a connected component with shared supporting entities.
6ac85211ad5c5789||c8185a3bf4012dae,6ac85211ad5c5789,c8185a3bf4012dae,KB-C_SUSPICIOUS_COMPONENT,12.0,,2,44.38,derived,The suspicious pair belongs to a connected component with shared supporting entities.
3fad1a6dd7d74a77||500df3df6262a327,3fad1a6dd7d74a77,500df3df6262a327,KB-C_SUSPICIOUS_COMPONENT,2.0,,2,48.56,derived,The suspicious pair belongs to a connected component with shared supporting entities.
33c083b10c9726b7||e831dd2a08faea77,33c083b10c9726b7,e831dd2a08faea77,KB-C_SUSPICIOUS_COMPONENT,10.0,,2,43.43,derived,The suspicious pair belongs to a connected component with shared supporting entities.
a3def0add97e8d24||811c3bc8b0fff1ba,a3def0add97e8d24,811c3bc8b0fff1ba,KB-C_SUSPICIOUS_COMPONENT,6.0,,2,48.4,derived,The suspicious pair belongs to a connected component with shared supporting entities.
e68a66b698e67521||7aacb72a0f84cc21,e68a66b698e67521,7aacb72a0f84cc21,KB-C_SUSPICIOUS_COMPONENT,30.0,,2,28.71,derived,The suspicious pair belongs to a connected component with shared supporting entities.
9021a24fdf156353||ce2a687d7f1b8677,9021a24fdf156353,ce2a687d7f1b8677,KB-C_SUSPICIOUS_COMPONENT,3.0,,2,48.77,derived,The suspicious pair belongs to a connected component with shared supporting entities.
98032a135fe2c389||8cd86353603bf27b,98032a135fe2c389,8cd86353603bf27b,KB-C_SUSPICIOUS_COMPONENT,6.0,,2,46.11,derived,The suspicious pair belongs to a connected component with shared supporting entities.
f90be4483497c7cc||31efde3e7c7dfeed,f90be4483497c7cc,31efde3e7c7dfeed,KB-C_SUSPICIOUS_COMPONENT,2.0,,2,44.58,derived,The suspicious pair belongs to a connected component with shared supporting entities.
99cb7cb6b4101950||5db69378b6704acf,99cb7cb6b4101950,5db69378b6704acf,KB-C_SUSPICIOUS_COMPONENT,10.0,,2,48.88,derived,The suspicious pair belongs to a connected component with shared supporting entities.
8bf250d1d2c80b96||f8dfbcfc81b1a598,8bf250d1d2c80b96,f8dfbcfc81b1a598,KB-C_SUSPICIOUS_COMPONENT,5.0,,2,49.78,derived,The suspicious pair belongs to a connected component with shared supporting entities.
7211b98f46920e40||104bced700a7d913,7211b98f46920e40,104bced700a7d913,KB-C_SUSPICIOUS_COMPONENT,3.0,,2,47.5,derived,The suspicious pair belongs to a connected component with shared supporting entities.
1828570effc4cc32||aa24dc2e6c02b356,1828570effc4cc32,aa24dc2e6c02b356,KB-C_SUSPICIOUS_COMPONENT,5.0,,2,48.55,derived,The suspicious pair belongs to a connected component with shared supporting entities.
6486b27f4c823a0e||816b8ff669fb288c,6486b27f4c823a0e,816b8ff669fb288c,KB-C_SUSPICIOUS_COMPONENT,2.0,,2,46.14,derived,The suspicious pair belongs to a connected component with shared supporting entities.
71bd2702b4dec081||a86bef374bc7b8e6,71bd2702b4dec081,a86bef374bc7b8e6,KB-C_SUSPICIOUS_COMPONENT,9.0,,2,47.88,derived,The suspicious pair belongs to a connected component with shared supporting entities.
adb0fe6e6c3efdf1||4fd0ed8fda975166,adb0fe6e6c3efdf1,4fd0ed8fda975166,KB-C_SUSPICIOUS_COMPONENT,10.0,,2,46.04,derived,The suspicious pair belongs to a connected component with shared supporting entities.
d9920060ab3c4718||63d60e8c5a07a6a8,d9920060ab3c4718,63d60e8c5a07a6a8,KB-C_SUSPICIOUS_COMPONENT,11.0,,2,47.66,derived,The suspicious pair belongs to a connected component with shared supporting entities.
25b83bc3af3840ed||2c4213e3e18ab56f,25b83bc3af3840ed,2c4213e3e18ab56f,KB-C_SUSPICIOUS_COMPONENT,10.0,,2,48.34,derived,The suspicious pair belongs to a connected component with shared supporting entities.
2621150d9eadf4ca||dbb4059c3f90667f,2621150d9eadf4ca,dbb4059c3f90667f,KB-C_SUSPICIOUS_COMPONENT,3.0,,2,48.69,derived,The suspicious pair belongs to a connected component with shared supporting entities.
7dac2d72b42ab59a||b44f5a919f461caf,7dac2d72b42ab59a,b44f5a919f461caf,KB-C_SUSPICIOUS_COMPONENT,4.0,,2,48.4,derived,The suspicious pair belongs to a connected component with shared supporting entities.
ba1d56f7a69fa168||00439b9754480c93,ba1d56f7a69fa168,00439b9754480c93,KB-C_SUSPICIOUS_COMPONENT,7.0,,2,47.78,derived,The suspicious pair belongs to a connected component with shared supporting entities.
1a59a47b10399307||d7b9b8dbb7a89c03,1a59a47b10399307,d7b9b8dbb7a89c03,KB-C_SUSPICIOUS_COMPONENT,5.0,,2,49.28,derived,The suspicious pair belongs to a connected component with shared supporting entities.
1d1f561c858fa6d8||c3d2908591cb7e0d,1d1f561c858fa6d8,c3d2908591cb7e0d,KB-C_SUSPICIOUS_COMPONENT,5.0,,2,45.67,derived,The suspicious pair belongs to a connected component with shared supporting entities.
866e5578ce575e99||6490f8755ba18bf5,866e5578ce575e99,6490f8755ba18bf5,KB-C_SUSPICIOUS_COMPONENT,18.0,,2,48.64,derived,The suspicious pair belongs to a connected component with shared supporting entities.
36fb82a035123cbf||62416464f97da744,36fb82a035123cbf,62416464f97da744,KB-C_SUSPICIOUS_COMPONENT,6.0,,2,47.8,derived,The suspicious pair belongs to a connected component with shared supporting entities.
bb45a0b1195f681e||6d903b24d807a210,bb45a0b1195f681e,6d903b24d807a210,KB-C_SUSPICIOUS_COMPONENT,3.0,,2,44.43,derived,The suspicious pair belongs to a connected component with shared supporting entities.
072a21f2113355cd||b6b98a266064195b,072a21f2113355cd,b6b98a266064195b,KB-C_SUSPICIOUS_COMPONENT,10.0,,2,45.78,derived,The suspicious pair belongs to a connected component with shared supporting entities.
570aca56fdc94b66||09376c3601104bef,570aca56fdc94b66,09376c3601104bef,KB-C_SUSPICIOUS_COMPONENT,2.0,,2,38.54,derived,The suspicious pair belongs to a connected component with shared supporting entities.
bf9db9dce49fa7ae||0f7c4f452502f87e,bf9db9dce49fa7ae,0f7c4f452502f87e,KB-C_SUSPICIOUS_COMPONENT,8.0,,2,47.66,derived,The suspicious pair belongs to a connected component with shared supporting entities.
f99b8339c4458083||04f9c8b070d45b7b,f99b8339c4458083,04f9c8b070d45b7b,KB-C_SUSPICIOUS_COMPONENT,9.0,,2,44.1,derived,The suspicious pair belongs to a connected component with shared supporting entities.
d4b9bbbb333d2aa0||379ada8b1a698b1b,d4b9bbbb333d2aa0,379ada8b1a698b1b,KB-C_SUSPICIOUS_COMPONENT,13.0,,2,43.54,derived,The suspicious pair belongs to a connected component with shared supporting entities.
fd4f4b8319ed7cc0||6dd6d8e48a498dc5,fd4f4b8319ed7cc0,6dd6d8e48a498dc5,KB-C_SUSPICIOUS_COMPONENT,3.0,,2,47.92,derived,The suspicious pair belongs to a connected component with shared supporting entities.
1cbc3891261661a5||0fbc0517d7ccb875,1cbc3891261661a5,0fbc0517d7ccb875,KB-C_SUSPICIOUS_COMPONENT,4.0,,2,46.6,derived,The suspicious pair belongs to a connected component with shared supporting entities.
d216dadeed5008e9||0c758bc5a8abd8bf,d216dadeed5008e9,0c758bc5a8abd8bf,KB-C_SUSPICIOUS_COMPONENT,2.0,,2,46.64,derived,The suspicious pair belongs to a connected component with shared supporting entities.
535e8e65aaa3f72e||46c5383aa4869178,535e8e65aaa3f72e,46c5383aa4869178,KB-C_SUSPICIOUS_COMPONENT,2.0,,2,47.08,derived,The suspicious pair belongs to a connected component with shared supporting entities.
8cf948ac814dc7c6||629548ede80e678c,8cf948ac814dc7c6,629548ede80e678c,KB-C_SUSPICIOUS_COMPONENT,3.0,,2,47.95,derived,The suspicious pair belongs to a connected component with shared supporting entities.
40bd779ea7f0f445||eb1e1e75cf4bed3a,40bd779ea7f0f445,eb1e1e75cf4bed3a,KB-C_SUSPICIOUS_COMPONENT,12.0,,2,48.68,derived,The suspicious pair belongs to a connected component with shared supporting entities.
ac05827af39af85b||3f5eed28ac3266b9,ac05827af39af85b,3f5eed28ac3266b9,KB-C_SUSPICIOUS_COMPONENT,2.0,,2,44.64,derived,The suspicious pair belongs to a connected component with shared supporting entities.
a2ff982d593ef5d9||13114fb87acddf53,a2ff982d593ef5d9,13114fb87acddf53,KB-C_SUSPICIOUS_COMPONENT,2.0,,2,45.85,derived,The suspicious pair belongs to a connected component with shared supporting entities.
2f4ff0449e7ece98||5cfd7cdb2761ce9f,2f4ff0449e7ece98,5cfd7cdb2761ce9f,KB-C_SUSPICIOUS_COMPONENT,2.0,,2,44.44,derived,The suspicious pair belongs to a connected component with shared supporting entities.
1964c0e04b0de7f3||4f91ae27c0478790,1964c0e04b0de7f3,4f91ae27c0478790,KB-C_SUSPICIOUS_COMPONENT,10.0,,2,47.44,derived,The suspicious pair belongs to a connected component with shared supporting entities.
abca6b2b4cd2fba6||844120cb4d4f9013,abca6b2b4cd2fba6,844120cb4d4f9013,KB-C_SUSPICIOUS_COMPONENT,2.0,,2,45.36,derived,The suspicious pair belongs to a connected component with shared supporting entities.
49e7c2d47f318a0f||11471c4b47abcba9,49e7c2d47f318a0f,11471c4b47abcba9,KB-C_SUSPICIOUS_COMPONENT,3.0,,2,48.0,derived,The suspicious pair belongs to a connected component with shared supporting entities.
1e4eb6e11c83167d||6ce6b17d4e77cdf4,1e4eb6e11c83167d,6ce6b17d4e77cdf4,KB-C_SUSPICIOUS_COMPONENT,8.0,,2,45.26,derived,The suspicious pair belongs to a connected component with shared supporting entities.
4fd03fb810fcd3c3||91f7d6b428016139,4fd03fb810fcd3c3,91f7d6b428016139,KB-C_SUSPICIOUS_COMPONENT,5.0,,2,46.81,derived,The suspicious pair belongs to a connected component with shared supporting entities.
a6362216194c7591||4f7f4c1947224b7e,a6362216194c7591,4f7f4c1947224b7e,KB-C_SUSPICIOUS_COMPONENT,7.0,,2,45.38,derived,The suspicious pair belongs to a connected component with shared supporting entities.
d453440c5feb96ec||72b86be33a9770fd,d453440c5feb96ec,72b86be33a9770fd,KB-C_SUSPICIOUS_COMPONENT,3.0,,2,45.26,derived,The suspicious pair belongs to a connected component with shared supporting entities.
add6a3a2b1dc1b52||5d3cc2f0f24da340,add6a3a2b1dc1b52,5d3cc2f0f24da340,KB-C_SUSPICIOUS_COMPONENT,18.0,,2,48.65,derived,The suspicious pair belongs to a connected component with shared supporting entities.
aaec82964a8db8c3||f5070e51004d8b10,aaec82964a8db8c3,f5070e51004d8b10,KB-C_SUSPICIOUS_COMPONENT,7.0,,2,61.89,derived,The suspicious pair belongs to a connected component with shared supporting entities.
7246ed9979c3be0f||b607e4dccf9c8af1,7246ed9979c3be0f,b607e4dccf9c8af1,KB-C_SUSPICIOUS_COMPONENT,2.0,,2,44.33,derived,The suspicious pair belongs to a connected component with shared supporting entities.
4388bf88f619a8f2||51cba4837e3aa8e3,4388bf88f619a8f2,51cba4837e3aa8e3,KB-C_SUSPICIOUS_COMPONENT,3.0,,2,43.43,derived,The suspicious pair belongs to a connected component with shared supporting entities.
62af3e1f62497a6a||d0d6e1dad4e03344,62af3e1f62497a6a,d0d6e1dad4e03344,KB-C_SUSPICIOUS_COMPONENT,13.0,,2,47.85,derived,The suspicious pair belongs to a connected component with shared supporting entities.
72d97aafe9200fa7||19d8ccb251d42091,72d97aafe9200fa7,19d8ccb251d42091,KB-C_SUSPICIOUS_COMPONENT,5.0,,2,47.98,derived,The suspicious pair belongs to a connected component with shared supporting entities.
455af235d85f4e4a||57ef926d0b78b080,455af235d85f4e4a,57ef926d0b78b080,KB-C_SUSPICIOUS_COMPONENT,30.0,,2,46.17,derived,The suspicious pair belongs to a connected component with shared supporting entities.
dc084ac91d4ee799||fd3ddff52a2fe154,dc084ac91d4ee799,fd3ddff52a2fe154,KB-C_SUSPICIOUS_COMPONENT,5.0,,2,50.14,derived,The suspicious pair belongs to a connected component with shared supporting entities.
768f77edea6ed664||89b58bcad5cd30a3,768f77edea6ed664,89b58bcad5cd30a3,KB-C_SUSPICIOUS_COMPONENT,5.0,,2,47.44,derived,The suspicious pair belongs to a connected component with shared supporting entities.
1f3707b089d5420a||10012ca858f62242,1f3707b089d5420a,10012ca858f62242,KB-C_SUSPICIOUS_COMPONENT,2.0,,2,42.37,derived,The suspicious pair belongs to a connected component with shared supporting entities.
66c5b71be0e63cc7||8563a5c3fc3b5716,66c5b71be0e63cc7,8563a5c3fc3b5716,KB-C_SUSPICIOUS_COMPONENT,3.0,,2,42.18,derived,The suspicious pair belongs to a connected component with shared supporting entities.
24f9a99760d18b6a||65ae97d0ef3f60a9,24f9a99760d18b6a,65ae97d0ef3f60a9,KB-C_SUSPICIOUS_COMPONENT,11.0,,2,46.78,derived,The suspicious pair belongs to a connected component with shared supporting entities.
661e3d75e226c2f9||3c6eee5bb9240bad,661e3d75e226c2f9,3c6eee5bb9240bad,KB-C_SUSPICIOUS_COMPONENT,10.0,,2,45.12,derived,The suspicious pair belongs to a connected component with shared supporting entities.
7370b6f272bba1e8||489ebee5b9e7190d,7370b6f272bba1e8,489ebee5b9e7190d,KB-C_SUSPICIOUS_COMPONENT,2.0,,2,40.97,derived,The suspicious pair belongs to a connected component with shared supporting entities.
2fb30b05225a816f||dfea839d547dd4b1,2fb30b05225a816f,dfea839d547dd4b1,KB-C_SUSPICIOUS_COMPONENT,2.0,,2,43.49,derived,The suspicious pair belongs to a connected component with shared supporting entities.
e77ac3dee5bf92c2||f8cad5e7cc8db4d0,e77ac3dee5bf92c2,f8cad5e7cc8db4d0,KB-C_SUSPICIOUS_COMPONENT,4.0,,2,44.38,derived,The suspicious pair belongs to a connected component with shared supporting entities.
06d43b133ae6fc47||17a2a0784fef34c9,06d43b133ae6fc47,17a2a0784fef34c9,KB-C_SUSPICIOUS_COMPONENT,3.0,,2,48.4,derived,The suspicious pair belongs to a connected component with shared supporting entities.
835785cfa8eab704||f0eef6fdc3c5849a,835785cfa8eab704,f0eef6fdc3c5849a,KB-C_SUSPICIOUS_COMPONENT,18.0,,2,47.46,derived,The suspicious pair belongs to a connected component with shared supporting entities.
8d224d5393896dda||96e859633e6274b0,8d224d5393896dda,96e859633e6274b0,KB-C_SUSPICIOUS_COMPONENT,3.0,,2,45.88,derived,The suspicious pair belongs to a connected component with shared supporting entities.
4291ffa3348326ff||b772c1e657662f26,4291ffa3348326ff,b772c1e657662f26,KB-C_SUSPICIOUS_COMPONENT,6.0,,2,41.8,derived,The suspicious pair belongs to a connected component with shared supporting entities.
c2e3dc5eef67a5ea||f294bf949899b69f,c2e3dc5eef67a5ea,f294bf949899b69f,KB-C_SUSPICIOUS_COMPONENT,2.0,,2,43.16,derived,The suspicious pair belongs to a connected component with shared supporting entities.
25c88c2c1219214a||0e28cc507833a628,25c88c2c1219214a,0e28cc507833a628,KB-C_SUSPICIOUS_COMPONENT,9.0,,2,43.7,derived,The suspicious pair belongs to a connected component with shared supporting entities.
2f69145fbaab2968||bdf8d991b12e6b81,2f69145fbaab2968,bdf8d991b12e6b81,KB-C_SUSPICIOUS_COMPONENT,13.0,,2,45.03,derived,The suspicious pair belongs to a connected component with shared supporting entities.
ba3dd8516d33712f||afd48ca3d7462ca6,ba3dd8516d33712f,afd48ca3d7462ca6,KB-C_SUSPICIOUS_COMPONENT,3.0,,2,36.5,derived,The suspicious pair belongs to a connected component with shared supporting entities.
f570d1f2b4f754fe||61f882ceb4384cd2,f570d1f2b4f754fe,61f882ceb4384cd2,KB-C_SUSPICIOUS_COMPONENT,8.0,,2,47.9,derived,The suspicious pair belongs to a connected component with shared supporting entities.
b3a852ae65f064c8||a4276b2b13f59fbb,b3a852ae65f064c8,a4276b2b13f59fbb,KB-C_SUSPICIOUS_COMPONENT,13.0,,2,47.4,derived,The suspicious pair belongs to a connected component with shared supporting entities.
d69c518bb874969b||cf4ed370c7c89d68,d69c518bb874969b,cf4ed370c7c89d68,KB-C_SUSPICIOUS_COMPONENT,2.0,,2,48.87,derived,The suspicious pair belongs to a connected component with shared supporting entities.
15c72372f4ebc17d||67d0f9dcd3cd733f,15c72372f4ebc17d,67d0f9dcd3cd733f,KB-C_SUSPICIOUS_COMPONENT,18.0,,2,43.65,derived,The suspicious pair belongs to a connected component with shared supporting entities.
9c8688935f340e53||6bee3f20a83ae153,9c8688935f340e53,6bee3f20a83ae153,KB-C_SUSPICIOUS_COMPONENT,18.0,,2,47.89,derived,The suspicious pair belongs to a connected component with shared supporting entities.
681891fa8aa9f41b||cdd356ed4c426591,681891fa8aa9f41b,cdd356ed4c426591,KB-C_SUSPICIOUS_COMPONENT,4.0,,2,46.67,derived,The suspicious pair belongs to a connected component with shared supporting entities.
66e2ec6894eed7c0||28ebe69d0f9395e8,66e2ec6894eed7c0,28ebe69d0f9395e8,KB-C_SUSPICIOUS_COMPONENT,3.0,,2,57.88,derived,The suspicious pair belongs to a connected component with shared supporting entities.
46d710c9a788b55a||3049b5d3c3aa8811,46d710c9a788b55a,3049b5d3c3aa8811,KB-C_SUSPICIOUS_COMPONENT,2.0,,2,43.07,derived,The suspicious pair belongs to a connected component with shared supporting entities.
46d710c9a788b55a||3d7af27860ef2eb2,46d710c9a788b55a,3d7af27860ef2eb2,KB-C_SUSPICIOUS_COMPONENT,2.0,,2,43.07,derived,The suspicious pair belongs to a connected component with shared supporting entities.
b08523ead717660e||093d104d8bceda7e,b08523ead717660e,093d104d8bceda7e,KB-C_SUSPICIOUS_COMPONENT,8.0,,2,44.14,derived,The suspicious pair belongs to a connected component with shared supporting entities.
7a9e250ff00850e1||2b7015872e692b24,7a9e250ff00850e1,2b7015872e692b24,KB-C_SUSPICIOUS_COMPONENT,7.0,,2,46.62,derived,The suspicious pair belongs to a connected component with shared supporting entities.
6ab382d48ce5fb4c||441fb4d1592c46ac,6ab382d48ce5fb4c,441fb4d1592c46ac,KB-C_SUSPICIOUS_COMPONENT,18.0,,2,47.61,derived,The suspicious pair belongs to a connected component with shared supporting entities.
065c763e856f1601||d4451c264d27d378,065c763e856f1601,d4451c264d27d378,KB-C_SUSPICIOUS_COMPONENT,7.0,,2,51.28,derived,The suspicious pair belongs to a connected component with shared supporting entities.
b9162eacd69bdaf3||516d43dec7f530fd,b9162eacd69bdaf3,516d43dec7f530fd,KB-C_SUSPICIOUS_COMPONENT,7.0,,2,54.37,derived,The suspicious pair belongs to a connected component with shared supporting entities.
2e99294ba536730c||356007fd38805236,2e99294ba536730c,356007fd38805236,KB-C_SUSPICIOUS_COMPONENT,8.0,,2,43.14,derived,The suspicious pair belongs to a connected component with shared supporting entities.
9292c8471f83af23||2e75c4d7e1521fbd,9292c8471f83af23,2e75c4d7e1521fbd,KB-C_SUSPICIOUS_COMPONENT,10.0,,2,44.45,derived,The suspicious pair belongs to a connected component with shared supporting entities.
d0ffcfc1dd0cd0d5||e7ecf049b876ba58,d0ffcfc1dd0cd0d5,e7ecf049b876ba58,KB-C_SUSPICIOUS_COMPONENT,4.0,,2,47.2,derived,The suspicious pair belongs to a connected component with shared supporting entities.
8dde76fb68a4e97a||1d5acfebf79d2c9b,8dde76fb68a4e97a,1d5acfebf79d2c9b,KB-C_SUSPICIOUS_COMPONENT,10.0,,2,43.54,derived,The suspicious pair belongs to a connected component with shared supporting entities.
1f750ea67820917a||68d2dc28899fbe71,1f750ea67820917a,68d2dc28899fbe71,KB-C_SUSPICIOUS_COMPONENT,6.0,,2,50.68,derived,The suspicious pair belongs to a connected component with shared supporting entities.
4ee67ef6ecca0555||20f0fb56e7906991,4ee67ef6ecca0555,20f0fb56e7906991,KB-C_SUSPICIOUS_COMPONENT,2.0,,2,42.78,derived,The suspicious pair belongs to a connected component with shared supporting entities.
22fa09e4ce792dba||41417783c37fc064,22fa09e4ce792dba,41417783c37fc064,KB-C_SUSPICIOUS_COMPONENT,2.0,,2,40.55,derived,The suspicious pair belongs to a connected component with shared supporting entities.
39f09ad8625c0a20||e8e5e79752c96140,39f09ad8625c0a20,e8e5e79752c96140,KB-C_SUSPICIOUS_COMPONENT,7.0,,2,43.89,derived,The suspicious pair belongs to a connected component with shared supporting entities.
93f706c50ef14859||7194bc1945d649c5,93f706c50ef14859,7194bc1945d649c5,KB-C_SUSPICIOUS_COMPONENT,2.0,,2,45.02,derived,The suspicious pair belongs to a connected component with shared supporting entities.
837d494a8cc048a9||df03895f23241ab8,837d494a8cc048a9,df03895f23241ab8,KB-C_SUSPICIOUS_COMPONENT,7.0,,2,42.98,derived,The suspicious pair belongs to a connected component with shared supporting entities.
839d8448b00b8529||2d9edea3207d3a8f,839d8448b00b8529,2d9edea3207d3a8f,KB-C_SUSPICIOUS_COMPONENT,11.0,,2,47.18,derived,The suspicious pair belongs to a connected component with shared supporting entities.
250335eeec9709f8||9300a0d64f940465,250335eeec9709f8,9300a0d64f940465,KB-C_SUSPICIOUS_COMPONENT,3.0,,2,42.85,derived,The suspicious pair belongs to a connected component with shared supporting entities.
49ac003a891fec94||64acbb8c9f04432a,49ac003a891fec94,64acbb8c9f04432a,KB-C_SUSPICIOUS_COMPONENT,4.0,,2,48.24,derived,The suspicious pair belongs to a connected component with shared supporting entities.
3152712928c6fdd5||b51d5a0ed8e4db45,3152712928c6fdd5,b51d5a0ed8e4db45,KB-C_SUSPICIOUS_COMPONENT,5.0,,2,44.16,derived,The suspicious pair belongs to a connected component with shared supporting entities.
5070495369e160cf||abff53738c51780b,5070495369e160cf,abff53738c51780b,KB-C_SUSPICIOUS_COMPONENT,2.0,,2,46.93,derived,The suspicious pair belongs to a connected component with shared supporting entities.
27b9cc48959d1359||8f78a03c3f554447,27b9cc48959d1359,8f78a03c3f554447,KB-C_SUSPICIOUS_COMPONENT,30.0,,2,48.99,derived,The suspicious pair belongs to a connected component with shared supporting entities.
f2117533b66578a9||7c48a7ccf2bdecc8,f2117533b66578a9,7c48a7ccf2bdecc8,KB-C_SUSPICIOUS_COMPONENT,4.0,,2,44.41,derived,The suspicious pair belongs to a connected component with shared supporting entities.
e2239f66d16bad25||6992ca49dff46d60,e2239f66d16bad25,6992ca49dff46d60,KB-C_SUSPICIOUS_COMPONENT,8.0,,2,44.34,derived,The suspicious pair belongs to a connected component with shared supporting entities.
33caad945262f762||f0eb9c89a8f88566,33caad945262f762,f0eb9c89a8f88566,KB-C_SUSPICIOUS_COMPONENT,4.0,,2,45.94,derived,The suspicious pair belongs to a connected component with shared supporting entities.
253a044ce34379a0||a23a48da79e21063,253a044ce34379a0,a23a48da79e21063,KB-C_SUSPICIOUS_COMPONENT,9.0,,2,34.04,derived,The suspicious pair belongs to a connected component with shared supporting entities.
530c45f460a50fe5||75616316b281cd1e,530c45f460a50fe5,75616316b281cd1e,KB-C_SUSPICIOUS_COMPONENT,10.0,,2,43.52,derived,The suspicious pair belongs to a connected component with shared supporting entities.
83d08e845496ece2||e91b2b6e5c8d8602,83d08e845496ece2,e91b2b6e5c8d8602,KB-C_SUSPICIOUS_COMPONENT,2.0,,2,47.57,derived,The suspicious pair belongs to a connected component with shared supporting entities.
6b09a7a88829d6c3||2a960e72f4e8a6ab,6b09a7a88829d6c3,2a960e72f4e8a6ab,KB-C_SUSPICIOUS_COMPONENT,3.0,,2,44.37,derived,The suspicious pair belongs to a connected component with shared supporting entities.
ccc97fea07ecb8f0||384f5d5d60bfbc7b,ccc97fea07ecb8f0,384f5d5d60bfbc7b,KB-C_SUSPICIOUS_COMPONENT,3.0,,2,47.02,derived,The suspicious pair belongs to a connected component with shared supporting entities.
d75a3daa79605185||b6cb99f649541fd0,d75a3daa79605185,b6cb99f649541fd0,KB-C_SUSPICIOUS_COMPONENT,18.0,,2,45.34,derived,The suspicious pair belongs to a connected component with shared supporting entities.
dd9402e53f9c96fa||8ff13517f3d40fe8,dd9402e53f9c96fa,8ff13517f3d40fe8,KB-C_SUSPICIOUS_COMPONENT,2.0,,2,43.76,derived,The suspicious pair belongs to a connected component with shared supporting entities.
62e53009279d220f||b8ad41032c8bb07e,62e53009279d220f,b8ad41032c8bb07e,KB-C_SUSPICIOUS_COMPONENT,8.0,,2,41.32,derived,The suspicious pair belongs to a connected component with shared supporting entities.
679e5be8a5c259d1||ea79424362ac4271,679e5be8a5c259d1,ea79424362ac4271,KB-C_SUSPICIOUS_COMPONENT,7.0,,2,41.55,derived,The suspicious pair belongs to a connected component with shared supporting entities.
47af867ce877154c||b8acd8e32b760a2b,47af867ce877154c,b8acd8e32b760a2b,KB-C_SUSPICIOUS_COMPONENT,10.0,,2,43.48,derived,The suspicious pair belongs to a connected component with shared supporting entities.
7bb07e94d0706fca||d5e6a4de2d95b199,7bb07e94d0706fca,d5e6a4de2d95b199,KB-C_SUSPICIOUS_COMPONENT,2.0,,2,43.94,derived,The suspicious pair belongs to a connected component with shared supporting entities.
63c41aad7b8121a5||036762349cc59d3a,63c41aad7b8121a5,036762349cc59d3a,KB-C_SUSPICIOUS_COMPONENT,3.0,,2,41.81,derived,The suspicious pair belongs to a connected component with shared supporting entities.
9715aaceb208ed3b||72e5f7c066605741,9715aaceb208ed3b,72e5f7c066605741,KB-C_SUSPICIOUS_COMPONENT,3.0,,2,51.02,derived,The suspicious pair belongs to a connected component with shared supporting entities.
d2a0b9232e5e615d||7e9ba7301aa6c3db,d2a0b9232e5e615d,7e9ba7301aa6c3db,KB-C_SUSPICIOUS_COMPONENT,13.0,,2,45.48,derived,The suspicious pair belongs to a connected component with shared supporting entities.
0fece9ac92bc431b||e69de64123980b5d,0fece9ac92bc431b,e69de64123980b5d,KB-C_SUSPICIOUS_COMPONENT,8.0,,2,41.5,derived,The suspicious pair belongs to a connected component with shared supporting entities.
666a3092872a7877||c1de173350852133,666a3092872a7877,c1de173350852133,KB-C_SUSPICIOUS_COMPONENT,2.0,,2,45.87,derived,The suspicious pair belongs to a connected component with shared supporting entities.
b62beeb5e4a0a91d||4d3597b64605c678,b62beeb5e4a0a91d,4d3597b64605c678,KB-C_SUSPICIOUS_COMPONENT,13.0,,2,43.56,derived,The suspicious pair belongs to a connected component with shared supporting entities.
40acf18c210f9269||dfed23b230b12326,40acf18c210f9269,dfed23b230b12326,KB-C_SUSPICIOUS_COMPONENT,6.0,,2,45.79,derived,The suspicious pair belongs to a connected component with shared supporting entities.
373ad0220443d475||b1906e333b1b538a,373ad0220443d475,b1906e333b1b538a,KB-C_SUSPICIOUS_COMPONENT,2.0,,2,42.8,derived,The suspicious pair belongs to a connected component with shared supporting entities.
98e1dbccc7c2d84d||e51fea4ca35416df,98e1dbccc7c2d84d,e51fea4ca35416df,KB-C_SUSPICIOUS_COMPONENT,18.0,,2,41.18,derived,The suspicious pair belongs to a connected component with shared supporting entities.
9d4234a0593d9077||b041109911d8eeb1,9d4234a0593d9077,b041109911d8eeb1,KB-C_SUSPICIOUS_COMPONENT,2.0,,2,41.82,derived,The suspicious pair belongs to a connected component with shared supporting entities.
dfb6017f141cf05c||c6cebe3f1d7fb8a9,dfb6017f141cf05c,c6cebe3f1d7fb8a9,KB-C_SUSPICIOUS_COMPONENT,6.0,,2,43.65,derived,The suspicious pair belongs to a connected component with shared supporting entities.
75cbc3a1f0cd5b16||21fbae063205e268,75cbc3a1f0cd5b16,21fbae063205e268,KB-C_SUSPICIOUS_COMPONENT,4.0,,2,42.54,derived,The suspicious pair belongs to a connected component with shared supporting entities.
f80ed75cef63332a||88b43c23bc92d791,f80ed75cef63332a,88b43c23bc92d791,KB-C_SUSPICIOUS_COMPONENT,2.0,,2,44.6,derived,The suspicious pair belongs to a connected component with shared supporting entities.
8068bcfea8935975||9d8a7e5ca81b102c,8068bcfea8935975,9d8a7e5ca81b102c,KB-C_SUSPICIOUS_COMPONENT,12.0,,2,45.31,derived,The suspicious pair belongs to a connected component with shared supporting entities.
e15717a62f290fbb||1a3f2da8d72ab761,e15717a62f290fbb,1a3f2da8d72ab761,KB-C_SUSPICIOUS_COMPONENT,10.0,,2,45.99,derived,The suspicious pair belongs to a connected component with shared supporting entities.
13ddec0fff826b54||3aa4200977035ca2,13ddec0fff826b54,3aa4200977035ca2,KB-C_SUSPICIOUS_COMPONENT,12.0,,2,46.31,derived,The suspicious pair belongs to a connected component with shared supporting entities.
486ee9e0be7cb98c||2aee074cc5e5cbd5,486ee9e0be7cb98c,2aee074cc5e5cbd5,KB-C_SUSPICIOUS_COMPONENT,13.0,,2,42.94,derived,The suspicious pair belongs to a connected component with shared supporting entities.
6037cdf8d922c1de||4c3f261de5e83e54,6037cdf8d922c1de,4c3f261de5e83e54,KB-C_SUSPICIOUS_COMPONENT,2.0,,2,37.84,derived,The suspicious pair belongs to a connected component with shared supporting entities.
c3f35594c37cdb8f||9b5c3691982a9936,c3f35594c37cdb8f,9b5c3691982a9936,KB-C_SUSPICIOUS_COMPONENT,5.0,,2,40.66,derived,The suspicious pair belongs to a connected component with shared supporting entities.
3ce2d7c297a854cd||3545c4ee5ed3ccd7,3ce2d7c297a854cd,3545c4ee5ed3ccd7,KB-C_SUSPICIOUS_COMPONENT,11.0,,2,45.77,derived,The suspicious pair belongs to a connected component with shared supporting entities.
fade2adce4880f73||f48b3a538a40fe21,fade2adce4880f73,f48b3a538a40fe21,KB-C_SUSPICIOUS_COMPONENT,4.0,,2,44.76,derived,The suspicious pair belongs to a connected component with shared supporting entities.
6aaeecac26641e7a||ded2c401f9512704,6aaeecac26641e7a,ded2c401f9512704,KB-C_SUSPICIOUS_COMPONENT,8.0,,2,41.91,derived,The suspicious pair belongs to a connected component with shared supporting entities.
8e8ff01196c8c833||f399f33d58ffd8aa,8e8ff01196c8c833,f399f33d58ffd8aa,KB-C_SUSPICIOUS_COMPONENT,5.0,,2,43.51,derived,The suspicious pair belongs to a connected component with shared supporting entities.
5757a0575588f387||902e909b69c0bb7d,5757a0575588f387,902e909b69c0bb7d,KB-C_SUSPICIOUS_COMPONENT,3.0,,2,44.4,derived,The suspicious pair belongs to a connected component with shared supporting entities.
f66d41fda41fdc36||aa14618093edf108,f66d41fda41fdc36,aa14618093edf108,KB-C_SUSPICIOUS_COMPONENT,6.0,,2,42.32,derived,The suspicious pair belongs to a connected component with shared supporting entities.
d811b5c5f19d5f7d||974cd75261d4c156,d811b5c5f19d5f7d,974cd75261d4c156,KB-C_SUSPICIOUS_COMPONENT,6.0,,2,42.17,derived,The suspicious pair belongs to a connected component with shared supporting entities.
d7b634b0618ebd34||aec7c15a653cf9f6,d7b634b0618ebd34,aec7c15a653cf9f6,KB-C_SUSPICIOUS_COMPONENT,18.0,,2,42.73,derived,The suspicious pair belongs to a connected component with shared supporting entities.
c5beeba0980c4174||5f07724d3e06c629,c5beeba0980c4174,5f07724d3e06c629,KB-C_SUSPICIOUS_COMPONENT,11.0,,2,50.14,derived,The suspicious pair belongs to a connected component with shared supporting entities.
da20945cbac8c6b3||52e7f2e31ae8f8ac,da20945cbac8c6b3,52e7f2e31ae8f8ac,KB-C_SUSPICIOUS_COMPONENT,7.0,,2,44.69,derived,The suspicious pair belongs to a connected component with shared supporting entities.
e471f12c32896e30||39970bb791628d4d,e471f12c32896e30,39970bb791628d4d,KB-C_SUSPICIOUS_COMPONENT,5.0,,2,44.04,derived,The suspicious pair belongs to a connected component with shared supporting entities.
a1b243a4e3507797||5715f8e841870bc3,a1b243a4e3507797,5715f8e841870bc3,KB-C_SUSPICIOUS_COMPONENT,10.0,,2,45.74,derived,The suspicious pair belongs to a connected component with shared supporting entities.
c0a21f926a8cc006||59876573e16711a9,c0a21f926a8cc006,59876573e16711a9,KB-C_SUSPICIOUS_COMPONENT,2.0,,2,39.84,derived,The suspicious pair belongs to a connected component with shared supporting entities.
46d4e381552f3b1a||93665c0dd9246de4,46d4e381552f3b1a,93665c0dd9246de4,KB-C_SUSPICIOUS_COMPONENT,2.0,,2,28.83,derived,The suspicious pair belongs to a connected component with shared supporting entities.
e10442dda51e0ccb||cd7734921df619df,e10442dda51e0ccb,cd7734921df619df,KB-C_SUSPICIOUS_COMPONENT,4.0,,2,45.0,derived,The suspicious pair belongs to a connected component with shared supporting entities.
adae741af85347cf||ea7b62e5224eee01,adae741af85347cf,ea7b62e5224eee01,KB-C_SUSPICIOUS_COMPONENT,3.0,,2,46.73,derived,The suspicious pair belongs to a connected component with shared supporting entities.
870448098e26ea7c||063f2fe94680fae8,870448098e26ea7c,063f2fe94680fae8,KB-C_SUSPICIOUS_COMPONENT,10.0,,2,43.46,derived,The suspicious pair belongs to a connected component with shared supporting entities.
e246a881cd9a0931||f55453f743fecd70,e246a881cd9a0931,f55453f743fecd70,KB-C_SUSPICIOUS_COMPONENT,10.0,,2,41.55,derived,The suspicious pair belongs to a connected component with shared supporting entities.
132bfddf22175bfe||d88377550899034a,132bfddf22175bfe,d88377550899034a,KB-C_SUSPICIOUS_COMPONENT,4.0,,2,39.56,derived,The suspicious pair belongs to a connected component with shared supporting entities.
81d4bfddfa54ff5f||533ec34258435caf,81d4bfddfa54ff5f,533ec34258435caf,KB-C_SUSPICIOUS_COMPONENT,13.0,,2,43.05,derived,The suspicious pair belongs to a connected component with shared supporting entities.
3a8cad57f76cd018||0a5a8c88fab1d577,3a8cad57f76cd018,0a5a8c88fab1d577,KB-C_SUSPICIOUS_COMPONENT,3.0,,2,42.2,derived,The suspicious pair belongs to a connected component with shared supporting entities.
a818cd2d34b3f9a9||51da6711b5df2670,a818cd2d34b3f9a9,51da6711b5df2670,KB-C_SUSPICIOUS_COMPONENT,7.0,,2,41.98,derived,The suspicious pair belongs to a connected component with shared supporting entities.
7069dc4387b6357e||190e346f932b1b08,7069dc4387b6357e,190e346f932b1b08,KB-C_SUSPICIOUS_COMPONENT,8.0,,2,43.41,derived,The suspicious pair belongs to a connected component with shared supporting entities.
fa9cac68bc8dbe42||d5470e627d6a03c6,fa9cac68bc8dbe42,d5470e627d6a03c6,KB-C_SUSPICIOUS_COMPONENT,6.0,,2,42.6,derived,The suspicious pair belongs to a connected component with shared supporting entities.
eb6a969f143a5e43||063b491f8e855795,eb6a969f143a5e43,063b491f8e855795,KB-C_SUSPICIOUS_COMPONENT,10.0,,2,42.54,derived,The suspicious pair belongs to a connected component with shared supporting entities.
94aa5e3e1edaecf6||75557b4b149ebca8,94aa5e3e1edaecf6,75557b4b149ebca8,KB-C_SUSPICIOUS_COMPONENT,2.0,,2,50.4,derived,The suspicious pair belongs to a connected component with shared supporting entities.
4744004d84d71866||44664fb2bd369542,4744004d84d71866,44664fb2bd369542,KB-C_SUSPICIOUS_COMPONENT,6.0,,2,41.0,derived,The suspicious pair belongs to a connected component with shared supporting entities.
689bde99f8719118||8f015c1ff13b810b,689bde99f8719118,8f015c1ff13b810b,KB-C_SUSPICIOUS_COMPONENT,8.0,,2,42.47,derived,The suspicious pair belongs to a connected component with shared supporting entities.
2d8e15aed9740927||877fbc943ee8a185,2d8e15aed9740927,877fbc943ee8a185,KB-C_SUSPICIOUS_COMPONENT,4.0,,2,45.28,derived,The suspicious pair belongs to a connected component with shared supporting entities.
15de35505115e14b||f1aca47ed38a98ab,15de35505115e14b,f1aca47ed38a98ab,KB-C_SUSPICIOUS_COMPONENT,11.0,,2,44.9,derived,The suspicious pair belongs to a connected component with shared supporting entities.
3a5e0f4d045833a3||ef8d5c9e3a41208d,3a5e0f4d045833a3,ef8d5c9e3a41208d,KB-C_SUSPICIOUS_COMPONENT,6.0,,2,38.9,derived,The suspicious pair belongs to a connected component with shared supporting entities.
2bd2c8292f4fd9df||6a908a1aa940022a,2bd2c8292f4fd9df,6a908a1aa940022a,KB-C_SUSPICIOUS_COMPONENT,6.0,,2,43.06,derived,The suspicious pair belongs to a connected component with shared supporting entities.
dde0bc926659dd64||f0602aa597b5d5d4,dde0bc926659dd64,f0602aa597b5d5d4,KB-C_SUSPICIOUS_COMPONENT,5.0,,2,46.91,derived,The suspicious pair belongs to a connected component with shared supporting entities.
5e5fe239ae4a0fe0||560e20df7ce0d6b7,5e5fe239ae4a0fe0,560e20df7ce0d6b7,KB-C_SUSPICIOUS_COMPONENT,18.0,,2,43.08,derived,The suspicious pair belongs to a connected component with shared supporting entities.
c45f1b51a8b21d69||80731a0a5e2c9e4f,c45f1b51a8b21d69,80731a0a5e2c9e4f,KB-C_SUSPICIOUS_COMPONENT,9.0,,2,37.74,derived,The suspicious pair belongs to a connected component with shared supporting entities.
b5dc0528d4e14f2e||72c7773f02e13495,b5dc0528d4e14f2e,72c7773f02e13495,KB-C_SUSPICIOUS_COMPONENT,2.0,,2,42.22,derived,The suspicious pair belongs to a connected component with shared supporting entities.
5b79765c2814ee13||073d3e48370d1b80,5b79765c2814ee13,073d3e48370d1b80,KB-C_SUSPICIOUS_COMPONENT,10.0,,2,36.25,derived,The suspicious pair belongs to a connected component with shared supporting entities.
5190dcecff0687cb||3b5a8fcf94c1c31f,5190dcecff0687cb,3b5a8fcf94c1c31f,KB-C_SUSPICIOUS_COMPONENT,9.0,,2,33.19,derived,The suspicious pair belongs to a connected component with shared supporting entities.
fa93c7bdb7f3010b||82394df9e22dcf30,fa93c7bdb7f3010b,82394df9e22dcf30,KB-C_SUSPICIOUS_COMPONENT,2.0,,2,47.38,derived,The suspicious pair belongs to a connected component with shared supporting entities.
3d8dc2593d90ba63||72159a75972cb55d,3d8dc2593d90ba63,72159a75972cb55d,KB-C_SUSPICIOUS_COMPONENT,2.0,,2,45.79,derived,The suspicious pair belongs to a connected component with shared supporting entities.
d23dcf44bfe2ef3e||70ffa8c2ecbff276,d23dcf44bfe2ef3e,70ffa8c2ecbff276,KB-C_SUSPICIOUS_COMPONENT,2.0,,2,44.14,derived,The suspicious pair belongs to a connected component with shared supporting entities.
64a2502cb3d79c9b||e6a03cb0e531834a,64a2502cb3d79c9b,e6a03cb0e531834a,KB-C_SUSPICIOUS_COMPONENT,2.0,,2,39.25,derived,The suspicious pair belongs to a connected component with shared supporting entities.
23febabdf2264367||fa73e80a79ade544,23febabdf2264367,fa73e80a79ade544,KB-C_SUSPICIOUS_COMPONENT,6.0,,2,45.61,derived,The suspicious pair belongs to a connected component with shared supporting entities.
29fbff082405f8e2||c1c65bb5385fd22d,29fbff082405f8e2,c1c65bb5385fd22d,KB-C_SUSPICIOUS_COMPONENT,4.0,,2,45.16,derived,The suspicious pair belongs to a connected component with shared supporting entities.
452cb0d28f599eec||9a2d0825f5ed95d3,452cb0d28f599eec,9a2d0825f5ed95d3,KB-C_SUSPICIOUS_COMPONENT,7.0,,2,41.83,derived,The suspicious pair belongs to a connected component with shared supporting entities.
a124573cc7e89640||be4ef9399990c17f,a124573cc7e89640,be4ef9399990c17f,KB-C_SUSPICIOUS_COMPONENT,4.0,,2,38.44,derived,The suspicious pair belongs to a connected component with shared supporting entities.
0615ca7f371a083a||6d37377f7867dfa4,0615ca7f371a083a,6d37377f7867dfa4,KB-C_SUSPICIOUS_COMPONENT,5.0,,2,39.98,derived,The suspicious pair belongs to a connected component with shared supporting entities.
37d104ed61f87569||770a59c82322ab15,37d104ed61f87569,770a59c82322ab15,KB-C_SUSPICIOUS_COMPONENT,8.0,,2,48.22,derived,The suspicious pair belongs to a connected component with shared supporting entities.
c5e1c8f0929911b1||8d7bdf0a0069435a,c5e1c8f0929911b1,8d7bdf0a0069435a,KB-C_SUSPICIOUS_COMPONENT,2.0,,2,43.97,derived,The suspicious pair belongs to a connected component with shared supporting entities.
f61692aa22ba34fc||a4922225195984ed,f61692aa22ba34fc,a4922225195984ed,KB-C_SUSPICIOUS_COMPONENT,13.0,,2,43.29,derived,The suspicious pair belongs to a connected component with shared supporting entities.
180e389dc9e916ba||45d8462070fb8452,180e389dc9e916ba,45d8462070fb8452,KB-C_SUSPICIOUS_COMPONENT,10.0,,2,50.76,derived,The suspicious pair belongs to a connected component with shared supporting entities.
d69f6d6739baff20||26998ffcb290636b,d69f6d6739baff20,26998ffcb290636b,KB-C_SUSPICIOUS_COMPONENT,2.0,,2,48.4,derived,The suspicious pair belongs to a connected component with shared supporting entities.
3a9caf1156a4353f||38f2ea352fb86076,3a9caf1156a4353f,38f2ea352fb86076,KB-C_SUSPICIOUS_COMPONENT,6.0,,2,45.73,derived,The suspicious pair belongs to a connected component with shared supporting entities.
28d18b5006fb2cdd||835d02355f18c539,28d18b5006fb2cdd,835d02355f18c539,KB-C_SUSPICIOUS_COMPONENT,12.0,,2,44.46,derived,The suspicious pair belongs to a connected component with shared supporting entities.
74c6da41f932a819||3bf637e0ab189484,74c6da41f932a819,3bf637e0ab189484,KB-C_SUSPICIOUS_COMPONENT,5.0,,2,42.8,derived,The suspicious pair belongs to a connected component with shared supporting entities.
098ab00f18ffe1c0||048be285f6b47a8a,098ab00f18ffe1c0,048be285f6b47a8a,KB-C_SUSPICIOUS_COMPONENT,10.0,,2,45.17,derived,The suspicious pair belongs to a connected component with shared supporting entities.
4481d877eaec5d84||f894acf250451372,4481d877eaec5d84,f894acf250451372,KB-C_SUSPICIOUS_COMPONENT,2.0,,2,43.21,derived,The suspicious pair belongs to a connected component with shared supporting entities.
5bf3504e6953b4ed||f6b7e2f2699abfb8,5bf3504e6953b4ed,f6b7e2f2699abfb8,KB-C_SUSPICIOUS_COMPONENT,8.0,,2,43.89,derived,The suspicious pair belongs to a connected component with shared supporting entities.
0fbd136e7a4aae47||45ba87dcfe484b57,0fbd136e7a4aae47,45ba87dcfe484b57,KB-C_SUSPICIOUS_COMPONENT,18.0,,2,40.31,derived,The suspicious pair belongs to a connected component with shared supporting entities.
8947bab2c824f527||5cb0eab879dab4a4,8947bab2c824f527,5cb0eab879dab4a4,KB-C_SUSPICIOUS_COMPONENT,3.0,,2,41.78,derived,The suspicious pair belongs to a connected component with shared supporting entities.
781224009a22eee0||c8419bc8ea22f8ab,781224009a22eee0,c8419bc8ea22f8ab,KB-C_SUSPICIOUS_COMPONENT,7.0,,2,37.4,derived,The suspicious pair belongs to a connected component with shared supporting entities.
b1272ce5af1cf2ff||99ad6e58b74c1f6c,b1272ce5af1cf2ff,99ad6e58b74c1f6c,KB-C_SUSPICIOUS_COMPONENT,5.0,,2,41.31,derived,The suspicious pair belongs to a connected component with shared supporting entities.
a4c70057374cb545||5776e69fc2622ae9,a4c70057374cb545,5776e69fc2622ae9,KB-C_SUSPICIOUS_COMPONENT,2.0,,2,36.24,derived,The suspicious pair belongs to a connected component with shared supporting entities.
155f14f8f477a285||b989995dbb4a9237,155f14f8f477a285,b989995dbb4a9237,KB-C_SUSPICIOUS_COMPONENT,13.0,,2,38.15,derived,The suspicious pair belongs to a connected component with shared supporting entities.
84fee45a15909f39||2a1f98ec01e9d9b3,84fee45a15909f39,2a1f98ec01e9d9b3,KB-C_SUSPICIOUS_COMPONENT,13.0,,2,41.46,derived,The suspicious pair belongs to a connected component with shared supporting entities.
ab523274f635601c||b32d99ee945b8d89,ab523274f635601c,b32d99ee945b8d89,KB-C_SUSPICIOUS_COMPONENT,7.0,,2,46.68,derived,The suspicious pair belongs to a connected component with shared supporting entities.
d030378aeca44404||160781d1410e1e8c,d030378aeca44404,160781d1410e1e8c,KB-C_SUSPICIOUS_COMPONENT,2.0,,2,37.51,derived,The suspicious pair belongs to a connected component with shared supporting entities.
94a4b25d51b3b51f||0afaf7ca1fe3ba4e,94a4b25d51b3b51f,0afaf7ca1fe3ba4e,KB-C_SUSPICIOUS_COMPONENT,2.0,,2,24.17,derived,The suspicious pair belongs to a connected component with shared supporting entities.
4ea8dfa4e2017d32||a40149c2c4a20afc,4ea8dfa4e2017d32,a40149c2c4a20afc,KB-C_SUSPICIOUS_COMPONENT,2.0,,2,41.94,derived,The suspicious pair belongs to a connected component with shared supporting entities.
8124055e2bf5330f||c59de72a1a8acffc,8124055e2bf5330f,c59de72a1a8acffc,KB-C_SUSPICIOUS_COMPONENT,6.0,,2,40.7,derived,The suspicious pair belongs to a connected component with shared supporting entities.
e335fc27ed1f1fdb||7965ae3696b4adff,e335fc27ed1f1fdb,7965ae3696b4adff,KB-C_SUSPICIOUS_COMPONENT,2.0,,2,41.56,derived,The suspicious pair belongs to a connected component with shared supporting entities.
eadbd30009d5f142||d70ff88a96f492bc,eadbd30009d5f142,d70ff88a96f492bc,KB-C_SUSPICIOUS_COMPONENT,2.0,,2,44.31,derived,The suspicious pair belongs to a connected component with shared supporting entities.
70e6be43ef2f72ee||0c8f7f6584f62bfc,70e6be43ef2f72ee,0c8f7f6584f62bfc,KB-C_SUSPICIOUS_COMPONENT,4.0,,2,57.68,derived,The suspicious pair belongs to a connected component with shared supporting entities.
70e6be43ef2f72ee||cbc758fc894fd8a5,70e6be43ef2f72ee,cbc758fc894fd8a5,KB-C_SUSPICIOUS_COMPONENT,4.0,,2,59.12,derived,The suspicious pair belongs to a connected component with shared supporting entities.
741ef02502f2fff9||696b8b4786b36d70,741ef02502f2fff9,696b8b4786b36d70,KB-C_SUSPICIOUS_COMPONENT,5.0,,2,39.33,derived,The suspicious pair belongs to a connected component with shared supporting entities.
c3e7de8823aca093||757e618bb3e7fe11,c3e7de8823aca093,757e618bb3e7fe11,KB-C_SUSPICIOUS_COMPONENT,6.0,,2,43.38,derived,The suspicious pair belongs to a connected component with shared supporting entities.
2904b02904e9300b||ca328f4443fc792d,2904b02904e9300b,ca328f4443fc792d,KB-C_SUSPICIOUS_COMPONENT,6.0,,2,37.66,derived,The suspicious pair belongs to a connected component with shared supporting entities.
20d12589a91de791||45377c7c5b45cbe9,20d12589a91de791,45377c7c5b45cbe9,KB-C_SUSPICIOUS_COMPONENT,2.0,,2,43.11,derived,The suspicious pair belongs to a connected component with shared supporting entities.
48c0ddaede901287||8bf85b2bc837724f,48c0ddaede901287,8bf85b2bc837724f,KB-C_SUSPICIOUS_COMPONENT,30.0,,2,34.91,derived,The suspicious pair belongs to a connected component with shared supporting entities.
6c1858943ed8865d||d4b43374d661c804,6c1858943ed8865d,d4b43374d661c804,KB-C_SUSPICIOUS_COMPONENT,4.0,,2,40.26,derived,The suspicious pair belongs to a connected component with shared supporting entities.
213938250a6db885||895d3a003a432a61,213938250a6db885,895d3a003a432a61,KB-C_SUSPICIOUS_COMPONENT,10.0,,2,36.38,derived,The suspicious pair belongs to a connected component with shared supporting entities.
17772bbefb9eefe2||155a5f29d5e805b9,17772bbefb9eefe2,155a5f29d5e805b9,KB-C_SUSPICIOUS_COMPONENT,6.0,,2,42.23,derived,The suspicious pair belongs to a connected component with shared supporting entities.
ff09814f87b4926a||60d84f581467cb94,ff09814f87b4926a,60d84f581467cb94,KB-C_SUSPICIOUS_COMPONENT,9.0,,2,38.77,derived,The suspicious pair belongs to a connected component with shared supporting entities.
a20e97d1d6967047||b3233f317abbd2a7,a20e97d1d6967047,b3233f317abbd2a7,KB-C_SUSPICIOUS_COMPONENT,18.0,,2,37.67,derived,The suspicious pair belongs to a connected component with shared supporting entities.
11fc357296214268||d8a9ac96ff7d8c18,11fc357296214268,d8a9ac96ff7d8c18,KB-C_SUSPICIOUS_COMPONENT,3.0,,2,50.41,derived,The suspicious pair belongs to a connected component with shared supporting entities.
3a55b37a8e80cc97||8c773d0a4fdbba36,3a55b37a8e80cc97,8c773d0a4fdbba36,KB-C_SUSPICIOUS_COMPONENT,6.0,,2,33.22,derived,The suspicious pair belongs to a connected component with shared supporting entities.
4c8a3d6cb7a3130d||6cb8ca73b7296739,4c8a3d6cb7a3130d,6cb8ca73b7296739,KB-C_SUSPICIOUS_COMPONENT,18.0,,2,43.64,derived,The suspicious pair belongs to a connected component with shared supporting entities.
9f64355214043553||29f3682c09195c08,9f64355214043553,29f3682c09195c08,KB-C_SUSPICIOUS_COMPONENT,13.0,,2,40.78,derived,The suspicious pair belongs to a connected component with shared supporting entities.
192c2855cda8cf91||0f100393ffe1e384,192c2855cda8cf91,0f100393ffe1e384,KB-C_SUSPICIOUS_COMPONENT,7.0,,2,44.68,derived,The suspicious pair belongs to a connected component with shared supporting entities.
9c73fa55fe07a56d||a2df255f1a933354,9c73fa55fe07a56d,a2df255f1a933354,KB-C_SUSPICIOUS_COMPONENT,2.0,,2,41.2,derived,The suspicious pair belongs to a connected component with shared supporting entities.
dd9402e53f9c96fa||c5a8f14129e6090b,dd9402e53f9c96fa,c5a8f14129e6090b,KB-C_SUSPICIOUS_COMPONENT,4.0,,2,43.19,derived,The suspicious pair belongs to a connected component with shared supporting entities.
67bad591acedc594||5424339dd10dc0e2,67bad591acedc594,5424339dd10dc0e2,KB-C_SUSPICIOUS_COMPONENT,7.0,,2,42.41,derived,The suspicious pair belongs to a connected component with shared supporting entities.
e31ae6451b11a54f||1a3b0d432a081f7f,e31ae6451b11a54f,1a3b0d432a081f7f,KB-C_SUSPICIOUS_COMPONENT,5.0,,2,45.53,derived,The suspicious pair belongs to a connected component with shared supporting entities.
2b5f09de0a62950d||6ad20d1d659f9123,2b5f09de0a62950d,6ad20d1d659f9123,KB-C_SUSPICIOUS_COMPONENT,12.0,,2,29.39,derived,The suspicious pair belongs to a connected component with shared supporting entities.
730d8a7145a50272||1a2fbde4f7fe5c8d,730d8a7145a50272,1a2fbde4f7fe5c8d,KB-C_SUSPICIOUS_COMPONENT,2.0,,2,41.17,derived,The suspicious pair belongs to a connected component with shared supporting entities.
ef3d2d8f3923b445||70d7b77d65fed413,ef3d2d8f3923b445,70d7b77d65fed413,KB-C_SUSPICIOUS_COMPONENT,10.0,,2,42.03,derived,The suspicious pair belongs to a connected component with shared supporting entities.
9292c8471f83af23||153a8598743856cd,9292c8471f83af23,153a8598743856cd,KB-C_SUSPICIOUS_COMPONENT,10.0,,2,38.47,derived,The suspicious pair belongs to a connected component with shared supporting entities.
ccc97fea07ecb8f0||7f624f4c6842d6f1,ccc97fea07ecb8f0,7f624f4c6842d6f1,KB-C_SUSPICIOUS_COMPONENT,3.0,,2,42.38,derived,The suspicious pair belongs to a connected component with shared supporting entities.
2a4e33baa4d7b717||aa780d10917e10db,2a4e33baa4d7b717,aa780d10917e10db,KB-C_SUSPICIOUS_COMPONENT,13.0,,2,42.62,derived,The suspicious pair belongs to a connected component with shared supporting entities.
c6ec51cc2f002740||3f522fe90122f7e5,c6ec51cc2f002740,3f522fe90122f7e5,KB-C_SUSPICIOUS_COMPONENT,6.0,,2,40.62,derived,The suspicious pair belongs to a connected component with shared supporting entities.
370cc99f587aa04b||f6584b185af6bc9f,370cc99f587aa04b,f6584b185af6bc9f,KB-C_SUSPICIOUS_COMPONENT,3.0,,2,37.98,derived,The suspicious pair belongs to a connected component with shared supporting entities.
36b20da0bf12140d||7caed88907e680f7,36b20da0bf12140d,7caed88907e680f7,KB-C_SUSPICIOUS_COMPONENT,2.0,,2,48.79,derived,The suspicious pair belongs to a connected component with shared supporting entities.
32badcd099681558||5cb1a5871a5cefff,32badcd099681558,5cb1a5871a5cefff,KB-C_SUSPICIOUS_COMPONENT,9.0,,2,40.5,derived,The suspicious pair belongs to a connected component with shared supporting entities.
4d336703f9f91474||248e28e03e358983,4d336703f9f91474,248e28e03e358983,KB-C_SUSPICIOUS_COMPONENT,5.0,,2,41.77,derived,The suspicious pair belongs to a connected component with shared supporting entities.
313a10c7d1982b05||f2e68f23003c9ed2,313a10c7d1982b05,f2e68f23003c9ed2,KB-C_SUSPICIOUS_COMPONENT,3.0,,2,40.97,derived,The suspicious pair belongs to a connected component with shared supporting entities.
132bfddf22175bfe||6b89b83ddcf5519a,132bfddf22175bfe,6b89b83ddcf5519a,KB-C_SUSPICIOUS_COMPONENT,4.0,,2,36.01,derived,The suspicious pair belongs to a connected component with shared supporting entities.
844329ecb0531bb1||2351e3bc21fc765c,844329ecb0531bb1,2351e3bc21fc765c,KB-C_SUSPICIOUS_COMPONENT,30.0,,2,40.41,derived,The suspicious pair belongs to a connected component with shared supporting entities.
f11600ac7d71005e||a407c091345eeb23,f11600ac7d71005e,a407c091345eeb23,KB-C_SUSPICIOUS_COMPONENT,2.0,,2,40.89,derived,The suspicious pair belongs to a connected component with shared supporting entities.
e34ac002b6259125||5e9e1ed8b60c3afb,e34ac002b6259125,5e9e1ed8b60c3afb,KB-C_SUSPICIOUS_COMPONENT,2.0,,2,36.32,derived,The suspicious pair belongs to a connected component with shared supporting entities.
4a480424ef156a39||e479718a6887b567,4a480424ef156a39,e479718a6887b567,KB-C_SUSPICIOUS_COMPONENT,2.0,,2,41.5,derived,The suspicious pair belongs to a connected component with shared supporting entities.
e7b7b7e4d87f5ff1||e2ce54a3283a1c24,e7b7b7e4d87f5ff1,e2ce54a3283a1c24,KB-C_SUSPICIOUS_COMPONENT,6.0,,2,32.03,derived,The suspicious pair belongs to a connected component with shared supporting entities.
66c7aeb1cf62f6ed||d06e8b22ff33301d,66c7aeb1cf62f6ed,d06e8b22ff33301d,KB-C_SUSPICIOUS_COMPONENT,30.0,,2,39.5,derived,The suspicious pair belongs to a connected component with shared supporting entities.
fbbbb10b6d081085||54224f5e12e293d0,fbbbb10b6d081085,54224f5e12e293d0,KB-C_SUSPICIOUS_COMPONENT,3.0,,2,35.47,derived,The suspicious pair belongs to a connected component with shared supporting entities.
287ea75d2779be9a||c35fdf762f8761ea,287ea75d2779be9a,c35fdf762f8761ea,KB-C_SUSPICIOUS_COMPONENT,18.0,,2,39.15,derived,The suspicious pair belongs to a connected component with shared supporting entities.
bf78bede5ffa9b46||a9b21d4a992448e3,bf78bede5ffa9b46,a9b21d4a992448e3,KB-C_SUSPICIOUS_COMPONENT,2.0,,2,38.24,derived,The suspicious pair belongs to a connected component with shared supporting entities.
e9891eba8f1c5b20||1e3ad0f8ddf700e8,e9891eba8f1c5b20,1e3ad0f8ddf700e8,KB-C_SUSPICIOUS_COMPONENT,6.0,,2,54.02,derived,The suspicious pair belongs to a connected component with shared supporting entities.
e9891eba8f1c5b20||a3b605e8ec38399f,e9891eba8f1c5b20,a3b605e8ec38399f,KB-C_SUSPICIOUS_COMPONENT,6.0,,2,51.96,derived,The suspicious pair belongs to a connected component with shared supporting entities.
be613e5c5da53fe3||b33736fac370b254,be613e5c5da53fe3,b33736fac370b254,KB-C_SUSPICIOUS_COMPONENT,4.0,,2,41.98,derived,The suspicious pair belongs to a connected component with shared supporting entities.
652b8592922e96f3||e101c997cad0b283,652b8592922e96f3,e101c997cad0b283,KB-C_SUSPICIOUS_COMPONENT,4.0,,2,38.44,derived,The suspicious pair belongs to a connected component with shared supporting entities.
2be9e25d886da19b||2c98c2fd2aae189e,2be9e25d886da19b,2c98c2fd2aae189e,KB-C_SUSPICIOUS_COMPONENT,13.0,,2,41.81,derived,The suspicious pair belongs to a connected component with shared supporting entities.
76ff4a95955bd989||08c9138ee0a4d7b4,76ff4a95955bd989,08c9138ee0a4d7b4,KB-C_SUSPICIOUS_COMPONENT,6.0,,2,39.12,derived,The suspicious pair belongs to a connected component with shared supporting entities.
010a09b1c6154a36||a880ab29b5a601f7,010a09b1c6154a36,a880ab29b5a601f7,KB-C_SUSPICIOUS_COMPONENT,3.0,,2,42.8,derived,The suspicious pair belongs to a connected component with shared supporting entities.
4183330c6902787c||ccc8fdf19f7e82a0,4183330c6902787c,ccc8fdf19f7e82a0,KB-C_SUSPICIOUS_COMPONENT,4.0,,2,35.99,derived,The suspicious pair belongs to a connected component with shared supporting entities.
4ff2a9f85ebbea4d||494c26079753736c,4ff2a9f85ebbea4d,494c26079753736c,KB-C_SUSPICIOUS_COMPONENT,9.0,,2,41.79,derived,The suspicious pair belongs to a connected component with shared supporting entities.
328007466e5f67d3||627af4d233376a20,328007466e5f67d3,627af4d233376a20,KB-C_SUSPICIOUS_COMPONENT,3.0,,2,37.86,derived,The suspicious pair belongs to a connected component with shared supporting entities.
c96bcf5aae68974c||d49232163ae3fa7e,c96bcf5aae68974c,d49232163ae3fa7e,KB-C_SUSPICIOUS_COMPONENT,3.0,,2,50.13,derived,The suspicious pair belongs to a connected component with shared supporting entities.
028fbed249ea84a7||fa07212df358fc4d,028fbed249ea84a7,fa07212df358fc4d,KB-C_SUSPICIOUS_COMPONENT,6.0,,2,41.99,derived,The suspicious pair belongs to a connected component with shared supporting entities.
eb5cedf22d30e7de||57681aef60ed1225,eb5cedf22d30e7de,57681aef60ed1225,KB-C_SUSPICIOUS_COMPONENT,2.0,,2,38.62,derived,The suspicious pair belongs to a connected component with shared supporting entities.
dccf040c097d49eb||3860aaeae32bb541,dccf040c097d49eb,3860aaeae32bb541,KB-C_SUSPICIOUS_COMPONENT,4.0,,2,36.0,derived,The suspicious pair belongs to a connected component with shared supporting entities.
c94e4b673c64d8ce||e4a1601dadb6083d,c94e4b673c64d8ce,e4a1601dadb6083d,KB-C_SUSPICIOUS_COMPONENT,11.0,,2,34.71,derived,The suspicious pair belongs to a connected component with shared supporting entities.
6d6875b9cbd40747||ce1f82fec833006e,6d6875b9cbd40747,ce1f82fec833006e,KB-C_SUSPICIOUS_COMPONENT,2.0,,2,34.27,derived,The suspicious pair belongs to a connected component with shared supporting entities.
353372fca9a86c2a||aa8a1e169553d044,353372fca9a86c2a,aa8a1e169553d044,KB-C_SUSPICIOUS_COMPONENT,2.0,,2,60.18,derived,The suspicious pair belongs to a connected component with shared supporting entities.
e9fc0c58cff62eed||754168b720cffc7a,e9fc0c58cff62eed,754168b720cffc7a,KB-C_SUSPICIOUS_COMPONENT,30.0,,2,34.68,derived,The suspicious pair belongs to a connected component with shared supporting entities.
2255046ed025b196||b03cfccbe2c23ade,2255046ed025b196,b03cfccbe2c23ade,KB-C_SUSPICIOUS_COMPONENT,8.0,,2,35.88,derived,The suspicious pair belongs to a connected component with shared supporting entities.
854088f65e6a95a0||adadbaad06724c4d,854088f65e6a95a0,adadbaad06724c4d,KB-C_SUSPICIOUS_COMPONENT,12.0,,2,35.92,derived,The suspicious pair belongs to a connected component with shared supporting entities.
78283aec611fa5de||f8227a389fc20425,78283aec611fa5de,f8227a389fc20425,KB-C_SUSPICIOUS_COMPONENT,5.0,,2,42.78,derived,The suspicious pair belongs to a connected component with shared supporting entities.
7877207ad71f7d47||327c830bdc3f6299,7877207ad71f7d47,327c830bdc3f6299,KB-C_SUSPICIOUS_COMPONENT,5.0,,2,41.81,derived,The suspicious pair belongs to a connected component with shared supporting entities.
9cab892ccb1cd9f6||58efadb936d67148,9cab892ccb1cd9f6,58efadb936d67148,KB-C_SUSPICIOUS_COMPONENT,3.0,,2,59.24,derived,The suspicious pair belongs to a connected component with shared supporting entities.
8de71771e0641730||d0321dc4bb59daa3,8de71771e0641730,d0321dc4bb59daa3,KB-C_SUSPICIOUS_COMPONENT,2.0,,2,37.46,derived,The suspicious pair belongs to a connected component with shared supporting entities.
a35114f61101aec4||98fa8bf060e2819a,a35114f61101aec4,98fa8bf060e2819a,KB-C_SUSPICIOUS_COMPONENT,8.0,,2,40.71,derived,The suspicious pair belongs to a connected component with shared supporting entities.
0bf082f03493aa7d||7cc88af856bbdba1,0bf082f03493aa7d,7cc88af856bbdba1,KB-C_SUSPICIOUS_COMPONENT,2.0,,2,36.59,derived,The suspicious pair belongs to a connected component with shared supporting entities.
3a1a343b6da1a07f||1d1770a2a94ea51f,3a1a343b6da1a07f,1d1770a2a94ea51f,KB-C_SUSPICIOUS_COMPONENT,3.0,,2,40.21,derived,The suspicious pair belongs to a connected component with shared supporting entities.
3a1a343b6da1a07f||4cfad80b132acb13,3a1a343b6da1a07f,4cfad80b132acb13,KB-C_SUSPICIOUS_COMPONENT,3.0,,2,37.1,derived,The suspicious pair belongs to a connected component with shared supporting entities.
3a1a343b6da1a07f||e95e8b3daa92536a,3a1a343b6da1a07f,e95e8b3daa92536a,KB-C_SUSPICIOUS_COMPONENT,3.0,,2,28.42,derived,The suspicious pair belongs to a connected component with shared supporting entities.
95c3d85379e4787d||8878639857122790,95c3d85379e4787d,8878639857122790,KB-C_SUSPICIOUS_COMPONENT,3.0,,2,37.24,derived,The suspicious pair belongs to a connected component with shared supporting entities.
f42c9fe0bd6f7641||ab8ae1ae3465a170,f42c9fe0bd6f7641,ab8ae1ae3465a170,KB-C_SUSPICIOUS_COMPONENT,30.0,,2,38.39,derived,The suspicious pair belongs to a connected component with shared supporting entities.
4bcc3ef710a62ec7||327bcfc8413e8d45,4bcc3ef710a62ec7,327bcfc8413e8d45,KB-C_SUSPICIOUS_COMPONENT,2.0,,2,42.02,derived,The suspicious pair belongs to a connected component with shared supporting entities.
5fbb2c6c07479dac||977b42a8363c208a,5fbb2c6c07479dac,977b42a8363c208a,KB-C_SUSPICIOUS_COMPONENT,5.0,,2,41.94,derived,The suspicious pair belongs to a connected component with shared supporting entities.
6ad475396a0f590d||dcc163197ddebc45,6ad475396a0f590d,dcc163197ddebc45,KB-C_SUSPICIOUS_COMPONENT,5.0,,2,40.41,derived,The suspicious pair belongs to a connected component with shared supporting entities.
70e6be43ef2f72ee||f0de9b54817b4337,70e6be43ef2f72ee,f0de9b54817b4337,KB-C_SUSPICIOUS_COMPONENT,4.0,,2,50.7,derived,The suspicious pair belongs to a connected component with shared supporting entities.
748814dd3894d064||65b6d832da89127e,748814dd3894d064,65b6d832da89127e,KB-C_SUSPICIOUS_COMPONENT,2.0,,2,30.24,derived,The suspicious pair belongs to a connected component with shared supporting entities.
eb33f405230b27b4||0aa9959d0f5862f0,eb33f405230b27b4,0aa9959d0f5862f0,KB-C_SUSPICIOUS_COMPONENT,11.0,,2,38.12,derived,The suspicious pair belongs to a connected component with shared supporting entities.
279ab1e3612b0866||b3b00203aeed9047,279ab1e3612b0866,b3b00203aeed9047,KB-C_SUSPICIOUS_COMPONENT,3.0,,2,38.11,derived,The suspicious pair belongs to a connected component with shared supporting entities.
5573ee7f7a679d61||a87209c4140de65f,5573ee7f7a679d61,a87209c4140de65f,KB-C_SUSPICIOUS_COMPONENT,2.0,,2,36.23,derived,The suspicious pair belongs to a connected component with shared supporting entities.
86f2028f78051ca8||3b63c964c58af414,86f2028f78051ca8,3b63c964c58af414,KB-C_SUSPICIOUS_COMPONENT,5.0,,2,39.68,derived,The suspicious pair belongs to a connected component with shared supporting entities.
5b7daf7c08837444||356868f472eebca9,5b7daf7c08837444,356868f472eebca9,KB-C_SUSPICIOUS_COMPONENT,30.0,,2,36.69,derived,The suspicious pair belongs to a connected component with shared supporting entities.
8b2774ab97315ac7||ab8e0a800213895f,8b2774ab97315ac7,ab8e0a800213895f,KB-C_SUSPICIOUS_COMPONENT,3.0,,2,41.94,derived,The suspicious pair belongs to a connected component with shared supporting entities.
b050dcf14f1ea16b||ecbbbf180bf44066,b050dcf14f1ea16b,ecbbbf180bf44066,KB-C_SUSPICIOUS_COMPONENT,2.0,,2,37.21,derived,The suspicious pair belongs to a connected component with shared supporting entities.
8065d3e5794703d9||3486cecb3fd26f52,8065d3e5794703d9,3486cecb3fd26f52,KB-C_SUSPICIOUS_COMPONENT,2.0,,2,33.51,derived,The suspicious pair belongs to a connected component with shared supporting entities.
58ce52240f942777||99b278f8d0d3a519,58ce52240f942777,99b278f8d0d3a519,KB-C_SUSPICIOUS_COMPONENT,7.0,,2,35.16,derived,The suspicious pair belongs to a connected component with shared supporting entities.
dd9402e53f9c96fa||5e98d27120abfab8,dd9402e53f9c96fa,5e98d27120abfab8,KB-C_SUSPICIOUS_COMPONENT,4.0,,2,38.82,derived,The suspicious pair belongs to a connected component with shared supporting entities.
c57fba9059d3f8ff||d2f76316544aa013,c57fba9059d3f8ff,d2f76316544aa013,KB-C_SUSPICIOUS_COMPONENT,4.0,,2,38.84,derived,The suspicious pair belongs to a connected component with shared supporting entities.
206fc67c5c70c132||eca48e09fe1c764e,206fc67c5c70c132,eca48e09fe1c764e,KB-C_SUSPICIOUS_COMPONENT,2.0,,2,33.52,derived,The suspicious pair belongs to a connected component with shared supporting entities.
e39758ed23ceed25||03d522514f757de6,e39758ed23ceed25,03d522514f757de6,KB-C_SUSPICIOUS_COMPONENT,8.0,,2,38.02,derived,The suspicious pair belongs to a connected component with shared supporting entities.
705ba66d48fe866f||3362612e0ac6c0b8,705ba66d48fe866f,3362612e0ac6c0b8,KB-C_SUSPICIOUS_COMPONENT,6.0,,2,36.2,derived,The suspicious pair belongs to a connected component with shared supporting entities.
0d4e6a1fbb6e4209||f7d55a3b09a730c2,0d4e6a1fbb6e4209,f7d55a3b09a730c2,KB-C_SUSPICIOUS_COMPONENT,3.0,,2,36.01,derived,The suspicious pair belongs to a connected component with shared supporting entities.
589d33a70ab5e04a||01f06e857dd18378,589d33a70ab5e04a,01f06e857dd18378,KB-C_SUSPICIOUS_COMPONENT,2.0,,2,33.06,derived,The suspicious pair belongs to a connected component with shared supporting entities.
2da48c0402bb90f0||a98e3633e484c2be,2da48c0402bb90f0,a98e3633e484c2be,KB-C_SUSPICIOUS_COMPONENT,30.0,,2,37.86,derived,The suspicious pair belongs to a connected component with shared supporting entities.
32badcd099681558||befaa249391a6b22,32badcd099681558,befaa249391a6b22,KB-C_SUSPICIOUS_COMPONENT,9.0,,2,38.85,derived,The suspicious pair belongs to a connected component with shared supporting entities.
40e8b2b6fd21499d||ae2a2d16b2a6b97e,40e8b2b6fd21499d,ae2a2d16b2a6b97e,KB-C_SUSPICIOUS_COMPONENT,30.0,,2,35.32,derived,The suspicious pair belongs to a connected component with shared supporting entities.
97c56cfe14c0dd05||fb2d8233b4054fc8,97c56cfe14c0dd05,fb2d8233b4054fc8,KB-C_SUSPICIOUS_COMPONENT,2.0,,2,44.61,derived,The suspicious pair belongs to a connected component with shared supporting entities.
8ad1147b16fde64e||560151d68dddda5b,8ad1147b16fde64e,560151d68dddda5b,KB-C_SUSPICIOUS_COMPONENT,4.0,,2,40.01,derived,The suspicious pair belongs to a connected component with shared supporting entities.
957312fe5fbc36a9||750e9aaedd7714db,957312fe5fbc36a9,750e9aaedd7714db,KB-C_SUSPICIOUS_COMPONENT,4.0,,2,32.8,derived,The suspicious pair belongs to a connected component with shared supporting entities.
15537ff2073454df||004f58f1dedbc207,15537ff2073454df,004f58f1dedbc207,KB-C_SUSPICIOUS_COMPONENT,4.0,,2,41.87,derived,The suspicious pair belongs to a connected component with shared supporting entities.
47e0425985d09d08||606e0b8e88dd7fc9,47e0425985d09d08,606e0b8e88dd7fc9,KB-C_SUSPICIOUS_COMPONENT,30.0,,2,37.66,derived,The suspicious pair belongs to a connected component with shared supporting entities.
a137af2f9bba00ff||70603247eb9ab05d,a137af2f9bba00ff,70603247eb9ab05d,KB-C_SUSPICIOUS_COMPONENT,30.0,,2,38.07,derived,The suspicious pair belongs to a connected component with shared supporting entities.
c57fba9059d3f8ff||3661770eeab93f8a,c57fba9059d3f8ff,3661770eeab93f8a,KB-C_SUSPICIOUS_COMPONENT,4.0,,2,40.15,derived,The suspicious pair belongs to a connected component with shared supporting entities.
5e1375169a59617b||330d423933b6c447,5e1375169a59617b,330d423933b6c447,KB-C_SUSPICIOUS_COMPONENT,18.0,,2,54.97,derived,The suspicious pair belongs to a connected component with shared supporting entities.
5e1375169a59617b||a9a2f493c3290054,5e1375169a59617b,a9a2f493c3290054,KB-C_SUSPICIOUS_COMPONENT,18.0,,2,54.55,derived,The suspicious pair belongs to a connected component with shared supporting entities.
692ad67d675af131||2c530297e415a5a3,692ad67d675af131,2c530297e415a5a3,KB-C_SUSPICIOUS_COMPONENT,5.0,,2,42.15,derived,The suspicious pair belongs to a connected component with shared supporting entities.
e6639b984db3f3d3||67fee7c3f1f84ea6,e6639b984db3f3d3,67fee7c3f1f84ea6,KB-C_SUSPICIOUS_COMPONENT,5.0,,2,34.45,derived,The suspicious pair belongs to a connected component with shared supporting entities.
ccc97fea07ecb8f0||1d0e01deb1feda04,ccc97fea07ecb8f0,1d0e01deb1feda04,KB-C_SUSPICIOUS_COMPONENT,3.0,,2,40.96,derived,The suspicious pair belongs to a connected component with shared supporting entities.
38b1d1ce9081e11f||e2ce0537b92e4bed,38b1d1ce9081e11f,e2ce0537b92e4bed,KB-C_SUSPICIOUS_COMPONENT,3.0,,2,48.84,derived,The suspicious pair belongs to a connected component with shared supporting entities.
3da30a00bfee20b5||d4483acb85a880a8,3da30a00bfee20b5,d4483acb85a880a8,KB-C_SUSPICIOUS_COMPONENT,2.0,,2,50.34,derived,The suspicious pair belongs to a connected component with shared supporting entities.
870ba91aab7f7c69||0eae48df2c58eadb,870ba91aab7f7c69,0eae48df2c58eadb,KB-C_SUSPICIOUS_COMPONENT,3.0,,2,37.83,derived,The suspicious pair belongs to a connected component with shared supporting entities.
870ba91aab7f7c69||1c24aadb9afd7525,870ba91aab7f7c69,1c24aadb9afd7525,KB-C_SUSPICIOUS_COMPONENT,3.0,,2,35.74,derived,The suspicious pair belongs to a connected component with shared supporting entities.
d405caa22868a485||00493aca7d995da7,d405caa22868a485,00493aca7d995da7,KB-C_SUSPICIOUS_COMPONENT,3.0,,2,34.08,derived,The suspicious pair belongs to a connected component with shared supporting entities.
a73017a147e64b26||d144311a2cf32da2,a73017a147e64b26,d144311a2cf32da2,KB-C_SUSPICIOUS_COMPONENT,30.0,,2,36.6,derived,The suspicious pair belongs to a connected component with shared supporting entities.
858e5a82186c62f8||d12d96a7692ca882,858e5a82186c62f8,d12d96a7692ca882,KB-C_SUSPICIOUS_COMPONENT,2.0,,2,34.28,derived,The suspicious pair belongs to a connected component with shared supporting entities.
9e3273818904e074||bb08017e459a3c4c,9e3273818904e074,bb08017e459a3c4c,KB-C_SUSPICIOUS_COMPONENT,30.0,,2,38.78,derived,The suspicious pair belongs to a connected component with shared supporting entities.
53bb575b49b813ef||02836bfb7087dc81,53bb575b49b813ef,02836bfb7087dc81,KB-C_SUSPICIOUS_COMPONENT,30.0,,2,37.2,derived,The suspicious pair belongs to a connected component with shared supporting entities.
2d422951453434d0||335a9d5e21dbda86,2d422951453434d0,335a9d5e21dbda86,KB-C_SUSPICIOUS_COMPONENT,2.0,,2,42.36,derived,The suspicious pair belongs to a connected component with shared supporting entities.
2255046ed025b196||f5af1ad0b516ac81,2255046ed025b196,f5af1ad0b516ac81,KB-C_SUSPICIOUS_COMPONENT,8.0,,2,34.86,derived,The suspicious pair belongs to a connected component with shared supporting entities.
43237be72d37c8d6||f97bec636a2c45ba,43237be72d37c8d6,f97bec636a2c45ba,KB-C_SUSPICIOUS_COMPONENT,7.0,,2,42.24,derived,The suspicious pair belongs to a connected component with shared supporting entities.
250335eeec9709f8||b5b35b73755a02c8,250335eeec9709f8,b5b35b73755a02c8,KB-C_SUSPICIOUS_COMPONENT,3.0,,2,34.22,derived,The suspicious pair belongs to a connected component with shared supporting entities.
f61a58ec541feb8e||80302e958f3120c0,f61a58ec541feb8e,80302e958f3120c0,KB-C_SUSPICIOUS_COMPONENT,30.0,,2,38.62,derived,The suspicious pair belongs to a connected component with shared supporting entities.
652b8592922e96f3||9652f7b45471f22f,652b8592922e96f3,9652f7b45471f22f,KB-C_SUSPICIOUS_COMPONENT,4.0,,2,35.74,derived,The suspicious pair belongs to a connected component with shared supporting entities.
652b8592922e96f3||d01acdaf46e9450d,652b8592922e96f3,d01acdaf46e9450d,KB-C_SUSPICIOUS_COMPONENT,4.0,,2,35.36,derived,The suspicious pair belongs to a connected component with shared supporting entities.
bd3c80d409a424c0||92f0f694139b7c75,bd3c80d409a424c0,92f0f694139b7c75,KB-C_SUSPICIOUS_COMPONENT,30.0,,2,35.34,derived,The suspicious pair belongs to a connected component with shared supporting entities.
2efafc3df8ec482a||bd4d252c736454d0,2efafc3df8ec482a,bd4d252c736454d0,KB-C_SUSPICIOUS_COMPONENT,30.0,,2,33.51,derived,The suspicious pair belongs to a connected component with shared supporting entities.
8ff14940328ee52e||6ff214165311a34e,8ff14940328ee52e,6ff214165311a34e,KB-C_SUSPICIOUS_COMPONENT,6.0,,2,35.84,derived,The suspicious pair belongs to a connected component with shared supporting entities.
8f4dea845f423389||fc8de0e669e5caaa,8f4dea845f423389,fc8de0e669e5caaa,KB-C_SUSPICIOUS_COMPONENT,8.0,,2,36.86,derived,The suspicious pair belongs to a connected component with shared supporting entities.
7f2119568be70fe4||1b9563d67172632d,7f2119568be70fe4,1b9563d67172632d,KB-C_SUSPICIOUS_COMPONENT,5.0,,2,38.21,derived,The suspicious pair belongs to a connected component with shared supporting entities.
d91c8fa8d753f707||fcdf8c9a697e4473,d91c8fa8d753f707,fcdf8c9a697e4473,KB-C_SUSPICIOUS_COMPONENT,2.0,,2,32.15,derived,The suspicious pair belongs to a connected component with shared supporting entities.
275ab998b756efca||e0f08dfa9ee49c28,275ab998b756efca,e0f08dfa9ee49c28,KB-C_SUSPICIOUS_COMPONENT,3.0,,2,37.26,derived,The suspicious pair belongs to a connected component with shared supporting entities.
3446f4fec6585027||194539e134a71784,3446f4fec6585027,194539e134a71784,KB-C_SUSPICIOUS_COMPONENT,3.0,,2,37.5,derived,The suspicious pair belongs to a connected component with shared supporting entities.
0d898a9ca555ba40||3da9e6d556f739a8,0d898a9ca555ba40,3da9e6d556f739a8,KB-C_SUSPICIOUS_COMPONENT,7.0,,2,35.64,derived,The suspicious pair belongs to a connected component with shared supporting entities.
ca4d4da357abddda||f7179197d33da6ba,ca4d4da357abddda,f7179197d33da6ba,KB-C_SUSPICIOUS_COMPONENT,2.0,,2,29.44,derived,The suspicious pair belongs to a connected component with shared supporting entities.
d69f6d6739baff20||63e68af526192dd7,d69f6d6739baff20,63e68af526192dd7,KB-C_SUSPICIOUS_COMPONENT,2.0,,2,37.26,derived,The suspicious pair belongs to a connected component with shared supporting entities.
ac5ad23248702f61||0f4911491200ddd9,ac5ad23248702f61,0f4911491200ddd9,KB-C_SUSPICIOUS_COMPONENT,6.0,,2,54.52,derived,The suspicious pair belongs to a connected component with shared supporting entities.
14878ee0ee3f303a||d8a4f010475ca367,14878ee0ee3f303a,d8a4f010475ca367,KB-C_SUSPICIOUS_COMPONENT,30.0,,2,31.63,derived,The suspicious pair belongs to a connected component with shared supporting entities.
73c7a926ed8a8581||28ceb71d20eaf0e2,73c7a926ed8a8581,28ceb71d20eaf0e2,KB-C_SUSPICIOUS_COMPONENT,13.0,,2,36.86,derived,The suspicious pair belongs to a connected component with shared supporting entities.
dfdceb4c45091eb8||af995e80c55879c6,dfdceb4c45091eb8,af995e80c55879c6,KB-C_SUSPICIOUS_COMPONENT,4.0,,2,38.42,derived,The suspicious pair belongs to a connected component with shared supporting entities.
a80d35fa935e9d6b||ce836c8261dfa1ee,a80d35fa935e9d6b,ce836c8261dfa1ee,KB-C_SUSPICIOUS_COMPONENT,6.0,,2,22.62,derived,The suspicious pair belongs to a connected component with shared supporting entities.
f5d16c59104fbed7||2c7192581a1b6e85,f5d16c59104fbed7,2c7192581a1b6e85,KB-C_SUSPICIOUS_COMPONENT,5.0,,2,52.86,derived,The suspicious pair belongs to a connected component with shared supporting entities.
84d5c74e77a65995||9affe0b55f70bd78,84d5c74e77a65995,9affe0b55f70bd78,KB-C_SUSPICIOUS_COMPONENT,6.0,,2,43.04,derived,The suspicious pair belongs to a connected component with shared supporting entities.
9cab892ccb1cd9f6||d938b03bbf02a6df,9cab892ccb1cd9f6,d938b03bbf02a6df,KB-C_SUSPICIOUS_COMPONENT,3.0,,2,59.76,derived,The suspicious pair belongs to a connected component with shared supporting entities.
6e1712bbb3a091ce||d7f842d2688efd0f,6e1712bbb3a091ce,d7f842d2688efd0f,KB-C_SUSPICIOUS_COMPONENT,4.0,,2,31.35,derived,The suspicious pair belongs to a connected component with shared supporting entities.
00cd69049675d990||aa787e5a40314cd8,00cd69049675d990,aa787e5a40314cd8,KB-C_SUSPICIOUS_COMPONENT,12.0,,2,34.61,derived,The suspicious pair belongs to a connected component with shared supporting entities.
c968bf9489c87726||77c04f0f562956d4,c968bf9489c87726,77c04f0f562956d4,KB-C_SUSPICIOUS_COMPONENT,3.0,,2,33.06,derived,The suspicious pair belongs to a connected component with shared supporting entities.
870ba91aab7f7c69||66bb4776832b9421,870ba91aab7f7c69,66bb4776832b9421,KB-C_SUSPICIOUS_COMPONENT,3.0,,2,35.54,derived,The suspicious pair belongs to a connected component with shared supporting entities.
5a781a0c0cd00e5b||6dbcf6227537fd3e,5a781a0c0cd00e5b,6dbcf6227537fd3e,KB-C_SUSPICIOUS_COMPONENT,2.0,,2,26.17,derived,The suspicious pair belongs to a connected component with shared supporting entities.
d340ecab8b29e29e||2335e8f66e43510e,d340ecab8b29e29e,2335e8f66e43510e,KB-C_SUSPICIOUS_COMPONENT,18.0,,2,29.85,derived,The suspicious pair belongs to a connected component with shared supporting entities.
75317272fdd8f4b4||45eeb5726cb66b43,75317272fdd8f4b4,45eeb5726cb66b43,KB-C_SUSPICIOUS_COMPONENT,13.0,,2,32.71,derived,The suspicious pair belongs to a connected component with shared supporting entities.
3741d2a3486a9c14||da238f9c9ca2bf56,3741d2a3486a9c14,da238f9c9ca2bf56,KB-C_SUSPICIOUS_COMPONENT,3.0,,2,27.06,derived,The suspicious pair belongs to a connected component with shared supporting entities.
c469dd6475325880||b784b4b2925a184c,c469dd6475325880,b784b4b2925a184c,KB-C_SUSPICIOUS_COMPONENT,2.0,,2,34.48,derived,The suspicious pair belongs to a connected component with shared supporting entities.
c46ea4a81e36afd2||b2e7f543f18d6396,c46ea4a81e36afd2,b2e7f543f18d6396,KB-C_SUSPICIOUS_COMPONENT,13.0,,2,30.21,derived,The suspicious pair belongs to a connected component with shared supporting entities.
5e1375169a59617b||f41878ec538d58c5,5e1375169a59617b,f41878ec538d58c5,KB-C_SUSPICIOUS_COMPONENT,18.0,,2,53.15,derived,The suspicious pair belongs to a connected component with shared supporting entities.
80805a2a64427b57||bc65727d5d47c300,80805a2a64427b57,bc65727d5d47c300,KB-C_SUSPICIOUS_COMPONENT,2.0,,2,29.9,derived,The suspicious pair belongs to a connected component with shared supporting entities.
44b627d8a24030a6||d3ee16201d9265ca,44b627d8a24030a6,d3ee16201d9265ca,KB-C_SUSPICIOUS_COMPONENT,4.0,,2,33.17,derived,The suspicious pair belongs to a connected component with shared supporting entities.
ce7c6b8918d08941||6124961f53ef9dac,ce7c6b8918d08941,6124961f53ef9dac,KB-C_SUSPICIOUS_COMPONENT,4.0,,2,29.58,derived,The suspicious pair belongs to a connected component with shared supporting entities.
0063665ec612bd8b||a3f44dcb236a9b20,0063665ec612bd8b,a3f44dcb236a9b20,KB-C_SUSPICIOUS_COMPONENT,7.0,,2,29.9,derived,The suspicious pair belongs to a connected component with shared supporting entities.
9a3835cb5672416a||84399854fc83b7ab,9a3835cb5672416a,84399854fc83b7ab,KB-C_SUSPICIOUS_COMPONENT,30.0,,2,34.84,derived,The suspicious pair belongs to a connected component with shared supporting entities.
c6f42e512ebd5cc7||ccf826e2297bea7a,c6f42e512ebd5cc7,ccf826e2297bea7a,KB-C_SUSPICIOUS_COMPONENT,2.0,,2,36.5,derived,The suspicious pair belongs to a connected component with shared supporting entities.
8388ee1489ad2a4e||a7fd2f6d8e673a46,8388ee1489ad2a4e,a7fd2f6d8e673a46,KB-C_SUSPICIOUS_COMPONENT,6.0,,2,34.01,derived,The suspicious pair belongs to a connected component with shared supporting entities.
025aa77f9591f6f3||bf328279bd440dc2,025aa77f9591f6f3,bf328279bd440dc2,KB-C_SUSPICIOUS_COMPONENT,13.0,,2,32.96,derived,The suspicious pair belongs to a connected component with shared supporting entities.
95faa25af0505e9d||a0133e7b0fe6f307,95faa25af0505e9d,a0133e7b0fe6f307,KB-C_SUSPICIOUS_COMPONENT,2.0,,2,34.4,derived,The suspicious pair belongs to a connected component with shared supporting entities.
bc14f192022a5b20||3b4d289f7f083791,bc14f192022a5b20,3b4d289f7f083791,KB-C_SUSPICIOUS_COMPONENT,5.0,,2,29.78,derived,The suspicious pair belongs to a connected component with shared supporting entities.
d613b95a60855ccf||290913fd2ebc0e04,d613b95a60855ccf,290913fd2ebc0e04,KB-C_SUSPICIOUS_COMPONENT,2.0,,2,25.79,derived,The suspicious pair belongs to a connected component with shared supporting entities.
96b9755c6993d0eb||381501da0e69f282,96b9755c6993d0eb,381501da0e69f282,KB-C_SUSPICIOUS_COMPONENT,2.0,,2,34.56,derived,The suspicious pair belongs to a connected component with shared supporting entities.
ff09814f87b4926a||065d9e063cca732f,ff09814f87b4926a,065d9e063cca732f,KB-C_SUSPICIOUS_COMPONENT,9.0,,2,21.76,derived,The suspicious pair belongs to a connected component with shared supporting entities.
520aa5d1f641cb9d||7d75ee4f6fec508e,520aa5d1f641cb9d,7d75ee4f6fec508e,KB-C_SUSPICIOUS_COMPONENT,4.0,,2,38.62,derived,The suspicious pair belongs to a connected component with shared supporting entities.
a94edc25b8bb2cfd||f3310a586aec9b2c,a94edc25b8bb2cfd,f3310a586aec9b2c,KB-C_SUSPICIOUS_COMPONENT,2.0,,2,31.74,derived,The suspicious pair belongs to a connected component with shared supporting entities.
7d8c729a2e71dd57||0d988d51dd590144,7d8c729a2e71dd57,0d988d51dd590144,KB-C_SUSPICIOUS_COMPONENT,2.0,,2,37.23,derived,The suspicious pair belongs to a connected component with shared supporting entities.
884bc700bb849582||a03086e8064d46db,884bc700bb849582,a03086e8064d46db,KB-C_SUSPICIOUS_COMPONENT,3.0,,2,37.87,derived,The suspicious pair belongs to a connected component with shared supporting entities.
2d36874d62a5946e||d14fdc60e6ab18ba,2d36874d62a5946e,d14fdc60e6ab18ba,KB-C_SUSPICIOUS_COMPONENT,30.0,,2,34.85,derived,The suspicious pair belongs to a connected component with shared supporting entities.
21d21b1f45b0fdf4||ec2c7046f2da96c1,21d21b1f45b0fdf4,ec2c7046f2da96c1,KB-C_SUSPICIOUS_COMPONENT,2.0,,2,46.74,derived,The suspicious pair belongs to a connected component with shared supporting entities.
c8fb983b6e7503f1||4f13c3f78c863c42,c8fb983b6e7503f1,4f13c3f78c863c42,KB-C_SUSPICIOUS_COMPONENT,18.0,,2,31.35,derived,The suspicious pair belongs to a connected component with shared supporting entities.
ab2e0d2fe58aff8f||477e250f10ae3f5a,ab2e0d2fe58aff8f,477e250f10ae3f5a,KB-C_SUSPICIOUS_COMPONENT,11.0,,2,36.66,derived,The suspicious pair belongs to a connected component with shared supporting entities.
0e241b7f9c83eab9||77a70909b3f26ebb,0e241b7f9c83eab9,77a70909b3f26ebb,KB-C_SUSPICIOUS_COMPONENT,9.0,,2,34.03,derived,The suspicious pair belongs to a connected component with shared supporting entities.
b5e226058954551f||6084c68978160b2b,b5e226058954551f,6084c68978160b2b,KB-C_SUSPICIOUS_COMPONENT,3.0,,2,29.29,derived,The suspicious pair belongs to a connected component with shared supporting entities.
d4b9bbbb333d2aa0||d6713e76f6b6cf02,d4b9bbbb333d2aa0,d6713e76f6b6cf02,KB-C_SUSPICIOUS_COMPONENT,13.0,,2,29.25,derived,The suspicious pair belongs to a connected component with shared supporting entities.
eb67bb955e7cb0db||42861454dd46e074,eb67bb955e7cb0db,42861454dd46e074,KB-C_SUSPICIOUS_COMPONENT,7.0,,2,27.84,derived,The suspicious pair belongs to a connected component with shared supporting entities.
4cd48737f0e06243||2d357d3a83962b61,4cd48737f0e06243,2d357d3a83962b61,KB-C_SUSPICIOUS_COMPONENT,6.0,,2,35.96,derived,The suspicious pair belongs to a connected component with shared supporting entities.
92471df4e8a5af55||bcc46b23e1d5dc6e,92471df4e8a5af55,bcc46b23e1d5dc6e,KB-C_SUSPICIOUS_COMPONENT,18.0,,2,31.94,derived,The suspicious pair belongs to a connected component with shared supporting entities.
370cc99f587aa04b||db8ef13ecff3dfa7,370cc99f587aa04b,db8ef13ecff3dfa7,KB-C_SUSPICIOUS_COMPONENT,3.0,,2,31.88,derived,The suspicious pair belongs to a connected component with shared supporting entities.
d17785d535db7d2d||119d2c7536640c32,d17785d535db7d2d,119d2c7536640c32,KB-C_SUSPICIOUS_COMPONENT,5.0,,2,33.72,derived,The suspicious pair belongs to a connected component with shared supporting entities.
68f7e5f109eb070b||b68a2cabd2d7d1a5,68f7e5f109eb070b,b68a2cabd2d7d1a5,KB-C_SUSPICIOUS_COMPONENT,9.0,,2,32.71,derived,The suspicious pair belongs to a connected component with shared supporting entities.
a0aa997dad8f643d||bef76ff0f17cfca1,a0aa997dad8f643d,bef76ff0f17cfca1,KB-C_SUSPICIOUS_COMPONENT,3.0,,2,30.91,derived,The suspicious pair belongs to a connected component with shared supporting entities.
3e31a5210e2d8989||49a5f1359de1ebb0,3e31a5210e2d8989,49a5f1359de1ebb0,KB-C_SUSPICIOUS_COMPONENT,2.0,,2,22.94,derived,The suspicious pair belongs to a connected component with shared supporting entities.
f8e4bf7924a530b8||c67596b6a21e80ca,f8e4bf7924a530b8,c67596b6a21e80ca,KB-C_SUSPICIOUS_COMPONENT,8.0,,2,31.88,derived,The suspicious pair belongs to a connected component with shared supporting entities.
9cab892ccb1cd9f6||0ec9b24ee8567597,9cab892ccb1cd9f6,0ec9b24ee8567597,KB-C_SUSPICIOUS_COMPONENT,3.0,,2,57.55,derived,The suspicious pair belongs to a connected component with shared supporting entities.
b624e2850b39cf66||7f8a44fb531b4748,b624e2850b39cf66,7f8a44fb531b4748,KB-C_SUSPICIOUS_COMPONENT,7.0,,2,50.15,derived,The suspicious pair belongs to a connected component with shared supporting entities.
b624e2850b39cf66||d79182f0d72e763a,b624e2850b39cf66,d79182f0d72e763a,KB-C_SUSPICIOUS_COMPONENT,7.0,,2,48.88,derived,The suspicious pair belongs to a connected component with shared supporting entities.
4b67a8f3a2398432||22fa366516a96c39,4b67a8f3a2398432,22fa366516a96c39,KB-C_SUSPICIOUS_COMPONENT,3.0,,2,28.18,derived,The suspicious pair belongs to a connected component with shared supporting entities.
44b627d8a24030a6||5d0ecb416d58cc23,44b627d8a24030a6,5d0ecb416d58cc23,KB-C_SUSPICIOUS_COMPONENT,4.0,,2,35.22,derived,The suspicious pair belongs to a connected component with shared supporting entities.
645a5eb59b46f020||9963d4a1b813402b,645a5eb59b46f020,9963d4a1b813402b,KB-C_SUSPICIOUS_COMPONENT,2.0,,2,27.11,derived,The suspicious pair belongs to a connected component with shared supporting entities.
7b7b5b1f43e170fb||5c47c7acd1ffb2e0,7b7b5b1f43e170fb,5c47c7acd1ffb2e0,KB-C_SUSPICIOUS_COMPONENT,5.0,,2,23.3,derived,The suspicious pair belongs to a connected component with shared supporting entities.
70e6be43ef2f72ee||e45e52f7d039ef4e,70e6be43ef2f72ee,e45e52f7d039ef4e,KB-C_SUSPICIOUS_COMPONENT,4.0,,2,36.33,derived,The suspicious pair belongs to a connected component with shared supporting entities.
5573ee7f7a679d61||4447c5b97fa4676f,5573ee7f7a679d61,4447c5b97fa4676f,KB-C_SUSPICIOUS_COMPONENT,2.0,,2,28.74,derived,The suspicious pair belongs to a connected component with shared supporting entities.
253e0ac0982aa747||c08e5c890d07a457,253e0ac0982aa747,c08e5c890d07a457,KB-C_SUSPICIOUS_COMPONENT,2.0,,2,27.64,derived,The suspicious pair belongs to a connected component with shared supporting entities.
241d56ef8d032b95||c469d5ebe936b1ae,241d56ef8d032b95,c469d5ebe936b1ae,KB-C_SUSPICIOUS_COMPONENT,6.0,,2,27.49,derived,The suspicious pair belongs to a connected component with shared supporting entities.
652b8592922e96f3||f0352bfc693a7493,652b8592922e96f3,f0352bfc693a7493,KB-C_SUSPICIOUS_COMPONENT,4.0,,2,29.82,derived,The suspicious pair belongs to a connected component with shared supporting entities.
376939c610170822||bef76ff0f17cfca1,376939c610170822,bef76ff0f17cfca1,KB-C_SUSPICIOUS_COMPONENT,3.0,,2,30.66,derived,The suspicious pair belongs to a connected component with shared supporting entities.
fb735c3dcbbbb29a||44bb91d88d9f2679,fb735c3dcbbbb29a,44bb91d88d9f2679,KB-C_SUSPICIOUS_COMPONENT,6.0,,2,28.06,derived,The suspicious pair belongs to a connected component with shared supporting entities.
efda39806a5252e3||a0133e7b0fe6f307,efda39806a5252e3,a0133e7b0fe6f307,KB-C_SUSPICIOUS_COMPONENT,2.0,,2,42.42,derived,The suspicious pair belongs to a connected component with shared supporting entities.
ad20d39accc745af||a0d8e4770eac7a49,ad20d39accc745af,a0d8e4770eac7a49,KB-C_SUSPICIOUS_COMPONENT,30.0,,2,28.38,derived,The suspicious pair belongs to a connected component with shared supporting entities.
e54955bc08afda80||166cf66cfb4acfbc,e54955bc08afda80,166cf66cfb4acfbc,KB-C_SUSPICIOUS_COMPONENT,5.0,,2,21.9,derived,The suspicious pair belongs to a connected component with shared supporting entities.
9e29355ee5c82ba6||bef76ff0f17cfca1,9e29355ee5c82ba6,bef76ff0f17cfca1,KB-C_SUSPICIOUS_COMPONENT,3.0,,2,30.36,derived,The suspicious pair belongs to a connected component with shared supporting entities.
d030378aeca44404||60582953af224000,d030378aeca44404,60582953af224000,KB-C_SUSPICIOUS_COMPONENT,2.0,,2,19.48,derived,The suspicious pair belongs to a connected component with shared supporting entities.
14213a3b00cc6938||1084ca2c0af9cede,14213a3b00cc6938,1084ca2c0af9cede,KB-C_SUSPICIOUS_COMPONENT,8.0,,2,28.32,derived,The suspicious pair belongs to a connected component with shared supporting entities.
ac5ad23248702f61||d37cb2d55cfd5f1a,ac5ad23248702f61,d37cb2d55cfd5f1a,KB-C_SUSPICIOUS_COMPONENT,6.0,,2,46.35,derived,The suspicious pair belongs to a connected component with shared supporting entities.
795ed261e5c61b18||467bf8762408ee54,795ed261e5c61b18,467bf8762408ee54,KB-C_SUSPICIOUS_COMPONENT,5.0,,2,31.8,derived,The suspicious pair belongs to a connected component with shared supporting entities.
20a76623c34ef2f2||7a54d76cbb98787e,20a76623c34ef2f2,7a54d76cbb98787e,KB-C_SUSPICIOUS_COMPONENT,30.0,,2,32.12,derived,The suspicious pair belongs to a connected component with shared supporting entities.
617cdd2f65372564||05d72f343ce65be9,617cdd2f65372564,05d72f343ce65be9,KB-C_SUSPICIOUS_COMPONENT,7.0,,2,29.76,derived,The suspicious pair belongs to a connected component with shared supporting entities.
56b48bba9598e6cf||a880ab29b5a601f7,56b48bba9598e6cf,a880ab29b5a601f7,KB-C_SUSPICIOUS_COMPONENT,3.0,,2,39.36,derived,The suspicious pair belongs to a connected component with shared supporting entities.
fd5f833fe38d64f2||e654a10a7215b8bf,fd5f833fe38d64f2,e654a10a7215b8bf,KB-C_SUSPICIOUS_COMPONENT,9.0,,2,27.44,derived,The suspicious pair belongs to a connected component with shared supporting entities.
9cab892ccb1cd9f6||89cb3800ad24bd8a,9cab892ccb1cd9f6,89cb3800ad24bd8a,KB-C_SUSPICIOUS_COMPONENT,3.0,,2,56.79,derived,The suspicious pair belongs to a connected component with shared supporting entities.
31554bb020dcab47||76aba12a7e4222d4,31554bb020dcab47,76aba12a7e4222d4,KB-C_SUSPICIOUS_COMPONENT,9.0,,2,16.75,derived,The suspicious pair belongs to a connected component with shared supporting entities.
d2a48cec1a91c816||b64731b06dcec30c,d2a48cec1a91c816,b64731b06dcec30c,KB-C_SUSPICIOUS_COMPONENT,18.0,,2,29.22,derived,The suspicious pair belongs to a connected component with shared supporting entities.
0a465991960d1244||81fe7b9abeb86b00,0a465991960d1244,81fe7b9abeb86b00,KB-C_SUSPICIOUS_COMPONENT,4.0,,2,29.72,derived,The suspicious pair belongs to a connected component with shared supporting entities.
0a465991960d1244||aff996725b2a646d,0a465991960d1244,aff996725b2a646d,KB-C_SUSPICIOUS_COMPONENT,4.0,,2,28.68,derived,The suspicious pair belongs to a connected component with shared supporting entities.
1d05693ea556de5c||502532b46ed1b4a5,1d05693ea556de5c,502532b46ed1b4a5,KB-C_SUSPICIOUS_COMPONENT,12.0,,2,25.67,derived,The suspicious pair belongs to a connected component with shared supporting entities.
da044681e424e9fe||db8f837cc236d94f,da044681e424e9fe,db8f837cc236d94f,KB-C_SUSPICIOUS_COMPONENT,18.0,,2,29.33,derived,The suspicious pair belongs to a connected component with shared supporting entities.
67b63b78c322e8c3||64b5cbd64be69787,67b63b78c322e8c3,64b5cbd64be69787,KB-C_SUSPICIOUS_COMPONENT,18.0,,2,30.53,derived,The suspicious pair belongs to a connected component with shared supporting entities.
0969db394a8db64a||f80f33e8017be640,0969db394a8db64a,f80f33e8017be640,KB-C_SUSPICIOUS_COMPONENT,2.0,,2,42.11,derived,The suspicious pair belongs to a connected component with shared supporting entities.
91fc0d2c74989777||92f7b4ed60e05657,91fc0d2c74989777,92f7b4ed60e05657,KB-C_SUSPICIOUS_COMPONENT,2.0,,2,19.84,derived,The suspicious pair belongs to a connected component with shared supporting entities.
9f26e4145637b64f||16334c96e39e4243,9f26e4145637b64f,16334c96e39e4243,KB-C_SUSPICIOUS_COMPONENT,2.0,,2,38.57,derived,The suspicious pair belongs to a connected component with shared supporting entities.
1cf6d4688439cf4d||b300c11e6f3fe42a,1cf6d4688439cf4d,b300c11e6f3fe42a,KB-C_SUSPICIOUS_COMPONENT,2.0,,2,18.46,derived,The suspicious pair belongs to a connected component with shared supporting entities.
5b26727f1295b42d||a240e11420d52d19,5b26727f1295b42d,a240e11420d52d19,KB-C_SUSPICIOUS_COMPONENT,2.0,,2,30.62,derived,The suspicious pair belongs to a connected component with shared supporting entities.
3f224683db6b0578||7623f72674e1773e,3f224683db6b0578,7623f72674e1773e,KB-C_SUSPICIOUS_COMPONENT,3.0,,2,21.33,derived,The suspicious pair belongs to a connected component with shared supporting entities.
38752cf35f43cc09||e78b056e4b3b53ea,38752cf35f43cc09,e78b056e4b3b53ea,KB-C_SUSPICIOUS_COMPONENT,30.0,,2,25.89,derived,The suspicious pair belongs to a connected component with shared supporting entities.
b373519d5d4fca38||b9918a947b54f73b,b373519d5d4fca38,b9918a947b54f73b,KB-C_SUSPICIOUS_COMPONENT,2.0,,2,36.4,derived,The suspicious pair belongs to a connected component with shared supporting entities.
44b627d8a24030a6||05bc24ed2ac6299f,44b627d8a24030a6,05bc24ed2ac6299f,KB-C_SUSPICIOUS_COMPONENT,4.0,,2,31.29,derived,The suspicious pair belongs to a connected component with shared supporting entities.
bd9d5bd6a837d6e9||20cabe14b4d9e4d6,bd9d5bd6a837d6e9,20cabe14b4d9e4d6,KB-C_SUSPICIOUS_COMPONENT,30.0,,2,39.64,derived,The suspicious pair belongs to a connected component with shared supporting entities.
bfc46f7bf43495c7||2b5804c659108852,bfc46f7bf43495c7,2b5804c659108852,KB-C_SUSPICIOUS_COMPONENT,7.0,,2,29.87,derived,The suspicious pair belongs to a connected component with shared supporting entities.
5e1375169a59617b||f73d51571f8f15e5,5e1375169a59617b,f73d51571f8f15e5,KB-C_SUSPICIOUS_COMPONENT,18.0,,2,46.1,derived,The suspicious pair belongs to a connected component with shared supporting entities.
cde4bfee0b62d4ed||2d25ad16bbe40c38,cde4bfee0b62d4ed,2d25ad16bbe40c38,KB-C_SUSPICIOUS_COMPONENT,2.0,,2,45.23,derived,The suspicious pair belongs to a connected component with shared supporting entities.
7edb3f29d30d0d5d||7cf7c24c2ee47673,7edb3f29d30d0d5d,7cf7c24c2ee47673,KB-C_SUSPICIOUS_COMPONENT,5.0,,2,33.54,derived,The suspicious pair belongs to a connected component with shared supporting entities.
86c227a2f91a9191||3469c8864448b528,86c227a2f91a9191,3469c8864448b528,KB-C_SUSPICIOUS_COMPONENT,6.0,,2,21.65,derived,The suspicious pair belongs to a connected component with shared supporting entities.
c8de5cb376ab54b0||b300c11e6f3fe42a,c8de5cb376ab54b0,b300c11e6f3fe42a,KB-C_SUSPICIOUS_COMPONENT,2.0,,2,20.0,derived,The suspicious pair belongs to a connected component with shared supporting entities.
bf78bede5ffa9b46||52cec39ae763fb1c,bf78bede5ffa9b46,52cec39ae763fb1c,KB-C_SUSPICIOUS_COMPONENT,2.0,,2,30.58,derived,The suspicious pair belongs to a connected component with shared supporting entities.
39d01bb3e7cb8e66||294050a2504b9178,39d01bb3e7cb8e66,294050a2504b9178,KB-C_SUSPICIOUS_COMPONENT,2.0,,2,19.27,derived,The suspicious pair belongs to a connected component with shared supporting entities.
e03d382abe799004||33a97304a654371d,e03d382abe799004,33a97304a654371d,KB-C_SUSPICIOUS_COMPONENT,4.0,,2,17.35,derived,The suspicious pair belongs to a connected component with shared supporting entities.
39e629f2d1b59bbe||a29bc6fe19ec46ba,39e629f2d1b59bbe,a29bc6fe19ec46ba,KB-C_SUSPICIOUS_COMPONENT,2.0,,2,44.36,derived,The suspicious pair belongs to a connected component with shared supporting entities.
8dd336bf60715232||4d49153a85b79f3e,8dd336bf60715232,4d49153a85b79f3e,KB-C_SUSPICIOUS_COMPONENT,3.0,,2,25.65,derived,The suspicious pair belongs to a connected component with shared supporting entities.
8dd336bf60715232||b0c9e7e07070a3a0,8dd336bf60715232,b0c9e7e07070a3a0,KB-C_SUSPICIOUS_COMPONENT,3.0,,2,27.31,derived,The suspicious pair belongs to a connected component with shared supporting entities.
974a5516081a83d4||4a0062a57f3c74a8,974a5516081a83d4,4a0062a57f3c74a8,KB-C_SUSPICIOUS_COMPONENT,2.0,,2,26.09,derived,The suspicious pair belongs to a connected component with shared supporting entities.
9a7d2dd08541ef2c||bf341adf1e1b82a3,9a7d2dd08541ef2c,bf341adf1e1b82a3,KB-C_SUSPICIOUS_COMPONENT,2.0,,2,25.51,derived,The suspicious pair belongs to a connected component with shared supporting entities.
edd0ac577962819a||dd047787de288b2e,edd0ac577962819a,dd047787de288b2e,KB-C_SUSPICIOUS_COMPONENT,2.0,,2,25.7,derived,The suspicious pair belongs to a connected component with shared supporting entities.
01ad240d7760d3fd||bf341adf1e1b82a3,01ad240d7760d3fd,bf341adf1e1b82a3,KB-C_SUSPICIOUS_COMPONENT,2.0,,2,21.72,derived,The suspicious pair belongs to a connected component with shared supporting entities.
8ce248b701cedb75||3d6a4518940a9a45,8ce248b701cedb75,3d6a4518940a9a45,KB-C_SUSPICIOUS_COMPONENT,2.0,,2,27.84,derived,The suspicious pair belongs to a connected component with shared supporting entities.
6fe38266f53a24d1||294050a2504b9178,6fe38266f53a24d1,294050a2504b9178,KB-C_SUSPICIOUS_COMPONENT,2.0,,2,17.97,derived,The suspicious pair belongs to a connected component with shared supporting entities.
91a395ba3525a53f||82972dde458fb950,91a395ba3525a53f,82972dde458fb950,KB-C_SUSPICIOUS_COMPONENT,11.0,,2,22.74,derived,The suspicious pair belongs to a connected component with shared supporting entities.
92f702e5a686b9c4||bc3a67bb70146486,92f702e5a686b9c4,bc3a67bb70146486,KB-C_SUSPICIOUS_COMPONENT,6.0,,2,44.71,derived,The suspicious pair belongs to a connected component with shared supporting entities.
b7a23e1f26dbc189||7623f72674e1773e,b7a23e1f26dbc189,7623f72674e1773e,KB-C_SUSPICIOUS_COMPONENT,3.0,,2,20.35,derived,The suspicious pair belongs to a connected component with shared supporting entities.
453a56017fd603ca||92bd66773493d472,453a56017fd603ca,92bd66773493d472,KB-C_SUSPICIOUS_COMPONENT,7.0,,2,16.26,derived,The suspicious pair belongs to a connected component with shared supporting entities.
c4b54161bafbb95f||9f8000d3cfce075a,c4b54161bafbb95f,9f8000d3cfce075a,KB-C_SUSPICIOUS_COMPONENT,2.0,,2,17.6,derived,The suspicious pair belongs to a connected component with shared supporting entities.
2e6f27d6f08e0d18||9c7e9a5008be06e6,2e6f27d6f08e0d18,9c7e9a5008be06e6,KB-C_SUSPICIOUS_COMPONENT,2.0,,2,27.16,derived,The suspicious pair belongs to a connected component with shared supporting entities.
41a74016af4f3c0c||7623f72674e1773e,41a74016af4f3c0c,7623f72674e1773e,KB-C_SUSPICIOUS_COMPONENT,3.0,,2,20.34,derived,The suspicious pair belongs to a connected component with shared supporting entities.
c1fef734b0516b5a||9f8000d3cfce075a,c1fef734b0516b5a,9f8000d3cfce075a,KB-C_SUSPICIOUS_COMPONENT,2.0,,2,18.43,derived,The suspicious pair belongs to a connected component with shared supporting entities.
db172c7496cdbb51||600956fced10a8b9,db172c7496cdbb51,600956fced10a8b9,KB-C_SUSPICIOUS_COMPONENT,2.0,,2,36.66,derived,The suspicious pair belongs to a connected component with shared supporting entities.
3a94377f21825abd||600956fced10a8b9,3a94377f21825abd,600956fced10a8b9,KB-C_SUSPICIOUS_COMPONENT,2.0,,2,20.42,derived,The suspicious pair belongs to a connected component with shared supporting entities.
6626da18f2540e5d||3557b15b863acc76,6626da18f2540e5d,3557b15b863acc76,KB-C_SUSPICIOUS_COMPONENT,11.0,,2,23.5,derived,The suspicious pair belongs to a connected component with shared supporting entities.
5357ec8cdda15638||8d3b359f423f28ce,5357ec8cdda15638,8d3b359f423f28ce,KB-C_SUSPICIOUS_COMPONENT,3.0,,2,17.73,derived,The suspicious pair belongs to a connected component with shared supporting entities.
4023976e57c1ed6a||9c7e9a5008be06e6,4023976e57c1ed6a,9c7e9a5008be06e6,KB-C_SUSPICIOUS_COMPONENT,2.0,,2,27.48,derived,The suspicious pair belongs to a connected component with shared supporting entities.
5828b7e28d77245d||fad2dbe4e38702c5,5828b7e28d77245d,fad2dbe4e38702c5,KB-C_HIGH_GHOST_RATE,0.9076923076923077,,0.3,79.74,derived,Driver-customer pair has a high share of ghost trips with avg_kmh = 0.
fbb5fad6a1615aa3||d99f5d7d24e2d881,fbb5fad6a1615aa3,d99f5d7d24e2d881,KB-C_HIGH_GHOST_RATE,0.95,,0.3,69.98,derived,Driver-customer pair has a high share of ghost trips with avg_kmh = 0.
f5d16c59104fbed7||790a7c79085e1cdc,f5d16c59104fbed7,790a7c79085e1cdc,KB-C_HIGH_GHOST_RATE,1.0,,0.3,79.74,derived,Driver-customer pair has a high share of ghost trips with avg_kmh = 0.
031d6b289f9fd963||2c7192581a1b6e85,031d6b289f9fd963,2c7192581a1b6e85,KB-C_HIGH_GHOST_RATE,1.0,,0.3,83.09,derived,Driver-customer pair has a high share of ghost trips with avg_kmh = 0.
5bfcc769835bc616||49b8504ff44a6f3d,5bfcc769835bc616,49b8504ff44a6f3d,KB-C_HIGH_GHOST_RATE,0.7142857142857143,,0.3,59.19,derived,Driver-customer pair has a high share of ghost trips with avg_kmh = 0.
61ed7b3348db32e2||2c7192581a1b6e85,61ed7b3348db32e2,2c7192581a1b6e85,KB-C_HIGH_GHOST_RATE,1.0,,0.3,78.25,derived,Driver-customer pair has a high share of ghost trips with avg_kmh = 0.
92f702e5a686b9c4||8db2e31deb571a3d,92f702e5a686b9c4,8db2e31deb571a3d,KB-C_HIGH_GHOST_RATE,1.0,,0.3,66.7,derived,Driver-customer pair has a high share of ghost trips with avg_kmh = 0.
49d18d93c10b1bc0||9db0d2f91ffc75a6,49d18d93c10b1bc0,9db0d2f91ffc75a6,KB-C_HIGH_GHOST_RATE,1.0,,0.3,65.16,derived,Driver-customer pair has a high share of ghost trips with avg_kmh = 0.
92f702e5a686b9c4||be5cc6d64ed50de0,92f702e5a686b9c4,be5cc6d64ed50de0,KB-C_HIGH_GHOST_RATE,1.0,,0.3,69.22,derived,Driver-customer pair has a high share of ghost trips with avg_kmh = 0.
2ff877bcf6cc0493||faa480c51adf21e6,2ff877bcf6cc0493,faa480c51adf21e6,KB-C_HIGH_GHOST_RATE,0.3142857142857143,,0.3,51.37,derived,Driver-customer pair has a high share of ghost trips with avg_kmh = 0.
bd9d5bd6a837d6e9||3ac1b109549cc988,bd9d5bd6a837d6e9,3ac1b109549cc988,KB-C_HIGH_GHOST_RATE,0.6153846153846154,,0.3,62.53,derived,Driver-customer pair has a high share of ghost trips with avg_kmh = 0.
87fdba920f14bdc4||94929da44e46071c,87fdba920f14bdc4,94929da44e46071c,KB-C_HIGH_GHOST_RATE,0.3333333333333333,,0.3,46.86,derived,Driver-customer pair has a high share of ghost trips with avg_kmh = 0.
c6963e8e70b25ecd||92f5b10955f7b62e,c6963e8e70b25ecd,92f5b10955f7b62e,KB-C_HIGH_GHOST_RATE,0.56,,0.3,61.98,derived,Driver-customer pair has a high share of ghost trips with avg_kmh = 0.
dc6dfd83ba5cd9fe||1dee5772213d988e,dc6dfd83ba5cd9fe,1dee5772213d988e,KB-C_HIGH_GHOST_RATE,1.0,,0.3,52.16,derived,Driver-customer pair has a high share of ghost trips with avg_kmh = 0.
ac5ad23248702f61||31195016ed4e705a,ac5ad23248702f61,31195016ed4e705a,KB-C_HIGH_GHOST_RATE,0.6,,0.3,64.9,derived,Driver-customer pair has a high share of ghost trips with avg_kmh = 0.
ac5ad23248702f61||243ea0e71a4e1e1e,ac5ad23248702f61,243ea0e71a4e1e1e,KB-C_HIGH_GHOST_RATE,0.8214285714285714,,0.3,67.41,derived,Driver-customer pair has a high share of ghost trips with avg_kmh = 0.
ac5ad23248702f61||7a529c8033873ce1,ac5ad23248702f61,7a529c8033873ce1,KB-C_HIGH_GHOST_RATE,0.6538461538461539,,0.3,65.52,derived,Driver-customer pair has a high share of ghost trips with avg_kmh = 0.
0505591ad33e4fd7||0b82ae42e3883891,0505591ad33e4fd7,0b82ae42e3883891,KB-C_HIGH_GHOST_RATE,0.3333333333333333,,0.3,33.17,derived,Driver-customer pair has a high share of ghost trips with avg_kmh = 0.
2c3de002d29c6ca7||8e913410ca1bf7da,2c3de002d29c6ca7,8e913410ca1bf7da,KB-C_HIGH_GHOST_RATE,1.0,,0.3,51.43,derived,Driver-customer pair has a high share of ghost trips with avg_kmh = 0.
72a5a561b03dbfb8||6e831490f71b1f3d,72a5a561b03dbfb8,6e831490f71b1f3d,KB-C_HIGH_GHOST_RATE,1.0,,0.3,44.1,derived,Driver-customer pair has a high share of ghost trips with avg_kmh = 0.
c8e57453ee7b29db||bfc8ac8a223a4bca,c8e57453ee7b29db,bfc8ac8a223a4bca,KB-C_HIGH_GHOST_RATE,0.3333333333333333,,0.3,31.67,derived,Driver-customer pair has a high share of ghost trips with avg_kmh = 0.
7befb7ce8e219542||73ff5ba45a062901,7befb7ce8e219542,73ff5ba45a062901,KB-C_HIGH_GHOST_RATE,0.34210526315789475,,0.3,51.75,derived,Driver-customer pair has a high share of ghost trips with avg_kmh = 0.
ac5ad23248702f61||9cba5e1709f5e9c7,ac5ad23248702f61,9cba5e1709f5e9c7,KB-C_HIGH_GHOST_RATE,1.0,,0.3,70.61,derived,Driver-customer pair has a high share of ghost trips with avg_kmh = 0.
650e55d8a93e7afa||d6f9e28555ec2d87,650e55d8a93e7afa,d6f9e28555ec2d87,KB-C_HIGH_GHOST_RATE,1.0,,0.3,60.67,derived,Driver-customer pair has a high share of ghost trips with avg_kmh = 0.
d429b6761fabccc8||8f8892e8ce3dc549,d429b6761fabccc8,8f8892e8ce3dc549,KB-C_HIGH_GHOST_RATE,0.3125,,0.3,51.36,derived,Driver-customer pair has a high share of ghost trips with avg_kmh = 0.
61ed7b3348db32e2||7d959c630346afdc,61ed7b3348db32e2,7d959c630346afdc,KB-C_HIGH_GHOST_RATE,1.0,,0.3,69.47,derived,Driver-customer pair has a high share of ghost trips with avg_kmh = 0.
8c892532d38ba577||39c991ff5639a3e9,8c892532d38ba577,39c991ff5639a3e9,KB-C_HIGH_GHOST_RATE,0.375,,0.3,45.38,derived,Driver-customer pair has a high share of ghost trips with avg_kmh = 0.
e0b74e9fda5b1515||965fd6007ee10078,e0b74e9fda5b1515,965fd6007ee10078,KB-C_HIGH_GHOST_RATE,0.9629629629629629,,0.3,64.31,derived,Driver-customer pair has a high share of ghost trips with avg_kmh = 0.
1022107caf8a8fbc||03bd319415f1ce3f,1022107caf8a8fbc,03bd319415f1ce3f,KB-C_HIGH_GHOST_RATE,1.0,,0.3,52.46,derived,Driver-customer pair has a high share of ghost trips with avg_kmh = 0.
9768fb2778c8542f||5b61f64db8e8a2b3,9768fb2778c8542f,5b61f64db8e8a2b3,KB-C_HIGH_GHOST_RATE,0.3333333333333333,,0.3,29.45,derived,Driver-customer pair has a high share of ghost trips with avg_kmh = 0.
fe9569ebac34f307||d491ffea52e86b0d,fe9569ebac34f307,d491ffea52e86b0d,KB-C_HIGH_GHOST_RATE,0.5714285714285714,,0.3,41.42,derived,Driver-customer pair has a high share of ghost trips with avg_kmh = 0.
d0065ae61f54fef9||7e9c63dd2bff2da9,d0065ae61f54fef9,7e9c63dd2bff2da9,KB-C_HIGH_GHOST_RATE,1.0,,0.3,53.47,derived,Driver-customer pair has a high share of ghost trips with avg_kmh = 0.
51b6261c937701ca||acc20797cf030675,51b6261c937701ca,acc20797cf030675,KB-C_HIGH_GHOST_RATE,0.6363636363636364,,0.3,47.27,derived,Driver-customer pair has a high share of ghost trips with avg_kmh = 0.
fb0fe62b752f3ad7||a65263bf7eda4b01,fb0fe62b752f3ad7,a65263bf7eda4b01,KB-C_HIGH_GHOST_RATE,0.4375,,0.3,49.51,derived,Driver-customer pair has a high share of ghost trips with avg_kmh = 0.
4aa48e74d20b253c||90e22432339b0201,4aa48e74d20b253c,90e22432339b0201,KB-C_HIGH_GHOST_RATE,1.0,,0.3,55.87,derived,Driver-customer pair has a high share of ghost trips with avg_kmh = 0.
8e993736d7a0bdcf||faf5a2b1b293e046,8e993736d7a0bdcf,faf5a2b1b293e046,KB-C_HIGH_GHOST_RATE,0.75,,0.3,45.12,derived,Driver-customer pair has a high share of ghost trips with avg_kmh = 0.
a7647b9a93aa0d10||215ff117173a3f78,a7647b9a93aa0d10,215ff117173a3f78,KB-C_HIGH_GHOST_RATE,0.5,,0.3,45.6,derived,Driver-customer pair has a high share of ghost trips with avg_kmh = 0.
1e82fff829bdf6bf||8b36a8aedcacea67,1e82fff829bdf6bf,8b36a8aedcacea67,KB-C_HIGH_GHOST_RATE,0.9,,0.3,50.46,derived,Driver-customer pair has a high share of ghost trips with avg_kmh = 0.
03855cc547717636||2c21e10c69a7a8e7,03855cc547717636,2c21e10c69a7a8e7,KB-C_HIGH_GHOST_RATE,0.6,,0.3,33.75,derived,Driver-customer pair has a high share of ghost trips with avg_kmh = 0.
0b8536e56a795280||32da1ac7adb68345,0b8536e56a795280,32da1ac7adb68345,KB-C_HIGH_GHOST_RATE,0.6,,0.3,35.12,derived,Driver-customer pair has a high share of ghost trips with avg_kmh = 0.
19cedb8995309f21||3d810d82e94fbbd4,19cedb8995309f21,3d810d82e94fbbd4,KB-C_HIGH_GHOST_RATE,1.0,,0.3,41.32,derived,Driver-customer pair has a high share of ghost trips with avg_kmh = 0.
6236f92ddf1860e5||6aae3cce37b07c73,6236f92ddf1860e5,6aae3cce37b07c73,KB-C_HIGH_GHOST_RATE,1.0,,0.3,41.86,derived,Driver-customer pair has a high share of ghost trips with avg_kmh = 0.
6652b5ebf6b278ef||c5fd44832b5effeb,6652b5ebf6b278ef,c5fd44832b5effeb,KB-C_HIGH_GHOST_RATE,1.0,,0.3,41.68,derived,Driver-customer pair has a high share of ghost trips with avg_kmh = 0.
bf9b85498bea833c||9015ad94f91128ff,bf9b85498bea833c,9015ad94f91128ff,KB-C_HIGH_GHOST_RATE,0.6,,0.3,34.29,derived,Driver-customer pair has a high share of ghost trips with avg_kmh = 0.
e1348b2c0ea7753c||8a89a45bf8d8c8ed,e1348b2c0ea7753c,8a89a45bf8d8c8ed,KB-C_HIGH_GHOST_RATE,0.4,,0.3,31.36,derived,Driver-customer pair has a high share of ghost trips with avg_kmh = 0.
1690b4ce10059cd2||ba82873dcaccf020,1690b4ce10059cd2,ba82873dcaccf020,KB-C_HIGH_GHOST_RATE,0.65,,0.3,50.98,derived,Driver-customer pair has a high share of ghost trips with avg_kmh = 0.
aaec82964a8db8c3||f5070e51004d8b10,aaec82964a8db8c3,f5070e51004d8b10,KB-C_HIGH_GHOST_RATE,0.8461538461538461,,0.3,61.89,derived,Driver-customer pair has a high share of ghost trips with avg_kmh = 0.
7c67f3e9755d8011||b438605c19e0f40f,7c67f3e9755d8011,b438605c19e0f40f,KB-C_HIGH_GHOST_RATE,0.75,,0.3,41.76,derived,Driver-customer pair has a high share of ghost trips with avg_kmh = 0.
d69c518bb874969b||cf4ed370c7c89d68,d69c518bb874969b,cf4ed370c7c89d68,KB-C_HIGH_GHOST_RATE,0.4583333333333333,,0.3,48.87,derived,Driver-customer pair has a high share of ghost trips with avg_kmh = 0.
d668255acfdeddff||ea664b06d4c9f652,d668255acfdeddff,ea664b06d4c9f652,KB-C_HIGH_GHOST_RATE,0.7272727272727273,,0.3,43.81,derived,Driver-customer pair has a high share of ghost trips with avg_kmh = 0.
66e2ec6894eed7c0||28ebe69d0f9395e8,66e2ec6894eed7c0,28ebe69d0f9395e8,KB-C_HIGH_GHOST_RATE,1.0,,0.3,57.88,derived,Driver-customer pair has a high share of ghost trips with avg_kmh = 0.
e1971c9d6276d445||70493717aae4412c,e1971c9d6276d445,70493717aae4412c,KB-C_HIGH_GHOST_RATE,0.4864864864864865,,0.3,42.43,derived,Driver-customer pair has a high share of ghost trips with avg_kmh = 0.
76b838517a5803d0||d8c18320795c6631,76b838517a5803d0,d8c18320795c6631,KB-C_HIGH_GHOST_RATE,0.3888888888888889,,0.3,47.72,derived,Driver-customer pair has a high share of ghost trips with avg_kmh = 0.
065c763e856f1601||d4451c264d27d378,065c763e856f1601,d4451c264d27d378,KB-C_HIGH_GHOST_RATE,0.3076923076923077,,0.3,51.28,derived,Driver-customer pair has a high share of ghost trips with avg_kmh = 0.
b9162eacd69bdaf3||516d43dec7f530fd,b9162eacd69bdaf3,516d43dec7f530fd,KB-C_HIGH_GHOST_RATE,0.38461538461538464,,0.3,54.37,derived,Driver-customer pair has a high share of ghost trips with avg_kmh = 0.
1f750ea67820917a||68d2dc28899fbe71,1f750ea67820917a,68d2dc28899fbe71,KB-C_HIGH_GHOST_RATE,0.3125,,0.3,50.68,derived,Driver-customer pair has a high share of ghost trips with avg_kmh = 0.
218959d2c49d26af||be58bf52061f9ca2,218959d2c49d26af,be58bf52061f9ca2,KB-C_HIGH_GHOST_RATE,1.0,,0.3,39.72,derived,Driver-customer pair has a high share of ghost trips with avg_kmh = 0.
ac91509daa9997e9||4fbffd648a8b36be,ac91509daa9997e9,4fbffd648a8b36be,KB-C_HIGH_GHOST_RATE,0.4,,0.3,31.18,derived,Driver-customer pair has a high share of ghost trips with avg_kmh = 0.
240665c82fbb4b5b||15c39fca59df163f,240665c82fbb4b5b,15c39fca59df163f,KB-C_HIGH_GHOST_RATE,0.75,,0.3,37.12,derived,Driver-customer pair has a high share of ghost trips with avg_kmh = 0.
ccc97fea07ecb8f0||384f5d5d60bfbc7b,ccc97fea07ecb8f0,384f5d5d60bfbc7b,KB-C_HIGH_GHOST_RATE,0.3333333333333333,,0.3,47.02,derived,Driver-customer pair has a high share of ghost trips with avg_kmh = 0.
2f85606b0b41346a||b63183afa1c5fccc,2f85606b0b41346a,b63183afa1c5fccc,KB-C_HIGH_GHOST_RATE,0.5833333333333334,,0.3,48.09,derived,Driver-customer pair has a high share of ghost trips with avg_kmh = 0.
9715aaceb208ed3b||72e5f7c066605741,9715aaceb208ed3b,72e5f7c066605741,KB-C_HIGH_GHOST_RATE,0.4,,0.3,51.02,derived,Driver-customer pair has a high share of ghost trips with avg_kmh = 0.
a1762050c2e1d259||bb4779bdb535f771,a1762050c2e1d259,bb4779bdb535f771,KB-C_HIGH_GHOST_RATE,0.4,,0.3,30.21,derived,Driver-customer pair has a high share of ghost trips with avg_kmh = 0.
2ec1650f4033afec||c46fd92ce5728643,2ec1650f4033afec,c46fd92ce5728643,KB-C_HIGH_GHOST_RATE,0.3076923076923077,,0.3,43.95,derived,Driver-customer pair has a high share of ghost trips with avg_kmh = 0.
c323912cf7fdf570||589030512815a359,c323912cf7fdf570,589030512815a359,KB-C_HIGH_GHOST_RATE,1.0,,0.3,46.4,derived,Driver-customer pair has a high share of ghost trips with avg_kmh = 0.
cab6d3bce35be2f0||cb7e87aaf9deafbd,cab6d3bce35be2f0,cb7e87aaf9deafbd,KB-C_HIGH_GHOST_RATE,0.5,,0.3,38.34,derived,Driver-customer pair has a high share of ghost trips with avg_kmh = 0.
872450ad10af5827||7b7ebbe8642430e3,872450ad10af5827,7b7ebbe8642430e3,KB-C_HIGH_GHOST_RATE,0.3333333333333333,,0.3,36.22,derived,Driver-customer pair has a high share of ghost trips with avg_kmh = 0.
c5beeba0980c4174||5f07724d3e06c629,c5beeba0980c4174,5f07724d3e06c629,KB-C_HIGH_GHOST_RATE,0.6,,0.3,50.14,derived,Driver-customer pair has a high share of ghost trips with avg_kmh = 0.
94aa5e3e1edaecf6||75557b4b149ebca8,94aa5e3e1edaecf6,75557b4b149ebca8,KB-C_HIGH_GHOST_RATE,0.8571428571428571,,0.3,50.4,derived,Driver-customer pair has a high share of ghost trips with avg_kmh = 0.
3a5e0f4d045833a3||ef8d5c9e3a41208d,3a5e0f4d045833a3,ef8d5c9e3a41208d,KB-C_HIGH_GHOST_RATE,0.8,,0.3,38.9,derived,Driver-customer pair has a high share of ghost trips with avg_kmh = 0.
518eb13d1a464a02||73605c21c2680579,518eb13d1a464a02,73605c21c2680579,KB-C_HIGH_GHOST_RATE,0.4,,0.3,28.45,derived,Driver-customer pair has a high share of ghost trips with avg_kmh = 0.
25adc7b7ef4b31fb||f101bbff9df877e9,25adc7b7ef4b31fb,f101bbff9df877e9,KB-C_HIGH_GHOST_RATE,0.5,,0.3,28.96,derived,Driver-customer pair has a high share of ghost trips with avg_kmh = 0.
3616edf972e6b8a8||f8a0c68c4f80141b,3616edf972e6b8a8,f8a0c68c4f80141b,KB-C_HIGH_GHOST_RATE,1.0,,0.3,38.69,derived,Driver-customer pair has a high share of ghost trips with avg_kmh = 0.
c45f1b51a8b21d69||80731a0a5e2c9e4f,c45f1b51a8b21d69,80731a0a5e2c9e4f,KB-C_HIGH_GHOST_RATE,0.75,,0.3,37.74,derived,Driver-customer pair has a high share of ghost trips with avg_kmh = 0.
180e389dc9e916ba||45d8462070fb8452,180e389dc9e916ba,45d8462070fb8452,KB-C_HIGH_GHOST_RATE,0.78125,,0.3,50.76,derived,Driver-customer pair has a high share of ghost trips with avg_kmh = 0.
d69f6d6739baff20||26998ffcb290636b,d69f6d6739baff20,26998ffcb290636b,KB-C_HIGH_GHOST_RATE,0.47619047619047616,,0.3,48.4,derived,Driver-customer pair has a high share of ghost trips with avg_kmh = 0.
5e1375169a59617b||365a757f0665cb3d,5e1375169a59617b,365a757f0665cb3d,KB-C_HIGH_GHOST_RATE,0.9090909090909091,,0.3,53.59,derived,Driver-customer pair has a high share of ghost trips with avg_kmh = 0.
f4bc13eb5740587b||8e88d67dd700d5f0,f4bc13eb5740587b,8e88d67dd700d5f0,KB-C_HIGH_GHOST_RATE,0.8,,0.3,36.06,derived,Driver-customer pair has a high share of ghost trips with avg_kmh = 0.
0f3a402c1399187d||078c231068228be5,0f3a402c1399187d,078c231068228be5,KB-C_HIGH_GHOST_RATE,0.6363636363636364,,0.3,44.32,derived,Driver-customer pair has a high share of ghost trips with avg_kmh = 0.
37a68533d5c19d93||faa65fc00238f066,37a68533d5c19d93,faa65fc00238f066,KB-C_HIGH_GHOST_RATE,0.5,,0.3,41.84,derived,Driver-customer pair has a high share of ghost trips with avg_kmh = 0.
8b2774ab97315ac7||80213f13fd005fb2,8b2774ab97315ac7,80213f13fd005fb2,KB-C_HIGH_GHOST_RATE,0.3181818181818182,,0.3,40.61,derived,Driver-customer pair has a high share of ghost trips with avg_kmh = 0.
70e6be43ef2f72ee||0c8f7f6584f62bfc,70e6be43ef2f72ee,0c8f7f6584f62bfc,KB-C_HIGH_GHOST_RATE,0.9090909090909091,,0.3,57.68,derived,Driver-customer pair has a high share of ghost trips with avg_kmh = 0.
70e6be43ef2f72ee||cbc758fc894fd8a5,70e6be43ef2f72ee,cbc758fc894fd8a5,KB-C_HIGH_GHOST_RATE,0.9090909090909091,,0.3,59.12,derived,Driver-customer pair has a high share of ghost trips with avg_kmh = 0.
832f3ae42af5c107||bd3ce35b9e761100,832f3ae42af5c107,bd3ce35b9e761100,KB-C_HIGH_GHOST_RATE,1.0,,0.3,52.2,derived,Driver-customer pair has a high share of ghost trips with avg_kmh = 0.
44c406702a975f8f||1ce733d3ff563aa6,44c406702a975f8f,1ce733d3ff563aa6,KB-C_HIGH_GHOST_RATE,0.5,,0.3,41.99,derived,Driver-customer pair has a high share of ghost trips with avg_kmh = 0.
b0fbc70483dfecae||5999ad97cb4f3af2,b0fbc70483dfecae,5999ad97cb4f3af2,KB-C_HIGH_GHOST_RATE,0.9,,0.3,52.54,derived,Driver-customer pair has a high share of ghost trips with avg_kmh = 0.
a138f7cdbb664c23||03a32cb06ee0a162,a138f7cdbb664c23,03a32cb06ee0a162,KB-C_HIGH_GHOST_RATE,1.0,,0.3,47.36,derived,Driver-customer pair has a high share of ghost trips with avg_kmh = 0.
4998891c6eccbae1||c20b2afaab0569a0,4998891c6eccbae1,c20b2afaab0569a0,KB-C_HIGH_GHOST_RATE,0.3684210526315789,,0.3,47.34,derived,Driver-customer pair has a high share of ghost trips with avg_kmh = 0.
e0aef4b076ed2b28||2ed96eee9dfb33cc,e0aef4b076ed2b28,2ed96eee9dfb33cc,KB-C_HIGH_GHOST_RATE,0.75,,0.3,33.31,derived,Driver-customer pair has a high share of ghost trips with avg_kmh = 0.
9f75ba1d31c0f792||0b03c47467505a9d,9f75ba1d31c0f792,0b03c47467505a9d,KB-C_HIGH_GHOST_RATE,1.0,,0.3,54.8,derived,Driver-customer pair has a high share of ghost trips with avg_kmh = 0.
3f4e7bbe46b6390f||470d65102aeffe46,3f4e7bbe46b6390f,470d65102aeffe46,KB-C_HIGH_GHOST_RATE,0.4,,0.3,37.49,derived,Driver-customer pair has a high share of ghost trips with avg_kmh = 0.
4d13f0d3f4f2961a||816c07e5bfe690dd,4d13f0d3f4f2961a,816c07e5bfe690dd,KB-C_HIGH_GHOST_RATE,0.6666666666666666,,0.3,33.38,derived,Driver-customer pair has a high share of ghost trips with avg_kmh = 0.
5d5d90ecd933b136||9660f1d022223b77,5d5d90ecd933b136,9660f1d022223b77,KB-C_HIGH_GHOST_RATE,1.0,,0.3,38.86,derived,Driver-customer pair has a high share of ghost trips with avg_kmh = 0.
3bfb0481106c7788||068fdc5f78a29ec9,3bfb0481106c7788,068fdc5f78a29ec9,KB-C_HIGH_GHOST_RATE,0.4,,0.3,26.78,derived,Driver-customer pair has a high share of ghost trips with avg_kmh = 0.
d00c951cfff25c65||933a9872a6925a72,d00c951cfff25c65,933a9872a6925a72,KB-C_HIGH_GHOST_RATE,1.0,,0.3,49.84,derived,Driver-customer pair has a high share of ghost trips with avg_kmh = 0.
b9bc6a0e28c86d43||efdcc15b81e20466,b9bc6a0e28c86d43,efdcc15b81e20466,KB-C_HIGH_GHOST_RATE,0.9047619047619048,,0.3,51.46,derived,Driver-customer pair has a high share of ghost trips with avg_kmh = 0.
baecb43006dd6035||9e9be59e543f339e,baecb43006dd6035,9e9be59e543f339e,KB-C_HIGH_GHOST_RATE,1.0,,0.3,45.98,derived,Driver-customer pair has a high share of ghost trips with avg_kmh = 0.
3410c6bd309215bc||2ca010925e5b431b,3410c6bd309215bc,2ca010925e5b431b,KB-C_HIGH_GHOST_RATE,0.3333333333333333,,0.3,36.36,derived,Driver-customer pair has a high share of ghost trips with avg_kmh = 0.
650e55d8a93e7afa||6018142ad7cd7f3b,650e55d8a93e7afa,6018142ad7cd7f3b,KB-C_HIGH_GHOST_RATE,0.9,,0.3,49.65,derived,Driver-customer pair has a high share of ghost trips with avg_kmh = 0.
e9891eba8f1c5b20||1e3ad0f8ddf700e8,e9891eba8f1c5b20,1e3ad0f8ddf700e8,KB-C_HIGH_GHOST_RATE,1.0,,0.3,54.02,derived,Driver-customer pair has a high share of ghost trips with avg_kmh = 0.
e9891eba8f1c5b20||a3b605e8ec38399f,e9891eba8f1c5b20,a3b605e8ec38399f,KB-C_HIGH_GHOST_RATE,0.9512195121951219,,0.3,51.96,derived,Driver-customer pair has a high share of ghost trips with avg_kmh = 0.
010a09b1c6154a36||a880ab29b5a601f7,010a09b1c6154a36,a880ab29b5a601f7,KB-C_HIGH_GHOST_RATE,0.42857142857142855,,0.3,42.8,derived,Driver-customer pair has a high share of ghost trips with avg_kmh = 0.
19e7dcaf3617ef66||40b01490210ab33a,19e7dcaf3617ef66,40b01490210ab33a,KB-C_HIGH_GHOST_RATE,0.75,,0.3,43.8,derived,Driver-customer pair has a high share of ghost trips with avg_kmh = 0.
0663a4e5f31cce75||14382bed3315eb10,0663a4e5f31cce75,14382bed3315eb10,KB-C_HIGH_GHOST_RATE,1.0,,0.3,48.32,derived,Driver-customer pair has a high share of ghost trips with avg_kmh = 0.
c96bcf5aae68974c||d49232163ae3fa7e,c96bcf5aae68974c,d49232163ae3fa7e,KB-C_HIGH_GHOST_RATE,0.8,,0.3,50.13,derived,Driver-customer pair has a high share of ghost trips with avg_kmh = 0.
ca3ce4cb6ccd7a99||7c0e480226522a02,ca3ce4cb6ccd7a99,7c0e480226522a02,KB-C_HIGH_GHOST_RATE,0.4,,0.3,34.3,derived,Driver-customer pair has a high share of ghost trips with avg_kmh = 0.
353372fca9a86c2a||aa8a1e169553d044,353372fca9a86c2a,aa8a1e169553d044,KB-C_HIGH_GHOST_RATE,1.0,,0.3,60.18,derived,Driver-customer pair has a high share of ghost trips with avg_kmh = 0.
320ed8f631b13be4||8d06009465dc96b0,320ed8f631b13be4,8d06009465dc96b0,KB-C_HIGH_GHOST_RATE,0.9375,,0.3,48.24,derived,Driver-customer pair has a high share of ghost trips with avg_kmh = 0.
9cab892ccb1cd9f6||58efadb936d67148,9cab892ccb1cd9f6,58efadb936d67148,KB-C_HIGH_GHOST_RATE,0.7368421052631579,,0.3,59.24,derived,Driver-customer pair has a high share of ghost trips with avg_kmh = 0.
e0b74e9fda5b1515||a19523ae8b17153c,e0b74e9fda5b1515,a19523ae8b17153c,KB-C_HIGH_GHOST_RATE,1.0,,0.3,57.3,derived,Driver-customer pair has a high share of ghost trips with avg_kmh = 0.
70e6be43ef2f72ee||f0de9b54817b4337,70e6be43ef2f72ee,f0de9b54817b4337,KB-C_HIGH_GHOST_RATE,0.7777777777777778,,0.3,50.7,derived,Driver-customer pair has a high share of ghost trips with avg_kmh = 0.
13b3f9366f3ebc04||b5133db1614a00fb,13b3f9366f3ebc04,b5133db1614a00fb,KB-C_HIGH_GHOST_RATE,1.0,,0.3,50.51,derived,Driver-customer pair has a high share of ghost trips with avg_kmh = 0.
4cc9b4bc717127fa||34d037ce454b832d,4cc9b4bc717127fa,34d037ce454b832d,KB-C_HIGH_GHOST_RATE,1.0,,0.3,45.59,derived,Driver-customer pair has a high share of ghost trips with avg_kmh = 0.
35025122ec406f4c||fd4ccd9f0b236f14,35025122ec406f4c,fd4ccd9f0b236f14,KB-C_HIGH_GHOST_RATE,0.8,,0.3,49.26,derived,Driver-customer pair has a high share of ghost trips with avg_kmh = 0.
711598cb25c2e934||2aa74bdf9a6549fc,711598cb25c2e934,2aa74bdf9a6549fc,KB-C_HIGH_GHOST_RATE,1.0,,0.3,46.12,derived,Driver-customer pair has a high share of ghost trips with avg_kmh = 0.
7002509aee1d9147||c229d95a762ad6b8,7002509aee1d9147,c229d95a762ad6b8,KB-C_HIGH_GHOST_RATE,0.42857142857142855,,0.3,36.6,derived,Driver-customer pair has a high share of ghost trips with avg_kmh = 0.
92dbea63fb69e80c||0716fa74a14e23f0,92dbea63fb69e80c,0716fa74a14e23f0,KB-C_HIGH_GHOST_RATE,0.375,,0.3,36.58,derived,Driver-customer pair has a high share of ghost trips with avg_kmh = 0.
68dd22cfe4da8da6||fe3fb6676be70d4d,68dd22cfe4da8da6,fe3fb6676be70d4d,KB-C_HIGH_GHOST_RATE,1.0,,0.3,45.69,derived,Driver-customer pair has a high share of ghost trips with avg_kmh = 0.
7d4c5974885068e4||192f43aafe8959e1,7d4c5974885068e4,192f43aafe8959e1,KB-C_HIGH_GHOST_RATE,0.42857142857142855,,0.3,36.97,derived,Driver-customer pair has a high share of ghost trips with avg_kmh = 0.
5e1375169a59617b||330d423933b6c447,5e1375169a59617b,330d423933b6c447,KB-C_HIGH_GHOST_RATE,1.0,,0.3,54.97,derived,Driver-customer pair has a high share of ghost trips with avg_kmh = 0.
5e1375169a59617b||a9a2f493c3290054,5e1375169a59617b,a9a2f493c3290054,KB-C_HIGH_GHOST_RATE,1.0,,0.3,54.55,derived,Driver-customer pair has a high share of ghost trips with avg_kmh = 0.
50bc1b26b1430ed3||863b2404c215d8f3,50bc1b26b1430ed3,863b2404c215d8f3,KB-C_HIGH_GHOST_RATE,1.0,,0.3,45.54,derived,Driver-customer pair has a high share of ghost trips with avg_kmh = 0.
ccc97fea07ecb8f0||1d0e01deb1feda04,ccc97fea07ecb8f0,1d0e01deb1feda04,KB-C_HIGH_GHOST_RATE,0.375,,0.3,40.96,derived,Driver-customer pair has a high share of ghost trips with avg_kmh = 0.
38b1d1ce9081e11f||e2ce0537b92e4bed,38b1d1ce9081e11f,e2ce0537b92e4bed,KB-C_HIGH_GHOST_RATE,0.46153846153846156,,0.3,48.84,derived,Driver-customer pair has a high share of ghost trips with avg_kmh = 0.
3da30a00bfee20b5||d4483acb85a880a8,3da30a00bfee20b5,d4483acb85a880a8,KB-C_HIGH_GHOST_RATE,0.875,,0.3,50.34,derived,Driver-customer pair has a high share of ghost trips with avg_kmh = 0.
d405caa22868a485||00493aca7d995da7,d405caa22868a485,00493aca7d995da7,KB-C_HIGH_GHOST_RATE,0.6,,0.3,34.08,derived,Driver-customer pair has a high share of ghost trips with avg_kmh = 0.
9fb988ef52ae11e9||9998a0eb8d4be05f,9fb988ef52ae11e9,9998a0eb8d4be05f,KB-C_HIGH_GHOST_RATE,1.0,,0.3,46.28,derived,Driver-customer pair has a high share of ghost trips with avg_kmh = 0.
43237be72d37c8d6||f97bec636a2c45ba,43237be72d37c8d6,f97bec636a2c45ba,KB-C_HIGH_GHOST_RATE,0.5,,0.3,42.24,derived,Driver-customer pair has a high share of ghost trips with avg_kmh = 0.
f9b924fee4f5c8f4||06ec40ceaaaa3cf5,f9b924fee4f5c8f4,06ec40ceaaaa3cf5,KB-C_HIGH_GHOST_RATE,0.5714285714285714,,0.3,40.05,derived,Driver-customer pair has a high share of ghost trips with avg_kmh = 0.
8a7825d07937e0f2||091a95f67f3cff11,8a7825d07937e0f2,091a95f67f3cff11,KB-C_HIGH_GHOST_RATE,0.8571428571428571,,0.3,43.51,derived,Driver-customer pair has a high share of ghost trips with avg_kmh = 0.
8ab5d5d00b85a7c8||9e530fb7701ce6b4,8ab5d5d00b85a7c8,9e530fb7701ce6b4,KB-C_HIGH_GHOST_RATE,1.0,,0.3,45.41,derived,Driver-customer pair has a high share of ghost trips with avg_kmh = 0.
ac5ad23248702f61||0f4911491200ddd9,ac5ad23248702f61,0f4911491200ddd9,KB-C_HIGH_GHOST_RATE,1.0,,0.3,54.52,derived,Driver-customer pair has a high share of ghost trips with avg_kmh = 0.
8af83f94c769bedf||a9533a4ae581f5dc,8af83f94c769bedf,a9533a4ae581f5dc,KB-C_HIGH_GHOST_RATE,0.8333333333333334,,0.3,39.77,derived,Driver-customer pair has a high share of ghost trips with avg_kmh = 0.
9af9b853ff39f969||16db2e791fea3597,9af9b853ff39f969,16db2e791fea3597,KB-C_HIGH_GHOST_RATE,0.3333333333333333,,0.3,29.25,derived,Driver-customer pair has a high share of ghost trips with avg_kmh = 0.
f5d16c59104fbed7||2c7192581a1b6e85,f5d16c59104fbed7,2c7192581a1b6e85,KB-C_HIGH_GHOST_RATE,1.0,,0.3,52.86,derived,Driver-customer pair has a high share of ghost trips with avg_kmh = 0.
fb0b033a50e3bed6||040d3feeb3796301,fb0b033a50e3bed6,040d3feeb3796301,KB-C_HIGH_GHOST_RATE,0.8333333333333334,,0.3,39.84,derived,Driver-customer pair has a high share of ghost trips with avg_kmh = 0.
84d5c74e77a65995||9affe0b55f70bd78,84d5c74e77a65995,9affe0b55f70bd78,KB-C_HIGH_GHOST_RATE,0.38461538461538464,,0.3,43.04,derived,Driver-customer pair has a high share of ghost trips with avg_kmh = 0.
9cab892ccb1cd9f6||d938b03bbf02a6df,9cab892ccb1cd9f6,d938b03bbf02a6df,KB-C_HIGH_GHOST_RATE,0.9375,,0.3,59.76,derived,Driver-customer pair has a high share of ghost trips with avg_kmh = 0.
0763f3a49af2bd45||9d5cf5ac26eae3ef,0763f3a49af2bd45,9d5cf5ac26eae3ef,KB-C_HIGH_GHOST_RATE,1.0,,0.3,44.84,derived,Driver-customer pair has a high share of ghost trips with avg_kmh = 0.
8d717e376b332867||f28a04f2561d587f,8d717e376b332867,f28a04f2561d587f,KB-C_HIGH_GHOST_RATE,1.0,,0.3,35.15,derived,Driver-customer pair has a high share of ghost trips with avg_kmh = 0.
b882edf7bdef614c||657c1c5c6599174c,b882edf7bdef614c,657c1c5c6599174c,KB-C_HIGH_GHOST_RATE,0.5,,0.3,39.85,derived,Driver-customer pair has a high share of ghost trips with avg_kmh = 0.
95dba031c4bd1682||acdf74c1b0a3916e,95dba031c4bd1682,acdf74c1b0a3916e,KB-C_HIGH_GHOST_RATE,0.6153846153846154,,0.3,42.88,derived,Driver-customer pair has a high share of ghost trips with avg_kmh = 0.
8658a9a880655c9d||7d432808c8df6caa,8658a9a880655c9d,7d432808c8df6caa,KB-C_HIGH_GHOST_RATE,0.3333333333333333,,0.3,31.96,derived,Driver-customer pair has a high share of ghost trips with avg_kmh = 0.
b336ed1eac895397||c6443e387c434c63,b336ed1eac895397,c6443e387c434c63,KB-C_HIGH_GHOST_RATE,0.6,,0.3,40.65,derived,Driver-customer pair has a high share of ghost trips with avg_kmh = 0.
8b908e10f751f40b||6ddf285232c28213,8b908e10f751f40b,6ddf285232c28213,KB-C_HIGH_GHOST_RATE,0.625,,0.3,42.66,derived,Driver-customer pair has a high share of ghost trips with avg_kmh = 0.
32b0d09f3394c5f0||e8d5e9bc6b9c5e94,32b0d09f3394c5f0,e8d5e9bc6b9c5e94,KB-C_HIGH_GHOST_RATE,0.3333333333333333,,0.3,21.55,derived,Driver-customer pair has a high share of ghost trips with avg_kmh = 0.
ec35b4d152f938ac||0d7c43e43e89fef2,ec35b4d152f938ac,0d7c43e43e89fef2,KB-C_HIGH_GHOST_RATE,1.0,,0.3,44.24,derived,Driver-customer pair has a high share of ghost trips with avg_kmh = 0.
5e1375169a59617b||f41878ec538d58c5,5e1375169a59617b,f41878ec538d58c5,KB-C_HIGH_GHOST_RATE,1.0,,0.3,53.15,derived,Driver-customer pair has a high share of ghost trips with avg_kmh = 0.
0572939b7efdd8f5||16089a59559b2809,0572939b7efdd8f5,16089a59559b2809,KB-C_HIGH_GHOST_RATE,1.0,,0.3,40.85,derived,Driver-customer pair has a high share of ghost trips with avg_kmh = 0.
27b7bf1c4ded5525||cfd4e9a00416f998,27b7bf1c4ded5525,cfd4e9a00416f998,KB-C_HIGH_GHOST_RATE,0.6666666666666666,,0.3,37.83,derived,Driver-customer pair has a high share of ghost trips with avg_kmh = 0.
875f2713a415047d||db1a86fe14e97527,875f2713a415047d,db1a86fe14e97527,KB-C_HIGH_GHOST_RATE,1.0,,0.3,42.18,derived,Driver-customer pair has a high share of ghost trips with avg_kmh = 0.
1e49a7b8fd768de0||7022474aa7e2c0e7,1e49a7b8fd768de0,7022474aa7e2c0e7,KB-C_HIGH_GHOST_RATE,0.5,,0.3,34.77,derived,Driver-customer pair has a high share of ghost trips with avg_kmh = 0.
885170bd73bd3d2d||5d820f2388950e8c,885170bd73bd3d2d,5d820f2388950e8c,KB-C_HIGH_GHOST_RATE,0.42857142857142855,,0.3,31.72,derived,Driver-customer pair has a high share of ghost trips with avg_kmh = 0.
7e95a457342c949e||90278e64445b87fb,7e95a457342c949e,90278e64445b87fb,KB-C_HIGH_GHOST_RATE,0.3333333333333333,,0.3,27.53,derived,Driver-customer pair has a high share of ghost trips with avg_kmh = 0.
bbccf045f64f0148||09abe30cc08887b3,bbccf045f64f0148,09abe30cc08887b3,KB-C_HIGH_GHOST_RATE,0.35714285714285715,,0.3,37.6,derived,Driver-customer pair has a high share of ghost trips with avg_kmh = 0.
9fb988ef52ae11e9||a672e56d176637f6,9fb988ef52ae11e9,a672e56d176637f6,KB-C_HIGH_GHOST_RATE,0.8333333333333334,,0.3,39.78,derived,Driver-customer pair has a high share of ghost trips with avg_kmh = 0.
21d21b1f45b0fdf4||ec2c7046f2da96c1,21d21b1f45b0fdf4,ec2c7046f2da96c1,KB-C_HIGH_GHOST_RATE,1.0,,0.3,46.74,derived,Driver-customer pair has a high share of ghost trips with avg_kmh = 0.
ab2e0d2fe58aff8f||477e250f10ae3f5a,ab2e0d2fe58aff8f,477e250f10ae3f5a,KB-C_HIGH_GHOST_RATE,1.0,,0.3,36.66,derived,Driver-customer pair has a high share of ghost trips with avg_kmh = 0.
d62c351ad8a8367d||808741cfaebac9d9,d62c351ad8a8367d,808741cfaebac9d9,KB-C_HIGH_GHOST_RATE,0.6,,0.3,35.07,derived,Driver-customer pair has a high share of ghost trips with avg_kmh = 0.
4f3a73b12fd7dfbb||51b9047874dc3dd9,4f3a73b12fd7dfbb,51b9047874dc3dd9,KB-C_HIGH_GHOST_RATE,0.3333333333333333,,0.3,33.26,derived,Driver-customer pair has a high share of ghost trips with avg_kmh = 0.
c7356b6fa822629a||5cfb8391d04ffe42,c7356b6fa822629a,5cfb8391d04ffe42,KB-C_HIGH_GHOST_RATE,0.8333333333333334,,0.3,34.39,derived,Driver-customer pair has a high share of ghost trips with avg_kmh = 0.
307696c2e2adc3bc||61ff8f84277eee7b,307696c2e2adc3bc,61ff8f84277eee7b,KB-C_HIGH_GHOST_RATE,0.5,,0.3,32.74,derived,Driver-customer pair has a high share of ghost trips with avg_kmh = 0.
2793957a3b7038a1||41a2d0543165e236,2793957a3b7038a1,41a2d0543165e236,KB-C_HIGH_GHOST_RATE,0.5,,0.3,33.92,derived,Driver-customer pair has a high share of ghost trips with avg_kmh = 0.
5264494f85458d1e||07a89783b151f526,5264494f85458d1e,07a89783b151f526,KB-C_HIGH_GHOST_RATE,0.46153846153846156,,0.3,34.54,derived,Driver-customer pair has a high share of ghost trips with avg_kmh = 0.
c78a6ce3e4510a4b||d4be0f591e4f11a8,c78a6ce3e4510a4b,d4be0f591e4f11a8,KB-C_HIGH_GHOST_RATE,0.8,,0.3,38.19,derived,Driver-customer pair has a high share of ghost trips with avg_kmh = 0.
33d32097f3801606||0dffa85e22c12d9d,33d32097f3801606,0dffa85e22c12d9d,KB-C_HIGH_GHOST_RATE,1.0,,0.3,43.76,derived,Driver-customer pair has a high share of ghost trips with avg_kmh = 0.
2de3e9686fc0edda||0c251251f0378be6,2de3e9686fc0edda,0c251251f0378be6,KB-C_HIGH_GHOST_RATE,0.3333333333333333,,0.3,31.69,derived,Driver-customer pair has a high share of ghost trips with avg_kmh = 0.
9cab892ccb1cd9f6||0ec9b24ee8567597,9cab892ccb1cd9f6,0ec9b24ee8567597,KB-C_HIGH_GHOST_RATE,1.0,,0.3,57.55,derived,Driver-customer pair has a high share of ghost trips with avg_kmh = 0.
921e7c0c9ed7b042||5a9345d8a4109edd,921e7c0c9ed7b042,5a9345d8a4109edd,KB-C_HIGH_GHOST_RATE,0.6666666666666666,,0.3,27.39,derived,Driver-customer pair has a high share of ghost trips with avg_kmh = 0.
b624e2850b39cf66||7f8a44fb531b4748,b624e2850b39cf66,7f8a44fb531b4748,KB-C_HIGH_GHOST_RATE,1.0,,0.3,50.15,derived,Driver-customer pair has a high share of ghost trips with avg_kmh = 0.
b624e2850b39cf66||d79182f0d72e763a,b624e2850b39cf66,d79182f0d72e763a,KB-C_HIGH_GHOST_RATE,0.8888888888888888,,0.3,48.88,derived,Driver-customer pair has a high share of ghost trips with avg_kmh = 0.
44b627d8a24030a6||5d0ecb416d58cc23,44b627d8a24030a6,5d0ecb416d58cc23,KB-C_HIGH_GHOST_RATE,0.3333333333333333,,0.3,35.22,derived,Driver-customer pair has a high share of ghost trips with avg_kmh = 0.
5a79c643021be2b9||f53d9b28086fcfd6,5a79c643021be2b9,f53d9b28086fcfd6,KB-C_HIGH_GHOST_RATE,0.4,,0.3,30.67,derived,Driver-customer pair has a high share of ghost trips with avg_kmh = 0.
153a40b6f7aefcfd||5fd57652fcacd2b1,153a40b6f7aefcfd,5fd57652fcacd2b1,KB-C_HIGH_GHOST_RATE,0.6,,0.3,27.62,derived,Driver-customer pair has a high share of ghost trips with avg_kmh = 0.
70e6be43ef2f72ee||e45e52f7d039ef4e,70e6be43ef2f72ee,e45e52f7d039ef4e,KB-C_HIGH_GHOST_RATE,0.3333333333333333,,0.3,36.33,derived,Driver-customer pair has a high share of ghost trips with avg_kmh = 0.
37d869d1765e7a00||5199c8249a574dc9,37d869d1765e7a00,5199c8249a574dc9,KB-C_HIGH_GHOST_RATE,0.3333333333333333,,0.3,22.78,derived,Driver-customer pair has a high share of ghost trips with avg_kmh = 0.
9cca7ff9133fa89d||fb719d70b17f930c,9cca7ff9133fa89d,fb719d70b17f930c,KB-C_HIGH_GHOST_RATE,0.8,,0.3,30.38,derived,Driver-customer pair has a high share of ghost trips with avg_kmh = 0.
d712d483f115e565||9d0dab92965b0cc8,d712d483f115e565,9d0dab92965b0cc8,KB-C_HIGH_GHOST_RATE,0.5,,0.3,35.14,derived,Driver-customer pair has a high share of ghost trips with avg_kmh = 0.
efda39806a5252e3||a0133e7b0fe6f307,efda39806a5252e3,a0133e7b0fe6f307,KB-C_HIGH_GHOST_RATE,0.75,,0.3,42.42,derived,Driver-customer pair has a high share of ghost trips with avg_kmh = 0.
a4dbc94031ffb40a||64edd29538767dea,a4dbc94031ffb40a,64edd29538767dea,KB-C_HIGH_GHOST_RATE,0.6,,0.3,25.44,derived,Driver-customer pair has a high share of ghost trips with avg_kmh = 0.
7002509aee1d9147||9f606fb59c768afa,7002509aee1d9147,9f606fb59c768afa,KB-C_HIGH_GHOST_RATE,0.4,,0.3,32.71,derived,Driver-customer pair has a high share of ghost trips with avg_kmh = 0.
ac9a3fe431e3512a||2592432b38283b59,ac9a3fe431e3512a,2592432b38283b59,KB-C_HIGH_GHOST_RATE,0.8333333333333334,,0.3,40.0,derived,Driver-customer pair has a high share of ghost trips with avg_kmh = 0.
b54a6cbf109f4250||ff2a85cde730c39d,b54a6cbf109f4250,ff2a85cde730c39d,KB-C_HIGH_GHOST_RATE,0.4,,0.3,31.56,derived,Driver-customer pair has a high share of ghost trips with avg_kmh = 0.
afb50c07513f7c20||c11590ba401a95ea,afb50c07513f7c20,c11590ba401a95ea,KB-C_HIGH_GHOST_RATE,1.0,,0.3,32.86,derived,Driver-customer pair has a high share of ghost trips with avg_kmh = 0.
95c41ffce60820ab||8c4548dd0ef21567,95c41ffce60820ab,8c4548dd0ef21567,KB-C_HIGH_GHOST_RATE,1.0,,0.3,32.89,derived,Driver-customer pair has a high share of ghost trips with avg_kmh = 0.
6dc7d7b1f6aad832||2fd6fc79f6031b92,6dc7d7b1f6aad832,2fd6fc79f6031b92,KB-C_HIGH_GHOST_RATE,1.0,,0.3,32.06,derived,Driver-customer pair has a high share of ghost trips with avg_kmh = 0.
50ed8d6e3e277f32||e9d48f4ec0ee5d85,50ed8d6e3e277f32,e9d48f4ec0ee5d85,KB-C_HIGH_GHOST_RATE,0.75,,0.3,28.69,derived,Driver-customer pair has a high share of ghost trips with avg_kmh = 0.
fcee5fa093850ac9||47785727387fb744,fcee5fa093850ac9,47785727387fb744,KB-C_HIGH_GHOST_RATE,1.0,,0.3,42.76,derived,Driver-customer pair has a high share of ghost trips with avg_kmh = 0.
ac5ad23248702f61||d37cb2d55cfd5f1a,ac5ad23248702f61,d37cb2d55cfd5f1a,KB-C_HIGH_GHOST_RATE,0.8333333333333334,,0.3,46.35,derived,Driver-customer pair has a high share of ghost trips with avg_kmh = 0.
62eb7b7105af4daa||837e296b2c8cffde,62eb7b7105af4daa,837e296b2c8cffde,KB-C_HIGH_GHOST_RATE,1.0,,0.3,42.43,derived,Driver-customer pair has a high share of ghost trips with avg_kmh = 0.
f26265202c1182ce||29b0e3b6d426836e,f26265202c1182ce,29b0e3b6d426836e,KB-C_HIGH_GHOST_RATE,0.6,,0.3,33.21,derived,Driver-customer pair has a high share of ghost trips with avg_kmh = 0.
6c3e951551c12ec1||2653d86b3599e3e5,6c3e951551c12ec1,2653d86b3599e3e5,KB-C_HIGH_GHOST_RATE,1.0,,0.3,44.94,derived,Driver-customer pair has a high share of ghost trips with avg_kmh = 0.
39492ab1fe9024cd||d9032195f92c7a3b,39492ab1fe9024cd,d9032195f92c7a3b,KB-C_HIGH_GHOST_RATE,0.4,,0.3,24.66,derived,Driver-customer pair has a high share of ghost trips with avg_kmh = 0.
e9595aaa7b599f92||3c6eaa2c58025fe9,e9595aaa7b599f92,3c6eaa2c58025fe9,KB-C_HIGH_GHOST_RATE,1.0,,0.3,32.13,derived,Driver-customer pair has a high share of ghost trips with avg_kmh = 0.
56b48bba9598e6cf||a880ab29b5a601f7,56b48bba9598e6cf,a880ab29b5a601f7,KB-C_HIGH_GHOST_RATE,0.6,,0.3,39.36,derived,Driver-customer pair has a high share of ghost trips with avg_kmh = 0.
9cab892ccb1cd9f6||89cb3800ad24bd8a,9cab892ccb1cd9f6,89cb3800ad24bd8a,KB-C_HIGH_GHOST_RATE,0.9230769230769231,,0.3,56.79,derived,Driver-customer pair has a high share of ghost trips with avg_kmh = 0.
b1685187ea9afd1c||d003b3628672b158,b1685187ea9afd1c,d003b3628672b158,KB-C_HIGH_GHOST_RATE,0.6666666666666666,,0.3,25.53,derived,Driver-customer pair has a high share of ghost trips with avg_kmh = 0.
5baba805881ffab5||4988dab9c6adb729,5baba805881ffab5,4988dab9c6adb729,KB-C_HIGH_GHOST_RATE,0.5,,0.3,31.39,derived,Driver-customer pair has a high share of ghost trips with avg_kmh = 0.
f81b47cd6a0cab21||2f59184e09c6f1ac,f81b47cd6a0cab21,2f59184e09c6f1ac,KB-C_HIGH_GHOST_RATE,0.6,,0.3,28.43,derived,Driver-customer pair has a high share of ghost trips with avg_kmh = 0.
5f8cacc1d793584a||f0adabe9eec383b5,5f8cacc1d793584a,f0adabe9eec383b5,KB-C_HIGH_GHOST_RATE,0.8,,0.3,37.65,derived,Driver-customer pair has a high share of ghost trips with avg_kmh = 0.
5c6364ee1a38ac89||f8e748c72d492feb,5c6364ee1a38ac89,f8e748c72d492feb,KB-C_HIGH_GHOST_RATE,0.5,,0.3,25.16,derived,Driver-customer pair has a high share of ghost trips with avg_kmh = 0.
603f4a0510d184b8||4629bbad37f9a620,603f4a0510d184b8,4629bbad37f9a620,KB-C_HIGH_GHOST_RATE,1.0,,0.3,33.84,derived,Driver-customer pair has a high share of ghost trips with avg_kmh = 0.
d41861c840022542||fd1b8154e76c2d72,d41861c840022542,fd1b8154e76c2d72,KB-C_HIGH_GHOST_RATE,1.0,,0.3,40.98,derived,Driver-customer pair has a high share of ghost trips with avg_kmh = 0.
d86e689373dfc386||7489263ec8bd63af,d86e689373dfc386,7489263ec8bd63af,KB-C_HIGH_GHOST_RATE,0.5,,0.3,23.43,derived,Driver-customer pair has a high share of ghost trips with avg_kmh = 0.
0969db394a8db64a||f80f33e8017be640,0969db394a8db64a,f80f33e8017be640,KB-C_HIGH_GHOST_RATE,0.8,,0.3,42.11,derived,Driver-customer pair has a high share of ghost trips with avg_kmh = 0.
6825382a15eed3de||7652b5b497e50213,6825382a15eed3de,7652b5b497e50213,KB-C_HIGH_GHOST_RATE,0.6,,0.3,29.42,derived,Driver-customer pair has a high share of ghost trips with avg_kmh = 0.
797396af3b696de1||28358366f4a90760,797396af3b696de1,28358366f4a90760,KB-C_HIGH_GHOST_RATE,0.6666666666666666,,0.3,31.25,derived,Driver-customer pair has a high share of ghost trips with avg_kmh = 0.
14413f37f53b5576||01cdaeba1426a685,14413f37f53b5576,01cdaeba1426a685,KB-C_HIGH_GHOST_RATE,1.0,,0.3,31.32,derived,Driver-customer pair has a high share of ghost trips with avg_kmh = 0.
60a83ad53aba840a||00fb4358ea255929,60a83ad53aba840a,00fb4358ea255929,KB-C_HIGH_GHOST_RATE,0.5,,0.3,24.48,derived,Driver-customer pair has a high share of ghost trips with avg_kmh = 0.
b050dcf14f1ea16b||45278ceca53c63f9,b050dcf14f1ea16b,45278ceca53c63f9,KB-C_HIGH_GHOST_RATE,0.4,,0.3,29.27,derived,Driver-customer pair has a high share of ghost trips with avg_kmh = 0.
9f26e4145637b64f||16334c96e39e4243,9f26e4145637b64f,16334c96e39e4243,KB-C_HIGH_GHOST_RATE,0.6,,0.3,38.57,derived,Driver-customer pair has a high share of ghost trips with avg_kmh = 0.
30f3ceccdbe3782b||efdcddb384eec7f0,30f3ceccdbe3782b,efdcddb384eec7f0,KB-C_HIGH_GHOST_RATE,1.0,,0.3,41.2,derived,Driver-customer pair has a high share of ghost trips with avg_kmh = 0.
5f93be37d53bcea2||6498f7cc0e4394a8,5f93be37d53bcea2,6498f7cc0e4394a8,KB-C_HIGH_GHOST_RATE,1.0,,0.3,37.8,derived,Driver-customer pair has a high share of ghost trips with avg_kmh = 0.
4dba230bd573aa58||eafceee5ea3b15c5,4dba230bd573aa58,eafceee5ea3b15c5,KB-C_HIGH_GHOST_RATE,0.3333333333333333,,0.3,28.43,derived,Driver-customer pair has a high share of ghost trips with avg_kmh = 0.
f5b4b6e1a336c95d||8f891e8c6a04cd73,f5b4b6e1a336c95d,8f891e8c6a04cd73,KB-C_HIGH_GHOST_RATE,0.3333333333333333,,0.3,27.68,derived,Driver-customer pair has a high share of ghost trips with avg_kmh = 0.
9f6105b5dffc9b0a||1613888c3ed5c246,9f6105b5dffc9b0a,1613888c3ed5c246,KB-C_HIGH_GHOST_RATE,1.0,,0.3,40.55,derived,Driver-customer pair has a high share of ghost trips with avg_kmh = 0.
9f6105b5dffc9b0a||44fc18fda36d81e2,9f6105b5dffc9b0a,44fc18fda36d81e2,KB-C_HIGH_GHOST_RATE,1.0,,0.3,39.29,derived,Driver-customer pair has a high share of ghost trips with avg_kmh = 0.
9f6105b5dffc9b0a||4e8eececcaaff42d,9f6105b5dffc9b0a,4e8eececcaaff42d,KB-C_HIGH_GHOST_RATE,1.0,,0.3,39.31,derived,Driver-customer pair has a high share of ghost trips with avg_kmh = 0.
9f6105b5dffc9b0a||f683d79271395ae8,9f6105b5dffc9b0a,f683d79271395ae8,KB-C_HIGH_GHOST_RATE,1.0,,0.3,40.58,derived,Driver-customer pair has a high share of ghost trips with avg_kmh = 0.
2ea5047a3f0eb577||6d122397b0c2403d,2ea5047a3f0eb577,6d122397b0c2403d,KB-C_HIGH_GHOST_RATE,1.0,,0.3,39.09,derived,Driver-customer pair has a high share of ghost trips with avg_kmh = 0.
0e7a63ecebd19d4a||09dca1c58c2ad843,0e7a63ecebd19d4a,09dca1c58c2ad843,KB-C_HIGH_GHOST_RATE,0.3333333333333333,,0.3,28.16,derived,Driver-customer pair has a high share of ghost trips with avg_kmh = 0.
8890e9020d5fe840||3c3429eb21049abd,8890e9020d5fe840,3c3429eb21049abd,KB-C_HIGH_GHOST_RATE,1.0,,0.3,39.76,derived,Driver-customer pair has a high share of ghost trips with avg_kmh = 0.
8890e9020d5fe840||a931c7ea7b3dd1a4,8890e9020d5fe840,a931c7ea7b3dd1a4,KB-C_HIGH_GHOST_RATE,0.8,,0.3,37.92,derived,Driver-customer pair has a high share of ghost trips with avg_kmh = 0.
1f54911f8024e962||32035dbb066e937f,1f54911f8024e962,32035dbb066e937f,KB-C_HIGH_GHOST_RATE,0.3333333333333333,,0.3,20.68,derived,Driver-customer pair has a high share of ghost trips with avg_kmh = 0.
0f8d0802336e20e9||e25f03c1fc3373b0,0f8d0802336e20e9,e25f03c1fc3373b0,KB-C_HIGH_GHOST_RATE,0.8,,0.3,30.38,derived,Driver-customer pair has a high share of ghost trips with avg_kmh = 0.
d85b7711c8936a87||2da3fa6b258c8f9e,d85b7711c8936a87,2da3fa6b258c8f9e,KB-C_HIGH_GHOST_RATE,1.0,,0.3,43.2,derived,Driver-customer pair has a high share of ghost trips with avg_kmh = 0.
21de6aa639637af5||4cf65b6a032b6796,21de6aa639637af5,4cf65b6a032b6796,KB-C_HIGH_GHOST_RATE,0.8,,0.3,31.69,derived,Driver-customer pair has a high share of ghost trips with avg_kmh = 0.
4c3175aa76bb8472||1a76f3d6843ed95a,4c3175aa76bb8472,1a76f3d6843ed95a,KB-C_HIGH_GHOST_RATE,0.5,,0.3,27.33,derived,Driver-customer pair has a high share of ghost trips with avg_kmh = 0.
77fbb7a480d9f2c5||4629bbad37f9a620,77fbb7a480d9f2c5,4629bbad37f9a620,KB-C_HIGH_GHOST_RATE,0.5,,0.3,23.56,derived,Driver-customer pair has a high share of ghost trips with avg_kmh = 0.
859e0abe79d955f2||c1dceba6c33d711f,859e0abe79d955f2,c1dceba6c33d711f,KB-C_HIGH_GHOST_RATE,0.5,,0.3,23.85,derived,Driver-customer pair has a high share of ghost trips with avg_kmh = 0.
ff132654631a1361||9853cac338ae9c2b,ff132654631a1361,9853cac338ae9c2b,KB-C_HIGH_GHOST_RATE,1.0,,0.3,31.12,derived,Driver-customer pair has a high share of ghost trips with avg_kmh = 0.
b373519d5d4fca38||b9918a947b54f73b,b373519d5d4fca38,b9918a947b54f73b,KB-C_HIGH_GHOST_RATE,1.0,,0.3,36.4,derived,Driver-customer pair has a high share of ghost trips with avg_kmh = 0.
d4c96765b55f9cef||9419093d7d9d8f96,d4c96765b55f9cef,9419093d7d9d8f96,KB-C_HIGH_GHOST_RATE,0.5,,0.3,23.05,derived,Driver-customer pair has a high share of ghost trips with avg_kmh = 0.
f2b2cee8dd0f1f01||d77dff5c4f8688e8,f2b2cee8dd0f1f01,d77dff5c4f8688e8,KB-C_HIGH_GHOST_RATE,1.0,,0.3,40.47,derived,Driver-customer pair has a high share of ghost trips with avg_kmh = 0.
bdfe04b4787b2ffb||895dfc790b888644,bdfe04b4787b2ffb,895dfc790b888644,KB-C_HIGH_GHOST_RATE,0.5,,0.3,32.03,derived,Driver-customer pair has a high share of ghost trips with avg_kmh = 0.
157b83ed4dc0ef43||7c76a9061c838b42,157b83ed4dc0ef43,7c76a9061c838b42,KB-C_HIGH_GHOST_RATE,0.6666666666666666,,0.3,31.99,derived,Driver-customer pair has a high share of ghost trips with avg_kmh = 0.
bd9d5bd6a837d6e9||20cabe14b4d9e4d6,bd9d5bd6a837d6e9,20cabe14b4d9e4d6,KB-C_HIGH_GHOST_RATE,0.6666666666666666,,0.3,39.64,derived,Driver-customer pair has a high share of ghost trips with avg_kmh = 0.
5e1375169a59617b||f73d51571f8f15e5,5e1375169a59617b,f73d51571f8f15e5,KB-C_HIGH_GHOST_RATE,1.0,,0.3,46.1,derived,Driver-customer pair has a high share of ghost trips with avg_kmh = 0.
cde4bfee0b62d4ed||2d25ad16bbe40c38,cde4bfee0b62d4ed,2d25ad16bbe40c38,KB-C_HIGH_GHOST_RATE,1.0,,0.3,45.23,derived,Driver-customer pair has a high share of ghost trips with avg_kmh = 0.
fc2461b85dea423a||7489263ec8bd63af,fc2461b85dea423a,7489263ec8bd63af,KB-C_HIGH_GHOST_RATE,1.0,,0.3,32.45,derived,Driver-customer pair has a high share of ghost trips with avg_kmh = 0.
6903bd450960e3a2||429b30fa140d3235,6903bd450960e3a2,429b30fa140d3235,KB-C_HIGH_GHOST_RATE,0.3333333333333333,,0.3,27.99,derived,Driver-customer pair has a high share of ghost trips with avg_kmh = 0.
2409a55dda9eaf43||294050a2504b9178,2409a55dda9eaf43,294050a2504b9178,KB-C_HIGH_GHOST_RATE,0.5,,0.3,24.63,derived,Driver-customer pair has a high share of ghost trips with avg_kmh = 0.
cb2f654a802b6158||3a14dccb08ae5968,cb2f654a802b6158,3a14dccb08ae5968,KB-C_HIGH_GHOST_RATE,0.3333333333333333,,0.3,30.69,derived,Driver-customer pair has a high share of ghost trips with avg_kmh = 0.
5c3b2463bc30a90e||1842330fcdfa0b4e,5c3b2463bc30a90e,1842330fcdfa0b4e,KB-C_HIGH_GHOST_RATE,1.0,,0.3,33.61,derived,Driver-customer pair has a high share of ghost trips with avg_kmh = 0.
53378d2c8c5fa987||3351b05d601aa675,53378d2c8c5fa987,3351b05d601aa675,KB-C_HIGH_GHOST_RATE,0.6666666666666666,,0.3,40.3,derived,Driver-customer pair has a high share of ghost trips with avg_kmh = 0.
525ad488ef3c9683||0eaf713edf98b550,525ad488ef3c9683,0eaf713edf98b550,KB-C_HIGH_GHOST_RATE,0.5,,0.3,22.04,derived,Driver-customer pair has a high share of ghost trips with avg_kmh = 0.
a3c6b6bf19afcb8f||06fbd9c43a79c85d,a3c6b6bf19afcb8f,06fbd9c43a79c85d,KB-C_HIGH_GHOST_RATE,0.3333333333333333,,0.3,21.02,derived,Driver-customer pair has a high share of ghost trips with avg_kmh = 0.
e8838008c85be8c7||855bc95edcd1af56,e8838008c85be8c7,855bc95edcd1af56,KB-C_HIGH_GHOST_RATE,1.0,,0.3,30.79,derived,Driver-customer pair has a high share of ghost trips with avg_kmh = 0.
6cd3dcbde56e38a6||7932079489253aef,6cd3dcbde56e38a6,7932079489253aef,KB-C_HIGH_GHOST_RATE,0.4,,0.3,28.21,derived,Driver-customer pair has a high share of ghost trips with avg_kmh = 0.
7cad712366b77cac||62565262cb3f59cd,7cad712366b77cac,62565262cb3f59cd,KB-C_HIGH_GHOST_RATE,0.3333333333333333,,0.3,25.71,derived,Driver-customer pair has a high share of ghost trips with avg_kmh = 0.
0e6758d009a5b889||0666bc0c06fc0f72,0e6758d009a5b889,0666bc0c06fc0f72,KB-C_HIGH_GHOST_RATE,0.5,,0.3,32.27,derived,Driver-customer pair has a high share of ghost trips with avg_kmh = 0.
0e6758d009a5b889||1d4e5c43bac22b4d,0e6758d009a5b889,1d4e5c43bac22b4d,KB-C_HIGH_GHOST_RATE,0.5,,0.3,23.38,derived,Driver-customer pair has a high share of ghost trips with avg_kmh = 0.
21d3c1277e1e7d26||10634ea92952abdc,21d3c1277e1e7d26,10634ea92952abdc,KB-C_HIGH_GHOST_RATE,0.5,,0.3,23.25,derived,Driver-customer pair has a high share of ghost trips with avg_kmh = 0.
39d01bb3e7cb8e66||ea2fe46ff2300555,39d01bb3e7cb8e66,ea2fe46ff2300555,KB-C_HIGH_GHOST_RATE,0.5,,0.3,23.73,derived,Driver-customer pair has a high share of ghost trips with avg_kmh = 0.
50a261c71148ceca||2d25ad16bbe40c38,50a261c71148ceca,2d25ad16bbe40c38,KB-C_HIGH_GHOST_RATE,1.0,,0.3,33.52,derived,Driver-customer pair has a high share of ghost trips with avg_kmh = 0.
50a261c71148ceca||c1dceba6c33d711f,50a261c71148ceca,c1dceba6c33d711f,KB-C_HIGH_GHOST_RATE,1.0,,0.3,33.52,derived,Driver-customer pair has a high share of ghost trips with avg_kmh = 0.
50a261c71148ceca||c3df161e0e6c4f69,50a261c71148ceca,c3df161e0e6c4f69,KB-C_HIGH_GHOST_RATE,1.0,,0.3,31.78,derived,Driver-customer pair has a high share of ghost trips with avg_kmh = 0.
54c46ae6320fe712||4d637ba283147acb,54c46ae6320fe712,4d637ba283147acb,KB-C_HIGH_GHOST_RATE,1.0,,0.3,37.22,derived,Driver-customer pair has a high share of ghost trips with avg_kmh = 0.
72590673cc653eb6||61055a21b6ffff28,72590673cc653eb6,61055a21b6ffff28,KB-C_HIGH_GHOST_RATE,0.5,,0.3,22.96,derived,Driver-customer pair has a high share of ghost trips with avg_kmh = 0.
4e8388079772badb||f36007deabaeda4d,4e8388079772badb,f36007deabaeda4d,KB-C_HIGH_GHOST_RATE,0.3333333333333333,,0.3,22.1,derived,Driver-customer pair has a high share of ghost trips with avg_kmh = 0.
39e629f2d1b59bbe||953613145c5f4159,39e629f2d1b59bbe,953613145c5f4159,KB-C_HIGH_GHOST_RATE,1.0,,0.3,32.38,derived,Driver-customer pair has a high share of ghost trips with avg_kmh = 0.
39e629f2d1b59bbe||a29bc6fe19ec46ba,39e629f2d1b59bbe,a29bc6fe19ec46ba,KB-C_HIGH_GHOST_RATE,1.0,,0.3,44.36,derived,Driver-customer pair has a high share of ghost trips with avg_kmh = 0.
8dd336bf60715232||4d49153a85b79f3e,8dd336bf60715232,4d49153a85b79f3e,KB-C_HIGH_GHOST_RATE,0.3333333333333333,,0.3,25.65,derived,Driver-customer pair has a high share of ghost trips with avg_kmh = 0.
8dd336bf60715232||b0c9e7e07070a3a0,8dd336bf60715232,b0c9e7e07070a3a0,KB-C_HIGH_GHOST_RATE,0.3333333333333333,,0.3,27.31,derived,Driver-customer pair has a high share of ghost trips with avg_kmh = 0.
0beb1c5f1621c116||883e315df4699c3e,0beb1c5f1621c116,883e315df4699c3e,KB-C_HIGH_GHOST_RATE,0.5,,0.3,20.79,derived,Driver-customer pair has a high share of ghost trips with avg_kmh = 0.
edd0ac577962819a||dd047787de288b2e,edd0ac577962819a,dd047787de288b2e,KB-C_HIGH_GHOST_RATE,0.5,,0.3,25.7,derived,Driver-customer pair has a high share of ghost trips with avg_kmh = 0.
55bb97b22d99dc6c||106301e245cc6f51,55bb97b22d99dc6c,106301e245cc6f51,KB-C_HIGH_GHOST_RATE,0.5,,0.3,27.77,derived,Driver-customer pair has a high share of ghost trips with avg_kmh = 0.
a7bcfa41a7ab7a2b||34d2919e78ba444c,a7bcfa41a7ab7a2b,34d2919e78ba444c,KB-C_HIGH_GHOST_RATE,0.3333333333333333,,0.3,20.76,derived,Driver-customer pair has a high share of ghost trips with avg_kmh = 0.
a44e9b42bcd359e2||6bf81fd87961cd8d,a44e9b42bcd359e2,6bf81fd87961cd8d,KB-C_HIGH_GHOST_RATE,1.0,,0.3,30.91,derived,Driver-customer pair has a high share of ghost trips with avg_kmh = 0.
78dd5656ba206977||fa33e8dc306d4094,78dd5656ba206977,fa33e8dc306d4094,KB-C_HIGH_GHOST_RATE,0.3333333333333333,,0.3,21.08,derived,Driver-customer pair has a high share of ghost trips with avg_kmh = 0.
46c23629f0a81677||608f240ce069ac58,46c23629f0a81677,608f240ce069ac58,KB-C_HIGH_GHOST_RATE,0.3333333333333333,,0.3,20.04,derived,Driver-customer pair has a high share of ghost trips with avg_kmh = 0.
5be88d6f55e6d261||ca4162624a6709cf,5be88d6f55e6d261,ca4162624a6709cf,KB-C_HIGH_GHOST_RATE,1.0,,0.3,36.02,derived,Driver-customer pair has a high share of ghost trips with avg_kmh = 0.
49e5cdb20aa81f28||f51851338b6182f0,49e5cdb20aa81f28,f51851338b6182f0,KB-C_HIGH_GHOST_RATE,1.0,,0.3,38.39,derived,Driver-customer pair has a high share of ghost trips with avg_kmh = 0.
93fd58e7710fb5c4||55ede04f9944bfeb,93fd58e7710fb5c4,55ede04f9944bfeb,KB-C_HIGH_GHOST_RATE,0.3333333333333333,,0.3,25.79,derived,Driver-customer pair has a high share of ghost trips with avg_kmh = 0.
7c4610bafa6a0f9c||eb545cec3d8fe9f4,7c4610bafa6a0f9c,eb545cec3d8fe9f4,KB-C_HIGH_GHOST_RATE,0.5,,0.3,27.36,derived,Driver-customer pair has a high share of ghost trips with avg_kmh = 0.
92f702e5a686b9c4||bc3a67bb70146486,92f702e5a686b9c4,bc3a67bb70146486,KB-C_HIGH_GHOST_RATE,1.0,,0.3,44.71,derived,Driver-customer pair has a high share of ghost trips with avg_kmh = 0.
0f9779d23dcfcb70||7294957d3fdab5ed,0f9779d23dcfcb70,7294957d3fdab5ed,KB-C_HIGH_GHOST_RATE,1.0,,0.3,29.63,derived,Driver-customer pair has a high share of ghost trips with avg_kmh = 0.
0f9779d23dcfcb70||ccd0f5b20d938344,0f9779d23dcfcb70,ccd0f5b20d938344,KB-C_HIGH_GHOST_RATE,1.0,,0.3,29.82,derived,Driver-customer pair has a high share of ghost trips with avg_kmh = 0.
660ee502445fb1e9||4c0cdb6d7e0144c6,660ee502445fb1e9,4c0cdb6d7e0144c6,KB-C_HIGH_GHOST_RATE,1.0,,0.3,28.87,derived,Driver-customer pair has a high share of ghost trips with avg_kmh = 0.
708bdd01fefb25c8||8d2c5e56909c3a9b,708bdd01fefb25c8,8d2c5e56909c3a9b,KB-C_HIGH_GHOST_RATE,1.0,,0.3,34.94,derived,Driver-customer pair has a high share of ghost trips with avg_kmh = 0.
ff7d0dabfc0b559e||6819365a5fb9bf4d,ff7d0dabfc0b559e,6819365a5fb9bf4d,KB-C_HIGH_GHOST_RATE,1.0,,0.3,32.17,derived,Driver-customer pair has a high share of ghost trips with avg_kmh = 0.
7b16a0c0b41dbebc||e1d6e23bbc93c79f,7b16a0c0b41dbebc,e1d6e23bbc93c79f,KB-C_HIGH_GHOST_RATE,0.5,,0.3,33.27,derived,Driver-customer pair has a high share of ghost trips with avg_kmh = 0.
756032a773b1b7de||eddd7fb9a1a2b814,756032a773b1b7de,eddd7fb9a1a2b814,KB-C_HIGH_GHOST_RATE,0.5,,0.3,22.7,derived,Driver-customer pair has a high share of ghost trips with avg_kmh = 0.
3d41815f04f150a5||5b05f2a3b55705d7,3d41815f04f150a5,5b05f2a3b55705d7,KB-C_HIGH_GHOST_RATE,1.0,,0.3,37.9,derived,Driver-customer pair has a high share of ghost trips with avg_kmh = 0.
db172c7496cdbb51||600956fced10a8b9,db172c7496cdbb51,600956fced10a8b9,KB-C_HIGH_GHOST_RATE,0.5,,0.3,36.66,derived,Driver-customer pair has a high share of ghost trips with avg_kmh = 0.
2b420d164fd9cc8b||71e443c317775daa,2b420d164fd9cc8b,71e443c317775daa,KB-C_HIGH_GHOST_RATE,0.5,,0.3,32.93,derived,Driver-customer pair has a high share of ghost trips with avg_kmh = 0.
dbbb85c60cd892e3||62c0ddbf6eb019e1,dbbb85c60cd892e3,62c0ddbf6eb019e1,KB-C_HIGH_GHOST_RATE,1.0,,0.3,37.4,derived,Driver-customer pair has a high share of ghost trips with avg_kmh = 0.
692ad67d675af131||3a6c7cf03b56a6cc,692ad67d675af131,3a6c7cf03b56a6cc,KB-C_HIGH_GHOST_RATE,0.5,,0.3,28.34,derived,Driver-customer pair has a high share of ghost trips with avg_kmh = 0.
99c0813002b497c7||9cfc22006f8d3095,99c0813002b497c7,9cfc22006f8d3095,KB-C_HIGH_GHOST_RATE,0.5,,0.3,29.1,derived,Driver-customer pair has a high share of ghost trips with avg_kmh = 0.
5f4fa4b5dc96fc17||5e63a8c46f1dfd09,5f4fa4b5dc96fc17,5e63a8c46f1dfd09,KB-C_SUPERFAST_GAP,-628.8833333333333,,5.0,58.58,derived,Driver-customer pair creates consecutive trips too quickly to look operationally normal.
5828b7e28d77245d||fad2dbe4e38702c5,5828b7e28d77245d,fad2dbe4e38702c5,KB-C_SUPERFAST_GAP,-274.3,,5.0,79.74,derived,Driver-customer pair creates consecutive trips too quickly to look operationally normal.
fbb5fad6a1615aa3||d99f5d7d24e2d881,fbb5fad6a1615aa3,d99f5d7d24e2d881,KB-C_SUPERFAST_GAP,-681.5166666666667,,5.0,69.98,derived,Driver-customer pair creates consecutive trips too quickly to look operationally normal.
f5d16c59104fbed7||790a7c79085e1cdc,f5d16c59104fbed7,790a7c79085e1cdc,KB-C_SUPERFAST_GAP,-897.9166666666666,,5.0,79.74,derived,Driver-customer pair creates consecutive trips too quickly to look operationally normal.
5dd78d9a81cbed8f||b17fc5490aa266e4,5dd78d9a81cbed8f,b17fc5490aa266e4,KB-C_SUPERFAST_GAP,-485.01666666666665,,5.0,59.31,derived,Driver-customer pair creates consecutive trips too quickly to look operationally normal.
f6282d84d92f0ed1||a86ab17c2f4cf7e5,f6282d84d92f0ed1,a86ab17c2f4cf7e5,KB-C_SUPERFAST_GAP,-773.3166666666667,,5.0,53.47,derived,Driver-customer pair creates consecutive trips too quickly to look operationally normal.
b000369895322197||3b741f6e7b796df3,b000369895322197,3b741f6e7b796df3,KB-C_SUPERFAST_GAP,-1083.2,,5.0,53.84,derived,Driver-customer pair creates consecutive trips too quickly to look operationally normal.
ee9a55ea5e7b6316||6e7a2cfe8823aaa2,ee9a55ea5e7b6316,6e7a2cfe8823aaa2,KB-C_SUPERFAST_GAP,-869.1166666666667,,5.0,52.96,derived,Driver-customer pair creates consecutive trips too quickly to look operationally normal.
0c4547ef96051cad||cb3a42f41d8ed1bc,0c4547ef96051cad,cb3a42f41d8ed1bc,KB-C_SUPERFAST_GAP,-946.9333333333333,,5.0,61.62,derived,Driver-customer pair creates consecutive trips too quickly to look operationally normal.
26cba052effbf0e3||f45ded2c24cce763,26cba052effbf0e3,f45ded2c24cce763,KB-C_SUPERFAST_GAP,-1274.5,,5.0,52.39,derived,Driver-customer pair creates consecutive trips too quickly to look operationally normal.
d3ac170709f50de7||a9640b909f60adb4,d3ac170709f50de7,a9640b909f60adb4,KB-C_SUPERFAST_GAP,-589.5166666666667,,5.0,58.1,derived,Driver-customer pair creates consecutive trips too quickly to look operationally normal.
031d6b289f9fd963||2c7192581a1b6e85,031d6b289f9fd963,2c7192581a1b6e85,KB-C_SUPERFAST_GAP,-25.9,,5.0,83.09,derived,Driver-customer pair creates consecutive trips too quickly to look operationally normal.
e504bb113eedbb01||b362416ee69d1f84,e504bb113eedbb01,b362416ee69d1f84,KB-C_SUPERFAST_GAP,-970.1833333333333,,5.0,55.61,derived,Driver-customer pair creates consecutive trips too quickly to look operationally normal.
b5d1bbee8ad1e4bf||fb2d8233b4054fc8,b5d1bbee8ad1e4bf,fb2d8233b4054fc8,KB-C_SUPERFAST_GAP,-892.9166666666666,,5.0,62.86,derived,Driver-customer pair creates consecutive trips too quickly to look operationally normal.
5bfcc769835bc616||49b8504ff44a6f3d,5bfcc769835bc616,49b8504ff44a6f3d,KB-C_SUPERFAST_GAP,-947.6,,5.0,59.19,derived,Driver-customer pair creates consecutive trips too quickly to look operationally normal.
e7d0b7f056509cdf||82f3af7f9355acd2,e7d0b7f056509cdf,82f3af7f9355acd2,KB-C_SUPERFAST_GAP,-671.4333333333333,,5.0,45.15,derived,Driver-customer pair creates consecutive trips too quickly to look operationally normal.
e6226a83e74cde2c||31e9d70f116f13a0,e6226a83e74cde2c,31e9d70f116f13a0,KB-C_SUPERFAST_GAP,-755.2333333333333,,5.0,57.92,derived,Driver-customer pair creates consecutive trips too quickly to look operationally normal.
6d41d622812350e8||a85190bfdf72ee03,6d41d622812350e8,a85190bfdf72ee03,KB-C_SUPERFAST_GAP,-573.3666666666667,,5.0,55.82,derived,Driver-customer pair creates consecutive trips too quickly to look operationally normal.
d8ad18ba0b3bab28||71ac2c51b3d719cc,d8ad18ba0b3bab28,71ac2c51b3d719cc,KB-C_SUPERFAST_GAP,-90.0,,5.0,48.03,derived,Driver-customer pair creates consecutive trips too quickly to look operationally normal.
2ad211695a38705b||811391e246672e6b,2ad211695a38705b,811391e246672e6b,KB-C_SUPERFAST_GAP,-68.7,,5.0,48.97,derived,Driver-customer pair creates consecutive trips too quickly to look operationally normal.
8f3fdcaba9cd227e||fc93cbfb75bd312b,8f3fdcaba9cd227e,fc93cbfb75bd312b,KB-C_SUPERFAST_GAP,-1096.6833333333334,,5.0,41.05,derived,Driver-customer pair creates consecutive trips too quickly to look operationally normal.
6ac447c7a0bdf9e4||73cf6441682389f9,6ac447c7a0bdf9e4,73cf6441682389f9,KB-C_SUPERFAST_GAP,-478.96666666666664,,5.0,57.73,derived,Driver-customer pair creates consecutive trips too quickly to look operationally normal.
a14b1a86c52d0c12||789cb9bc304669be,a14b1a86c52d0c12,789cb9bc304669be,KB-C_SUPERFAST_GAP,-733.2166666666667,,5.0,54.59,derived,Driver-customer pair creates consecutive trips too quickly to look operationally normal.
9c93e0c8cc8a3817||2f16d5c12ed95d2f,9c93e0c8cc8a3817,2f16d5c12ed95d2f,KB-C_SUPERFAST_GAP,-857.45,,5.0,46.36,derived,Driver-customer pair creates consecutive trips too quickly to look operationally normal.
150ce272eb426c0f||a7b7608c07bf6998,150ce272eb426c0f,a7b7608c07bf6998,KB-C_SUPERFAST_GAP,-466.98333333333335,,5.0,56.79,derived,Driver-customer pair creates consecutive trips too quickly to look operationally normal.
3a3c0eb1926d9e65||e9395bd45deffea8,3a3c0eb1926d9e65,e9395bd45deffea8,KB-C_SUPERFAST_GAP,-1004.8333333333334,,5.0,53.89,derived,Driver-customer pair creates consecutive trips too quickly to look operationally normal.
7fcf436466291cb1||f70e6a906ebaf50a,7fcf436466291cb1,f70e6a906ebaf50a,KB-C_SUPERFAST_GAP,-427.8,,5.0,52.26,derived,Driver-customer pair creates consecutive trips too quickly to look operationally normal.
53cc6d5844c1dc86||80390c0393c4f064,53cc6d5844c1dc86,80390c0393c4f064,KB-C_SUPERFAST_GAP,-907.05,,5.0,51.41,derived,Driver-customer pair creates consecutive trips too quickly to look operationally normal.
01e148ef553c737f||99d38cf092913061,01e148ef553c737f,99d38cf092913061,KB-C_SUPERFAST_GAP,-160.81666666666666,,5.0,52.89,derived,Driver-customer pair creates consecutive trips too quickly to look operationally normal.
d5b7dcc0ba5860dc||3d8210d1ef1503df,d5b7dcc0ba5860dc,3d8210d1ef1503df,KB-C_SUPERFAST_GAP,-1035.5833333333333,,5.0,44.28,derived,Driver-customer pair creates consecutive trips too quickly to look operationally normal.
6db042c5dd3c1ac2||cd4eb772a03a76c9,6db042c5dd3c1ac2,cd4eb772a03a76c9,KB-C_SUPERFAST_GAP,-296.78333333333336,,5.0,44.2,derived,Driver-customer pair creates consecutive trips too quickly to look operationally normal.
7afd4c3507395b2f||b235143704083232,7afd4c3507395b2f,b235143704083232,KB-C_SUPERFAST_GAP,-895.3333333333334,,5.0,37.47,derived,Driver-customer pair creates consecutive trips too quickly to look operationally normal.
7707f835175da80c||93cfa84a47fae88f,7707f835175da80c,93cfa84a47fae88f,KB-C_SUPERFAST_GAP,-18.466666666666665,,5.0,41.52,derived,Driver-customer pair creates consecutive trips too quickly to look operationally normal.
61ed7b3348db32e2||2c7192581a1b6e85,61ed7b3348db32e2,2c7192581a1b6e85,KB-C_SUPERFAST_GAP,-653.5666666666667,,5.0,78.25,derived,Driver-customer pair creates consecutive trips too quickly to look operationally normal.
86c40d438daa709a||32a8f8c52c0b0c0d,86c40d438daa709a,32a8f8c52c0b0c0d,KB-C_SUPERFAST_GAP,-923.9666666666667,,5.0,53.08,derived,Driver-customer pair creates consecutive trips too quickly to look operationally normal.
968ff0b5f9bc2cdd||367cfa7518afb41c,968ff0b5f9bc2cdd,367cfa7518afb41c,KB-C_SUPERFAST_GAP,-600.65,,5.0,46.93,derived,Driver-customer pair creates consecutive trips too quickly to look operationally normal.
b24d7599b4d519da||69bc51ae419557aa,b24d7599b4d519da,69bc51ae419557aa,KB-C_SUPERFAST_GAP,-53.81666666666667,,5.0,47.76,derived,Driver-customer pair creates consecutive trips too quickly to look operationally normal.
ff6991f732e05132||3c65ed70e9e2ce05,ff6991f732e05132,3c65ed70e9e2ce05,KB-C_SUPERFAST_GAP,-1108.4833333333333,,5.0,45.97,derived,Driver-customer pair creates consecutive trips too quickly to look operationally normal.
7c0b132411b37fa6||190ac40c60535ce9,7c0b132411b37fa6,190ac40c60535ce9,KB-C_SUPERFAST_GAP,-47.31666666666667,,5.0,44.08,derived,Driver-customer pair creates consecutive trips too quickly to look operationally normal.
839b2baeda98c857||1cec7fbe2ec4c178,839b2baeda98c857,1cec7fbe2ec4c178,KB-C_SUPERFAST_GAP,-810.5333333333333,,5.0,56.33,derived,Driver-customer pair creates consecutive trips too quickly to look operationally normal.
92f702e5a686b9c4||8db2e31deb571a3d,92f702e5a686b9c4,8db2e31deb571a3d,KB-C_SUPERFAST_GAP,-337.55,,5.0,66.7,derived,Driver-customer pair creates consecutive trips too quickly to look operationally normal.
11e4996e955e9754||c74aa8d733e635a5,11e4996e955e9754,c74aa8d733e635a5,KB-C_SUPERFAST_GAP,-1167.2333333333333,,5.0,47.39,derived,Driver-customer pair creates consecutive trips too quickly to look operationally normal.
cf07c41702c5d803||58d9afc5a2ba75e2,cf07c41702c5d803,58d9afc5a2ba75e2,KB-C_SUPERFAST_GAP,2.35,,5.0,47.21,derived,Driver-customer pair creates consecutive trips too quickly to look operationally normal.
30f9f0d5c8bce870||466dd53db700fd39,30f9f0d5c8bce870,466dd53db700fd39,KB-C_SUPERFAST_GAP,-774.15,,5.0,50.76,derived,Driver-customer pair creates consecutive trips too quickly to look operationally normal.
f7f2fc7ea3c0ab55||c1f69fb1a068ff32,f7f2fc7ea3c0ab55,c1f69fb1a068ff32,KB-C_SUPERFAST_GAP,-1283.3833333333334,,5.0,53.96,derived,Driver-customer pair creates consecutive trips too quickly to look operationally normal.
875f7558903ca6a7||e37c1c635113bf58,875f7558903ca6a7,e37c1c635113bf58,KB-C_SUPERFAST_GAP,-594.2,,5.0,53.07,derived,Driver-customer pair creates consecutive trips too quickly to look operationally normal.
2b5f09de0a62950d||aa10b7ee9cb8499a,2b5f09de0a62950d,aa10b7ee9cb8499a,KB-C_SUPERFAST_GAP,-543.6,,5.0,52.43,derived,Driver-customer pair creates consecutive trips too quickly to look operationally normal.
d2a356488a6d7005||67b19ffa85ba28c1,d2a356488a6d7005,67b19ffa85ba28c1,KB-C_SUPERFAST_GAP,-56.63333333333333,,5.0,46.14,derived,Driver-customer pair creates consecutive trips too quickly to look operationally normal.
49d18d93c10b1bc0||9db0d2f91ffc75a6,49d18d93c10b1bc0,9db0d2f91ffc75a6,KB-C_SUPERFAST_GAP,-31.766666666666666,,5.0,65.16,derived,Driver-customer pair creates consecutive trips too quickly to look operationally normal.
6c2f20549567d103||7c283effab4dcaea,6c2f20549567d103,7c283effab4dcaea,KB-C_SUPERFAST_GAP,-837.1166666666667,,5.0,54.03,derived,Driver-customer pair creates consecutive trips too quickly to look operationally normal.
92f702e5a686b9c4||be5cc6d64ed50de0,92f702e5a686b9c4,be5cc6d64ed50de0,KB-C_SUPERFAST_GAP,-366.6166666666667,,5.0,69.22,derived,Driver-customer pair creates consecutive trips too quickly to look operationally normal.
af6aec0451123935||a29f77f258fcb9db,af6aec0451123935,a29f77f258fcb9db,KB-C_SUPERFAST_GAP,-801.7666666666667,,5.0,48.38,derived,Driver-customer pair creates consecutive trips too quickly to look operationally normal.
fe9c614486853538||cc4d8d00abbdde42,fe9c614486853538,cc4d8d00abbdde42,KB-C_SUPERFAST_GAP,-496.6666666666667,,5.0,50.26,derived,Driver-customer pair creates consecutive trips too quickly to look operationally normal.
e3664478b5588228||0ea15bda0b859ab9,e3664478b5588228,0ea15bda0b859ab9,KB-C_SUPERFAST_GAP,-796.7166666666667,,5.0,52.8,derived,Driver-customer pair creates consecutive trips too quickly to look operationally normal.
b050dcf14f1ea16b||67f5534bf105be4c,b050dcf14f1ea16b,67f5534bf105be4c,KB-C_SUPERFAST_GAP,-198.93333333333334,,5.0,54.29,derived,Driver-customer pair creates consecutive trips too quickly to look operationally normal.
d6f7c63c9ece887d||e18e24d03a0dead3,d6f7c63c9ece887d,e18e24d03a0dead3,KB-C_SUPERFAST_GAP,-821.5666666666667,,5.0,54.37,derived,Driver-customer pair creates consecutive trips too quickly to look operationally normal.
b5b4a56620b19669||51b643c08a9ba25c,b5b4a56620b19669,51b643c08a9ba25c,KB-C_SUPERFAST_GAP,-1005.2833333333333,,5.0,50.05,derived,Driver-customer pair creates consecutive trips too quickly to look operationally normal.
a53008c38937ae08||5f011ebc4cfaa010,a53008c38937ae08,5f011ebc4cfaa010,KB-C_SUPERFAST_GAP,-764.2833333333333,,5.0,45.8,derived,Driver-customer pair creates consecutive trips too quickly to look operationally normal.
855faae4bc5c31cd||560a5afe5b53b126,855faae4bc5c31cd,560a5afe5b53b126,KB-C_SUPERFAST_GAP,-522.5166666666667,,5.0,51.96,derived,Driver-customer pair creates consecutive trips too quickly to look operationally normal.
2ff877bcf6cc0493||faa480c51adf21e6,2ff877bcf6cc0493,faa480c51adf21e6,KB-C_SUPERFAST_GAP,-1300.1,,5.0,51.37,derived,Driver-customer pair creates consecutive trips too quickly to look operationally normal.
70f3ac4afc425606||93e7e4b6f68aec61,70f3ac4afc425606,93e7e4b6f68aec61,KB-C_SUPERFAST_GAP,-164.0,,5.0,51.44,derived,Driver-customer pair creates consecutive trips too quickly to look operationally normal.
72f0e6c478e612e5||c832b2f342e2a8fe,72f0e6c478e612e5,c832b2f342e2a8fe,KB-C_SUPERFAST_GAP,-1113.1666666666667,,5.0,46.43,derived,Driver-customer pair creates consecutive trips too quickly to look operationally normal.
e3b3a761afc18171||26de927c2fb38b37,e3b3a761afc18171,26de927c2fb38b37,KB-C_SUPERFAST_GAP,-912.5333333333333,,5.0,53.41,derived,Driver-customer pair creates consecutive trips too quickly to look operationally normal.
83d8f08ed0e73096||d95b5e000559ad65,83d8f08ed0e73096,d95b5e000559ad65,KB-C_SUPERFAST_GAP,-862.5,,5.0,53.59,derived,Driver-customer pair creates consecutive trips too quickly to look operationally normal.
0bc6aefc555a07a6||0cccc55cd49a330d,0bc6aefc555a07a6,0cccc55cd49a330d,KB-C_SUPERFAST_GAP,-931.05,,5.0,42.84,derived,Driver-customer pair creates consecutive trips too quickly to look operationally normal.
06dc1428ff38bf0b||8b3402138b33ade8,06dc1428ff38bf0b,8b3402138b33ade8,KB-C_SUPERFAST_GAP,-519.1833333333333,,5.0,50.91,derived,Driver-customer pair creates consecutive trips too quickly to look operationally normal.
e93ea7d59646db67||2a4c3284fe02f241,e93ea7d59646db67,2a4c3284fe02f241,KB-C_SUPERFAST_GAP,-680.3833333333333,,5.0,48.72,derived,Driver-customer pair creates consecutive trips too quickly to look operationally normal.
44969366800a4c6a||69577266c946a1ae,44969366800a4c6a,69577266c946a1ae,KB-C_SUPERFAST_GAP,-809.3333333333334,,5.0,51.73,derived,Driver-customer pair creates consecutive trips too quickly to look operationally normal.
d63a72f37a36f49b||3bfe5a6f87f66977,d63a72f37a36f49b,3bfe5a6f87f66977,KB-C_SUPERFAST_GAP,-838.5166666666667,,5.0,51.93,derived,Driver-customer pair creates consecutive trips too quickly to look operationally normal.
5d06622cce833761||bda43ff79f51172e,5d06622cce833761,bda43ff79f51172e,KB-C_SUPERFAST_GAP,-684.8,,5.0,42.78,derived,Driver-customer pair creates consecutive trips too quickly to look operationally normal.
b19d7ba8ee0cdd68||f14ecb532ab90766,b19d7ba8ee0cdd68,f14ecb532ab90766,KB-C_SUPERFAST_GAP,-655.7833333333333,,5.0,46.61,derived,Driver-customer pair creates consecutive trips too quickly to look operationally normal.
8dec1612b02307e7||a75855291e5fc922,8dec1612b02307e7,a75855291e5fc922,KB-C_SUPERFAST_GAP,-839.1333333333333,,5.0,50.72,derived,Driver-customer pair creates consecutive trips too quickly to look operationally normal.
fdf6ff53120ae679||4058c7a858c2b68a,fdf6ff53120ae679,4058c7a858c2b68a,KB-C_SUPERFAST_GAP,-632.2666666666667,,5.0,43.3,derived,Driver-customer pair creates consecutive trips too quickly to look operationally normal.
31a5966f21b4ba4e||87d821a23a5cd7de,31a5966f21b4ba4e,87d821a23a5cd7de,KB-C_SUPERFAST_GAP,-340.28333333333336,,5.0,48.39,derived,Driver-customer pair creates consecutive trips too quickly to look operationally normal.
bd9d5bd6a837d6e9||3ac1b109549cc988,bd9d5bd6a837d6e9,3ac1b109549cc988,KB-C_SUPERFAST_GAP,-648.8166666666667,,5.0,62.53,derived,Driver-customer pair creates consecutive trips too quickly to look operationally normal.
d56dc5041a15a1a6||35510a2ded08e417,d56dc5041a15a1a6,35510a2ded08e417,KB-C_SUPERFAST_GAP,-1276.4833333333333,,5.0,48.88,derived,Driver-customer pair creates consecutive trips too quickly to look operationally normal.
2d0fc73ff9d602de||dffacb0f1be6d209,2d0fc73ff9d602de,dffacb0f1be6d209,KB-C_SUPERFAST_GAP,-894.4833333333333,,5.0,47.69,derived,Driver-customer pair creates consecutive trips too quickly to look operationally normal.
9bda8bf90cebeba4||dad74dcd87a15af5,9bda8bf90cebeba4,dad74dcd87a15af5,KB-C_SUPERFAST_GAP,-752.3166666666667,,5.0,43.84,derived,Driver-customer pair creates consecutive trips too quickly to look operationally normal.
87fdba920f14bdc4||94929da44e46071c,87fdba920f14bdc4,94929da44e46071c,KB-C_SUPERFAST_GAP,-4.266666666666667,,5.0,46.86,derived,Driver-customer pair creates consecutive trips too quickly to look operationally normal.
247cafe1649338e9||ff4741aefdd7ea41,247cafe1649338e9,ff4741aefdd7ea41,KB-C_SUPERFAST_GAP,-37.233333333333334,,5.0,46.3,derived,Driver-customer pair creates consecutive trips too quickly to look operationally normal.
e6226a83e74cde2c||d2765fd5bf813eea,e6226a83e74cde2c,d2765fd5bf813eea,KB-C_SUPERFAST_GAP,-612.8,,5.0,50.24,derived,Driver-customer pair creates consecutive trips too quickly to look operationally normal.
c6963e8e70b25ecd||92f5b10955f7b62e,c6963e8e70b25ecd,92f5b10955f7b62e,KB-C_SUPERFAST_GAP,-957.5666666666667,,5.0,61.98,derived,Driver-customer pair creates consecutive trips too quickly to look operationally normal.
c58bd24e790c5d1b||4346b343ed755173,c58bd24e790c5d1b,4346b343ed755173,KB-C_SUPERFAST_GAP,-690.6833333333333,,5.0,47.81,derived,Driver-customer pair creates consecutive trips too quickly to look operationally normal.
5b155c30e9228305||b781a89db40e70ec,5b155c30e9228305,b781a89db40e70ec,KB-C_SUPERFAST_GAP,-653.95,,5.0,49.91,derived,Driver-customer pair creates consecutive trips too quickly to look operationally normal.
652280701c4d0c32||0cb58995c54abba0,652280701c4d0c32,0cb58995c54abba0,KB-C_SUPERFAST_GAP,-605.3666666666667,,5.0,52.14,derived,Driver-customer pair creates consecutive trips too quickly to look operationally normal.
01714f487853f9ea||df1ffc3f608e21a2,01714f487853f9ea,df1ffc3f608e21a2,KB-C_SUPERFAST_GAP,-941.6833333333333,,5.0,48.46,derived,Driver-customer pair creates consecutive trips too quickly to look operationally normal.
dc6dfd83ba5cd9fe||1dee5772213d988e,dc6dfd83ba5cd9fe,1dee5772213d988e,KB-C_SUPERFAST_GAP,-3.683333333333333,,5.0,52.16,derived,Driver-customer pair creates consecutive trips too quickly to look operationally normal.
28d18b5006fb2cdd||e9893b8c86ca92b8,28d18b5006fb2cdd,e9893b8c86ca92b8,KB-C_SUPERFAST_GAP,-603.2,,5.0,56.49,derived,Driver-customer pair creates consecutive trips too quickly to look operationally normal.
460c39188524b386||07388ec6d0654e3b,460c39188524b386,07388ec6d0654e3b,KB-C_SUPERFAST_GAP,-1174.5666666666666,,5.0,50.87,derived,Driver-customer pair creates consecutive trips too quickly to look operationally normal.
5c80c95ec49760e4||41c1e90362494e4d,5c80c95ec49760e4,41c1e90362494e4d,KB-C_SUPERFAST_GAP,-922.9,,5.0,50.51,derived,Driver-customer pair creates consecutive trips too quickly to look operationally normal.
c167d3b3a3c8f675||ecc7dfd94c14c8f4,c167d3b3a3c8f675,ecc7dfd94c14c8f4,KB-C_SUPERFAST_GAP,-582.1,,5.0,36.78,derived,Driver-customer pair creates consecutive trips too quickly to look operationally normal.
c3d7ac3f89793351||d09b93bb2845979b,c3d7ac3f89793351,d09b93bb2845979b,KB-C_SUPERFAST_GAP,-487.2,,5.0,44.84,derived,Driver-customer pair creates consecutive trips too quickly to look operationally normal.
86b00492040445a8||7b650054b148d09c,86b00492040445a8,7b650054b148d09c,KB-C_SUPERFAST_GAP,-162.91666666666666,,5.0,39.38,derived,Driver-customer pair creates consecutive trips too quickly to look operationally normal.
3573609c2ef68b75||4d734ed9fcd4fc06,3573609c2ef68b75,4d734ed9fcd4fc06,KB-C_SUPERFAST_GAP,-14.183333333333334,,5.0,41.0,derived,Driver-customer pair creates consecutive trips too quickly to look operationally normal.
38ee1a769435beb3||6493cbd9a212c8c4,38ee1a769435beb3,6493cbd9a212c8c4,KB-C_SUPERFAST_GAP,-724.5333333333333,,5.0,45.62,derived,Driver-customer pair creates consecutive trips too quickly to look operationally normal.
17bf0a1d0c39ac69||67fa423f76efd928,17bf0a1d0c39ac69,67fa423f76efd928,KB-C_SUPERFAST_GAP,-668.5666666666667,,5.0,47.59,derived,Driver-customer pair creates consecutive trips too quickly to look operationally normal.
b7e9d097f77e6318||62e3a7ecb3c79a6b,b7e9d097f77e6318,62e3a7ecb3c79a6b,KB-C_SUPERFAST_GAP,-709.0,,5.0,49.24,derived,Driver-customer pair creates consecutive trips too quickly to look operationally normal.
111584d348f70b95||de355ad6baf1aa51,111584d348f70b95,de355ad6baf1aa51,KB-C_SUPERFAST_GAP,-633.8666666666667,,5.0,52.63,derived,Driver-customer pair creates consecutive trips too quickly to look operationally normal.
58d262096e98d29f||4f2866a762b6309d,58d262096e98d29f,4f2866a762b6309d,KB-C_SUPERFAST_GAP,-707.3,,5.0,44.92,derived,Driver-customer pair creates consecutive trips too quickly to look operationally normal.
c6ea5eb41b2e2f06||283add2357e13810,c6ea5eb41b2e2f06,283add2357e13810,KB-C_SUPERFAST_GAP,-507.1666666666667,,5.0,47.17,derived,Driver-customer pair creates consecutive trips too quickly to look operationally normal.
83f00c64b968cfa6||cbd51e565c5a52d5,83f00c64b968cfa6,cbd51e565c5a52d5,KB-C_SUPERFAST_GAP,-619.1,,5.0,52.78,derived,Driver-customer pair creates consecutive trips too quickly to look operationally normal.
c8829c1ad55e7f1c||41d3cd0ae4e12f2e,c8829c1ad55e7f1c,41d3cd0ae4e12f2e,KB-C_SUPERFAST_GAP,-918.7833333333333,,5.0,44.78,derived,Driver-customer pair creates consecutive trips too quickly to look operationally normal.
95562397aeb4b9b5||5a27cfec6e51b6b2,95562397aeb4b9b5,5a27cfec6e51b6b2,KB-C_SUPERFAST_GAP,-974.5,,5.0,47.03,derived,Driver-customer pair creates consecutive trips too quickly to look operationally normal.
7ec11ab6d5572daf||27d936c8b49491ee,7ec11ab6d5572daf,27d936c8b49491ee,KB-C_SUPERFAST_GAP,-921.0333333333333,,5.0,41.17,derived,Driver-customer pair creates consecutive trips too quickly to look operationally normal.
bf1442b249ed925e||ce90293333ff55be,bf1442b249ed925e,ce90293333ff55be,KB-C_SUPERFAST_GAP,-432.0,,5.0,49.38,derived,Driver-customer pair creates consecutive trips too quickly to look operationally normal.
031c9ec68840283c||c4c31300d01b9b91,031c9ec68840283c,c4c31300d01b9b91,KB-C_SUPERFAST_GAP,-10.466666666666667,,5.0,41.42,derived,Driver-customer pair creates consecutive trips too quickly to look operationally normal.
0888b2b1b0ec8820||313113be6f17c7d8,0888b2b1b0ec8820,313113be6f17c7d8,KB-C_SUPERFAST_GAP,-876.4,,5.0,49.17,derived,Driver-customer pair creates consecutive trips too quickly to look operationally normal.
b37fea7171c50a4f||89017d591c4abd81,b37fea7171c50a4f,89017d591c4abd81,KB-C_SUPERFAST_GAP,-751.2166666666667,,5.0,45.58,derived,Driver-customer pair creates consecutive trips too quickly to look operationally normal.
019d9de93d765cc3||6fad3cec31e51149,019d9de93d765cc3,6fad3cec31e51149,KB-C_SUPERFAST_GAP,-788.2666666666667,,5.0,39.1,derived,Driver-customer pair creates consecutive trips too quickly to look operationally normal.
64e69e6ac121ffe8||133841525ae1514e,64e69e6ac121ffe8,133841525ae1514e,KB-C_SUPERFAST_GAP,-796.9333333333333,,5.0,44.94,derived,Driver-customer pair creates consecutive trips too quickly to look operationally normal.
8397bdba08f52473||ceafc6827726a992,8397bdba08f52473,ceafc6827726a992,KB-C_SUPERFAST_GAP,-1103.2666666666667,,5.0,40.51,derived,Driver-customer pair creates consecutive trips too quickly to look operationally normal.
652280701c4d0c32||9ff175949ae3d953,652280701c4d0c32,9ff175949ae3d953,KB-C_SUPERFAST_GAP,-676.4666666666667,,5.0,49.04,derived,Driver-customer pair creates consecutive trips too quickly to look operationally normal.
f6c059af13c1d7e4||96478e6eeee55e48,f6c059af13c1d7e4,96478e6eeee55e48,KB-C_SUPERFAST_GAP,-548.1666666666666,,5.0,48.17,derived,Driver-customer pair creates consecutive trips too quickly to look operationally normal.
000d9c8d3c67d250||648e04b38fa38917,000d9c8d3c67d250,648e04b38fa38917,KB-C_SUPERFAST_GAP,-637.1333333333333,,5.0,43.33,derived,Driver-customer pair creates consecutive trips too quickly to look operationally normal.
05f12f9e3c541f9c||b39c25b8e34fbe9e,05f12f9e3c541f9c,b39c25b8e34fbe9e,KB-C_SUPERFAST_GAP,-746.6333333333333,,5.0,40.89,derived,Driver-customer pair creates consecutive trips too quickly to look operationally normal.
ac5ad23248702f61||31195016ed4e705a,ac5ad23248702f61,31195016ed4e705a,KB-C_SUPERFAST_GAP,-15.2,,5.0,64.9,derived,Driver-customer pair creates consecutive trips too quickly to look operationally normal.
ee7d2f2cc6da651a||75ef7cb28c1d698d,ee7d2f2cc6da651a,75ef7cb28c1d698d,KB-C_SUPERFAST_GAP,-527.6833333333333,,5.0,44.87,derived,Driver-customer pair creates consecutive trips too quickly to look operationally normal.
7520e500419b8375||31a32af796127af0,7520e500419b8375,31a32af796127af0,KB-C_SUPERFAST_GAP,-348.6666666666667,,5.0,49.34,derived,Driver-customer pair creates consecutive trips too quickly to look operationally normal.
cc93a3e44a6f1230||c7074ce36bc909a0,cc93a3e44a6f1230,c7074ce36bc909a0,KB-C_SUPERFAST_GAP,-1070.7666666666667,,5.0,48.1,derived,Driver-customer pair creates consecutive trips too quickly to look operationally normal.
89b458fb1c9ce584||7fbc99e5cc3ee174,89b458fb1c9ce584,7fbc99e5cc3ee174,KB-C_SUPERFAST_GAP,-800.7333333333333,,5.0,50.26,derived,Driver-customer pair creates consecutive trips too quickly to look operationally normal.
5955780af597fb71||acd904eb7d2f1ccb,5955780af597fb71,acd904eb7d2f1ccb,KB-C_SUPERFAST_GAP,-884.1833333333333,,5.0,45.26,derived,Driver-customer pair creates consecutive trips too quickly to look operationally normal.
f94e52b0bfd5a39f||239a6b4107fca2d6,f94e52b0bfd5a39f,239a6b4107fca2d6,KB-C_SUPERFAST_GAP,-270.43333333333334,,5.0,54.92,derived,Driver-customer pair creates consecutive trips too quickly to look operationally normal.
dff67a4fdd760ba5||affff2efdb94e79c,dff67a4fdd760ba5,affff2efdb94e79c,KB-C_SUPERFAST_GAP,-685.4666666666667,,5.0,51.15,derived,Driver-customer pair creates consecutive trips too quickly to look operationally normal.
9b410f88dc89eccd||089df9834f04494a,9b410f88dc89eccd,089df9834f04494a,KB-C_SUPERFAST_GAP,-828.6333333333333,,5.0,48.56,derived,Driver-customer pair creates consecutive trips too quickly to look operationally normal.
ad3b2a30813cdca9||2ae3a3f1742e7a00,ad3b2a30813cdca9,2ae3a3f1742e7a00,KB-C_SUPERFAST_GAP,-833.0833333333334,,5.0,51.09,derived,Driver-customer pair creates consecutive trips too quickly to look operationally normal.
eb8c41f66161961b||b7dd56ceaf413ae5,eb8c41f66161961b,b7dd56ceaf413ae5,KB-C_SUPERFAST_GAP,-388.9166666666667,,5.0,50.32,derived,Driver-customer pair creates consecutive trips too quickly to look operationally normal.
ac5ad23248702f61||243ea0e71a4e1e1e,ac5ad23248702f61,243ea0e71a4e1e1e,KB-C_SUPERFAST_GAP,-19.3,,5.0,67.41,derived,Driver-customer pair creates consecutive trips too quickly to look operationally normal.
216a1fe3e93c8adf||cc6935bd9ca3c87b,216a1fe3e93c8adf,cc6935bd9ca3c87b,KB-C_SUPERFAST_GAP,-429.1166666666667,,5.0,46.52,derived,Driver-customer pair creates consecutive trips too quickly to look operationally normal.
33af613bd024e85f||0525af43bc2e7103,33af613bd024e85f,0525af43bc2e7103,KB-C_SUPERFAST_GAP,-1233.1333333333334,,5.0,43.11,derived,Driver-customer pair creates consecutive trips too quickly to look operationally normal.
d16001e216748caf||475c8dafea88d299,d16001e216748caf,475c8dafea88d299,KB-C_SUPERFAST_GAP,-763.2833333333333,,5.0,50.31,derived,Driver-customer pair creates consecutive trips too quickly to look operationally normal.
e021adeb79a69fc3||369cf56474061839,e021adeb79a69fc3,369cf56474061839,KB-C_SUPERFAST_GAP,-1175.7833333333333,,5.0,51.2,derived,Driver-customer pair creates consecutive trips too quickly to look operationally normal.
aa929b3ec727ec4f||f1cc09a62c35963f,aa929b3ec727ec4f,f1cc09a62c35963f,KB-C_SUPERFAST_GAP,-529.25,,5.0,46.64,derived,Driver-customer pair creates consecutive trips too quickly to look operationally normal.
ac5ad23248702f61||7a529c8033873ce1,ac5ad23248702f61,7a529c8033873ce1,KB-C_SUPERFAST_GAP,-565.3,,5.0,65.52,derived,Driver-customer pair creates consecutive trips too quickly to look operationally normal.
def6f67206cb7756||25bdbfc71916c38c,def6f67206cb7756,25bdbfc71916c38c,KB-C_SUPERFAST_GAP,-470.01666666666665,,5.0,47.04,derived,Driver-customer pair creates consecutive trips too quickly to look operationally normal.
d8ce0b99e008401e||ae3c7ed271ab1203,d8ce0b99e008401e,ae3c7ed271ab1203,KB-C_SUPERFAST_GAP,-958.7166666666667,,5.0,48.87,derived,Driver-customer pair creates consecutive trips too quickly to look operationally normal.
6ff810634c4c05d2||75ec5c4f995b8146,6ff810634c4c05d2,75ec5c4f995b8146,KB-C_SUPERFAST_GAP,-582.7833333333333,,5.0,44.72,derived,Driver-customer pair creates consecutive trips too quickly to look operationally normal.
c37a94b61c04d59b||625d5f1ea2d69122,c37a94b61c04d59b,625d5f1ea2d69122,KB-C_SUPERFAST_GAP,-670.9333333333333,,5.0,45.97,derived,Driver-customer pair creates consecutive trips too quickly to look operationally normal.
7befb7ce8e219542||73ff5ba45a062901,7befb7ce8e219542,73ff5ba45a062901,KB-C_SUPERFAST_GAP,-675.9833333333333,,5.0,51.75,derived,Driver-customer pair creates consecutive trips too quickly to look operationally normal.
90b08fc62ec6441b||74b8ad67cde31132,90b08fc62ec6441b,74b8ad67cde31132,KB-C_SUPERFAST_GAP,-612.8,,5.0,49.04,derived,Driver-customer pair creates consecutive trips too quickly to look operationally normal.
ac5ad23248702f61||9cba5e1709f5e9c7,ac5ad23248702f61,9cba5e1709f5e9c7,KB-C_SUPERFAST_GAP,-14.533333333333333,,5.0,70.61,derived,Driver-customer pair creates consecutive trips too quickly to look operationally normal.
139efb1cfd3897f6||55bf393f20aede28,139efb1cfd3897f6,55bf393f20aede28,KB-C_SUPERFAST_GAP,-398.28333333333336,,5.0,35.08,derived,Driver-customer pair creates consecutive trips too quickly to look operationally normal.
3c5fac8efd5ab89c||b6137ed72d20f110,3c5fac8efd5ab89c,b6137ed72d20f110,KB-C_SUPERFAST_GAP,-1152.25,,5.0,44.74,derived,Driver-customer pair creates consecutive trips too quickly to look operationally normal.
fd5e71ebfd20eeea||8372331b69d2452e,fd5e71ebfd20eeea,8372331b69d2452e,KB-C_SUPERFAST_GAP,-513.7333333333333,,5.0,47.88,derived,Driver-customer pair creates consecutive trips too quickly to look operationally normal.
4c743e88cf802adf||9aa4a0ccccf9e4d3,4c743e88cf802adf,9aa4a0ccccf9e4d3,KB-C_SUPERFAST_GAP,-582.45,,5.0,45.26,derived,Driver-customer pair creates consecutive trips too quickly to look operationally normal.
93acaef9b4738727||cd2e395f8ada8c8f,93acaef9b4738727,cd2e395f8ada8c8f,KB-C_SUPERFAST_GAP,-488.75,,5.0,40.13,derived,Driver-customer pair creates consecutive trips too quickly to look operationally normal.
da2afb3ae684c9ad||8244ccb1e79c8d8f,da2afb3ae684c9ad,8244ccb1e79c8d8f,KB-C_SUPERFAST_GAP,-631.9666666666667,,5.0,43.92,derived,Driver-customer pair creates consecutive trips too quickly to look operationally normal.
dc7f9bec55a8253b||5cfbcd0d7d30c09f,dc7f9bec55a8253b,5cfbcd0d7d30c09f,KB-C_SUPERFAST_GAP,-41.666666666666664,,5.0,39.57,derived,Driver-customer pair creates consecutive trips too quickly to look operationally normal.
650e55d8a93e7afa||d6f9e28555ec2d87,650e55d8a93e7afa,d6f9e28555ec2d87,KB-C_SUPERFAST_GAP,-4.183333333333334,,5.0,60.67,derived,Driver-customer pair creates consecutive trips too quickly to look operationally normal.
878e399bfbc7e273||1d915b18ebb03e36,878e399bfbc7e273,1d915b18ebb03e36,KB-C_SUPERFAST_GAP,-21.6,,5.0,35.88,derived,Driver-customer pair creates consecutive trips too quickly to look operationally normal.
ac7d5f324aa6a2ec||2669dea7e86fae0c,ac7d5f324aa6a2ec,2669dea7e86fae0c,KB-C_SUPERFAST_GAP,-91.53333333333333,,5.0,38.97,derived,Driver-customer pair creates consecutive trips too quickly to look operationally normal.
60bfe2cfd01fe075||15de4d58b603356f,60bfe2cfd01fe075,15de4d58b603356f,KB-C_SUPERFAST_GAP,-554.15,,5.0,48.96,derived,Driver-customer pair creates consecutive trips too quickly to look operationally normal.
1c448d3ad0b14068||b6195ced5a22d256,1c448d3ad0b14068,b6195ced5a22d256,KB-C_SUPERFAST_GAP,-667.2,,5.0,43.81,derived,Driver-customer pair creates consecutive trips too quickly to look operationally normal.
39c3d1b7ec0213f5||500cc52ce1c8bed5,39c3d1b7ec0213f5,500cc52ce1c8bed5,KB-C_SUPERFAST_GAP,-756.8,,5.0,44.82,derived,Driver-customer pair creates consecutive trips too quickly to look operationally normal.
73d7f070d2006b66||b07e65486273905e,73d7f070d2006b66,b07e65486273905e,KB-C_SUPERFAST_GAP,-117.65,,5.0,40.75,derived,Driver-customer pair creates consecutive trips too quickly to look operationally normal.
dd9402e53f9c96fa||f62ed22af24413ef,dd9402e53f9c96fa,f62ed22af24413ef,KB-C_SUPERFAST_GAP,-80.11666666666666,,5.0,45.31,derived,Driver-customer pair creates consecutive trips too quickly to look operationally normal.
d429b6761fabccc8||8f8892e8ce3dc549,d429b6761fabccc8,8f8892e8ce3dc549,KB-C_SUPERFAST_GAP,-766.2,,5.0,51.36,derived,Driver-customer pair creates consecutive trips too quickly to look operationally normal.
0ac50e33034ddb52||c319d95ff6b6e6df,0ac50e33034ddb52,c319d95ff6b6e6df,KB-C_SUPERFAST_GAP,-456.6166666666667,,5.0,48.12,derived,Driver-customer pair creates consecutive trips too quickly to look operationally normal.
bbed65f4b44c16c9||85f3d95e64193b5c,bbed65f4b44c16c9,85f3d95e64193b5c,KB-C_SUPERFAST_GAP,-854.05,,5.0,42.86,derived,Driver-customer pair creates consecutive trips too quickly to look operationally normal.
0539a81b56b7960e||7db6a84fcac2a668,0539a81b56b7960e,7db6a84fcac2a668,KB-C_SUPERFAST_GAP,-558.3333333333334,,5.0,45.84,derived,Driver-customer pair creates consecutive trips too quickly to look operationally normal.
7368f6eefb12faad||ba685fe0f52f6d50,7368f6eefb12faad,ba685fe0f52f6d50,KB-C_SUPERFAST_GAP,-486.5833333333333,,5.0,43.18,derived,Driver-customer pair creates consecutive trips too quickly to look operationally normal.
76f43dc04198e3a6||bd69da6bbb89cb4c,76f43dc04198e3a6,bd69da6bbb89cb4c,KB-C_SUPERFAST_GAP,-735.2666666666667,,5.0,49.17,derived,Driver-customer pair creates consecutive trips too quickly to look operationally normal.
70c7caba889c36e5||0caff602343cf5e9,70c7caba889c36e5,0caff602343cf5e9,KB-C_SUPERFAST_GAP,-682.3666666666667,,5.0,49.77,derived,Driver-customer pair creates consecutive trips too quickly to look operationally normal.
c32a443c0ff7531a||86db076eb345568d,c32a443c0ff7531a,86db076eb345568d,KB-C_SUPERFAST_GAP,-320.45,,5.0,41.29,derived,Driver-customer pair creates consecutive trips too quickly to look operationally normal.
a7df70523542a9ea||200c1bb696d74f48,a7df70523542a9ea,200c1bb696d74f48,KB-C_SUPERFAST_GAP,-349.06666666666666,,5.0,40.53,derived,Driver-customer pair creates consecutive trips too quickly to look operationally normal.
0a977205db9cf63c||6110f5c1481e2a84,0a977205db9cf63c,6110f5c1481e2a84,KB-C_SUPERFAST_GAP,-889.2833333333333,,5.0,40.01,derived,Driver-customer pair creates consecutive trips too quickly to look operationally normal.
c9f29734288a83d7||fe9be7de046a23b3,c9f29734288a83d7,fe9be7de046a23b3,KB-C_SUPERFAST_GAP,-1316.7,,5.0,48.11,derived,Driver-customer pair creates consecutive trips too quickly to look operationally normal.
3fad1a6dd7d74a77||725053c8c2febdda,3fad1a6dd7d74a77,725053c8c2febdda,KB-C_SUPERFAST_GAP,-371.95,,5.0,48.28,derived,Driver-customer pair creates consecutive trips too quickly to look operationally normal.
d0cbd5169a6537fb||96d32eba1a11ea52,d0cbd5169a6537fb,96d32eba1a11ea52,KB-C_SUPERFAST_GAP,-419.26666666666665,,5.0,50.93,derived,Driver-customer pair creates consecutive trips too quickly to look operationally normal.
8b3acdfd3a10bde9||f5b6d53896dfb707,8b3acdfd3a10bde9,f5b6d53896dfb707,KB-C_SUPERFAST_GAP,-784.7166666666667,,5.0,49.39,derived,Driver-customer pair creates consecutive trips too quickly to look operationally normal.
61ed7b3348db32e2||7d959c630346afdc,61ed7b3348db32e2,7d959c630346afdc,KB-C_SUPERFAST_GAP,-599.2833333333333,,5.0,69.47,derived,Driver-customer pair creates consecutive trips too quickly to look operationally normal.
a14a61d5fddec080||a8c69b5d256a31a6,a14a61d5fddec080,a8c69b5d256a31a6,KB-C_SUPERFAST_GAP,-512.5666666666667,,5.0,47.04,derived,Driver-customer pair creates consecutive trips too quickly to look operationally normal.
a55a58cd57481ec4||d2a0fa7b30a14a94,a55a58cd57481ec4,d2a0fa7b30a14a94,KB-C_SUPERFAST_GAP,-629.0333333333333,,5.0,49.08,derived,Driver-customer pair creates consecutive trips too quickly to look operationally normal.
a7f15e6584e04d53||c27d08e889e37357,a7f15e6584e04d53,c27d08e889e37357,KB-C_SUPERFAST_GAP,-1138.6333333333334,,5.0,43.67,derived,Driver-customer pair creates consecutive trips too quickly to look operationally normal.
86c55b2bf0ec2f11||3da4ab2e1cfd4017,86c55b2bf0ec2f11,3da4ab2e1cfd4017,KB-C_SUPERFAST_GAP,-520.2333333333333,,5.0,47.67,derived,Driver-customer pair creates consecutive trips too quickly to look operationally normal.
23de61111fc9ec37||9963d4a1b813402b,23de61111fc9ec37,9963d4a1b813402b,KB-C_SUPERFAST_GAP,-7.65,,5.0,41.25,derived,Driver-customer pair creates consecutive trips too quickly to look operationally normal.
3569be3b45eb45c4||0c5eea179cc51214,3569be3b45eb45c4,0c5eea179cc51214,KB-C_SUPERFAST_GAP,-688.5666666666667,,5.0,39.26,derived,Driver-customer pair creates consecutive trips too quickly to look operationally normal.
8c892532d38ba577||39c991ff5639a3e9,8c892532d38ba577,39c991ff5639a3e9,KB-C_SUPERFAST_GAP,-322.3,,5.0,45.38,derived,Driver-customer pair creates consecutive trips too quickly to look operationally normal.
dd82576cf338efe5||6f049f2ce975848f,dd82576cf338efe5,6f049f2ce975848f,KB-C_SUPERFAST_GAP,-659.0333333333333,,5.0,53.06,derived,Driver-customer pair creates consecutive trips too quickly to look operationally normal.
e0b74e9fda5b1515||965fd6007ee10078,e0b74e9fda5b1515,965fd6007ee10078,KB-C_SUPERFAST_GAP,-3.2666666666666666,,5.0,64.31,derived,Driver-customer pair creates consecutive trips too quickly to look operationally normal.
cd68f266461f708d||c2ba05545db896d5,cd68f266461f708d,c2ba05545db896d5,KB-C_SUPERFAST_GAP,-1089.6333333333334,,5.0,39.12,derived,Driver-customer pair creates consecutive trips too quickly to look operationally normal.
6ac85211ad5c5789||c8185a3bf4012dae,6ac85211ad5c5789,c8185a3bf4012dae,KB-C_SUPERFAST_GAP,-656.8166666666667,,5.0,44.38,derived,Driver-customer pair creates consecutive trips too quickly to look operationally normal.
1022107caf8a8fbc||03bd319415f1ce3f,1022107caf8a8fbc,03bd319415f1ce3f,KB-C_SUPERFAST_GAP,-7.0,,5.0,52.46,derived,Driver-customer pair creates consecutive trips too quickly to look operationally normal.
3fad1a6dd7d74a77||500df3df6262a327,3fad1a6dd7d74a77,500df3df6262a327,KB-C_SUPERFAST_GAP,-354.03333333333336,,5.0,48.56,derived,Driver-customer pair creates consecutive trips too quickly to look operationally normal.
a2d092c888e689fe||7e89094fd8404208,a2d092c888e689fe,7e89094fd8404208,KB-C_SUPERFAST_GAP,-440.06666666666666,,5.0,34.57,derived,Driver-customer pair creates consecutive trips too quickly to look operationally normal.
33c083b10c9726b7||e831dd2a08faea77,33c083b10c9726b7,e831dd2a08faea77,KB-C_SUPERFAST_GAP,-489.4166666666667,,5.0,43.43,derived,Driver-customer pair creates consecutive trips too quickly to look operationally normal.
5c49e7b84cee0187||06e31382add6bd8f,5c49e7b84cee0187,06e31382add6bd8f,KB-C_SUPERFAST_GAP,-716.7666666666667,,5.0,42.32,derived,Driver-customer pair creates consecutive trips too quickly to look operationally normal.
ec458cf469d5b281||4c8e3987921bdc56,ec458cf469d5b281,4c8e3987921bdc56,KB-C_SUPERFAST_GAP,-37.03333333333333,,5.0,32.62,derived,Driver-customer pair creates consecutive trips too quickly to look operationally normal.
a3def0add97e8d24||811c3bc8b0fff1ba,a3def0add97e8d24,811c3bc8b0fff1ba,KB-C_SUPERFAST_GAP,-728.6333333333333,,5.0,48.4,derived,Driver-customer pair creates consecutive trips too quickly to look operationally normal.
209a248b8e631d18||120cbedecbc6b70f,209a248b8e631d18,120cbedecbc6b70f,KB-C_SUPERFAST_GAP,-269.28333333333336,,5.0,36.69,derived,Driver-customer pair creates consecutive trips too quickly to look operationally normal.
9021a24fdf156353||ce2a687d7f1b8677,9021a24fdf156353,ce2a687d7f1b8677,KB-C_SUPERFAST_GAP,-1126.35,,5.0,48.77,derived,Driver-customer pair creates consecutive trips too quickly to look operationally normal.
98032a135fe2c389||8cd86353603bf27b,98032a135fe2c389,8cd86353603bf27b,KB-C_SUPERFAST_GAP,-651.8666666666667,,5.0,46.11,derived,Driver-customer pair creates consecutive trips too quickly to look operationally normal.
fcf4d80d41cffe7d||5249641d0fff7fb8,fcf4d80d41cffe7d,5249641d0fff7fb8,KB-C_SUPERFAST_GAP,-920.0333333333333,,5.0,43.1,derived,Driver-customer pair creates consecutive trips too quickly to look operationally normal.
f90be4483497c7cc||31efde3e7c7dfeed,f90be4483497c7cc,31efde3e7c7dfeed,KB-C_SUPERFAST_GAP,-557.5166666666667,,5.0,44.58,derived,Driver-customer pair creates consecutive trips too quickly to look operationally normal.
fe9569ebac34f307||d491ffea52e86b0d,fe9569ebac34f307,d491ffea52e86b0d,KB-C_SUPERFAST_GAP,-3.7,,5.0,41.42,derived,Driver-customer pair creates consecutive trips too quickly to look operationally normal.
d0065ae61f54fef9||7e9c63dd2bff2da9,d0065ae61f54fef9,7e9c63dd2bff2da9,KB-C_SUPERFAST_GAP,-1.0333333333333334,,5.0,53.47,derived,Driver-customer pair creates consecutive trips too quickly to look operationally normal.
99cb7cb6b4101950||5db69378b6704acf,99cb7cb6b4101950,5db69378b6704acf,KB-C_SUPERFAST_GAP,-254.23333333333332,,5.0,48.88,derived,Driver-customer pair creates consecutive trips too quickly to look operationally normal.
8bf250d1d2c80b96||f8dfbcfc81b1a598,8bf250d1d2c80b96,f8dfbcfc81b1a598,KB-C_SUPERFAST_GAP,-1274.0666666666666,,5.0,49.78,derived,Driver-customer pair creates consecutive trips too quickly to look operationally normal.
9c12e44befb21908||9973a3b0c841a5ec,9c12e44befb21908,9973a3b0c841a5ec,KB-C_SUPERFAST_GAP,-984.95,,5.0,41.46,derived,Driver-customer pair creates consecutive trips too quickly to look operationally normal.
7211b98f46920e40||104bced700a7d913,7211b98f46920e40,104bced700a7d913,KB-C_SUPERFAST_GAP,-954.3333333333334,,5.0,47.5,derived,Driver-customer pair creates consecutive trips too quickly to look operationally normal.
1828570effc4cc32||aa24dc2e6c02b356,1828570effc4cc32,aa24dc2e6c02b356,KB-C_SUPERFAST_GAP,-801.8833333333333,,5.0,48.55,derived,Driver-customer pair creates consecutive trips too quickly to look operationally normal.
6486b27f4c823a0e||816b8ff669fb288c,6486b27f4c823a0e,816b8ff669fb288c,KB-C_SUPERFAST_GAP,-991.7166666666667,,5.0,46.14,derived,Driver-customer pair creates consecutive trips too quickly to look operationally normal.
71bd2702b4dec081||a86bef374bc7b8e6,71bd2702b4dec081,a86bef374bc7b8e6,KB-C_SUPERFAST_GAP,-955.05,,5.0,47.88,derived,Driver-customer pair creates consecutive trips too quickly to look operationally normal.
f4608a0acfc807a6||1676d6c32b2588d1,f4608a0acfc807a6,1676d6c32b2588d1,KB-C_SUPERFAST_GAP,-794.1833333333333,,5.0,41.2,derived,Driver-customer pair creates consecutive trips too quickly to look operationally normal.
adb0fe6e6c3efdf1||4fd0ed8fda975166,adb0fe6e6c3efdf1,4fd0ed8fda975166,KB-C_SUPERFAST_GAP,-1301.7166666666667,,5.0,46.04,derived,Driver-customer pair creates consecutive trips too quickly to look operationally normal.
d9920060ab3c4718||63d60e8c5a07a6a8,d9920060ab3c4718,63d60e8c5a07a6a8,KB-C_SUPERFAST_GAP,-437.9166666666667,,5.0,47.66,derived,Driver-customer pair creates consecutive trips too quickly to look operationally normal.
00770340ce221481||ed3f4f5272ef63db,00770340ce221481,ed3f4f5272ef63db,KB-C_SUPERFAST_GAP,-652.3666666666667,,5.0,40.44,derived,Driver-customer pair creates consecutive trips too quickly to look operationally normal.
51b6261c937701ca||acc20797cf030675,51b6261c937701ca,acc20797cf030675,KB-C_SUPERFAST_GAP,-777.0833333333334,,5.0,47.27,derived,Driver-customer pair creates consecutive trips too quickly to look operationally normal.
25b83bc3af3840ed||2c4213e3e18ab56f,25b83bc3af3840ed,2c4213e3e18ab56f,KB-C_SUPERFAST_GAP,-347.8666666666667,,5.0,48.34,derived,Driver-customer pair creates consecutive trips too quickly to look operationally normal.
2621150d9eadf4ca||dbb4059c3f90667f,2621150d9eadf4ca,dbb4059c3f90667f,KB-C_SUPERFAST_GAP,-475.2,,5.0,48.69,derived,Driver-customer pair creates consecutive trips too quickly to look operationally normal.
fb0fe62b752f3ad7||a65263bf7eda4b01,fb0fe62b752f3ad7,a65263bf7eda4b01,KB-C_SUPERFAST_GAP,-447.6333333333333,,5.0,49.51,derived,Driver-customer pair creates consecutive trips too quickly to look operationally normal.
77e4256285d37480||9068c3edf055a37e,77e4256285d37480,9068c3edf055a37e,KB-C_SUPERFAST_GAP,-692.8333333333334,,5.0,38.08,derived,Driver-customer pair creates consecutive trips too quickly to look operationally normal.
4aa48e74d20b253c||90e22432339b0201,4aa48e74d20b253c,90e22432339b0201,KB-C_SUPERFAST_GAP,-1.4333333333333333,,5.0,55.87,derived,Driver-customer pair creates consecutive trips too quickly to look operationally normal.
7dac2d72b42ab59a||b44f5a919f461caf,7dac2d72b42ab59a,b44f5a919f461caf,KB-C_SUPERFAST_GAP,-591.2666666666667,,5.0,48.4,derived,Driver-customer pair creates consecutive trips too quickly to look operationally normal.
ba1d56f7a69fa168||00439b9754480c93,ba1d56f7a69fa168,00439b9754480c93,KB-C_SUPERFAST_GAP,-811.6,,5.0,47.78,derived,Driver-customer pair creates consecutive trips too quickly to look operationally normal.
1cfe705dc495d3f1||146d9d580e1f8e8a,1cfe705dc495d3f1,146d9d580e1f8e8a,KB-C_SUPERFAST_GAP,-672.4166666666666,,5.0,40.71,derived,Driver-customer pair creates consecutive trips too quickly to look operationally normal.
1a59a47b10399307||d7b9b8dbb7a89c03,1a59a47b10399307,d7b9b8dbb7a89c03,KB-C_SUPERFAST_GAP,-216.55,,5.0,49.28,derived,Driver-customer pair creates consecutive trips too quickly to look operationally normal.
1d1f561c858fa6d8||c3d2908591cb7e0d,1d1f561c858fa6d8,c3d2908591cb7e0d,KB-C_SUPERFAST_GAP,-699.6833333333333,,5.0,45.67,derived,Driver-customer pair creates consecutive trips too quickly to look operationally normal.
866e5578ce575e99||6490f8755ba18bf5,866e5578ce575e99,6490f8755ba18bf5,KB-C_SUPERFAST_GAP,-592.8333333333334,,5.0,48.64,derived,Driver-customer pair creates consecutive trips too quickly to look operationally normal.
36fb82a035123cbf||62416464f97da744,36fb82a035123cbf,62416464f97da744,KB-C_SUPERFAST_GAP,-1138.8,,5.0,47.8,derived,Driver-customer pair creates consecutive trips too quickly to look operationally normal.
31026da1835b2169||031bd11aba63f513,31026da1835b2169,031bd11aba63f513,KB-C_SUPERFAST_GAP,-494.6666666666667,,5.0,39.06,derived,Driver-customer pair creates consecutive trips too quickly to look operationally normal.
bb45a0b1195f681e||6d903b24d807a210,bb45a0b1195f681e,6d903b24d807a210,KB-C_SUPERFAST_GAP,-750.6,,5.0,44.43,derived,Driver-customer pair creates consecutive trips too quickly to look operationally normal.
072a21f2113355cd||b6b98a266064195b,072a21f2113355cd,b6b98a266064195b,KB-C_SUPERFAST_GAP,-393.25,,5.0,45.78,derived,Driver-customer pair creates consecutive trips too quickly to look operationally normal.
570aca56fdc94b66||09376c3601104bef,570aca56fdc94b66,09376c3601104bef,KB-C_SUPERFAST_GAP,-523.6333333333333,,5.0,38.54,derived,Driver-customer pair creates consecutive trips too quickly to look operationally normal.
ea117acc7e4fd0a2||c7b75b103ef51feb,ea117acc7e4fd0a2,c7b75b103ef51feb,KB-C_SUPERFAST_GAP,-680.9,,5.0,41.88,derived,Driver-customer pair creates consecutive trips too quickly to look operationally normal.
53b754231bc06ac6||a478447cdad75431,53b754231bc06ac6,a478447cdad75431,KB-C_SUPERFAST_GAP,-1085.4833333333333,,5.0,42.15,derived,Driver-customer pair creates consecutive trips too quickly to look operationally normal.
bf9db9dce49fa7ae||0f7c4f452502f87e,bf9db9dce49fa7ae,0f7c4f452502f87e,KB-C_SUPERFAST_GAP,-730.25,,5.0,47.66,derived,Driver-customer pair creates consecutive trips too quickly to look operationally normal.
f99b8339c4458083||04f9c8b070d45b7b,f99b8339c4458083,04f9c8b070d45b7b,KB-C_SUPERFAST_GAP,-363.3333333333333,,5.0,44.1,derived,Driver-customer pair creates consecutive trips too quickly to look operationally normal.
a79af0d5ec214df7||5a2d5b902bb08050,a79af0d5ec214df7,5a2d5b902bb08050,KB-C_SUPERFAST_GAP,-592.6,,5.0,36.78,derived,Driver-customer pair creates consecutive trips too quickly to look operationally normal.
c89b42c05d2daf93||3ee88bb0528b6dd4,c89b42c05d2daf93,3ee88bb0528b6dd4,KB-C_SUPERFAST_GAP,-707.0833333333334,,5.0,35.76,derived,Driver-customer pair creates consecutive trips too quickly to look operationally normal.
d4b9bbbb333d2aa0||379ada8b1a698b1b,d4b9bbbb333d2aa0,379ada8b1a698b1b,KB-C_SUPERFAST_GAP,-573.0,,5.0,43.54,derived,Driver-customer pair creates consecutive trips too quickly to look operationally normal.
fd4f4b8319ed7cc0||6dd6d8e48a498dc5,fd4f4b8319ed7cc0,6dd6d8e48a498dc5,KB-C_SUPERFAST_GAP,-1412.4333333333334,,5.0,47.92,derived,Driver-customer pair creates consecutive trips too quickly to look operationally normal.
1cbc3891261661a5||0fbc0517d7ccb875,1cbc3891261661a5,0fbc0517d7ccb875,KB-C_SUPERFAST_GAP,-314.1666666666667,,5.0,46.6,derived,Driver-customer pair creates consecutive trips too quickly to look operationally normal.
d216dadeed5008e9||0c758bc5a8abd8bf,d216dadeed5008e9,0c758bc5a8abd8bf,KB-C_SUPERFAST_GAP,-1211.45,,5.0,46.64,derived,Driver-customer pair creates consecutive trips too quickly to look operationally normal.
cba869da2d35053f||29470a1721cd81cf,cba869da2d35053f,29470a1721cd81cf,KB-C_SUPERFAST_GAP,-53.21666666666667,,5.0,34.78,derived,Driver-customer pair creates consecutive trips too quickly to look operationally normal.
535e8e65aaa3f72e||46c5383aa4869178,535e8e65aaa3f72e,46c5383aa4869178,KB-C_SUPERFAST_GAP,-704.0666666666667,,5.0,47.08,derived,Driver-customer pair creates consecutive trips too quickly to look operationally normal.
8cf948ac814dc7c6||629548ede80e678c,8cf948ac814dc7c6,629548ede80e678c,KB-C_SUPERFAST_GAP,-590.1333333333333,,5.0,47.95,derived,Driver-customer pair creates consecutive trips too quickly to look operationally normal.
40bd779ea7f0f445||eb1e1e75cf4bed3a,40bd779ea7f0f445,eb1e1e75cf4bed3a,KB-C_SUPERFAST_GAP,-563.3666666666667,,5.0,48.68,derived,Driver-customer pair creates consecutive trips too quickly to look operationally normal.
2855d45f9da1858b||7f1cf423dd81fb01,2855d45f9da1858b,7f1cf423dd81fb01,KB-C_SUPERFAST_GAP,-371.95,,5.0,38.68,derived,Driver-customer pair creates consecutive trips too quickly to look operationally normal.
ac05827af39af85b||3f5eed28ac3266b9,ac05827af39af85b,3f5eed28ac3266b9,KB-C_SUPERFAST_GAP,-869.05,,5.0,44.64,derived,Driver-customer pair creates consecutive trips too quickly to look operationally normal.
a2ff982d593ef5d9||13114fb87acddf53,a2ff982d593ef5d9,13114fb87acddf53,KB-C_SUPERFAST_GAP,-663.6166666666667,,5.0,45.85,derived,Driver-customer pair creates consecutive trips too quickly to look operationally normal.
2f4ff0449e7ece98||5cfd7cdb2761ce9f,2f4ff0449e7ece98,5cfd7cdb2761ce9f,KB-C_SUPERFAST_GAP,-664.55,,5.0,44.44,derived,Driver-customer pair creates consecutive trips too quickly to look operationally normal.
aca40c1e080488b8||49c43c61b5af61c2,aca40c1e080488b8,49c43c61b5af61c2,KB-C_SUPERFAST_GAP,-892.3333333333334,,5.0,40.7,derived,Driver-customer pair creates consecutive trips too quickly to look operationally normal.
1964c0e04b0de7f3||4f91ae27c0478790,1964c0e04b0de7f3,4f91ae27c0478790,KB-C_SUPERFAST_GAP,-707.7,,5.0,47.44,derived,Driver-customer pair creates consecutive trips too quickly to look operationally normal.
8e993736d7a0bdcf||faf5a2b1b293e046,8e993736d7a0bdcf,faf5a2b1b293e046,KB-C_SUPERFAST_GAP,-0.95,,5.0,45.12,derived,Driver-customer pair creates consecutive trips too quickly to look operationally normal.
a7647b9a93aa0d10||215ff117173a3f78,a7647b9a93aa0d10,215ff117173a3f78,KB-C_SUPERFAST_GAP,-141.05,,5.0,45.6,derived,Driver-customer pair creates consecutive trips too quickly to look operationally normal.
abca6b2b4cd2fba6||844120cb4d4f9013,abca6b2b4cd2fba6,844120cb4d4f9013,KB-C_SUPERFAST_GAP,-1171.2333333333333,,5.0,45.36,derived,Driver-customer pair creates consecutive trips too quickly to look operationally normal.
75fe75ad477196aa||0343be259256f03c,75fe75ad477196aa,0343be259256f03c,KB-C_SUPERFAST_GAP,-627.55,,5.0,42.05,derived,Driver-customer pair creates consecutive trips too quickly to look operationally normal.
1e82fff829bdf6bf||8b36a8aedcacea67,1e82fff829bdf6bf,8b36a8aedcacea67,KB-C_SUPERFAST_GAP,-1.95,,5.0,50.46,derived,Driver-customer pair creates consecutive trips too quickly to look operationally normal.
f65d3d5c34e3052a||7026d665dca1ef2d,f65d3d5c34e3052a,7026d665dca1ef2d,KB-C_SUPERFAST_GAP,-552.1666666666666,,5.0,42.56,derived,Driver-customer pair creates consecutive trips too quickly to look operationally normal.
49e7c2d47f318a0f||11471c4b47abcba9,49e7c2d47f318a0f,11471c4b47abcba9,KB-C_SUPERFAST_GAP,-843.3,,5.0,48.0,derived,Driver-customer pair creates consecutive trips too quickly to look operationally normal.
1e4eb6e11c83167d||6ce6b17d4e77cdf4,1e4eb6e11c83167d,6ce6b17d4e77cdf4,KB-C_SUPERFAST_GAP,-665.6,,5.0,45.26,derived,Driver-customer pair creates consecutive trips too quickly to look operationally normal.
4fd03fb810fcd3c3||91f7d6b428016139,4fd03fb810fcd3c3,91f7d6b428016139,KB-C_SUPERFAST_GAP,-491.8833333333333,,5.0,46.81,derived,Driver-customer pair creates consecutive trips too quickly to look operationally normal.
a6362216194c7591||4f7f4c1947224b7e,a6362216194c7591,4f7f4c1947224b7e,KB-C_SUPERFAST_GAP,-966.2666666666667,,5.0,45.38,derived,Driver-customer pair creates consecutive trips too quickly to look operationally normal.
f43556d6fdf1d584||65d66a318b25907c,f43556d6fdf1d584,65d66a318b25907c,KB-C_SUPERFAST_GAP,-1223.6833333333334,,5.0,40.05,derived,Driver-customer pair creates consecutive trips too quickly to look operationally normal.
d453440c5feb96ec||72b86be33a9770fd,d453440c5feb96ec,72b86be33a9770fd,KB-C_SUPERFAST_GAP,-244.98333333333332,,5.0,45.26,derived,Driver-customer pair creates consecutive trips too quickly to look operationally normal.
eca2d01daf17a7ed||05cd5463ca69947a,eca2d01daf17a7ed,05cd5463ca69947a,KB-C_SUPERFAST_GAP,-408.6333333333333,,5.0,39.08,derived,Driver-customer pair creates consecutive trips too quickly to look operationally normal.
1690b4ce10059cd2||ba82873dcaccf020,1690b4ce10059cd2,ba82873dcaccf020,KB-C_SUPERFAST_GAP,-142.33333333333334,,5.0,50.98,derived,Driver-customer pair creates consecutive trips too quickly to look operationally normal.
add6a3a2b1dc1b52||5d3cc2f0f24da340,add6a3a2b1dc1b52,5d3cc2f0f24da340,KB-C_SUPERFAST_GAP,-677.6666666666666,,5.0,48.65,derived,Driver-customer pair creates consecutive trips too quickly to look operationally normal.
7e62d782d2f90a4a||221e2266a043b91e,7e62d782d2f90a4a,221e2266a043b91e,KB-C_SUPERFAST_GAP,-934.65,,5.0,41.93,derived,Driver-customer pair creates consecutive trips too quickly to look operationally normal.
aaec82964a8db8c3||f5070e51004d8b10,aaec82964a8db8c3,f5070e51004d8b10,KB-C_SUPERFAST_GAP,-933.5166666666667,,5.0,61.89,derived,Driver-customer pair creates consecutive trips too quickly to look operationally normal.
1a04e8263cd220ed||e8ecf87434f4bac5,1a04e8263cd220ed,e8ecf87434f4bac5,KB-C_SUPERFAST_GAP,-863.8333333333334,,5.0,41.05,derived,Driver-customer pair creates consecutive trips too quickly to look operationally normal.
7246ed9979c3be0f||b607e4dccf9c8af1,7246ed9979c3be0f,b607e4dccf9c8af1,KB-C_SUPERFAST_GAP,-742.7666666666667,,5.0,44.33,derived,Driver-customer pair creates consecutive trips too quickly to look operationally normal.
4388bf88f619a8f2||51cba4837e3aa8e3,4388bf88f619a8f2,51cba4837e3aa8e3,KB-C_SUPERFAST_GAP,-874.3,,5.0,43.43,derived,Driver-customer pair creates consecutive trips too quickly to look operationally normal.
62af3e1f62497a6a||d0d6e1dad4e03344,62af3e1f62497a6a,d0d6e1dad4e03344,KB-C_SUPERFAST_GAP,-706.7,,5.0,47.85,derived,Driver-customer pair creates consecutive trips too quickly to look operationally normal.
72d97aafe9200fa7||19d8ccb251d42091,72d97aafe9200fa7,19d8ccb251d42091,KB-C_SUPERFAST_GAP,-434.3666666666667,,5.0,47.98,derived,Driver-customer pair creates consecutive trips too quickly to look operationally normal.
455af235d85f4e4a||57ef926d0b78b080,455af235d85f4e4a,57ef926d0b78b080,KB-C_SUPERFAST_GAP,-566.9833333333333,,5.0,46.17,derived,Driver-customer pair creates consecutive trips too quickly to look operationally normal.
e9d73783535c76f6||2e2b22a4aedb65e4,e9d73783535c76f6,2e2b22a4aedb65e4,KB-C_SUPERFAST_GAP,-399.3666666666667,,5.0,35.99,derived,Driver-customer pair creates consecutive trips too quickly to look operationally normal.
dc084ac91d4ee799||fd3ddff52a2fe154,dc084ac91d4ee799,fd3ddff52a2fe154,KB-C_SUPERFAST_GAP,-543.35,,5.0,50.14,derived,Driver-customer pair creates consecutive trips too quickly to look operationally normal.
768f77edea6ed664||89b58bcad5cd30a3,768f77edea6ed664,89b58bcad5cd30a3,KB-C_SUPERFAST_GAP,-766.15,,5.0,47.44,derived,Driver-customer pair creates consecutive trips too quickly to look operationally normal.
47538899bbd7e37f||2cc89be476d14d2d,47538899bbd7e37f,2cc89be476d14d2d,KB-C_SUPERFAST_GAP,-822.3833333333333,,5.0,39.38,derived,Driver-customer pair creates consecutive trips too quickly to look operationally normal.
1f3707b089d5420a||10012ca858f62242,1f3707b089d5420a,10012ca858f62242,KB-C_SUPERFAST_GAP,-830.4666666666667,,5.0,42.37,derived,Driver-customer pair creates consecutive trips too quickly to look operationally normal.
66c5b71be0e63cc7||8563a5c3fc3b5716,66c5b71be0e63cc7,8563a5c3fc3b5716,KB-C_SUPERFAST_GAP,-401.6333333333333,,5.0,42.18,derived,Driver-customer pair creates consecutive trips too quickly to look operationally normal.
36b216544e16f015||caea6450612b15d7,36b216544e16f015,caea6450612b15d7,KB-C_SUPERFAST_GAP,-762.9333333333333,,5.0,38.54,derived,Driver-customer pair creates consecutive trips too quickly to look operationally normal.
24f9a99760d18b6a||65ae97d0ef3f60a9,24f9a99760d18b6a,65ae97d0ef3f60a9,KB-C_SUPERFAST_GAP,-705.9166666666666,,5.0,46.78,derived,Driver-customer pair creates consecutive trips too quickly to look operationally normal.
5878c38d8a3e7079||39c483ffc808cb2a,5878c38d8a3e7079,39c483ffc808cb2a,KB-C_SUPERFAST_GAP,-1167.8833333333334,,5.0,40.14,derived,Driver-customer pair creates consecutive trips too quickly to look operationally normal.
d55bb19e62fdcba1||d0e5b1dd23621925,d55bb19e62fdcba1,d0e5b1dd23621925,KB-C_SUPERFAST_GAP,-1026.3,,5.0,33.54,derived,Driver-customer pair creates consecutive trips too quickly to look operationally normal.
661e3d75e226c2f9||3c6eee5bb9240bad,661e3d75e226c2f9,3c6eee5bb9240bad,KB-C_SUPERFAST_GAP,-599.75,,5.0,45.12,derived,Driver-customer pair creates consecutive trips too quickly to look operationally normal.
f6d353fbca15af36||776e9ed5a51fe9d0,f6d353fbca15af36,776e9ed5a51fe9d0,KB-C_SUPERFAST_GAP,-804.9166666666666,,5.0,38.29,derived,Driver-customer pair creates consecutive trips too quickly to look operationally normal.
a7629275523a7741||9dd47e260070bb92,a7629275523a7741,9dd47e260070bb92,KB-C_SUPERFAST_GAP,-5.383333333333334,,5.0,32.68,derived,Driver-customer pair creates consecutive trips too quickly to look operationally normal.
8a7479888f62fc07||b4b91027d3ae32cd,8a7479888f62fc07,b4b91027d3ae32cd,KB-C_SUPERFAST_GAP,-303.05,,5.0,40.63,derived,Driver-customer pair creates consecutive trips too quickly to look operationally normal.
7370b6f272bba1e8||489ebee5b9e7190d,7370b6f272bba1e8,489ebee5b9e7190d,KB-C_SUPERFAST_GAP,-115.73333333333333,,5.0,40.97,derived,Driver-customer pair creates consecutive trips too quickly to look operationally normal.
2fb30b05225a816f||dfea839d547dd4b1,2fb30b05225a816f,dfea839d547dd4b1,KB-C_SUPERFAST_GAP,-339.21666666666664,,5.0,43.49,derived,Driver-customer pair creates consecutive trips too quickly to look operationally normal.
e77ac3dee5bf92c2||f8cad5e7cc8db4d0,e77ac3dee5bf92c2,f8cad5e7cc8db4d0,KB-C_SUPERFAST_GAP,-943.5666666666667,,5.0,44.38,derived,Driver-customer pair creates consecutive trips too quickly to look operationally normal.
c200a937b0d05b58||da5395e23fb77e8b,c200a937b0d05b58,da5395e23fb77e8b,KB-C_SUPERFAST_GAP,-239.21666666666667,,5.0,40.07,derived,Driver-customer pair creates consecutive trips too quickly to look operationally normal.
d642734b8aad119e||f9fea46b434d7db7,d642734b8aad119e,f9fea46b434d7db7,KB-C_SUPERFAST_GAP,-495.31666666666666,,5.0,37.72,derived,Driver-customer pair creates consecutive trips too quickly to look operationally normal.
06d43b133ae6fc47||17a2a0784fef34c9,06d43b133ae6fc47,17a2a0784fef34c9,KB-C_SUPERFAST_GAP,-647.5333333333333,,5.0,48.4,derived,Driver-customer pair creates consecutive trips too quickly to look operationally normal.
05ab72dc1fb1749f||c42d9d3796afc94f,05ab72dc1fb1749f,c42d9d3796afc94f,KB-C_SUPERFAST_GAP,-895.0,,5.0,39.04,derived,Driver-customer pair creates consecutive trips too quickly to look operationally normal.
835785cfa8eab704||f0eef6fdc3c5849a,835785cfa8eab704,f0eef6fdc3c5849a,KB-C_SUPERFAST_GAP,-729.9666666666667,,5.0,47.46,derived,Driver-customer pair creates consecutive trips too quickly to look operationally normal.
8d224d5393896dda||96e859633e6274b0,8d224d5393896dda,96e859633e6274b0,KB-C_SUPERFAST_GAP,-371.5833333333333,,5.0,45.88,derived,Driver-customer pair creates consecutive trips too quickly to look operationally normal.
4291ffa3348326ff||b772c1e657662f26,4291ffa3348326ff,b772c1e657662f26,KB-C_SUPERFAST_GAP,-176.16666666666666,,5.0,41.8,derived,Driver-customer pair creates consecutive trips too quickly to look operationally normal.
c5143d69ed0c39aa||d5f3e83716640ade,c5143d69ed0c39aa,d5f3e83716640ade,KB-C_SUPERFAST_GAP,-654.9666666666667,,5.0,36.86,derived,Driver-customer pair creates consecutive trips too quickly to look operationally normal.
ea438011c7df2552||9e03abf7515e9018,ea438011c7df2552,9e03abf7515e9018,KB-C_SUPERFAST_GAP,-838.3,,5.0,42.32,derived,Driver-customer pair creates consecutive trips too quickly to look operationally normal.
7c4ffc1efa5a9ed6||890a1bda1e46fd07,7c4ffc1efa5a9ed6,890a1bda1e46fd07,KB-C_SUPERFAST_GAP,-713.4666666666667,,5.0,37.08,derived,Driver-customer pair creates consecutive trips too quickly to look operationally normal.
c2e3dc5eef67a5ea||f294bf949899b69f,c2e3dc5eef67a5ea,f294bf949899b69f,KB-C_SUPERFAST_GAP,-117.03333333333333,,5.0,43.16,derived,Driver-customer pair creates consecutive trips too quickly to look operationally normal.
25c88c2c1219214a||0e28cc507833a628,25c88c2c1219214a,0e28cc507833a628,KB-C_SUPERFAST_GAP,-686.3833333333333,,5.0,43.7,derived,Driver-customer pair creates consecutive trips too quickly to look operationally normal.
2f69145fbaab2968||bdf8d991b12e6b81,2f69145fbaab2968,bdf8d991b12e6b81,KB-C_SUPERFAST_GAP,-726.5166666666667,,5.0,45.03,derived,Driver-customer pair creates consecutive trips too quickly to look operationally normal.
ba3dd8516d33712f||afd48ca3d7462ca6,ba3dd8516d33712f,afd48ca3d7462ca6,KB-C_SUPERFAST_GAP,-210.83333333333334,,5.0,36.5,derived,Driver-customer pair creates consecutive trips too quickly to look operationally normal.
f570d1f2b4f754fe||61f882ceb4384cd2,f570d1f2b4f754fe,61f882ceb4384cd2,KB-C_SUPERFAST_GAP,-508.96666666666664,,5.0,47.9,derived,Driver-customer pair creates consecutive trips too quickly to look operationally normal.
a0b43bafe3582324||3c0f644d605d7bab,a0b43bafe3582324,3c0f644d605d7bab,KB-C_SUPERFAST_GAP,-1062.0166666666667,,5.0,40.03,derived,Driver-customer pair creates consecutive trips too quickly to look operationally normal.
029085d5e2a48678||e53349cbaf1a64ad,029085d5e2a48678,e53349cbaf1a64ad,KB-C_SUPERFAST_GAP,-37.35,,5.0,36.56,derived,Driver-customer pair creates consecutive trips too quickly to look operationally normal.
da6fe6a511808fd0||ae21ee12826bdc6e,da6fe6a511808fd0,ae21ee12826bdc6e,KB-C_SUPERFAST_GAP,-238.43333333333334,,5.0,38.75,derived,Driver-customer pair creates consecutive trips too quickly to look operationally normal.
b3a852ae65f064c8||a4276b2b13f59fbb,b3a852ae65f064c8,a4276b2b13f59fbb,KB-C_SUPERFAST_GAP,-806.5333333333333,,5.0,47.4,derived,Driver-customer pair creates consecutive trips too quickly to look operationally normal.
d69c518bb874969b||cf4ed370c7c89d68,d69c518bb874969b,cf4ed370c7c89d68,KB-C_SUPERFAST_GAP,-415.51666666666665,,5.0,48.87,derived,Driver-customer pair creates consecutive trips too quickly to look operationally normal.
c3a7827c60bef9aa||1fd25e8eee9a67af,c3a7827c60bef9aa,1fd25e8eee9a67af,KB-C_SUPERFAST_GAP,-410.78333333333336,,5.0,39.52,derived,Driver-customer pair creates consecutive trips too quickly to look operationally normal.
d73584683097cb0f||e2d1ec8c0b19fa79,d73584683097cb0f,e2d1ec8c0b19fa79,KB-C_SUPERFAST_GAP,-22.883333333333333,,5.0,39.35,derived,Driver-customer pair creates consecutive trips too quickly to look operationally normal.
15c72372f4ebc17d||67d0f9dcd3cd733f,15c72372f4ebc17d,67d0f9dcd3cd733f,KB-C_SUPERFAST_GAP,-525.2,,5.0,43.65,derived,Driver-customer pair creates consecutive trips too quickly to look operationally normal.
d668255acfdeddff||ea664b06d4c9f652,d668255acfdeddff,ea664b06d4c9f652,KB-C_SUPERFAST_GAP,-4.833333333333333,,5.0,43.81,derived,Driver-customer pair creates consecutive trips too quickly to look operationally normal.
9c8688935f340e53||6bee3f20a83ae153,9c8688935f340e53,6bee3f20a83ae153,KB-C_SUPERFAST_GAP,-500.21666666666664,,5.0,47.89,derived,Driver-customer pair creates consecutive trips too quickly to look operationally normal.
0efdf72fcb6bbbc0||80ac44fef859617c,0efdf72fcb6bbbc0,80ac44fef859617c,KB-C_SUPERFAST_GAP,-353.85,,5.0,37.66,derived,Driver-customer pair creates consecutive trips too quickly to look operationally normal.
f12c86ab2bcf8178||4f792e94c929ebe1,f12c86ab2bcf8178,4f792e94c929ebe1,KB-C_SUPERFAST_GAP,-137.53333333333333,,5.0,36.42,derived,Driver-customer pair creates consecutive trips too quickly to look operationally normal.
681891fa8aa9f41b||cdd356ed4c426591,681891fa8aa9f41b,cdd356ed4c426591,KB-C_SUPERFAST_GAP,-504.1,,5.0,46.67,derived,Driver-customer pair creates consecutive trips too quickly to look operationally normal.
66e2ec6894eed7c0||28ebe69d0f9395e8,66e2ec6894eed7c0,28ebe69d0f9395e8,KB-C_SUPERFAST_GAP,-1.45,,5.0,57.88,derived,Driver-customer pair creates consecutive trips too quickly to look operationally normal.
9295bda703ebb07c||06bcb3d0402c09a7,9295bda703ebb07c,06bcb3d0402c09a7,KB-C_SUPERFAST_GAP,-594.05,,5.0,42.09,derived,Driver-customer pair creates consecutive trips too quickly to look operationally normal.
46d710c9a788b55a||3049b5d3c3aa8811,46d710c9a788b55a,3049b5d3c3aa8811,KB-C_SUPERFAST_GAP,-486.4,,5.0,43.07,derived,Driver-customer pair creates consecutive trips too quickly to look operationally normal.
46d710c9a788b55a||3d7af27860ef2eb2,46d710c9a788b55a,3d7af27860ef2eb2,KB-C_SUPERFAST_GAP,-119.83333333333333,,5.0,43.07,derived,Driver-customer pair creates consecutive trips too quickly to look operationally normal.
b08523ead717660e||093d104d8bceda7e,b08523ead717660e,093d104d8bceda7e,KB-C_SUPERFAST_GAP,-440.76666666666665,,5.0,44.14,derived,Driver-customer pair creates consecutive trips too quickly to look operationally normal.
7a9e250ff00850e1||2b7015872e692b24,7a9e250ff00850e1,2b7015872e692b24,KB-C_SUPERFAST_GAP,-859.5833333333334,,5.0,46.62,derived,Driver-customer pair creates consecutive trips too quickly to look operationally normal.
b462eb79e1d911b1||45ff5f1734fd4ab0,b462eb79e1d911b1,45ff5f1734fd4ab0,KB-C_SUPERFAST_GAP,-320.56666666666666,,5.0,41.49,derived,Driver-customer pair creates consecutive trips too quickly to look operationally normal.
e1971c9d6276d445||70493717aae4412c,e1971c9d6276d445,70493717aae4412c,KB-C_SUPERFAST_GAP,-917.8666666666667,,5.0,42.43,derived,Driver-customer pair creates consecutive trips too quickly to look operationally normal.
6ab382d48ce5fb4c||441fb4d1592c46ac,6ab382d48ce5fb4c,441fb4d1592c46ac,KB-C_SUPERFAST_GAP,-531.3833333333333,,5.0,47.61,derived,Driver-customer pair creates consecutive trips too quickly to look operationally normal.
76b838517a5803d0||d8c18320795c6631,76b838517a5803d0,d8c18320795c6631,KB-C_SUPERFAST_GAP,-630.8166666666667,,5.0,47.72,derived,Driver-customer pair creates consecutive trips too quickly to look operationally normal.
065c763e856f1601||d4451c264d27d378,065c763e856f1601,d4451c264d27d378,KB-C_SUPERFAST_GAP,-62.11666666666667,,5.0,51.28,derived,Driver-customer pair creates consecutive trips too quickly to look operationally normal.
b9162eacd69bdaf3||516d43dec7f530fd,b9162eacd69bdaf3,516d43dec7f530fd,KB-C_SUPERFAST_GAP,-744.0666666666667,,5.0,54.37,derived,Driver-customer pair creates consecutive trips too quickly to look operationally normal.
2e99294ba536730c||356007fd38805236,2e99294ba536730c,356007fd38805236,KB-C_SUPERFAST_GAP,-380.7,,5.0,43.14,derived,Driver-customer pair creates consecutive trips too quickly to look operationally normal.
5d515db124cc38be||9c2725262345c6e5,5d515db124cc38be,9c2725262345c6e5,KB-C_SUPERFAST_GAP,-597.3833333333333,,5.0,37.77,derived,Driver-customer pair creates consecutive trips too quickly to look operationally normal.
9292c8471f83af23||2e75c4d7e1521fbd,9292c8471f83af23,2e75c4d7e1521fbd,KB-C_SUPERFAST_GAP,-145.86666666666667,,5.0,44.45,derived,Driver-customer pair creates consecutive trips too quickly to look operationally normal.
d0ffcfc1dd0cd0d5||e7ecf049b876ba58,d0ffcfc1dd0cd0d5,e7ecf049b876ba58,KB-C_SUPERFAST_GAP,-744.9666666666667,,5.0,47.2,derived,Driver-customer pair creates consecutive trips too quickly to look operationally normal.
ca17e1d5cd2e53e6||4f5bd502c05ce442,ca17e1d5cd2e53e6,4f5bd502c05ce442,KB-C_SUPERFAST_GAP,-808.3166666666667,,5.0,39.36,derived,Driver-customer pair creates consecutive trips too quickly to look operationally normal.
670ccfa187cb9d5c||0843557ca38fe4d5,670ccfa187cb9d5c,0843557ca38fe4d5,KB-C_SUPERFAST_GAP,-1302.05,,5.0,41.12,derived,Driver-customer pair creates consecutive trips too quickly to look operationally normal.
8dde76fb68a4e97a||1d5acfebf79d2c9b,8dde76fb68a4e97a,1d5acfebf79d2c9b,KB-C_SUPERFAST_GAP,-304.23333333333335,,5.0,43.54,derived,Driver-customer pair creates consecutive trips too quickly to look operationally normal.
1f750ea67820917a||68d2dc28899fbe71,1f750ea67820917a,68d2dc28899fbe71,KB-C_SUPERFAST_GAP,-711.65,,5.0,50.68,derived,Driver-customer pair creates consecutive trips too quickly to look operationally normal.
074f9586d4df4699||e86bb846ddac97d1,074f9586d4df4699,e86bb846ddac97d1,KB-C_SUPERFAST_GAP,-837.3333333333334,,5.0,39.89,derived,Driver-customer pair creates consecutive trips too quickly to look operationally normal.
1f8e872b216ce0ae||83fdc59c5686db7a,1f8e872b216ce0ae,83fdc59c5686db7a,KB-C_SUPERFAST_GAP,-823.3166666666667,,5.0,40.27,derived,Driver-customer pair creates consecutive trips too quickly to look operationally normal.
4401adf7b70fb6a8||796d1a27851b23b4,4401adf7b70fb6a8,796d1a27851b23b4,KB-C_SUPERFAST_GAP,-610.7333333333333,,5.0,38.94,derived,Driver-customer pair creates consecutive trips too quickly to look operationally normal.
49f69971c6bb3597||ff821cfa12f681b2,49f69971c6bb3597,ff821cfa12f681b2,KB-C_SUPERFAST_GAP,-630.4166666666666,,5.0,38.57,derived,Driver-customer pair creates consecutive trips too quickly to look operationally normal.
f7b431bb96c6377d||b5a78a8c2aa08e09,f7b431bb96c6377d,b5a78a8c2aa08e09,KB-C_SUPERFAST_GAP,-603.1166666666667,,5.0,44.53,derived,Driver-customer pair creates consecutive trips too quickly to look operationally normal.
4ee67ef6ecca0555||20f0fb56e7906991,4ee67ef6ecca0555,20f0fb56e7906991,KB-C_SUPERFAST_GAP,-681.5,,5.0,42.78,derived,Driver-customer pair creates consecutive trips too quickly to look operationally normal.
b58e2dbe682d2262||98205a1acb3fa35f,b58e2dbe682d2262,98205a1acb3fa35f,KB-C_SUPERFAST_GAP,-607.7,,5.0,42.11,derived,Driver-customer pair creates consecutive trips too quickly to look operationally normal.
22fa09e4ce792dba||41417783c37fc064,22fa09e4ce792dba,41417783c37fc064,KB-C_SUPERFAST_GAP,-988.3,,5.0,40.55,derived,Driver-customer pair creates consecutive trips too quickly to look operationally normal.
e7f4644f5961f254||50490fc62991d973,e7f4644f5961f254,50490fc62991d973,KB-C_SUPERFAST_GAP,-393.71666666666664,,5.0,35.66,derived,Driver-customer pair creates consecutive trips too quickly to look operationally normal.
c2a5f5908f8297b6||416ba3aa38b45ef4,c2a5f5908f8297b6,416ba3aa38b45ef4,KB-C_SUPERFAST_GAP,-885.3166666666667,,5.0,40.98,derived,Driver-customer pair creates consecutive trips too quickly to look operationally normal.
39f09ad8625c0a20||e8e5e79752c96140,39f09ad8625c0a20,e8e5e79752c96140,KB-C_SUPERFAST_GAP,-1276.5,,5.0,43.89,derived,Driver-customer pair creates consecutive trips too quickly to look operationally normal.
93f706c50ef14859||7194bc1945d649c5,93f706c50ef14859,7194bc1945d649c5,KB-C_SUPERFAST_GAP,-507.6,,5.0,45.02,derived,Driver-customer pair creates consecutive trips too quickly to look operationally normal.
837d494a8cc048a9||df03895f23241ab8,837d494a8cc048a9,df03895f23241ab8,KB-C_SUPERFAST_GAP,-903.05,,5.0,42.98,derived,Driver-customer pair creates consecutive trips too quickly to look operationally normal.
7a9c92e767878489||4e954721a4054e84,7a9c92e767878489,4e954721a4054e84,KB-C_SUPERFAST_GAP,-392.43333333333334,,5.0,33.03,derived,Driver-customer pair creates consecutive trips too quickly to look operationally normal.
233ee0c48d4846e1||0ecf0f70cda3f5a7,233ee0c48d4846e1,0ecf0f70cda3f5a7,KB-C_SUPERFAST_GAP,-638.65,,5.0,39.54,derived,Driver-customer pair creates consecutive trips too quickly to look operationally normal.
7adbde9054d5f77a||a65a6a06b713db93,7adbde9054d5f77a,a65a6a06b713db93,KB-C_SUPERFAST_GAP,-319.46666666666664,,5.0,40.05,derived,Driver-customer pair creates consecutive trips too quickly to look operationally normal.
839d8448b00b8529||2d9edea3207d3a8f,839d8448b00b8529,2d9edea3207d3a8f,KB-C_SUPERFAST_GAP,-371.65,,5.0,47.18,derived,Driver-customer pair creates consecutive trips too quickly to look operationally normal.
250335eeec9709f8||9300a0d64f940465,250335eeec9709f8,9300a0d64f940465,KB-C_SUPERFAST_GAP,-36.15,,5.0,42.85,derived,Driver-customer pair creates consecutive trips too quickly to look operationally normal.
482a087a911b48db||f5de01d5035cf29d,482a087a911b48db,f5de01d5035cf29d,KB-C_SUPERFAST_GAP,-595.05,,5.0,40.71,derived,Driver-customer pair creates consecutive trips too quickly to look operationally normal.
21164a1333e62406||2b41df2d36a53608,21164a1333e62406,2b41df2d36a53608,KB-C_SUPERFAST_GAP,-348.75,,5.0,38.36,derived,Driver-customer pair creates consecutive trips too quickly to look operationally normal.
49ac003a891fec94||64acbb8c9f04432a,49ac003a891fec94,64acbb8c9f04432a,KB-C_SUPERFAST_GAP,-681.0,,5.0,48.24,derived,Driver-customer pair creates consecutive trips too quickly to look operationally normal.
3152712928c6fdd5||b51d5a0ed8e4db45,3152712928c6fdd5,b51d5a0ed8e4db45,KB-C_SUPERFAST_GAP,-548.9,,5.0,44.16,derived,Driver-customer pair creates consecutive trips too quickly to look operationally normal.
a0b07bbebfa3d791||cc2f8a8300a5484e,a0b07bbebfa3d791,cc2f8a8300a5484e,KB-C_SUPERFAST_GAP,-129.78333333333333,,5.0,39.4,derived,Driver-customer pair creates consecutive trips too quickly to look operationally normal.
5070495369e160cf||abff53738c51780b,5070495369e160cf,abff53738c51780b,KB-C_SUPERFAST_GAP,-779.4666666666667,,5.0,46.93,derived,Driver-customer pair creates consecutive trips too quickly to look operationally normal.
27b9cc48959d1359||8f78a03c3f554447,27b9cc48959d1359,8f78a03c3f554447,KB-C_SUPERFAST_GAP,-728.7833333333333,,5.0,48.99,derived,Driver-customer pair creates consecutive trips too quickly to look operationally normal.
347264c45064cdd1||c81b8f640a0f302b,347264c45064cdd1,c81b8f640a0f302b,KB-C_SUPERFAST_GAP,-974.35,,5.0,40.05,derived,Driver-customer pair creates consecutive trips too quickly to look operationally normal.
fcd7020e4c4a53d0||a5f2000b4df1374d,fcd7020e4c4a53d0,a5f2000b4df1374d,KB-C_SUPERFAST_GAP,-696.1333333333333,,5.0,39.48,derived,Driver-customer pair creates consecutive trips too quickly to look operationally normal.
93304041b749303c||9b994bed56abdc1d,93304041b749303c,9b994bed56abdc1d,KB-C_SUPERFAST_GAP,-596.2333333333333,,5.0,40.31,derived,Driver-customer pair creates consecutive trips too quickly to look operationally normal.
26e89cb7b9a36e47||8bf8bc97a375b8f3,26e89cb7b9a36e47,8bf8bc97a375b8f3,KB-C_SUPERFAST_GAP,-283.15,,5.0,41.36,derived,Driver-customer pair creates consecutive trips too quickly to look operationally normal.
f2117533b66578a9||7c48a7ccf2bdecc8,f2117533b66578a9,7c48a7ccf2bdecc8,KB-C_SUPERFAST_GAP,-387.05,,5.0,44.41,derived,Driver-customer pair creates consecutive trips too quickly to look operationally normal.
e2239f66d16bad25||6992ca49dff46d60,e2239f66d16bad25,6992ca49dff46d60,KB-C_SUPERFAST_GAP,-823.5166666666667,,5.0,44.34,derived,Driver-customer pair creates consecutive trips too quickly to look operationally normal.
063ff34d1a31f562||d54d36abde06a63f,063ff34d1a31f562,d54d36abde06a63f,KB-C_SUPERFAST_GAP,-111.85,,5.0,37.28,derived,Driver-customer pair creates consecutive trips too quickly to look operationally normal.
33caad945262f762||f0eb9c89a8f88566,33caad945262f762,f0eb9c89a8f88566,KB-C_SUPERFAST_GAP,-406.85,,5.0,45.94,derived,Driver-customer pair creates consecutive trips too quickly to look operationally normal.
97e064518e105a83||65cc0724efd3100e,97e064518e105a83,65cc0724efd3100e,KB-C_SUPERFAST_GAP,-551.0,,5.0,37.59,derived,Driver-customer pair creates consecutive trips too quickly to look operationally normal.
253a044ce34379a0||a23a48da79e21063,253a044ce34379a0,a23a48da79e21063,KB-C_SUPERFAST_GAP,-11.55,,5.0,34.04,derived,Driver-customer pair creates consecutive trips too quickly to look operationally normal.
530c45f460a50fe5||75616316b281cd1e,530c45f460a50fe5,75616316b281cd1e,KB-C_SUPERFAST_GAP,-654.85,,5.0,43.52,derived,Driver-customer pair creates consecutive trips too quickly to look operationally normal.
596d68d26c54db44||be46a853dc66eec8,596d68d26c54db44,be46a853dc66eec8,KB-C_SUPERFAST_GAP,-743.5333333333333,,5.0,40.19,derived,Driver-customer pair creates consecutive trips too quickly to look operationally normal.
e8f54b3c7b58608b||e75e1c9234c57a63,e8f54b3c7b58608b,e75e1c9234c57a63,KB-C_SUPERFAST_GAP,-447.06666666666666,,5.0,40.25,derived,Driver-customer pair creates consecutive trips too quickly to look operationally normal.
83d08e845496ece2||e91b2b6e5c8d8602,83d08e845496ece2,e91b2b6e5c8d8602,KB-C_SUPERFAST_GAP,-480.5,,5.0,47.57,derived,Driver-customer pair creates consecutive trips too quickly to look operationally normal.
11b50a1dcf024312||a55c8c915d03b9b9,11b50a1dcf024312,a55c8c915d03b9b9,KB-C_SUPERFAST_GAP,-614.2333333333333,,5.0,38.98,derived,Driver-customer pair creates consecutive trips too quickly to look operationally normal.
73021c54dda571ae||cab98da4250978f3,73021c54dda571ae,cab98da4250978f3,KB-C_SUPERFAST_GAP,-715.7333333333333,,5.0,34.0,derived,Driver-customer pair creates consecutive trips too quickly to look operationally normal.
6b09a7a88829d6c3||2a960e72f4e8a6ab,6b09a7a88829d6c3,2a960e72f4e8a6ab,KB-C_SUPERFAST_GAP,-527.05,,5.0,44.37,derived,Driver-customer pair creates consecutive trips too quickly to look operationally normal.
aa7f21a21bd89e8a||1cfb227996e9a502,aa7f21a21bd89e8a,1cfb227996e9a502,KB-C_SUPERFAST_GAP,-699.35,,5.0,38.47,derived,Driver-customer pair creates consecutive trips too quickly to look operationally normal.
6afdb11e3d876037||aed8f87c6814e94e,6afdb11e3d876037,aed8f87c6814e94e,KB-C_SUPERFAST_GAP,-491.25,,5.0,39.8,derived,Driver-customer pair creates consecutive trips too quickly to look operationally normal.
ccc97fea07ecb8f0||384f5d5d60bfbc7b,ccc97fea07ecb8f0,384f5d5d60bfbc7b,KB-C_SUPERFAST_GAP,-327.8666666666667,,5.0,47.02,derived,Driver-customer pair creates consecutive trips too quickly to look operationally normal.
2f85606b0b41346a||b63183afa1c5fccc,2f85606b0b41346a,b63183afa1c5fccc,KB-C_SUPERFAST_GAP,-3.433333333333333,,5.0,48.09,derived,Driver-customer pair creates consecutive trips too quickly to look operationally normal.
9f37b557221202c5||d72a8d2ed5ce706f,9f37b557221202c5,d72a8d2ed5ce706f,KB-C_SUPERFAST_GAP,-196.88333333333333,,5.0,39.27,derived,Driver-customer pair creates consecutive trips too quickly to look operationally normal.
ccf75c31af4079eb||d147869648f3e847,ccf75c31af4079eb,d147869648f3e847,KB-C_SUPERFAST_GAP,-444.95,,5.0,39.77,derived,Driver-customer pair creates consecutive trips too quickly to look operationally normal.
d75a3daa79605185||b6cb99f649541fd0,d75a3daa79605185,b6cb99f649541fd0,KB-C_SUPERFAST_GAP,-444.18333333333334,,5.0,45.34,derived,Driver-customer pair creates consecutive trips too quickly to look operationally normal.
dd9402e53f9c96fa||8ff13517f3d40fe8,dd9402e53f9c96fa,8ff13517f3d40fe8,KB-C_SUPERFAST_GAP,-754.7,,5.0,43.76,derived,Driver-customer pair creates consecutive trips too quickly to look operationally normal.
62e53009279d220f||b8ad41032c8bb07e,62e53009279d220f,b8ad41032c8bb07e,KB-C_SUPERFAST_GAP,-674.8166666666667,,5.0,41.32,derived,Driver-customer pair creates consecutive trips too quickly to look operationally normal.
5a53b9681461213b||f8de7259c804067c,5a53b9681461213b,f8de7259c804067c,KB-C_SUPERFAST_GAP,-237.4,,5.0,35.68,derived,Driver-customer pair creates consecutive trips too quickly to look operationally normal.
679e5be8a5c259d1||ea79424362ac4271,679e5be8a5c259d1,ea79424362ac4271,KB-C_SUPERFAST_GAP,-906.3166666666667,,5.0,41.55,derived,Driver-customer pair creates consecutive trips too quickly to look operationally normal.
023f52e48d1ad128||784ca6b743abf41b,023f52e48d1ad128,784ca6b743abf41b,KB-C_SUPERFAST_GAP,-6.416666666666667,,5.0,30.92,derived,Driver-customer pair creates consecutive trips too quickly to look operationally normal.
b6244cab15f690aa||cdd6f632560019c8,b6244cab15f690aa,cdd6f632560019c8,KB-C_SUPERFAST_GAP,-824.4833333333333,,5.0,42.52,derived,Driver-customer pair creates consecutive trips too quickly to look operationally normal.
47af867ce877154c||b8acd8e32b760a2b,47af867ce877154c,b8acd8e32b760a2b,KB-C_SUPERFAST_GAP,-731.5833333333334,,5.0,43.48,derived,Driver-customer pair creates consecutive trips too quickly to look operationally normal.
1ea6e292782a86d5||ea398e884a5cb21d,1ea6e292782a86d5,ea398e884a5cb21d,KB-C_SUPERFAST_GAP,-615.0166666666667,,5.0,38.3,derived,Driver-customer pair creates consecutive trips too quickly to look operationally normal.
04a9ec6821110c1f||f89b8475159ebc99,04a9ec6821110c1f,f89b8475159ebc99,KB-C_SUPERFAST_GAP,-587.3666666666667,,5.0,42.44,derived,Driver-customer pair creates consecutive trips too quickly to look operationally normal.
7bb07e94d0706fca||d5e6a4de2d95b199,7bb07e94d0706fca,d5e6a4de2d95b199,KB-C_SUPERFAST_GAP,-590.3333333333334,,5.0,43.94,derived,Driver-customer pair creates consecutive trips too quickly to look operationally normal.
63c41aad7b8121a5||036762349cc59d3a,63c41aad7b8121a5,036762349cc59d3a,KB-C_SUPERFAST_GAP,-1015.0666666666667,,5.0,41.81,derived,Driver-customer pair creates consecutive trips too quickly to look operationally normal.
9715aaceb208ed3b||72e5f7c066605741,9715aaceb208ed3b,72e5f7c066605741,KB-C_SUPERFAST_GAP,-802.8833333333333,,5.0,51.02,derived,Driver-customer pair creates consecutive trips too quickly to look operationally normal.
d2a0b9232e5e615d||7e9ba7301aa6c3db,d2a0b9232e5e615d,7e9ba7301aa6c3db,KB-C_SUPERFAST_GAP,-458.1333333333333,,5.0,45.48,derived,Driver-customer pair creates consecutive trips too quickly to look operationally normal.
0fece9ac92bc431b||e69de64123980b5d,0fece9ac92bc431b,e69de64123980b5d,KB-C_SUPERFAST_GAP,-591.9833333333333,,5.0,41.5,derived,Driver-customer pair creates consecutive trips too quickly to look operationally normal.
666a3092872a7877||c1de173350852133,666a3092872a7877,c1de173350852133,KB-C_SUPERFAST_GAP,-777.05,,5.0,45.87,derived,Driver-customer pair creates consecutive trips too quickly to look operationally normal.
b62beeb5e4a0a91d||4d3597b64605c678,b62beeb5e4a0a91d,4d3597b64605c678,KB-C_SUPERFAST_GAP,-818.4666666666667,,5.0,43.56,derived,Driver-customer pair creates consecutive trips too quickly to look operationally normal.
40acf18c210f9269||dfed23b230b12326,40acf18c210f9269,dfed23b230b12326,KB-C_SUPERFAST_GAP,-315.8666666666667,,5.0,45.79,derived,Driver-customer pair creates consecutive trips too quickly to look operationally normal.
373ad0220443d475||b1906e333b1b538a,373ad0220443d475,b1906e333b1b538a,KB-C_SUPERFAST_GAP,-651.7166666666667,,5.0,42.8,derived,Driver-customer pair creates consecutive trips too quickly to look operationally normal.
98e1dbccc7c2d84d||e51fea4ca35416df,98e1dbccc7c2d84d,e51fea4ca35416df,KB-C_SUPERFAST_GAP,-624.8166666666667,,5.0,41.18,derived,Driver-customer pair creates consecutive trips too quickly to look operationally normal.
4998891c6eccbae1||577e3dd10256eff0,4998891c6eccbae1,577e3dd10256eff0,KB-C_SUPERFAST_GAP,-134.68333333333334,,5.0,48.44,derived,Driver-customer pair creates consecutive trips too quickly to look operationally normal.
f51a4b899a8b26d2||6b4cce38949460b4,f51a4b899a8b26d2,6b4cce38949460b4,KB-C_SUPERFAST_GAP,-273.03333333333336,,5.0,39.34,derived,Driver-customer pair creates consecutive trips too quickly to look operationally normal.
6c679f8098174d61||cb8c28650e82baf4,6c679f8098174d61,cb8c28650e82baf4,KB-C_SUPERFAST_GAP,-534.2666666666667,,5.0,32.84,derived,Driver-customer pair creates consecutive trips too quickly to look operationally normal.
9d4234a0593d9077||b041109911d8eeb1,9d4234a0593d9077,b041109911d8eeb1,KB-C_SUPERFAST_GAP,-434.23333333333335,,5.0,41.82,derived,Driver-customer pair creates consecutive trips too quickly to look operationally normal.
dfb6017f141cf05c||c6cebe3f1d7fb8a9,dfb6017f141cf05c,c6cebe3f1d7fb8a9,KB-C_SUPERFAST_GAP,-1011.3333333333334,,5.0,43.65,derived,Driver-customer pair creates consecutive trips too quickly to look operationally normal.
75cbc3a1f0cd5b16||21fbae063205e268,75cbc3a1f0cd5b16,21fbae063205e268,KB-C_SUPERFAST_GAP,-1247.1,,5.0,42.54,derived,Driver-customer pair creates consecutive trips too quickly to look operationally normal.
f80ed75cef63332a||88b43c23bc92d791,f80ed75cef63332a,88b43c23bc92d791,KB-C_SUPERFAST_GAP,-750.6,,5.0,44.6,derived,Driver-customer pair creates consecutive trips too quickly to look operationally normal.
6545cf2c835690bc||b6c116861942e779,6545cf2c835690bc,b6c116861942e779,KB-C_SUPERFAST_GAP,-174.2,,5.0,38.72,derived,Driver-customer pair creates consecutive trips too quickly to look operationally normal.
8068bcfea8935975||9d8a7e5ca81b102c,8068bcfea8935975,9d8a7e5ca81b102c,KB-C_SUPERFAST_GAP,-319.95,,5.0,45.31,derived,Driver-customer pair creates consecutive trips too quickly to look operationally normal.
2ec1650f4033afec||c46fd92ce5728643,2ec1650f4033afec,c46fd92ce5728643,KB-C_SUPERFAST_GAP,-422.28333333333336,,5.0,43.95,derived,Driver-customer pair creates consecutive trips too quickly to look operationally normal.
bf3ff0bf492c40fa||140e3d16950f86e2,bf3ff0bf492c40fa,140e3d16950f86e2,KB-C_SUPERFAST_GAP,-165.55,,5.0,36.95,derived,Driver-customer pair creates consecutive trips too quickly to look operationally normal.
db99c1784ff63592||dd254fed1559323f,db99c1784ff63592,dd254fed1559323f,KB-C_SUPERFAST_GAP,-370.8333333333333,,5.0,38.66,derived,Driver-customer pair creates consecutive trips too quickly to look operationally normal.
667b20067d547094||c6da2b546cd21f06,667b20067d547094,c6da2b546cd21f06,KB-C_SUPERFAST_GAP,-444.98333333333335,,5.0,38.48,derived,Driver-customer pair creates consecutive trips too quickly to look operationally normal.
e15717a62f290fbb||1a3f2da8d72ab761,e15717a62f290fbb,1a3f2da8d72ab761,KB-C_SUPERFAST_GAP,-530.0,,5.0,45.99,derived,Driver-customer pair creates consecutive trips too quickly to look operationally normal.
85a664bf6f87b6dd||80653c2dbf291c8f,85a664bf6f87b6dd,80653c2dbf291c8f,KB-C_SUPERFAST_GAP,-615.0166666666667,,5.0,42.12,derived,Driver-customer pair creates consecutive trips too quickly to look operationally normal.
1404cdecd1b7c27d||2f6171158c63a40b,1404cdecd1b7c27d,2f6171158c63a40b,KB-C_SUPERFAST_GAP,-1068.1,,5.0,38.51,derived,Driver-customer pair creates consecutive trips too quickly to look operationally normal.
13ddec0fff826b54||3aa4200977035ca2,13ddec0fff826b54,3aa4200977035ca2,KB-C_SUPERFAST_GAP,-623.5833333333334,,5.0,46.31,derived,Driver-customer pair creates consecutive trips too quickly to look operationally normal.
709d587d6d63c90f||4ab83b03e3c1712a,709d587d6d63c90f,4ab83b03e3c1712a,KB-C_SUPERFAST_GAP,-714.45,,5.0,40.13,derived,Driver-customer pair creates consecutive trips too quickly to look operationally normal.
3eb2a21c2fc0608d||cff13c81d6f29727,3eb2a21c2fc0608d,cff13c81d6f29727,KB-C_SUPERFAST_GAP,-649.6666666666666,,5.0,38.93,derived,Driver-customer pair creates consecutive trips too quickly to look operationally normal.
486ee9e0be7cb98c||2aee074cc5e5cbd5,486ee9e0be7cb98c,2aee074cc5e5cbd5,KB-C_SUPERFAST_GAP,-626.5833333333334,,5.0,42.94,derived,Driver-customer pair creates consecutive trips too quickly to look operationally normal.
435cc5cc97ca97bd||89cd2ff7dfe55988,435cc5cc97ca97bd,89cd2ff7dfe55988,KB-C_SUPERFAST_GAP,-360.8666666666667,,5.0,37.41,derived,Driver-customer pair creates consecutive trips too quickly to look operationally normal.
9dad0a26bb0ec89e||dfc6079261054f50,9dad0a26bb0ec89e,dfc6079261054f50,KB-C_SUPERFAST_GAP,-691.9666666666667,,5.0,36.97,derived,Driver-customer pair creates consecutive trips too quickly to look operationally normal.
2ae849dc6393a0e2||b2f18f8f949e151c,2ae849dc6393a0e2,b2f18f8f949e151c,KB-C_SUPERFAST_GAP,-752.4,,5.0,36.68,derived,Driver-customer pair creates consecutive trips too quickly to look operationally normal.
6037cdf8d922c1de||4c3f261de5e83e54,6037cdf8d922c1de,4c3f261de5e83e54,KB-C_SUPERFAST_GAP,-433.81666666666666,,5.0,37.84,derived,Driver-customer pair creates consecutive trips too quickly to look operationally normal.
c3f35594c37cdb8f||9b5c3691982a9936,c3f35594c37cdb8f,9b5c3691982a9936,KB-C_SUPERFAST_GAP,-266.51666666666665,,5.0,40.66,derived,Driver-customer pair creates consecutive trips too quickly to look operationally normal.
3ce2d7c297a854cd||3545c4ee5ed3ccd7,3ce2d7c297a854cd,3545c4ee5ed3ccd7,KB-C_SUPERFAST_GAP,-453.5833333333333,,5.0,45.77,derived,Driver-customer pair creates consecutive trips too quickly to look operationally normal.
fade2adce4880f73||f48b3a538a40fe21,fade2adce4880f73,f48b3a538a40fe21,KB-C_SUPERFAST_GAP,-673.6166666666667,,5.0,44.76,derived,Driver-customer pair creates consecutive trips too quickly to look operationally normal.
6aaeecac26641e7a||ded2c401f9512704,6aaeecac26641e7a,ded2c401f9512704,KB-C_SUPERFAST_GAP,-403.51666666666665,,5.0,41.91,derived,Driver-customer pair creates consecutive trips too quickly to look operationally normal.
8e8ff01196c8c833||f399f33d58ffd8aa,8e8ff01196c8c833,f399f33d58ffd8aa,KB-C_SUPERFAST_GAP,-471.6,,5.0,43.51,derived,Driver-customer pair creates consecutive trips too quickly to look operationally normal.
5757a0575588f387||902e909b69c0bb7d,5757a0575588f387,902e909b69c0bb7d,KB-C_SUPERFAST_GAP,-860.0166666666667,,5.0,44.4,derived,Driver-customer pair creates consecutive trips too quickly to look operationally normal.
f66d41fda41fdc36||aa14618093edf108,f66d41fda41fdc36,aa14618093edf108,KB-C_SUPERFAST_GAP,-990.0,,5.0,42.32,derived,Driver-customer pair creates consecutive trips too quickly to look operationally normal.
d811b5c5f19d5f7d||974cd75261d4c156,d811b5c5f19d5f7d,974cd75261d4c156,KB-C_SUPERFAST_GAP,-523.0166666666667,,5.0,42.17,derived,Driver-customer pair creates consecutive trips too quickly to look operationally normal.
02df3393bbac42fc||638712f1898de72c,02df3393bbac42fc,638712f1898de72c,KB-C_SUPERFAST_GAP,-349.6,,5.0,33.28,derived,Driver-customer pair creates consecutive trips too quickly to look operationally normal.
d7b634b0618ebd34||aec7c15a653cf9f6,d7b634b0618ebd34,aec7c15a653cf9f6,KB-C_SUPERFAST_GAP,-1242.1333333333334,,5.0,42.73,derived,Driver-customer pair creates consecutive trips too quickly to look operationally normal.
21c49191eb4b033f||27bad3a5278e21c7,21c49191eb4b033f,27bad3a5278e21c7,KB-C_SUPERFAST_GAP,-130.85,,5.0,36.9,derived,Driver-customer pair creates consecutive trips too quickly to look operationally normal.
f0aef1b5b9e0455c||96ddf166f570bb91,f0aef1b5b9e0455c,96ddf166f570bb91,KB-C_SUPERFAST_GAP,-160.25,,5.0,33.18,derived,Driver-customer pair creates consecutive trips too quickly to look operationally normal.
c5beeba0980c4174||5f07724d3e06c629,c5beeba0980c4174,5f07724d3e06c629,KB-C_SUPERFAST_GAP,-242.55,,5.0,50.14,derived,Driver-customer pair creates consecutive trips too quickly to look operationally normal.
da20945cbac8c6b3||52e7f2e31ae8f8ac,da20945cbac8c6b3,52e7f2e31ae8f8ac,KB-C_SUPERFAST_GAP,-453.35,,5.0,44.69,derived,Driver-customer pair creates consecutive trips too quickly to look operationally normal.
e471f12c32896e30||39970bb791628d4d,e471f12c32896e30,39970bb791628d4d,KB-C_SUPERFAST_GAP,-688.65,,5.0,44.04,derived,Driver-customer pair creates consecutive trips too quickly to look operationally normal.
a1b243a4e3507797||5715f8e841870bc3,a1b243a4e3507797,5715f8e841870bc3,KB-C_SUPERFAST_GAP,-1126.05,,5.0,45.74,derived,Driver-customer pair creates consecutive trips too quickly to look operationally normal.
9d166dfb0ccb4bfb||0d45734ef1a7d945,9d166dfb0ccb4bfb,0d45734ef1a7d945,KB-C_SUPERFAST_GAP,-828.0166666666667,,5.0,40.33,derived,Driver-customer pair creates consecutive trips too quickly to look operationally normal.
c0a21f926a8cc006||59876573e16711a9,c0a21f926a8cc006,59876573e16711a9,KB-C_SUPERFAST_GAP,-7.316666666666666,,5.0,39.84,derived,Driver-customer pair creates consecutive trips too quickly to look operationally normal.
e10442dda51e0ccb||cd7734921df619df,e10442dda51e0ccb,cd7734921df619df,KB-C_SUPERFAST_GAP,-748.5333333333333,,5.0,45.0,derived,Driver-customer pair creates consecutive trips too quickly to look operationally normal.
90f04d5b7996e4ce||1cd5c6b613ae0316,90f04d5b7996e4ce,1cd5c6b613ae0316,KB-C_SUPERFAST_GAP,-490.3333333333333,,5.0,36.24,derived,Driver-customer pair creates consecutive trips too quickly to look operationally normal.
320fe7b8bab4c050||6a4c360150ef33de,320fe7b8bab4c050,6a4c360150ef33de,KB-C_SUPERFAST_GAP,-876.1333333333333,,5.0,39.91,derived,Driver-customer pair creates consecutive trips too quickly to look operationally normal.
adae741af85347cf||ea7b62e5224eee01,adae741af85347cf,ea7b62e5224eee01,KB-C_SUPERFAST_GAP,-746.15,,5.0,46.73,derived,Driver-customer pair creates consecutive trips too quickly to look operationally normal.
70b5ee18d316821e||57c9966439103ab1,70b5ee18d316821e,57c9966439103ab1,KB-C_SUPERFAST_GAP,-905.0,,5.0,41.19,derived,Driver-customer pair creates consecutive trips too quickly to look operationally normal.
a671ba23b6de84ed||0d3ea0eca111512a,a671ba23b6de84ed,0d3ea0eca111512a,KB-C_SUPERFAST_GAP,-419.8,,5.0,39.55,derived,Driver-customer pair creates consecutive trips too quickly to look operationally normal.
870448098e26ea7c||063f2fe94680fae8,870448098e26ea7c,063f2fe94680fae8,KB-C_SUPERFAST_GAP,-1343.85,,5.0,43.46,derived,Driver-customer pair creates consecutive trips too quickly to look operationally normal.
e246a881cd9a0931||f55453f743fecd70,e246a881cd9a0931,f55453f743fecd70,KB-C_SUPERFAST_GAP,-91.03333333333333,,5.0,41.55,derived,Driver-customer pair creates consecutive trips too quickly to look operationally normal.
d68d62444b58e942||29101674f988dc38,d68d62444b58e942,29101674f988dc38,KB-C_SUPERFAST_GAP,-499.6166666666667,,5.0,38.78,derived,Driver-customer pair creates consecutive trips too quickly to look operationally normal.
248ffcdf9b5fc368||c1e410e4e6990f16,248ffcdf9b5fc368,c1e410e4e6990f16,KB-C_SUPERFAST_GAP,-568.25,,5.0,41.61,derived,Driver-customer pair creates consecutive trips too quickly to look operationally normal.
132bfddf22175bfe||d88377550899034a,132bfddf22175bfe,d88377550899034a,KB-C_SUPERFAST_GAP,-53.18333333333333,,5.0,39.56,derived,Driver-customer pair creates consecutive trips too quickly to look operationally normal.
57a781e937c3bccc||6693657e3de8511b,57a781e937c3bccc,6693657e3de8511b,KB-C_SUPERFAST_GAP,-443.6,,5.0,38.36,derived,Driver-customer pair creates consecutive trips too quickly to look operationally normal.
b55afc9f546db09e||b86f62344fa566fd,b55afc9f546db09e,b86f62344fa566fd,KB-C_SUPERFAST_GAP,-26.6,,5.0,34.43,derived,Driver-customer pair creates consecutive trips too quickly to look operationally normal.
504e52104c3ffccf||8066e5bb8bc771fc,504e52104c3ffccf,8066e5bb8bc771fc,KB-C_SUPERFAST_GAP,-735.2,,5.0,39.88,derived,Driver-customer pair creates consecutive trips too quickly to look operationally normal.
81d4bfddfa54ff5f||533ec34258435caf,81d4bfddfa54ff5f,533ec34258435caf,KB-C_SUPERFAST_GAP,-816.7333333333333,,5.0,43.05,derived,Driver-customer pair creates consecutive trips too quickly to look operationally normal.
3a8cad57f76cd018||0a5a8c88fab1d577,3a8cad57f76cd018,0a5a8c88fab1d577,KB-C_SUPERFAST_GAP,-357.03333333333336,,5.0,42.2,derived,Driver-customer pair creates consecutive trips too quickly to look operationally normal.
2b7fe2c644f86663||25d2840ebf05430e,2b7fe2c644f86663,25d2840ebf05430e,KB-C_SUPERFAST_GAP,-357.9166666666667,,5.0,36.42,derived,Driver-customer pair creates consecutive trips too quickly to look operationally normal.
61407bb564df3f5a||b58b5687b52d0d9a,61407bb564df3f5a,b58b5687b52d0d9a,KB-C_SUPERFAST_GAP,-605.8666666666667,,5.0,36.46,derived,Driver-customer pair creates consecutive trips too quickly to look operationally normal.
a818cd2d34b3f9a9||51da6711b5df2670,a818cd2d34b3f9a9,51da6711b5df2670,KB-C_SUPERFAST_GAP,-851.2,,5.0,41.98,derived,Driver-customer pair creates consecutive trips too quickly to look operationally normal.
7069dc4387b6357e||190e346f932b1b08,7069dc4387b6357e,190e346f932b1b08,KB-C_SUPERFAST_GAP,-409.28333333333336,,5.0,43.41,derived,Driver-customer pair creates consecutive trips too quickly to look operationally normal.
fa9cac68bc8dbe42||d5470e627d6a03c6,fa9cac68bc8dbe42,d5470e627d6a03c6,KB-C_SUPERFAST_GAP,-504.6,,5.0,42.6,derived,Driver-customer pair creates consecutive trips too quickly to look operationally normal.
0455fce5025b170d||06b645fb5851b587,0455fce5025b170d,06b645fb5851b587,KB-C_SUPERFAST_GAP,-674.7333333333333,,5.0,41.56,derived,Driver-customer pair creates consecutive trips too quickly to look operationally normal.
159107f286afb8cb||24b7b9bb5b8cc2db,159107f286afb8cb,24b7b9bb5b8cc2db,KB-C_SUPERFAST_GAP,-854.9333333333333,,5.0,39.02,derived,Driver-customer pair creates consecutive trips too quickly to look operationally normal.
50fcdabb710f529b||a00bfff85a169310,50fcdabb710f529b,a00bfff85a169310,KB-C_SUPERFAST_GAP,-552.1,,5.0,39.9,derived,Driver-customer pair creates consecutive trips too quickly to look operationally normal.
24874b35932be159||2c60c8d3584ee84b,24874b35932be159,2c60c8d3584ee84b,KB-C_SUPERFAST_GAP,-966.25,,5.0,38.6,derived,Driver-customer pair creates consecutive trips too quickly to look operationally normal.
c362ea293c53a87e||14d85bafdfe27fad,c362ea293c53a87e,14d85bafdfe27fad,KB-C_SUPERFAST_GAP,-773.5833333333334,,5.0,39.02,derived,Driver-customer pair creates consecutive trips too quickly to look operationally normal.
eb6a969f143a5e43||063b491f8e855795,eb6a969f143a5e43,063b491f8e855795,KB-C_SUPERFAST_GAP,-597.8666666666667,,5.0,42.54,derived,Driver-customer pair creates consecutive trips too quickly to look operationally normal.
94aa5e3e1edaecf6||75557b4b149ebca8,94aa5e3e1edaecf6,75557b4b149ebca8,KB-C_SUPERFAST_GAP,-683.3666666666667,,5.0,50.4,derived,Driver-customer pair creates consecutive trips too quickly to look operationally normal.
4744004d84d71866||44664fb2bd369542,4744004d84d71866,44664fb2bd369542,KB-C_SUPERFAST_GAP,-345.1,,5.0,41.0,derived,Driver-customer pair creates consecutive trips too quickly to look operationally normal.
689bde99f8719118||8f015c1ff13b810b,689bde99f8719118,8f015c1ff13b810b,KB-C_SUPERFAST_GAP,-547.6833333333333,,5.0,42.47,derived,Driver-customer pair creates consecutive trips too quickly to look operationally normal.
2d8e15aed9740927||877fbc943ee8a185,2d8e15aed9740927,877fbc943ee8a185,KB-C_SUPERFAST_GAP,-643.4666666666667,,5.0,45.28,derived,Driver-customer pair creates consecutive trips too quickly to look operationally normal.
15de35505115e14b||f1aca47ed38a98ab,15de35505115e14b,f1aca47ed38a98ab,KB-C_SUPERFAST_GAP,-749.5666666666667,,5.0,44.9,derived,Driver-customer pair creates consecutive trips too quickly to look operationally normal.
216d131b730a61b7||54042ee4fcbaed99,216d131b730a61b7,54042ee4fcbaed99,KB-C_SUPERFAST_GAP,-664.6666666666666,,5.0,33.93,derived,Driver-customer pair creates consecutive trips too quickly to look operationally normal.
2bd2c8292f4fd9df||6a908a1aa940022a,2bd2c8292f4fd9df,6a908a1aa940022a,KB-C_SUPERFAST_GAP,-333.8833333333333,,5.0,43.06,derived,Driver-customer pair creates consecutive trips too quickly to look operationally normal.
dde0bc926659dd64||f0602aa597b5d5d4,dde0bc926659dd64,f0602aa597b5d5d4,KB-C_SUPERFAST_GAP,-916.2,,5.0,46.91,derived,Driver-customer pair creates consecutive trips too quickly to look operationally normal.
5e5fe239ae4a0fe0||560e20df7ce0d6b7,5e5fe239ae4a0fe0,560e20df7ce0d6b7,KB-C_SUPERFAST_GAP,-670.1833333333333,,5.0,43.08,derived,Driver-customer pair creates consecutive trips too quickly to look operationally normal.
f1c7de5737101a8b||d7f0d8ea851ed4d7,f1c7de5737101a8b,d7f0d8ea851ed4d7,KB-C_SUPERFAST_GAP,-686.6,,5.0,38.99,derived,Driver-customer pair creates consecutive trips too quickly to look operationally normal.
59c7d6ca2c95abe0||8e19d5cb72bcba3a,59c7d6ca2c95abe0,8e19d5cb72bcba3a,KB-C_SUPERFAST_GAP,-744.6333333333333,,5.0,40.11,derived,Driver-customer pair creates consecutive trips too quickly to look operationally normal.
fcf1c50423fc22a8||5e56a923a095d3ee,fcf1c50423fc22a8,5e56a923a095d3ee,KB-C_SUPERFAST_GAP,-644.05,,5.0,41.96,derived,Driver-customer pair creates consecutive trips too quickly to look operationally normal.
b5dc0528d4e14f2e||72c7773f02e13495,b5dc0528d4e14f2e,72c7773f02e13495,KB-C_SUPERFAST_GAP,-600.1166666666667,,5.0,42.22,derived,Driver-customer pair creates consecutive trips too quickly to look operationally normal.
5b79765c2814ee13||073d3e48370d1b80,5b79765c2814ee13,073d3e48370d1b80,KB-C_SUPERFAST_GAP,-609.1666666666666,,5.0,36.25,derived,Driver-customer pair creates consecutive trips too quickly to look operationally normal.
5190dcecff0687cb||3b5a8fcf94c1c31f,5190dcecff0687cb,3b5a8fcf94c1c31f,KB-C_SUPERFAST_GAP,-69.08333333333333,,5.0,33.19,derived,Driver-customer pair creates consecutive trips too quickly to look operationally normal.
fa93c7bdb7f3010b||82394df9e22dcf30,fa93c7bdb7f3010b,82394df9e22dcf30,KB-C_SUPERFAST_GAP,-753.7,,5.0,47.38,derived,Driver-customer pair creates consecutive trips too quickly to look operationally normal.
3d8dc2593d90ba63||72159a75972cb55d,3d8dc2593d90ba63,72159a75972cb55d,KB-C_SUPERFAST_GAP,-1134.5666666666666,,5.0,45.79,derived,Driver-customer pair creates consecutive trips too quickly to look operationally normal.
d23dcf44bfe2ef3e||70ffa8c2ecbff276,d23dcf44bfe2ef3e,70ffa8c2ecbff276,KB-C_SUPERFAST_GAP,-648.9833333333333,,5.0,44.14,derived,Driver-customer pair creates consecutive trips too quickly to look operationally normal.
64a2502cb3d79c9b||e6a03cb0e531834a,64a2502cb3d79c9b,e6a03cb0e531834a,KB-C_SUPERFAST_GAP,-794.45,,5.0,39.25,derived,Driver-customer pair creates consecutive trips too quickly to look operationally normal.
23febabdf2264367||fa73e80a79ade544,23febabdf2264367,fa73e80a79ade544,KB-C_SUPERFAST_GAP,-385.6333333333333,,5.0,45.61,derived,Driver-customer pair creates consecutive trips too quickly to look operationally normal.
29fbff082405f8e2||c1c65bb5385fd22d,29fbff082405f8e2,c1c65bb5385fd22d,KB-C_SUPERFAST_GAP,-178.58333333333334,,5.0,45.16,derived,Driver-customer pair creates consecutive trips too quickly to look operationally normal.
452cb0d28f599eec||9a2d0825f5ed95d3,452cb0d28f599eec,9a2d0825f5ed95d3,KB-C_SUPERFAST_GAP,-497.71666666666664,,5.0,41.83,derived,Driver-customer pair creates consecutive trips too quickly to look operationally normal.
a124573cc7e89640||be4ef9399990c17f,a124573cc7e89640,be4ef9399990c17f,KB-C_SUPERFAST_GAP,-860.0666666666667,,5.0,38.44,derived,Driver-customer pair creates consecutive trips too quickly to look operationally normal.
49ec52f190e7f224||16b414e45af6285b,49ec52f190e7f224,16b414e45af6285b,KB-C_SUPERFAST_GAP,-302.1333333333333,,5.0,31.91,derived,Driver-customer pair creates consecutive trips too quickly to look operationally normal.
0615ca7f371a083a||6d37377f7867dfa4,0615ca7f371a083a,6d37377f7867dfa4,KB-C_SUPERFAST_GAP,-626.7666666666667,,5.0,39.98,derived,Driver-customer pair creates consecutive trips too quickly to look operationally normal.
37d104ed61f87569||770a59c82322ab15,37d104ed61f87569,770a59c82322ab15,KB-C_SUPERFAST_GAP,-750.9833333333333,,5.0,48.22,derived,Driver-customer pair creates consecutive trips too quickly to look operationally normal.
c5e1c8f0929911b1||8d7bdf0a0069435a,c5e1c8f0929911b1,8d7bdf0a0069435a,KB-C_SUPERFAST_GAP,-635.95,,5.0,43.97,derived,Driver-customer pair creates consecutive trips too quickly to look operationally normal.
f61692aa22ba34fc||a4922225195984ed,f61692aa22ba34fc,a4922225195984ed,KB-C_SUPERFAST_GAP,-772.8166666666667,,5.0,43.29,derived,Driver-customer pair creates consecutive trips too quickly to look operationally normal.
180e389dc9e916ba||45d8462070fb8452,180e389dc9e916ba,45d8462070fb8452,KB-C_SUPERFAST_GAP,-517.2,,5.0,50.76,derived,Driver-customer pair creates consecutive trips too quickly to look operationally normal.
d69f6d6739baff20||26998ffcb290636b,d69f6d6739baff20,26998ffcb290636b,KB-C_SUPERFAST_GAP,-336.71666666666664,,5.0,48.4,derived,Driver-customer pair creates consecutive trips too quickly to look operationally normal.
91404f607a58ff2f||5f3895e136cbe0f6,91404f607a58ff2f,5f3895e136cbe0f6,KB-C_SUPERFAST_GAP,-143.11666666666667,,5.0,37.05,derived,Driver-customer pair creates consecutive trips too quickly to look operationally normal.
3a9caf1156a4353f||38f2ea352fb86076,3a9caf1156a4353f,38f2ea352fb86076,KB-C_SUPERFAST_GAP,-674.8333333333334,,5.0,45.73,derived,Driver-customer pair creates consecutive trips too quickly to look operationally normal.
28d18b5006fb2cdd||835d02355f18c539,28d18b5006fb2cdd,835d02355f18c539,KB-C_SUPERFAST_GAP,-733.3333333333334,,5.0,44.46,derived,Driver-customer pair creates consecutive trips too quickly to look operationally normal.
74c6da41f932a819||3bf637e0ab189484,74c6da41f932a819,3bf637e0ab189484,KB-C_SUPERFAST_GAP,-401.98333333333335,,5.0,42.8,derived,Driver-customer pair creates consecutive trips too quickly to look operationally normal.
1f2009d2c709effa||576cda950287d17f,1f2009d2c709effa,576cda950287d17f,KB-C_SUPERFAST_GAP,-320.5,,5.0,39.83,derived,Driver-customer pair creates consecutive trips too quickly to look operationally normal.
846b5d96d96bf0a1||86ffc490b26a3a30,846b5d96d96bf0a1,86ffc490b26a3a30,KB-C_SUPERFAST_GAP,-1251.3666666666666,,5.0,38.97,derived,Driver-customer pair creates consecutive trips too quickly to look operationally normal.
098ab00f18ffe1c0||048be285f6b47a8a,098ab00f18ffe1c0,048be285f6b47a8a,KB-C_SUPERFAST_GAP,-445.43333333333334,,5.0,45.17,derived,Driver-customer pair creates consecutive trips too quickly to look operationally normal.
4481d877eaec5d84||f894acf250451372,4481d877eaec5d84,f894acf250451372,KB-C_SUPERFAST_GAP,-1351.7,,5.0,43.21,derived,Driver-customer pair creates consecutive trips too quickly to look operationally normal.
5e1375169a59617b||365a757f0665cb3d,5e1375169a59617b,365a757f0665cb3d,KB-C_SUPERFAST_GAP,-12.183333333333334,,5.0,53.59,derived,Driver-customer pair creates consecutive trips too quickly to look operationally normal.
5bf3504e6953b4ed||f6b7e2f2699abfb8,5bf3504e6953b4ed,f6b7e2f2699abfb8,KB-C_SUPERFAST_GAP,-868.2333333333333,,5.0,43.89,derived,Driver-customer pair creates consecutive trips too quickly to look operationally normal.
0fbd136e7a4aae47||45ba87dcfe484b57,0fbd136e7a4aae47,45ba87dcfe484b57,KB-C_SUPERFAST_GAP,-570.1666666666666,,5.0,40.31,derived,Driver-customer pair creates consecutive trips too quickly to look operationally normal.
8947bab2c824f527||5cb0eab879dab4a4,8947bab2c824f527,5cb0eab879dab4a4,KB-C_SUPERFAST_GAP,-789.1166666666667,,5.0,41.78,derived,Driver-customer pair creates consecutive trips too quickly to look operationally normal.
781224009a22eee0||c8419bc8ea22f8ab,781224009a22eee0,c8419bc8ea22f8ab,KB-C_SUPERFAST_GAP,-83.71666666666667,,5.0,37.4,derived,Driver-customer pair creates consecutive trips too quickly to look operationally normal.
0f3a402c1399187d||078c231068228be5,0f3a402c1399187d,078c231068228be5,KB-C_SUPERFAST_GAP,-24.966666666666665,,5.0,44.32,derived,Driver-customer pair creates consecutive trips too quickly to look operationally normal.
b1272ce5af1cf2ff||99ad6e58b74c1f6c,b1272ce5af1cf2ff,99ad6e58b74c1f6c,KB-C_SUPERFAST_GAP,-242.56666666666666,,5.0,41.31,derived,Driver-customer pair creates consecutive trips too quickly to look operationally normal.
a4c70057374cb545||5776e69fc2622ae9,a4c70057374cb545,5776e69fc2622ae9,KB-C_SUPERFAST_GAP,-29.75,,5.0,36.24,derived,Driver-customer pair creates consecutive trips too quickly to look operationally normal.
ffd67b6926dfc9ee||59cb048c3cad499a,ffd67b6926dfc9ee,59cb048c3cad499a,KB-C_SUPERFAST_GAP,-586.5833333333334,,5.0,37.72,derived,Driver-customer pair creates consecutive trips too quickly to look operationally normal.
8f386fec573f5913||a3afdcef4f158678,8f386fec573f5913,a3afdcef4f158678,KB-C_SUPERFAST_GAP,-336.01666666666665,,5.0,38.02,derived,Driver-customer pair creates consecutive trips too quickly to look operationally normal.
155f14f8f477a285||b989995dbb4a9237,155f14f8f477a285,b989995dbb4a9237,KB-C_SUPERFAST_GAP,-674.5833333333334,,5.0,38.15,derived,Driver-customer pair creates consecutive trips too quickly to look operationally normal.
84fee45a15909f39||2a1f98ec01e9d9b3,84fee45a15909f39,2a1f98ec01e9d9b3,KB-C_SUPERFAST_GAP,-413.1333333333333,,5.0,41.46,derived,Driver-customer pair creates consecutive trips too quickly to look operationally normal.
ab523274f635601c||b32d99ee945b8d89,ab523274f635601c,b32d99ee945b8d89,KB-C_SUPERFAST_GAP,-853.4,,5.0,46.68,derived,Driver-customer pair creates consecutive trips too quickly to look operationally normal.
3fa050abd2f86efa||037a1773321f2c4d,3fa050abd2f86efa,037a1773321f2c4d,KB-C_SUPERFAST_GAP,-244.45,,5.0,37.76,derived,Driver-customer pair creates consecutive trips too quickly to look operationally normal.
d030378aeca44404||160781d1410e1e8c,d030378aeca44404,160781d1410e1e8c,KB-C_SUPERFAST_GAP,-530.8833333333333,,5.0,37.51,derived,Driver-customer pair creates consecutive trips too quickly to look operationally normal.
6a241aebe901869f||51c376e84788f860,6a241aebe901869f,51c376e84788f860,KB-C_SUPERFAST_GAP,-795.55,,5.0,38.94,derived,Driver-customer pair creates consecutive trips too quickly to look operationally normal.
37a68533d5c19d93||faa65fc00238f066,37a68533d5c19d93,faa65fc00238f066,KB-C_SUPERFAST_GAP,-117.26666666666667,,5.0,41.84,derived,Driver-customer pair creates consecutive trips too quickly to look operationally normal.
8b2774ab97315ac7||80213f13fd005fb2,8b2774ab97315ac7,80213f13fd005fb2,KB-C_SUPERFAST_GAP,-727.2166666666667,,5.0,40.61,derived,Driver-customer pair creates consecutive trips too quickly to look operationally normal.
2ffc1de35f19ce97||d8cd9117b6cac328,2ffc1de35f19ce97,d8cd9117b6cac328,KB-C_SUPERFAST_GAP,-1125.9833333333333,,5.0,30.94,derived,Driver-customer pair creates consecutive trips too quickly to look operationally normal.
4ea8dfa4e2017d32||a40149c2c4a20afc,4ea8dfa4e2017d32,a40149c2c4a20afc,KB-C_SUPERFAST_GAP,-897.9166666666666,,5.0,41.94,derived,Driver-customer pair creates consecutive trips too quickly to look operationally normal.
8124055e2bf5330f||c59de72a1a8acffc,8124055e2bf5330f,c59de72a1a8acffc,KB-C_SUPERFAST_GAP,-904.05,,5.0,40.7,derived,Driver-customer pair creates consecutive trips too quickly to look operationally normal.
cedcf9c1e35bcc05||1818c2bce62d2442,cedcf9c1e35bcc05,1818c2bce62d2442,KB-C_SUPERFAST_GAP,-8.5,,5.0,32.56,derived,Driver-customer pair creates consecutive trips too quickly to look operationally normal.
771cc42e60ad11c3||1d23e4778ed5b5e0,771cc42e60ad11c3,1d23e4778ed5b5e0,KB-C_SUPERFAST_GAP,-623.3,,5.0,36.48,derived,Driver-customer pair creates consecutive trips too quickly to look operationally normal.
845edc919dee8d2e||d0dba09514e71a2b,845edc919dee8d2e,d0dba09514e71a2b,KB-C_SUPERFAST_GAP,-418.3333333333333,,5.0,39.89,derived,Driver-customer pair creates consecutive trips too quickly to look operationally normal.
e335fc27ed1f1fdb||7965ae3696b4adff,e335fc27ed1f1fdb,7965ae3696b4adff,KB-C_SUPERFAST_GAP,-782.9,,5.0,41.56,derived,Driver-customer pair creates consecutive trips too quickly to look operationally normal.
eadbd30009d5f142||d70ff88a96f492bc,eadbd30009d5f142,d70ff88a96f492bc,KB-C_SUPERFAST_GAP,-507.06666666666666,,5.0,44.31,derived,Driver-customer pair creates consecutive trips too quickly to look operationally normal.
70e6be43ef2f72ee||0c8f7f6584f62bfc,70e6be43ef2f72ee,0c8f7f6584f62bfc,KB-C_SUPERFAST_GAP,-6.133333333333334,,5.0,57.68,derived,Driver-customer pair creates consecutive trips too quickly to look operationally normal.
70e6be43ef2f72ee||cbc758fc894fd8a5,70e6be43ef2f72ee,cbc758fc894fd8a5,KB-C_SUPERFAST_GAP,-16.316666666666666,,5.0,59.12,derived,Driver-customer pair creates consecutive trips too quickly to look operationally normal.
741ef02502f2fff9||696b8b4786b36d70,741ef02502f2fff9,696b8b4786b36d70,KB-C_SUPERFAST_GAP,-906.5166666666667,,5.0,39.33,derived,Driver-customer pair creates consecutive trips too quickly to look operationally normal.
c3e7de8823aca093||757e618bb3e7fe11,c3e7de8823aca093,757e618bb3e7fe11,KB-C_SUPERFAST_GAP,-592.6,,5.0,43.38,derived,Driver-customer pair creates consecutive trips too quickly to look operationally normal.
fb93e790f8df6749||c3fec78e57fc03f1,fb93e790f8df6749,c3fec78e57fc03f1,KB-C_SUPERFAST_GAP,-742.5833333333334,,5.0,36.84,derived,Driver-customer pair creates consecutive trips too quickly to look operationally normal.
2904b02904e9300b||ca328f4443fc792d,2904b02904e9300b,ca328f4443fc792d,KB-C_SUPERFAST_GAP,-785.5666666666667,,5.0,37.66,derived,Driver-customer pair creates consecutive trips too quickly to look operationally normal.
20d12589a91de791||45377c7c5b45cbe9,20d12589a91de791,45377c7c5b45cbe9,KB-C_SUPERFAST_GAP,-761.6833333333333,,5.0,43.11,derived,Driver-customer pair creates consecutive trips too quickly to look operationally normal.
dd7b4c6f874e409f||64bd9602c77acb9d,dd7b4c6f874e409f,64bd9602c77acb9d,KB-C_SUPERFAST_GAP,-904.1666666666666,,5.0,39.83,derived,Driver-customer pair creates consecutive trips too quickly to look operationally normal.
832f3ae42af5c107||bd3ce35b9e761100,832f3ae42af5c107,bd3ce35b9e761100,KB-C_SUPERFAST_GAP,-1.8,,5.0,52.2,derived,Driver-customer pair creates consecutive trips too quickly to look operationally normal.
99f0dc6801807f17||259cc7f64bdbcb01,99f0dc6801807f17,259cc7f64bdbcb01,KB-C_SUPERFAST_GAP,-973.6166666666667,,5.0,38.24,derived,Driver-customer pair creates consecutive trips too quickly to look operationally normal.
bc14f192022a5b20||7cb4279ff0018d6a,bc14f192022a5b20,7cb4279ff0018d6a,KB-C_SUPERFAST_GAP,-726.9666666666667,,5.0,35.59,derived,Driver-customer pair creates consecutive trips too quickly to look operationally normal.
48c0ddaede901287||8bf85b2bc837724f,48c0ddaede901287,8bf85b2bc837724f,KB-C_SUPERFAST_GAP,-946.0333333333333,,5.0,34.91,derived,Driver-customer pair creates consecutive trips too quickly to look operationally normal.
6c1858943ed8865d||d4b43374d661c804,6c1858943ed8865d,d4b43374d661c804,KB-C_SUPERFAST_GAP,-888.7,,5.0,40.26,derived,Driver-customer pair creates consecutive trips too quickly to look operationally normal.
213938250a6db885||895d3a003a432a61,213938250a6db885,895d3a003a432a61,KB-C_SUPERFAST_GAP,-533.55,,5.0,36.38,derived,Driver-customer pair creates consecutive trips too quickly to look operationally normal.
db5915bba55785d6||3bbc5fb99246ed21,db5915bba55785d6,3bbc5fb99246ed21,KB-C_SUPERFAST_GAP,-887.8833333333333,,5.0,34.44,derived,Driver-customer pair creates consecutive trips too quickly to look operationally normal.
17772bbefb9eefe2||155a5f29d5e805b9,17772bbefb9eefe2,155a5f29d5e805b9,KB-C_SUPERFAST_GAP,-659.5666666666667,,5.0,42.23,derived,Driver-customer pair creates consecutive trips too quickly to look operationally normal.
bf253b3e06a28f44||0f00804f131477ec,bf253b3e06a28f44,0f00804f131477ec,KB-C_SUPERFAST_GAP,-946.4,,5.0,39.85,derived,Driver-customer pair creates consecutive trips too quickly to look operationally normal.
ff09814f87b4926a||60d84f581467cb94,ff09814f87b4926a,60d84f581467cb94,KB-C_SUPERFAST_GAP,-469.21666666666664,,5.0,38.77,derived,Driver-customer pair creates consecutive trips too quickly to look operationally normal.
39ebdb8fd897f91a||4b6e14ca71eea83a,39ebdb8fd897f91a,4b6e14ca71eea83a,KB-C_SUPERFAST_GAP,-574.35,,5.0,36.09,derived,Driver-customer pair creates consecutive trips too quickly to look operationally normal.
f7746141d43d4ee9||bc51debfebde74f1,f7746141d43d4ee9,bc51debfebde74f1,KB-C_SUPERFAST_GAP,-1128.5666666666666,,5.0,32.99,derived,Driver-customer pair creates consecutive trips too quickly to look operationally normal.
4f8b0c88c3c86c87||326e6da1e32bf7b1,4f8b0c88c3c86c87,326e6da1e32bf7b1,KB-C_SUPERFAST_GAP,-345.05,,5.0,36.5,derived,Driver-customer pair creates consecutive trips too quickly to look operationally normal.
c900860cdb9ab89e||246d5ae7675ca0a5,c900860cdb9ab89e,246d5ae7675ca0a5,KB-C_SUPERFAST_GAP,-275.26666666666665,,5.0,37.56,derived,Driver-customer pair creates consecutive trips too quickly to look operationally normal.
a20e97d1d6967047||b3233f317abbd2a7,a20e97d1d6967047,b3233f317abbd2a7,KB-C_SUPERFAST_GAP,-325.0,,5.0,37.67,derived,Driver-customer pair creates consecutive trips too quickly to look operationally normal.
2b1940b159265606||e3fc0f82e1493779,2b1940b159265606,e3fc0f82e1493779,KB-C_SUPERFAST_GAP,-42.333333333333336,,5.0,33.92,derived,Driver-customer pair creates consecutive trips too quickly to look operationally normal.
44c406702a975f8f||1ce733d3ff563aa6,44c406702a975f8f,1ce733d3ff563aa6,KB-C_SUPERFAST_GAP,-26.883333333333333,,5.0,41.99,derived,Driver-customer pair creates consecutive trips too quickly to look operationally normal.
11fc357296214268||d8a9ac96ff7d8c18,11fc357296214268,d8a9ac96ff7d8c18,KB-C_SUPERFAST_GAP,-309.65,,5.0,50.41,derived,Driver-customer pair creates consecutive trips too quickly to look operationally normal.
3a55b37a8e80cc97||8c773d0a4fdbba36,3a55b37a8e80cc97,8c773d0a4fdbba36,KB-C_SUPERFAST_GAP,-329.76666666666665,,5.0,33.22,derived,Driver-customer pair creates consecutive trips too quickly to look operationally normal.
7a68874e948e939a||de1cb5721ad46616,7a68874e948e939a,de1cb5721ad46616,KB-C_SUPERFAST_GAP,-464.2,,5.0,36.44,derived,Driver-customer pair creates consecutive trips too quickly to look operationally normal.
8850bc58071161cd||c5df2c701944cae8,8850bc58071161cd,c5df2c701944cae8,KB-C_SUPERFAST_GAP,-9.766666666666667,,5.0,35.46,derived,Driver-customer pair creates consecutive trips too quickly to look operationally normal.
4c8a3d6cb7a3130d||6cb8ca73b7296739,4c8a3d6cb7a3130d,6cb8ca73b7296739,KB-C_SUPERFAST_GAP,-693.7833333333333,,5.0,43.64,derived,Driver-customer pair creates consecutive trips too quickly to look operationally normal.
9f64355214043553||29f3682c09195c08,9f64355214043553,29f3682c09195c08,KB-C_SUPERFAST_GAP,-305.4166666666667,,5.0,40.78,derived,Driver-customer pair creates consecutive trips too quickly to look operationally normal.
b0fbc70483dfecae||5999ad97cb4f3af2,b0fbc70483dfecae,5999ad97cb4f3af2,KB-C_SUPERFAST_GAP,-2.0833333333333335,,5.0,52.54,derived,Driver-customer pair creates consecutive trips too quickly to look operationally normal.
3e79af741da051a5||4a3cd35444862252,3e79af741da051a5,4a3cd35444862252,KB-C_SUPERFAST_GAP,-905.5,,5.0,38.96,derived,Driver-customer pair creates consecutive trips too quickly to look operationally normal.
192c2855cda8cf91||0f100393ffe1e384,192c2855cda8cf91,0f100393ffe1e384,KB-C_SUPERFAST_GAP,-611.5833333333334,,5.0,44.68,derived,Driver-customer pair creates consecutive trips too quickly to look operationally normal.
16bc451ece21917a||f9f1dcd7b75509ea,16bc451ece21917a,f9f1dcd7b75509ea,KB-C_SUPERFAST_GAP,-51.93333333333333,,5.0,33.98,derived,Driver-customer pair creates consecutive trips too quickly to look operationally normal.
9c73fa55fe07a56d||a2df255f1a933354,9c73fa55fe07a56d,a2df255f1a933354,KB-C_SUPERFAST_GAP,-702.4166666666666,,5.0,41.2,derived,Driver-customer pair creates consecutive trips too quickly to look operationally normal.
dd9402e53f9c96fa||c5a8f14129e6090b,dd9402e53f9c96fa,c5a8f14129e6090b,KB-C_SUPERFAST_GAP,-15.2,,5.0,43.19,derived,Driver-customer pair creates consecutive trips too quickly to look operationally normal.
8886149ca9a9df41||cbdbae62743ca057,8886149ca9a9df41,cbdbae62743ca057,KB-C_SUPERFAST_GAP,-1269.95,,5.0,33.6,derived,Driver-customer pair creates consecutive trips too quickly to look operationally normal.
a138f7cdbb664c23||03a32cb06ee0a162,a138f7cdbb664c23,03a32cb06ee0a162,KB-C_SUPERFAST_GAP,-1.0666666666666667,,5.0,47.36,derived,Driver-customer pair creates consecutive trips too quickly to look operationally normal.
3c06cc361ddeb428||382fa86d8c478e7b,3c06cc361ddeb428,382fa86d8c478e7b,KB-C_SUPERFAST_GAP,-699.1833333333333,,5.0,32.93,derived,Driver-customer pair creates consecutive trips too quickly to look operationally normal.
605efdc2bc9f6d93||fb91feb06892232f,605efdc2bc9f6d93,fb91feb06892232f,KB-C_SUPERFAST_GAP,-364.85,,5.0,33.9,derived,Driver-customer pair creates consecutive trips too quickly to look operationally normal.
c8729954a9204bde||26ab7fbc3f75597e,c8729954a9204bde,26ab7fbc3f75597e,KB-C_SUPERFAST_GAP,-583.7333333333333,,5.0,36.02,derived,Driver-customer pair creates consecutive trips too quickly to look operationally normal.
4998891c6eccbae1||c20b2afaab0569a0,4998891c6eccbae1,c20b2afaab0569a0,KB-C_SUPERFAST_GAP,-16.083333333333332,,5.0,47.34,derived,Driver-customer pair creates consecutive trips too quickly to look operationally normal.
e7238e6e585f741b||1758ea0f3db2c586,e7238e6e585f741b,1758ea0f3db2c586,KB-C_SUPERFAST_GAP,-783.0833333333334,,5.0,38.99,derived,Driver-customer pair creates consecutive trips too quickly to look operationally normal.
67bad591acedc594||5424339dd10dc0e2,67bad591acedc594,5424339dd10dc0e2,KB-C_SUPERFAST_GAP,-632.2833333333333,,5.0,42.41,derived,Driver-customer pair creates consecutive trips too quickly to look operationally normal.
f1428046ee22ebbb||35008ff17c72768f,f1428046ee22ebbb,35008ff17c72768f,KB-C_SUPERFAST_GAP,-499.56666666666666,,5.0,31.95,derived,Driver-customer pair creates consecutive trips too quickly to look operationally normal.
12ad27c2714de7d3||9a13c33116196c35,12ad27c2714de7d3,9a13c33116196c35,KB-C_SUPERFAST_GAP,-305.1,,5.0,37.31,derived,Driver-customer pair creates consecutive trips too quickly to look operationally normal.
9f75ba1d31c0f792||0b03c47467505a9d,9f75ba1d31c0f792,0b03c47467505a9d,KB-C_SUPERFAST_GAP,-912.5,,5.0,54.8,derived,Driver-customer pair creates consecutive trips too quickly to look operationally normal.
27b6b7ed01c53661||1b6c3d8eda36d582,27b6b7ed01c53661,1b6c3d8eda36d582,KB-C_SUPERFAST_GAP,-758.75,,5.0,33.84,derived,Driver-customer pair creates consecutive trips too quickly to look operationally normal.
d93ce7a2b2f8b4d3||4aafcb8556ea4018,d93ce7a2b2f8b4d3,4aafcb8556ea4018,KB-C_SUPERFAST_GAP,-682.8333333333334,,5.0,41.57,derived,Driver-customer pair creates consecutive trips too quickly to look operationally normal.
b1a56d3bd271b0fb||74054359cb79f338,b1a56d3bd271b0fb,74054359cb79f338,KB-C_SUPERFAST_GAP,-593.4166666666666,,5.0,33.25,derived,Driver-customer pair creates consecutive trips too quickly to look operationally normal.
e31ae6451b11a54f||1a3b0d432a081f7f,e31ae6451b11a54f,1a3b0d432a081f7f,KB-C_SUPERFAST_GAP,-586.45,,5.0,45.53,derived,Driver-customer pair creates consecutive trips too quickly to look operationally normal.
4d8d39187efab98e||6da9d9c2099cf547,4d8d39187efab98e,6da9d9c2099cf547,KB-C_SUPERFAST_GAP,-664.6333333333333,,5.0,38.58,derived,Driver-customer pair creates consecutive trips too quickly to look operationally normal.
3f4e7bbe46b6390f||470d65102aeffe46,3f4e7bbe46b6390f,470d65102aeffe46,KB-C_SUPERFAST_GAP,-449.8333333333333,,5.0,37.49,derived,Driver-customer pair creates consecutive trips too quickly to look operationally normal.
730d8a7145a50272||1a2fbde4f7fe5c8d,730d8a7145a50272,1a2fbde4f7fe5c8d,KB-C_SUPERFAST_GAP,-1225.5,,5.0,41.17,derived,Driver-customer pair creates consecutive trips too quickly to look operationally normal.
ef3d2d8f3923b445||70d7b77d65fed413,ef3d2d8f3923b445,70d7b77d65fed413,KB-C_SUPERFAST_GAP,-674.45,,5.0,42.03,derived,Driver-customer pair creates consecutive trips too quickly to look operationally normal.
9292c8471f83af23||153a8598743856cd,9292c8471f83af23,153a8598743856cd,KB-C_SUPERFAST_GAP,-73.43333333333334,,5.0,38.47,derived,Driver-customer pair creates consecutive trips too quickly to look operationally normal.
9afb80f6f20596d8||c5be2a654c83452f,9afb80f6f20596d8,c5be2a654c83452f,KB-C_SUPERFAST_GAP,-188.35,,5.0,38.68,derived,Driver-customer pair creates consecutive trips too quickly to look operationally normal.
a0f20fe5f89c78e1||b81c98b195a255c1,a0f20fe5f89c78e1,b81c98b195a255c1,KB-C_SUPERFAST_GAP,-689.4333333333333,,5.0,40.18,derived,Driver-customer pair creates consecutive trips too quickly to look operationally normal.
ca827a2d76eef6e1||b32d9f45a3737eb7,ca827a2d76eef6e1,b32d9f45a3737eb7,KB-C_SUPERFAST_GAP,-216.43333333333334,,5.0,30.6,derived,Driver-customer pair creates consecutive trips too quickly to look operationally normal.
ccc97fea07ecb8f0||1f72971ff82943b4,ccc97fea07ecb8f0,1f72971ff82943b4,KB-C_SUPERFAST_GAP,-310.9166666666667,,5.0,35.11,derived,Driver-customer pair creates consecutive trips too quickly to look operationally normal.
ccc97fea07ecb8f0||7f624f4c6842d6f1,ccc97fea07ecb8f0,7f624f4c6842d6f1,KB-C_SUPERFAST_GAP,-12.166666666666666,,5.0,42.38,derived,Driver-customer pair creates consecutive trips too quickly to look operationally normal.
b7b01139b8f7e77a||c7ecd9a53adc9a28,b7b01139b8f7e77a,c7ecd9a53adc9a28,KB-C_SUPERFAST_GAP,-100.53333333333333,,5.0,29.02,derived,Driver-customer pair creates consecutive trips too quickly to look operationally normal.
2a4e33baa4d7b717||aa780d10917e10db,2a4e33baa4d7b717,aa780d10917e10db,KB-C_SUPERFAST_GAP,-833.25,,5.0,42.62,derived,Driver-customer pair creates consecutive trips too quickly to look operationally normal.
c6ec51cc2f002740||3f522fe90122f7e5,c6ec51cc2f002740,3f522fe90122f7e5,KB-C_SUPERFAST_GAP,-995.3833333333333,,5.0,40.62,derived,Driver-customer pair creates consecutive trips too quickly to look operationally normal.
2f28f87afe88d7d3||87645955b4aa2133,2f28f87afe88d7d3,87645955b4aa2133,KB-C_SUPERFAST_GAP,-39.233333333333334,,5.0,31.49,derived,Driver-customer pair creates consecutive trips too quickly to look operationally normal.
1fa56b9ab65eded4||cd61d83924c7aec3,1fa56b9ab65eded4,cd61d83924c7aec3,KB-C_SUPERFAST_GAP,-79.46666666666667,,5.0,31.41,derived,Driver-customer pair creates consecutive trips too quickly to look operationally normal.
370cc99f587aa04b||f6584b185af6bc9f,370cc99f587aa04b,f6584b185af6bc9f,KB-C_SUPERFAST_GAP,-84.18333333333334,,5.0,37.98,derived,Driver-customer pair creates consecutive trips too quickly to look operationally normal.
0ea4cd61fa3309a7||3f81d4a275cdff7e,0ea4cd61fa3309a7,3f81d4a275cdff7e,KB-C_SUPERFAST_GAP,-239.11666666666667,,5.0,30.58,derived,Driver-customer pair creates consecutive trips too quickly to look operationally normal.
d00c951cfff25c65||933a9872a6925a72,d00c951cfff25c65,933a9872a6925a72,KB-C_SUPERFAST_GAP,0.8833333333333333,,5.0,49.84,derived,Driver-customer pair creates consecutive trips too quickly to look operationally normal.
2c439707c576f4bf||52a662c385ebe6af,2c439707c576f4bf,52a662c385ebe6af,KB-C_SUPERFAST_GAP,-580.9166666666666,,5.0,31.08,derived,Driver-customer pair creates consecutive trips too quickly to look operationally normal.
36b20da0bf12140d||7caed88907e680f7,36b20da0bf12140d,7caed88907e680f7,KB-C_SUPERFAST_GAP,-793.6333333333333,,5.0,48.79,derived,Driver-customer pair creates consecutive trips too quickly to look operationally normal.
3607007da42a5c39||94fc35c45f847d70,3607007da42a5c39,94fc35c45f847d70,KB-C_SUPERFAST_GAP,-758.7166666666667,,5.0,36.58,derived,Driver-customer pair creates consecutive trips too quickly to look operationally normal.
3d929cbdb6794e8a||d04d554b7f3fe453,3d929cbdb6794e8a,d04d554b7f3fe453,KB-C_SUPERFAST_GAP,-994.8833333333333,,5.0,34.65,derived,Driver-customer pair creates consecutive trips too quickly to look operationally normal.
af6fce190a6a810b||b0161bc0b50f48af,af6fce190a6a810b,b0161bc0b50f48af,KB-C_SUPERFAST_GAP,-11.4,,5.0,34.84,derived,Driver-customer pair creates consecutive trips too quickly to look operationally normal.
b9bc6a0e28c86d43||efdcc15b81e20466,b9bc6a0e28c86d43,efdcc15b81e20466,KB-C_SUPERFAST_GAP,-657.7,,5.0,51.46,derived,Driver-customer pair creates consecutive trips too quickly to look operationally normal.
b98710d185b12a20||5e0e38eb4d9b6bf2,b98710d185b12a20,5e0e38eb4d9b6bf2,KB-C_SUPERFAST_GAP,-1315.8833333333334,,5.0,34.96,derived,Driver-customer pair creates consecutive trips too quickly to look operationally normal.
0aeb9779c7afae98||fcb821fd51d3a7b7,0aeb9779c7afae98,fcb821fd51d3a7b7,KB-C_SUPERFAST_GAP,-747.8666666666667,,5.0,37.73,derived,Driver-customer pair creates consecutive trips too quickly to look operationally normal.
86b00492040445a8||9f29631be38c7aeb,86b00492040445a8,9f29631be38c7aeb,KB-C_SUPERFAST_GAP,-166.3,,5.0,31.24,derived,Driver-customer pair creates consecutive trips too quickly to look operationally normal.
baecb43006dd6035||9e9be59e543f339e,baecb43006dd6035,9e9be59e543f339e,KB-C_SUPERFAST_GAP,-1.6166666666666667,,5.0,45.98,derived,Driver-customer pair creates consecutive trips too quickly to look operationally normal.
bafd3fd884342f37||be0e74922b50adf7,bafd3fd884342f37,be0e74922b50adf7,KB-C_SUPERFAST_GAP,-468.68333333333334,,5.0,37.95,derived,Driver-customer pair creates consecutive trips too quickly to look operationally normal.
32badcd099681558||5cb1a5871a5cefff,32badcd099681558,5cb1a5871a5cefff,KB-C_SUPERFAST_GAP,-1191.2666666666667,,5.0,40.5,derived,Driver-customer pair creates consecutive trips too quickly to look operationally normal.
3410c6bd309215bc||2ca010925e5b431b,3410c6bd309215bc,2ca010925e5b431b,KB-C_SUPERFAST_GAP,-475.4,,5.0,36.36,derived,Driver-customer pair creates consecutive trips too quickly to look operationally normal.
9c3a8e1189c0ba0b||26bb9dc3b149ace4,9c3a8e1189c0ba0b,26bb9dc3b149ace4,KB-C_SUPERFAST_GAP,-510.15,,5.0,36.96,derived,Driver-customer pair creates consecutive trips too quickly to look operationally normal.
dc0bfd38df07b8fd||8dc49c7161a72f54,dc0bfd38df07b8fd,8dc49c7161a72f54,KB-C_SUPERFAST_GAP,-922.1166666666667,,5.0,34.59,derived,Driver-customer pair creates consecutive trips too quickly to look operationally normal.
4d336703f9f91474||248e28e03e358983,4d336703f9f91474,248e28e03e358983,KB-C_SUPERFAST_GAP,-697.2166666666667,,5.0,41.77,derived,Driver-customer pair creates consecutive trips too quickly to look operationally normal.
4c028d88f2be72c6||aa8c4d2bdf82af2f,4c028d88f2be72c6,aa8c4d2bdf82af2f,KB-C_SUPERFAST_GAP,-505.0,,5.0,40.65,derived,Driver-customer pair creates consecutive trips too quickly to look operationally normal.
0c0b1ddefaa8ab0f||452b716d0b3a162f,0c0b1ddefaa8ab0f,452b716d0b3a162f,KB-C_SUPERFAST_GAP,-442.5833333333333,,5.0,33.7,derived,Driver-customer pair creates consecutive trips too quickly to look operationally normal.
c81cd3f625e08352||dc1b6ce7e2e2b30a,c81cd3f625e08352,dc1b6ce7e2e2b30a,KB-C_SUPERFAST_GAP,-971.45,,5.0,34.59,derived,Driver-customer pair creates consecutive trips too quickly to look operationally normal.
313a10c7d1982b05||f2e68f23003c9ed2,313a10c7d1982b05,f2e68f23003c9ed2,KB-C_SUPERFAST_GAP,-417.1,,5.0,40.97,derived,Driver-customer pair creates consecutive trips too quickly to look operationally normal.
132bfddf22175bfe||6b89b83ddcf5519a,132bfddf22175bfe,6b89b83ddcf5519a,KB-C_SUPERFAST_GAP,-51.016666666666666,,5.0,36.01,derived,Driver-customer pair creates consecutive trips too quickly to look operationally normal.
844329ecb0531bb1||2351e3bc21fc765c,844329ecb0531bb1,2351e3bc21fc765c,KB-C_SUPERFAST_GAP,-501.15,,5.0,40.41,derived,Driver-customer pair creates consecutive trips too quickly to look operationally normal.
f11600ac7d71005e||a407c091345eeb23,f11600ac7d71005e,a407c091345eeb23,KB-C_SUPERFAST_GAP,-584.7166666666667,,5.0,40.89,derived,Driver-customer pair creates consecutive trips too quickly to look operationally normal.
a40be8d52581a6b8||8debac55e996ecd5,a40be8d52581a6b8,8debac55e996ecd5,KB-C_SUPERFAST_GAP,-1151.9166666666667,,5.0,32.53,derived,Driver-customer pair creates consecutive trips too quickly to look operationally normal.
452018b3309c26e4||eebd3567fe5f9ad3,452018b3309c26e4,eebd3567fe5f9ad3,KB-C_SUPERFAST_GAP,-14.6,,5.0,31.15,derived,Driver-customer pair creates consecutive trips too quickly to look operationally normal.
3a3b535f6f5f0885||d6700790a3313207,3a3b535f6f5f0885,d6700790a3313207,KB-C_SUPERFAST_GAP,-715.8333333333334,,5.0,36.61,derived,Driver-customer pair creates consecutive trips too quickly to look operationally normal.
491bddefcd4b8aff||f0813858c9e60ef0,491bddefcd4b8aff,f0813858c9e60ef0,KB-C_SUPERFAST_GAP,-622.7666666666667,,5.0,35.35,derived,Driver-customer pair creates consecutive trips too quickly to look operationally normal.
e34ac002b6259125||5e9e1ed8b60c3afb,e34ac002b6259125,5e9e1ed8b60c3afb,KB-C_SUPERFAST_GAP,-875.0333333333333,,5.0,36.32,derived,Driver-customer pair creates consecutive trips too quickly to look operationally normal.
70017ec5c0095bc2||f32893b61fdddc6d,70017ec5c0095bc2,f32893b61fdddc6d,KB-C_SUPERFAST_GAP,-649.85,,5.0,33.08,derived,Driver-customer pair creates consecutive trips too quickly to look operationally normal.
43abf3ee522ea4f5||beedd7862e3af650,43abf3ee522ea4f5,beedd7862e3af650,KB-C_SUPERFAST_GAP,-105.41666666666667,,5.0,35.55,derived,Driver-customer pair creates consecutive trips too quickly to look operationally normal.
650e55d8a93e7afa||6018142ad7cd7f3b,650e55d8a93e7afa,6018142ad7cd7f3b,KB-C_SUPERFAST_GAP,-5.866666666666666,,5.0,49.65,derived,Driver-customer pair creates consecutive trips too quickly to look operationally normal.
4a480424ef156a39||e479718a6887b567,4a480424ef156a39,e479718a6887b567,KB-C_SUPERFAST_GAP,-395.26666666666665,,5.0,41.5,derived,Driver-customer pair creates consecutive trips too quickly to look operationally normal.
2e15d12c873909b7||43e5ae30504d3ea9,2e15d12c873909b7,43e5ae30504d3ea9,KB-C_SUPERFAST_GAP,-564.2333333333333,,5.0,32.19,derived,Driver-customer pair creates consecutive trips too quickly to look operationally normal.
e7b7b7e4d87f5ff1||e2ce54a3283a1c24,e7b7b7e4d87f5ff1,e2ce54a3283a1c24,KB-C_SUPERFAST_GAP,-203.53333333333333,,5.0,32.03,derived,Driver-customer pair creates consecutive trips too quickly to look operationally normal.
66c7aeb1cf62f6ed||d06e8b22ff33301d,66c7aeb1cf62f6ed,d06e8b22ff33301d,KB-C_SUPERFAST_GAP,-652.4333333333333,,5.0,39.5,derived,Driver-customer pair creates consecutive trips too quickly to look operationally normal.
371f532054353f4d||45a89afa72f3dafa,371f532054353f4d,45a89afa72f3dafa,KB-C_SUPERFAST_GAP,-566.95,,5.0,36.92,derived,Driver-customer pair creates consecutive trips too quickly to look operationally normal.
fbbbb10b6d081085||54224f5e12e293d0,fbbbb10b6d081085,54224f5e12e293d0,KB-C_SUPERFAST_GAP,-754.2333333333333,,5.0,35.47,derived,Driver-customer pair creates consecutive trips too quickly to look operationally normal.
287ea75d2779be9a||c35fdf762f8761ea,287ea75d2779be9a,c35fdf762f8761ea,KB-C_SUPERFAST_GAP,-307.1166666666667,,5.0,39.15,derived,Driver-customer pair creates consecutive trips too quickly to look operationally normal.
bf78bede5ffa9b46||a9b21d4a992448e3,bf78bede5ffa9b46,a9b21d4a992448e3,KB-C_SUPERFAST_GAP,-34.2,,5.0,38.24,derived,Driver-customer pair creates consecutive trips too quickly to look operationally normal.
4d394a3bb49d4dda||c370c0563e6904a5,4d394a3bb49d4dda,c370c0563e6904a5,KB-C_SUPERFAST_GAP,-340.4,,5.0,36.97,derived,Driver-customer pair creates consecutive trips too quickly to look operationally normal.
e9891eba8f1c5b20||1e3ad0f8ddf700e8,e9891eba8f1c5b20,1e3ad0f8ddf700e8,KB-C_SUPERFAST_GAP,-9.983333333333333,,5.0,54.02,derived,Driver-customer pair creates consecutive trips too quickly to look operationally normal.
e9891eba8f1c5b20||a3b605e8ec38399f,e9891eba8f1c5b20,a3b605e8ec38399f,KB-C_SUPERFAST_GAP,-9.683333333333334,,5.0,51.96,derived,Driver-customer pair creates consecutive trips too quickly to look operationally normal.
be613e5c5da53fe3||b33736fac370b254,be613e5c5da53fe3,b33736fac370b254,KB-C_SUPERFAST_GAP,-636.0833333333334,,5.0,41.98,derived,Driver-customer pair creates consecutive trips too quickly to look operationally normal.
652b8592922e96f3||e101c997cad0b283,652b8592922e96f3,e101c997cad0b283,KB-C_SUPERFAST_GAP,-560.15,,5.0,38.44,derived,Driver-customer pair creates consecutive trips too quickly to look operationally normal.
2be9e25d886da19b||2c98c2fd2aae189e,2be9e25d886da19b,2c98c2fd2aae189e,KB-C_SUPERFAST_GAP,-337.0,,5.0,41.81,derived,Driver-customer pair creates consecutive trips too quickly to look operationally normal.
76ff4a95955bd989||08c9138ee0a4d7b4,76ff4a95955bd989,08c9138ee0a4d7b4,KB-C_SUPERFAST_GAP,-416.78333333333336,,5.0,39.12,derived,Driver-customer pair creates consecutive trips too quickly to look operationally normal.
010a09b1c6154a36||a880ab29b5a601f7,010a09b1c6154a36,a880ab29b5a601f7,KB-C_SUPERFAST_GAP,-2.066666666666667,,5.0,42.8,derived,Driver-customer pair creates consecutive trips too quickly to look operationally normal.
d276860fe66c38fa||f7d62fe88cb22576,d276860fe66c38fa,f7d62fe88cb22576,KB-C_SUPERFAST_GAP,-572.6333333333333,,5.0,33.59,derived,Driver-customer pair creates consecutive trips too quickly to look operationally normal.
4183330c6902787c||ccc8fdf19f7e82a0,4183330c6902787c,ccc8fdf19f7e82a0,KB-C_SUPERFAST_GAP,-307.31666666666666,,5.0,35.99,derived,Driver-customer pair creates consecutive trips too quickly to look operationally normal.
b8a31febacd9893c||d0592793bf2e1e51,b8a31febacd9893c,d0592793bf2e1e51,KB-C_SUPERFAST_GAP,-303.81666666666666,,5.0,29.71,derived,Driver-customer pair creates consecutive trips too quickly to look operationally normal.
4ff2a9f85ebbea4d||494c26079753736c,4ff2a9f85ebbea4d,494c26079753736c,KB-C_SUPERFAST_GAP,-788.6833333333333,,5.0,41.79,derived,Driver-customer pair creates consecutive trips too quickly to look operationally normal.
328007466e5f67d3||627af4d233376a20,328007466e5f67d3,627af4d233376a20,KB-C_SUPERFAST_GAP,-333.26666666666665,,5.0,37.86,derived,Driver-customer pair creates consecutive trips too quickly to look operationally normal.
52b4c47c2686b807||cd3caac5ec4258bd,52b4c47c2686b807,cd3caac5ec4258bd,KB-C_SUPERFAST_GAP,-42.733333333333334,,5.0,29.86,derived,Driver-customer pair creates consecutive trips too quickly to look operationally normal.
dd9402e53f9c96fa||5a948d06cc280904,dd9402e53f9c96fa,5a948d06cc280904,KB-C_SUPERFAST_GAP,-110.5,,5.0,34.73,derived,Driver-customer pair creates consecutive trips too quickly to look operationally normal.
0fedf4e7c9b1cf56||9a308266d26976d9,0fedf4e7c9b1cf56,9a308266d26976d9,KB-C_SUPERFAST_GAP,-303.73333333333335,,5.0,33.56,derived,Driver-customer pair creates consecutive trips too quickly to look operationally normal.
9b30aa604e27dd3b||d5dbd466498de3fa,9b30aa604e27dd3b,d5dbd466498de3fa,KB-C_SUPERFAST_GAP,-185.0,,5.0,29.95,derived,Driver-customer pair creates consecutive trips too quickly to look operationally normal.
cf3e2e37545547d5||007096d0c4ffc89b,cf3e2e37545547d5,007096d0c4ffc89b,KB-C_SUPERFAST_GAP,-257.35,,5.0,38.74,derived,Driver-customer pair creates consecutive trips too quickly to look operationally normal.
2040d83cb6617c12||fa9e851ad58856f2,2040d83cb6617c12,fa9e851ad58856f2,KB-C_SUPERFAST_GAP,-980.0,,5.0,34.32,derived,Driver-customer pair creates consecutive trips too quickly to look operationally normal.
19e7dcaf3617ef66||40b01490210ab33a,19e7dcaf3617ef66,40b01490210ab33a,KB-C_SUPERFAST_GAP,-140.45,,5.0,43.8,derived,Driver-customer pair creates consecutive trips too quickly to look operationally normal.
8850bc58071161cd||fce422f1a7ba6056,8850bc58071161cd,fce422f1a7ba6056,KB-C_SUPERFAST_GAP,2.933333333333333,,5.0,32.1,derived,Driver-customer pair creates consecutive trips too quickly to look operationally normal.
0663a4e5f31cce75||14382bed3315eb10,0663a4e5f31cce75,14382bed3315eb10,KB-C_SUPERFAST_GAP,-2.0833333333333335,,5.0,48.32,derived,Driver-customer pair creates consecutive trips too quickly to look operationally normal.
45646ae41fd495e9||2640eb26008a0c76,45646ae41fd495e9,2640eb26008a0c76,KB-C_SUPERFAST_GAP,-444.46666666666664,,5.0,35.73,derived,Driver-customer pair creates consecutive trips too quickly to look operationally normal.
c96bcf5aae68974c||d49232163ae3fa7e,c96bcf5aae68974c,d49232163ae3fa7e,KB-C_SUPERFAST_GAP,-335.8666666666667,,5.0,50.13,derived,Driver-customer pair creates consecutive trips too quickly to look operationally normal.
028fbed249ea84a7||fa07212df358fc4d,028fbed249ea84a7,fa07212df358fc4d,KB-C_SUPERFAST_GAP,-661.1166666666667,,5.0,41.99,derived,Driver-customer pair creates consecutive trips too quickly to look operationally normal.
b0692d930907a2b8||3fd6bfc86ff9272c,b0692d930907a2b8,3fd6bfc86ff9272c,KB-C_SUPERFAST_GAP,-642.5666666666667,,5.0,32.4,derived,Driver-customer pair creates consecutive trips too quickly to look operationally normal.
4d1dfe8bdae58f25||13a9a77bc8f90df4,4d1dfe8bdae58f25,13a9a77bc8f90df4,KB-C_SUPERFAST_GAP,-227.51666666666668,,5.0,31.08,derived,Driver-customer pair creates consecutive trips too quickly to look operationally normal.
b6d2d1c3be4e4d03||e53e84077e8463e4,b6d2d1c3be4e4d03,e53e84077e8463e4,KB-C_SUPERFAST_GAP,-154.75,,5.0,29.6,derived,Driver-customer pair creates consecutive trips too quickly to look operationally normal.
178ce65c2b777486||f02be47f0e6c8d92,178ce65c2b777486,f02be47f0e6c8d92,KB-C_SUPERFAST_GAP,-961.8333333333334,,5.0,36.29,derived,Driver-customer pair creates consecutive trips too quickly to look operationally normal.
eb5cedf22d30e7de||57681aef60ed1225,eb5cedf22d30e7de,57681aef60ed1225,KB-C_SUPERFAST_GAP,-465.4,,5.0,38.62,derived,Driver-customer pair creates consecutive trips too quickly to look operationally normal.
59b38d9591c2e606||844e1126f23438f7,59b38d9591c2e606,844e1126f23438f7,KB-C_SUPERFAST_GAP,-789.6666666666666,,5.0,36.44,derived,Driver-customer pair creates consecutive trips too quickly to look operationally normal.
dccf040c097d49eb||3860aaeae32bb541,dccf040c097d49eb,3860aaeae32bb541,KB-C_SUPERFAST_GAP,-723.0,,5.0,36.0,derived,Driver-customer pair creates consecutive trips too quickly to look operationally normal.
be2abdcdef98bb69||b3ad04538fb6a4ce,be2abdcdef98bb69,b3ad04538fb6a4ce,KB-C_SUPERFAST_GAP,-511.45,,5.0,37.46,derived,Driver-customer pair creates consecutive trips too quickly to look operationally normal.
c94e4b673c64d8ce||e4a1601dadb6083d,c94e4b673c64d8ce,e4a1601dadb6083d,KB-C_SUPERFAST_GAP,-744.6666666666666,,5.0,34.71,derived,Driver-customer pair creates consecutive trips too quickly to look operationally normal.
6d6875b9cbd40747||ce1f82fec833006e,6d6875b9cbd40747,ce1f82fec833006e,KB-C_SUPERFAST_GAP,-18.366666666666667,,5.0,34.27,derived,Driver-customer pair creates consecutive trips too quickly to look operationally normal.
ca3ce4cb6ccd7a99||7c0e480226522a02,ca3ce4cb6ccd7a99,7c0e480226522a02,KB-C_SUPERFAST_GAP,-32.28333333333333,,5.0,34.3,derived,Driver-customer pair creates consecutive trips too quickly to look operationally normal.
af34b6cdd43a7866||85aae838958cb6ba,af34b6cdd43a7866,85aae838958cb6ba,KB-C_SUPERFAST_GAP,-682.95,,5.0,37.89,derived,Driver-customer pair creates consecutive trips too quickly to look operationally normal.
4e42f3c56094b892||1a2463e5a3c7ecf6,4e42f3c56094b892,1a2463e5a3c7ecf6,KB-C_SUPERFAST_GAP,-484.1666666666667,,5.0,32.37,derived,Driver-customer pair creates consecutive trips too quickly to look operationally normal.
353372fca9a86c2a||aa8a1e169553d044,353372fca9a86c2a,aa8a1e169553d044,KB-C_SUPERFAST_GAP,-12.633333333333333,,5.0,60.18,derived,Driver-customer pair creates consecutive trips too quickly to look operationally normal.
e9fc0c58cff62eed||754168b720cffc7a,e9fc0c58cff62eed,754168b720cffc7a,KB-C_SUPERFAST_GAP,-16.866666666666667,,5.0,34.68,derived,Driver-customer pair creates consecutive trips too quickly to look operationally normal.
58ddeae5d9ed9ee9||58f152179c095aab,58ddeae5d9ed9ee9,58f152179c095aab,KB-C_SUPERFAST_GAP,-197.66666666666666,,5.0,29.17,derived,Driver-customer pair creates consecutive trips too quickly to look operationally normal.
2c53eabfab91812d||125568dc94ce0dd2,2c53eabfab91812d,125568dc94ce0dd2,KB-C_SUPERFAST_GAP,-328.0833333333333,,5.0,35.58,derived,Driver-customer pair creates consecutive trips too quickly to look operationally normal.
2255046ed025b196||b03cfccbe2c23ade,2255046ed025b196,b03cfccbe2c23ade,KB-C_SUPERFAST_GAP,-589.75,,5.0,35.88,derived,Driver-customer pair creates consecutive trips too quickly to look operationally normal.
854088f65e6a95a0||adadbaad06724c4d,854088f65e6a95a0,adadbaad06724c4d,KB-C_SUPERFAST_GAP,-1065.8833333333334,,5.0,35.92,derived,Driver-customer pair creates consecutive trips too quickly to look operationally normal.
bb422d8c987b31e8||43acf4c2a350b216,bb422d8c987b31e8,43acf4c2a350b216,KB-C_SUPERFAST_GAP,-585.1333333333333,,5.0,31.96,derived,Driver-customer pair creates consecutive trips too quickly to look operationally normal.
320ed8f631b13be4||8d06009465dc96b0,320ed8f631b13be4,8d06009465dc96b0,KB-C_SUPERFAST_GAP,-12.2,,5.0,48.24,derived,Driver-customer pair creates consecutive trips too quickly to look operationally normal.
78283aec611fa5de||f8227a389fc20425,78283aec611fa5de,f8227a389fc20425,KB-C_SUPERFAST_GAP,-656.8,,5.0,42.78,derived,Driver-customer pair creates consecutive trips too quickly to look operationally normal.
7877207ad71f7d47||327c830bdc3f6299,7877207ad71f7d47,327c830bdc3f6299,KB-C_SUPERFAST_GAP,-1354.55,,5.0,41.81,derived,Driver-customer pair creates consecutive trips too quickly to look operationally normal.
66062133e6bc719d||d4552c269de518ad,66062133e6bc719d,d4552c269de518ad,KB-C_SUPERFAST_GAP,-507.8666666666667,,5.0,36.58,derived,Driver-customer pair creates consecutive trips too quickly to look operationally normal.
9cab892ccb1cd9f6||58efadb936d67148,9cab892ccb1cd9f6,58efadb936d67148,KB-C_SUPERFAST_GAP,-9.916666666666666,,5.0,59.24,derived,Driver-customer pair creates consecutive trips too quickly to look operationally normal.
14ae1cac060cbb39||042cad997463a534,14ae1cac060cbb39,042cad997463a534,KB-C_SUPERFAST_GAP,-429.51666666666665,,5.0,36.95,derived,Driver-customer pair creates consecutive trips too quickly to look operationally normal.
8de71771e0641730||d0321dc4bb59daa3,8de71771e0641730,d0321dc4bb59daa3,KB-C_SUPERFAST_GAP,-563.6333333333333,,5.0,37.46,derived,Driver-customer pair creates consecutive trips too quickly to look operationally normal.
9ee7fab3ec5c367b||7b1064b3577bdf4e,9ee7fab3ec5c367b,7b1064b3577bdf4e,KB-C_SUPERFAST_GAP,-31.35,,5.0,30.14,derived,Driver-customer pair creates consecutive trips too quickly to look operationally normal.
e0b74e9fda5b1515||a19523ae8b17153c,e0b74e9fda5b1515,a19523ae8b17153c,KB-C_SUPERFAST_GAP,-2.85,,5.0,57.3,derived,Driver-customer pair creates consecutive trips too quickly to look operationally normal.
ccc97fea07ecb8f0||b98d8c1cda352543,ccc97fea07ecb8f0,b98d8c1cda352543,KB-C_SUPERFAST_GAP,-11.2,,5.0,31.58,derived,Driver-customer pair creates consecutive trips too quickly to look operationally normal.
98737bb550e65941||8ddfc14298af2f2d,98737bb550e65941,8ddfc14298af2f2d,KB-C_SUPERFAST_GAP,-980.0666666666667,,5.0,30.0,derived,Driver-customer pair creates consecutive trips too quickly to look operationally normal.
0f185e2f6ec86a9f||c3a8346607148635,0f185e2f6ec86a9f,c3a8346607148635,KB-C_SUPERFAST_GAP,-10.55,,5.0,35.48,derived,Driver-customer pair creates consecutive trips too quickly to look operationally normal.
9d52bcfd284a0527||2dc6f2eb9763101e,9d52bcfd284a0527,2dc6f2eb9763101e,KB-C_SUPERFAST_GAP,-554.6166666666667,,5.0,29.92,derived,Driver-customer pair creates consecutive trips too quickly to look operationally normal.
1d25f688de1957d4||8586cecd053b7130,1d25f688de1957d4,8586cecd053b7130,KB-C_SUPERFAST_GAP,-376.65,,5.0,38.32,derived,Driver-customer pair creates consecutive trips too quickly to look operationally normal.
a35114f61101aec4||98fa8bf060e2819a,a35114f61101aec4,98fa8bf060e2819a,KB-C_SUPERFAST_GAP,-864.7833333333333,,5.0,40.71,derived,Driver-customer pair creates consecutive trips too quickly to look operationally normal.
0bf082f03493aa7d||7cc88af856bbdba1,0bf082f03493aa7d,7cc88af856bbdba1,KB-C_SUPERFAST_GAP,-823.0,,5.0,36.59,derived,Driver-customer pair creates consecutive trips too quickly to look operationally normal.
b31a30724e9259bf||460a30d2c470fa59,b31a30724e9259bf,460a30d2c470fa59,KB-C_SUPERFAST_GAP,-1043.3,,5.0,35.9,derived,Driver-customer pair creates consecutive trips too quickly to look operationally normal.
28f2080e11a0e123||1ad2644245065bb2,28f2080e11a0e123,1ad2644245065bb2,KB-C_SUPERFAST_GAP,-426.46666666666664,,5.0,30.98,derived,Driver-customer pair creates consecutive trips too quickly to look operationally normal.
87b439d43ff9bd0d||79413888bdac346a,87b439d43ff9bd0d,79413888bdac346a,KB-C_SUPERFAST_GAP,-315.85,,5.0,34.18,derived,Driver-customer pair creates consecutive trips too quickly to look operationally normal.
25e96bf2f9769d21||41399a6ca198ec94,25e96bf2f9769d21,41399a6ca198ec94,KB-C_SUPERFAST_GAP,-358.48333333333335,,5.0,36.17,derived,Driver-customer pair creates consecutive trips too quickly to look operationally normal.
3a1a343b6da1a07f||1d1770a2a94ea51f,3a1a343b6da1a07f,1d1770a2a94ea51f,KB-C_SUPERFAST_GAP,-561.45,,5.0,40.21,derived,Driver-customer pair creates consecutive trips too quickly to look operationally normal.
3a1a343b6da1a07f||4cfad80b132acb13,3a1a343b6da1a07f,4cfad80b132acb13,KB-C_SUPERFAST_GAP,-562.15,,5.0,37.1,derived,Driver-customer pair creates consecutive trips too quickly to look operationally normal.
95c3d85379e4787d||8672543422f319ed,95c3d85379e4787d,8672543422f319ed,KB-C_SUPERFAST_GAP,-593.4666666666667,,5.0,29.94,derived,Driver-customer pair creates consecutive trips too quickly to look operationally normal.
95c3d85379e4787d||8878639857122790,95c3d85379e4787d,8878639857122790,KB-C_SUPERFAST_GAP,-592.7666666666667,,5.0,37.24,derived,Driver-customer pair creates consecutive trips too quickly to look operationally normal.
5964fc96a608a97f||dd24c0dc0c0f57e7,5964fc96a608a97f,dd24c0dc0c0f57e7,KB-C_SUPERFAST_GAP,-152.8,,5.0,30.26,derived,Driver-customer pair creates consecutive trips too quickly to look operationally normal.
f42c9fe0bd6f7641||ab8ae1ae3465a170,f42c9fe0bd6f7641,ab8ae1ae3465a170,KB-C_SUPERFAST_GAP,-670.2666666666667,,5.0,38.39,derived,Driver-customer pair creates consecutive trips too quickly to look operationally normal.
2e147e69e2137259||eb6b8588d4c03ab5,2e147e69e2137259,eb6b8588d4c03ab5,KB-C_SUPERFAST_GAP,-50.21666666666667,,5.0,29.11,derived,Driver-customer pair creates consecutive trips too quickly to look operationally normal.
1f0f4372b9c9ff4f||3474b5368d3ce5c3,1f0f4372b9c9ff4f,3474b5368d3ce5c3,KB-C_SUPERFAST_GAP,-599.65,,5.0,30.82,derived,Driver-customer pair creates consecutive trips too quickly to look operationally normal.
d6d311b542894bbd||f5f8069ad4a3d08e,d6d311b542894bbd,f5f8069ad4a3d08e,KB-C_SUPERFAST_GAP,-905.3166666666667,,5.0,33.42,derived,Driver-customer pair creates consecutive trips too quickly to look operationally normal.
4bcc3ef710a62ec7||327bcfc8413e8d45,4bcc3ef710a62ec7,327bcfc8413e8d45,KB-C_SUPERFAST_GAP,-338.06666666666666,,5.0,42.02,derived,Driver-customer pair creates consecutive trips too quickly to look operationally normal.
5fbb2c6c07479dac||977b42a8363c208a,5fbb2c6c07479dac,977b42a8363c208a,KB-C_SUPERFAST_GAP,-1283.1,,5.0,41.94,derived,Driver-customer pair creates consecutive trips too quickly to look operationally normal.
5afc920ca3d0cf6f||dea94a7823caef81,5afc920ca3d0cf6f,dea94a7823caef81,KB-C_SUPERFAST_GAP,-451.81666666666666,,5.0,30.58,derived,Driver-customer pair creates consecutive trips too quickly to look operationally normal.
6ad475396a0f590d||dcc163197ddebc45,6ad475396a0f590d,dcc163197ddebc45,KB-C_SUPERFAST_GAP,-701.65,,5.0,40.41,derived,Driver-customer pair creates consecutive trips too quickly to look operationally normal.
6f1c127db9a96df5||274edc6bcbc79dbd,6f1c127db9a96df5,274edc6bcbc79dbd,KB-C_SUPERFAST_GAP,-211.4,,5.0,27.65,derived,Driver-customer pair creates consecutive trips too quickly to look operationally normal.
8a20bbaf3ba2d17c||7b5eb00ba7180b29,8a20bbaf3ba2d17c,7b5eb00ba7180b29,KB-C_SUPERFAST_GAP,-481.9,,5.0,28.4,derived,Driver-customer pair creates consecutive trips too quickly to look operationally normal.
0ff4754dd2197da9||814ff718cbc40d33,0ff4754dd2197da9,814ff718cbc40d33,KB-C_SUPERFAST_GAP,-492.4,,5.0,36.75,derived,Driver-customer pair creates consecutive trips too quickly to look operationally normal.
70e6be43ef2f72ee||f0de9b54817b4337,70e6be43ef2f72ee,f0de9b54817b4337,KB-C_SUPERFAST_GAP,-14.5,,5.0,50.7,derived,Driver-customer pair creates consecutive trips too quickly to look operationally normal.
5871c8dd9278df10||8f8a6c77ae9bbdb1,5871c8dd9278df10,8f8a6c77ae9bbdb1,KB-C_SUPERFAST_GAP,-42.833333333333336,,5.0,33.14,derived,Driver-customer pair creates consecutive trips too quickly to look operationally normal.
96edf80250e13e6b||48f2ff4f28a57bf5,96edf80250e13e6b,48f2ff4f28a57bf5,KB-C_SUPERFAST_GAP,-809.15,,5.0,35.3,derived,Driver-customer pair creates consecutive trips too quickly to look operationally normal.
eb33f405230b27b4||0aa9959d0f5862f0,eb33f405230b27b4,0aa9959d0f5862f0,KB-C_SUPERFAST_GAP,-828.55,,5.0,38.12,derived,Driver-customer pair creates consecutive trips too quickly to look operationally normal.
279ab1e3612b0866||b3b00203aeed9047,279ab1e3612b0866,b3b00203aeed9047,KB-C_SUPERFAST_GAP,-550.0333333333333,,5.0,38.11,derived,Driver-customer pair creates consecutive trips too quickly to look operationally normal.
13b3f9366f3ebc04||b5133db1614a00fb,13b3f9366f3ebc04,b5133db1614a00fb,KB-C_SUPERFAST_GAP,-564.4666666666667,,5.0,50.51,derived,Driver-customer pair creates consecutive trips too quickly to look operationally normal.
9eb52f768dc73fe0||4982cf473c0781a2,9eb52f768dc73fe0,4982cf473c0781a2,KB-C_SUPERFAST_GAP,-392.4166666666667,,5.0,35.04,derived,Driver-customer pair creates consecutive trips too quickly to look operationally normal.
1bba076cd6d26e94||9e85f0e92906432a,1bba076cd6d26e94,9e85f0e92906432a,KB-C_SUPERFAST_GAP,-867.1,,5.0,35.85,derived,Driver-customer pair creates consecutive trips too quickly to look operationally normal.
074c0a1a95a80e0f||32126b8e9460e944,074c0a1a95a80e0f,32126b8e9460e944,KB-C_SUPERFAST_GAP,-322.96666666666664,,5.0,29.89,derived,Driver-customer pair creates consecutive trips too quickly to look operationally normal.
5573ee7f7a679d61||a87209c4140de65f,5573ee7f7a679d61,a87209c4140de65f,KB-C_SUPERFAST_GAP,-646.7833333333333,,5.0,36.23,derived,Driver-customer pair creates consecutive trips too quickly to look operationally normal.
86f2028f78051ca8||3b63c964c58af414,86f2028f78051ca8,3b63c964c58af414,KB-C_SUPERFAST_GAP,-1003.2666666666667,,5.0,39.68,derived,Driver-customer pair creates consecutive trips too quickly to look operationally normal.
22be75d00698ecdd||a2a5e09f444e8ba6,22be75d00698ecdd,a2a5e09f444e8ba6,KB-C_SUPERFAST_GAP,-261.3333333333333,,5.0,34.23,derived,Driver-customer pair creates consecutive trips too quickly to look operationally normal.
4cc9b4bc717127fa||34d037ce454b832d,4cc9b4bc717127fa,34d037ce454b832d,KB-C_SUPERFAST_GAP,-61.53333333333333,,5.0,45.59,derived,Driver-customer pair creates consecutive trips too quickly to look operationally normal.
6c8e364fb0fb7829||fe6b99a9acd39e52,6c8e364fb0fb7829,fe6b99a9acd39e52,KB-C_SUPERFAST_GAP,-58.11666666666667,,5.0,31.72,derived,Driver-customer pair creates consecutive trips too quickly to look operationally normal.
b4979f90270db452||6464beeccd421562,b4979f90270db452,6464beeccd421562,KB-C_SUPERFAST_GAP,-4.683333333333334,,5.0,25.34,derived,Driver-customer pair creates consecutive trips too quickly to look operationally normal.
5b7daf7c08837444||356868f472eebca9,5b7daf7c08837444,356868f472eebca9,KB-C_SUPERFAST_GAP,-160.58333333333334,,5.0,36.69,derived,Driver-customer pair creates consecutive trips too quickly to look operationally normal.
ba7b05d7e38cb371||074e1b3a3c9bdff9,ba7b05d7e38cb371,074e1b3a3c9bdff9,KB-C_SUPERFAST_GAP,-102.98333333333333,,5.0,28.96,derived,Driver-customer pair creates consecutive trips too quickly to look operationally normal.
8b2774ab97315ac7||ab8e0a800213895f,8b2774ab97315ac7,ab8e0a800213895f,KB-C_SUPERFAST_GAP,-14.583333333333334,,5.0,41.94,derived,Driver-customer pair creates consecutive trips too quickly to look operationally normal.
b050dcf14f1ea16b||ecbbbf180bf44066,b050dcf14f1ea16b,ecbbbf180bf44066,KB-C_SUPERFAST_GAP,-61.0,,5.0,37.21,derived,Driver-customer pair creates consecutive trips too quickly to look operationally normal.
8065d3e5794703d9||3486cecb3fd26f52,8065d3e5794703d9,3486cecb3fd26f52,KB-C_SUPERFAST_GAP,-133.26666666666668,,5.0,33.51,derived,Driver-customer pair creates consecutive trips too quickly to look operationally normal.
35025122ec406f4c||fd4ccd9f0b236f14,35025122ec406f4c,fd4ccd9f0b236f14,KB-C_SUPERFAST_GAP,-571.1833333333333,,5.0,49.26,derived,Driver-customer pair creates consecutive trips too quickly to look operationally normal.
e1bbb777ab016b34||ee14a26f4f2bd8a6,e1bbb777ab016b34,ee14a26f4f2bd8a6,KB-C_SUPERFAST_GAP,-622.7,,5.0,32.99,derived,Driver-customer pair creates consecutive trips too quickly to look operationally normal.
58ce52240f942777||99b278f8d0d3a519,58ce52240f942777,99b278f8d0d3a519,KB-C_SUPERFAST_GAP,-471.75,,5.0,35.16,derived,Driver-customer pair creates consecutive trips too quickly to look operationally normal.
dfe0318e974a21a2||5cf8d6a7d016849d,dfe0318e974a21a2,5cf8d6a7d016849d,KB-C_SUPERFAST_GAP,-624.6833333333333,,5.0,35.98,derived,Driver-customer pair creates consecutive trips too quickly to look operationally normal.
e6e6f1eeca41b758||758918d13b76771c,e6e6f1eeca41b758,758918d13b76771c,KB-C_SUPERFAST_GAP,-96.4,,5.0,32.92,derived,Driver-customer pair creates consecutive trips too quickly to look operationally normal.
dd9402e53f9c96fa||5e98d27120abfab8,dd9402e53f9c96fa,5e98d27120abfab8,KB-C_SUPERFAST_GAP,-142.28333333333333,,5.0,38.82,derived,Driver-customer pair creates consecutive trips too quickly to look operationally normal.
c57fba9059d3f8ff||d2f76316544aa013,c57fba9059d3f8ff,d2f76316544aa013,KB-C_SUPERFAST_GAP,-130.38333333333333,,5.0,38.84,derived,Driver-customer pair creates consecutive trips too quickly to look operationally normal.
206fc67c5c70c132||eca48e09fe1c764e,206fc67c5c70c132,eca48e09fe1c764e,KB-C_SUPERFAST_GAP,-190.9,,5.0,33.52,derived,Driver-customer pair creates consecutive trips too quickly to look operationally normal.
3aa6486ca4662309||e2af592f514c0bc7,3aa6486ca4662309,e2af592f514c0bc7,KB-C_SUPERFAST_GAP,-657.6333333333333,,5.0,36.63,derived,Driver-customer pair creates consecutive trips too quickly to look operationally normal.
70d4f57c9ee8e48c||a6e3356bc0832d13,70d4f57c9ee8e48c,a6e3356bc0832d13,KB-C_SUPERFAST_GAP,-117.75,,5.0,31.87,derived,Driver-customer pair creates consecutive trips too quickly to look operationally normal.
6e3cfcbb3637352f||0421073502dc4de3,6e3cfcbb3637352f,0421073502dc4de3,KB-C_SUPERFAST_GAP,-267.25,,5.0,34.57,derived,Driver-customer pair creates consecutive trips too quickly to look operationally normal.
6794c356c62ee295||b5b16267f246e304,6794c356c62ee295,b5b16267f246e304,KB-C_SUPERFAST_GAP,-499.6333333333333,,5.0,35.74,derived,Driver-customer pair creates consecutive trips too quickly to look operationally normal.
e39758ed23ceed25||03d522514f757de6,e39758ed23ceed25,03d522514f757de6,KB-C_SUPERFAST_GAP,-676.4,,5.0,38.02,derived,Driver-customer pair creates consecutive trips too quickly to look operationally normal.
2910c4f254ea60bd||0e121ac15e2bd29e,2910c4f254ea60bd,0e121ac15e2bd29e,KB-C_SUPERFAST_GAP,-751.6333333333333,,5.0,32.95,derived,Driver-customer pair creates consecutive trips too quickly to look operationally normal.
3d4f802713c3360a||f9438ac8952d4d2c,3d4f802713c3360a,f9438ac8952d4d2c,KB-C_SUPERFAST_GAP,-24.466666666666665,,5.0,30.9,derived,Driver-customer pair creates consecutive trips too quickly to look operationally normal.
705ba66d48fe866f||3362612e0ac6c0b8,705ba66d48fe866f,3362612e0ac6c0b8,KB-C_SUPERFAST_GAP,-88.61666666666666,,5.0,36.2,derived,Driver-customer pair creates consecutive trips too quickly to look operationally normal.
711598cb25c2e934||2aa74bdf9a6549fc,711598cb25c2e934,2aa74bdf9a6549fc,KB-C_SUPERFAST_GAP,-1.0833333333333333,,5.0,46.12,derived,Driver-customer pair creates consecutive trips too quickly to look operationally normal.
0d4e6a1fbb6e4209||f7d55a3b09a730c2,0d4e6a1fbb6e4209,f7d55a3b09a730c2,KB-C_SUPERFAST_GAP,-322.95,,5.0,36.01,derived,Driver-customer pair creates consecutive trips too quickly to look operationally normal.
589d33a70ab5e04a||01f06e857dd18378,589d33a70ab5e04a,01f06e857dd18378,KB-C_SUPERFAST_GAP,-64.93333333333334,,5.0,33.06,derived,Driver-customer pair creates consecutive trips too quickly to look operationally normal.
2b6aadf01c25e2e5||08490e53f550dbe2,2b6aadf01c25e2e5,08490e53f550dbe2,KB-C_SUPERFAST_GAP,-434.03333333333336,,5.0,35.17,derived,Driver-customer pair creates consecutive trips too quickly to look operationally normal.
2da48c0402bb90f0||a98e3633e484c2be,2da48c0402bb90f0,a98e3633e484c2be,KB-C_SUPERFAST_GAP,-1180.0,,5.0,37.86,derived,Driver-customer pair creates consecutive trips too quickly to look operationally normal.
37a43fd1ecbd760b||0065f5452113e361,37a43fd1ecbd760b,0065f5452113e361,KB-C_SUPERFAST_GAP,-777.9166666666666,,5.0,36.92,derived,Driver-customer pair creates consecutive trips too quickly to look operationally normal.
32badcd099681558||befaa249391a6b22,32badcd099681558,befaa249391a6b22,KB-C_SUPERFAST_GAP,-304.25,,5.0,38.85,derived,Driver-customer pair creates consecutive trips too quickly to look operationally normal.
40e8b2b6fd21499d||ae2a2d16b2a6b97e,40e8b2b6fd21499d,ae2a2d16b2a6b97e,KB-C_SUPERFAST_GAP,-503.56666666666666,,5.0,35.32,derived,Driver-customer pair creates consecutive trips too quickly to look operationally normal.
97c56cfe14c0dd05||fb2d8233b4054fc8,97c56cfe14c0dd05,fb2d8233b4054fc8,KB-C_SUPERFAST_GAP,-594.7666666666667,,5.0,44.61,derived,Driver-customer pair creates consecutive trips too quickly to look operationally normal.
85654f10768c51ae||75a8d4ae5c228a6e,85654f10768c51ae,75a8d4ae5c228a6e,KB-C_SUPERFAST_GAP,-23.716666666666665,,5.0,29.92,derived,Driver-customer pair creates consecutive trips too quickly to look operationally normal.
ae925eff1acae228||55947691094f7ccd,ae925eff1acae228,55947691094f7ccd,KB-C_SUPERFAST_GAP,-90.66666666666667,,5.0,29.01,derived,Driver-customer pair creates consecutive trips too quickly to look operationally normal.
8ad1147b16fde64e||560151d68dddda5b,8ad1147b16fde64e,560151d68dddda5b,KB-C_SUPERFAST_GAP,-568.9666666666667,,5.0,40.01,derived,Driver-customer pair creates consecutive trips too quickly to look operationally normal.
92dbea63fb69e80c||0716fa74a14e23f0,92dbea63fb69e80c,0716fa74a14e23f0,KB-C_SUPERFAST_GAP,-2.0,,5.0,36.58,derived,Driver-customer pair creates consecutive trips too quickly to look operationally normal.
a9cb4d1421e551ae||c2a1c6469aed45b5,a9cb4d1421e551ae,c2a1c6469aed45b5,KB-C_SUPERFAST_GAP,-202.03333333333333,,5.0,28.78,derived,Driver-customer pair creates consecutive trips too quickly to look operationally normal.
68dd22cfe4da8da6||fe3fb6676be70d4d,68dd22cfe4da8da6,fe3fb6676be70d4d,KB-C_SUPERFAST_GAP,-1.1666666666666667,,5.0,45.69,derived,Driver-customer pair creates consecutive trips too quickly to look operationally normal.
3ca82051dae8889d||ed63a68bf56f0f11,3ca82051dae8889d,ed63a68bf56f0f11,KB-C_SUPERFAST_GAP,-895.3833333333333,,5.0,36.56,derived,Driver-customer pair creates consecutive trips too quickly to look operationally normal.
f17c8d7ebe2761ca||486d3a9e30d31325,f17c8d7ebe2761ca,486d3a9e30d31325,KB-C_SUPERFAST_GAP,-704.7833333333333,,5.0,28.64,derived,Driver-customer pair creates consecutive trips too quickly to look operationally normal.
fd6dd4c76b499da6||f963331cc75dcd74,fd6dd4c76b499da6,f963331cc75dcd74,KB-C_SUPERFAST_GAP,-520.3166666666667,,5.0,33.03,derived,Driver-customer pair creates consecutive trips too quickly to look operationally normal.
957312fe5fbc36a9||750e9aaedd7714db,957312fe5fbc36a9,750e9aaedd7714db,KB-C_SUPERFAST_GAP,-537.5333333333333,,5.0,32.8,derived,Driver-customer pair creates consecutive trips too quickly to look operationally normal.
15537ff2073454df||004f58f1dedbc207,15537ff2073454df,004f58f1dedbc207,KB-C_SUPERFAST_GAP,-291.6166666666667,,5.0,41.87,derived,Driver-customer pair creates consecutive trips too quickly to look operationally normal.
7d4c5974885068e4||192f43aafe8959e1,7d4c5974885068e4,192f43aafe8959e1,KB-C_SUPERFAST_GAP,-1.3833333333333333,,5.0,36.97,derived,Driver-customer pair creates consecutive trips too quickly to look operationally normal.
47e0425985d09d08||606e0b8e88dd7fc9,47e0425985d09d08,606e0b8e88dd7fc9,KB-C_SUPERFAST_GAP,-460.21666666666664,,5.0,37.66,derived,Driver-customer pair creates consecutive trips too quickly to look operationally normal.
684afe9aa03b3fd7||0f64d7cde764ee73,684afe9aa03b3fd7,0f64d7cde764ee73,KB-C_SUPERFAST_GAP,-227.4,,5.0,35.01,derived,Driver-customer pair creates consecutive trips too quickly to look operationally normal.
9a7501e0e1519ba1||bee9dc5d7cede483,9a7501e0e1519ba1,bee9dc5d7cede483,KB-C_SUPERFAST_GAP,-375.15,,5.0,32.18,derived,Driver-customer pair creates consecutive trips too quickly to look operationally normal.
6f009210ed337adf||ab9e6b79ee87b76d,6f009210ed337adf,ab9e6b79ee87b76d,KB-C_SUPERFAST_GAP,-261.4,,5.0,34.81,derived,Driver-customer pair creates consecutive trips too quickly to look operationally normal.
da8e83827bcf93c1||9eb5bfa08c8c3564,da8e83827bcf93c1,9eb5bfa08c8c3564,KB-C_SUPERFAST_GAP,-106.15,,5.0,31.71,derived,Driver-customer pair creates consecutive trips too quickly to look operationally normal.
a137af2f9bba00ff||70603247eb9ab05d,a137af2f9bba00ff,70603247eb9ab05d,KB-C_SUPERFAST_GAP,-963.2333333333333,,5.0,38.07,derived,Driver-customer pair creates consecutive trips too quickly to look operationally normal.
6da2f3bc67076d42||782b2d8772d03c02,6da2f3bc67076d42,782b2d8772d03c02,KB-C_SUPERFAST_GAP,-710.0166666666667,,5.0,38.44,derived,Driver-customer pair creates consecutive trips too quickly to look operationally normal.
b882282bd90226ad||8adf1c6636351166,b882282bd90226ad,8adf1c6636351166,KB-C_SUPERFAST_GAP,-628.1,,5.0,27.59,derived,Driver-customer pair creates consecutive trips too quickly to look operationally normal.
28d7620a273e4c47||8c24479810f02da7,28d7620a273e4c47,8c24479810f02da7,KB-C_SUPERFAST_GAP,-643.9833333333333,,5.0,27.47,derived,Driver-customer pair creates consecutive trips too quickly to look operationally normal.
97a708cbd97cdd31||ce4ff589b341b997,97a708cbd97cdd31,ce4ff589b341b997,KB-C_SUPERFAST_GAP,-437.23333333333335,,5.0,31.22,derived,Driver-customer pair creates consecutive trips too quickly to look operationally normal.
9bbb47d9d1a4f1ea||fb66cb5ad70138f1,9bbb47d9d1a4f1ea,fb66cb5ad70138f1,KB-C_SUPERFAST_GAP,-312.3666666666667,,5.0,32.67,derived,Driver-customer pair creates consecutive trips too quickly to look operationally normal.
c57fba9059d3f8ff||3661770eeab93f8a,c57fba9059d3f8ff,3661770eeab93f8a,KB-C_SUPERFAST_GAP,-609.15,,5.0,40.15,derived,Driver-customer pair creates consecutive trips too quickly to look operationally normal.
5e1375169a59617b||330d423933b6c447,5e1375169a59617b,330d423933b6c447,KB-C_SUPERFAST_GAP,-8.883333333333333,,5.0,54.97,derived,Driver-customer pair creates consecutive trips too quickly to look operationally normal.
5e1375169a59617b||a9a2f493c3290054,5e1375169a59617b,a9a2f493c3290054,KB-C_SUPERFAST_GAP,-3.6666666666666665,,5.0,54.55,derived,Driver-customer pair creates consecutive trips too quickly to look operationally normal.
692ad67d675af131||2c530297e415a5a3,692ad67d675af131,2c530297e415a5a3,KB-C_SUPERFAST_GAP,-1044.65,,5.0,42.15,derived,Driver-customer pair creates consecutive trips too quickly to look operationally normal.
0bdc8165b8f96bbd||74ba914bd03224fc,0bdc8165b8f96bbd,74ba914bd03224fc,KB-C_SUPERFAST_GAP,-922.85,,5.0,34.97,derived,Driver-customer pair creates consecutive trips too quickly to look operationally normal.
facdb1c5cca43b03||6c77749b2d117c6e,facdb1c5cca43b03,6c77749b2d117c6e,KB-C_SUPERFAST_GAP,-604.4,,5.0,29.67,derived,Driver-customer pair creates consecutive trips too quickly to look operationally normal.
50bc1b26b1430ed3||863b2404c215d8f3,50bc1b26b1430ed3,863b2404c215d8f3,KB-C_SUPERFAST_GAP,-2.8833333333333333,,5.0,45.54,derived,Driver-customer pair creates consecutive trips too quickly to look operationally normal.
4230d5648795a720||ee2a022fa0f90244,4230d5648795a720,ee2a022fa0f90244,KB-C_SUPERFAST_GAP,-81.35,,5.0,30.08,derived,Driver-customer pair creates consecutive trips too quickly to look operationally normal.
e6639b984db3f3d3||67fee7c3f1f84ea6,e6639b984db3f3d3,67fee7c3f1f84ea6,KB-C_SUPERFAST_GAP,-118.93333333333334,,5.0,34.45,derived,Driver-customer pair creates consecutive trips too quickly to look operationally normal.
c907c79469596b17||56a6ededb9407209,c907c79469596b17,56a6ededb9407209,KB-C_SUPERFAST_GAP,-650.9833333333333,,5.0,34.68,derived,Driver-customer pair creates consecutive trips too quickly to look operationally normal.
4a9b5a08e2b79265||a714005453feb5cd,4a9b5a08e2b79265,a714005453feb5cd,KB-C_SUPERFAST_GAP,-146.78333333333333,,5.0,28.87,derived,Driver-customer pair creates consecutive trips too quickly to look operationally normal.
ccc97fea07ecb8f0||1d0e01deb1feda04,ccc97fea07ecb8f0,1d0e01deb1feda04,KB-C_SUPERFAST_GAP,-7.566666666666666,,5.0,40.96,derived,Driver-customer pair creates consecutive trips too quickly to look operationally normal.
66dd5b3dfb231422||8d91b0580ce55a9d,66dd5b3dfb231422,8d91b0580ce55a9d,KB-C_SUPERFAST_GAP,-278.8833333333333,,5.0,29.42,derived,Driver-customer pair creates consecutive trips too quickly to look operationally normal.
4d8f4ba43d7fb772||2c59f1240546c41f,4d8f4ba43d7fb772,2c59f1240546c41f,KB-C_SUPERFAST_GAP,-316.25,,5.0,28.51,derived,Driver-customer pair creates consecutive trips too quickly to look operationally normal.
90d3f22e2e86871d||b4e2c2a7a87240bd,90d3f22e2e86871d,b4e2c2a7a87240bd,KB-C_SUPERFAST_GAP,-481.01666666666665,,5.0,31.43,derived,Driver-customer pair creates consecutive trips too quickly to look operationally normal.
f144e1282624dd2b||31c2b93f047c0e93,f144e1282624dd2b,31c2b93f047c0e93,KB-C_SUPERFAST_GAP,-4.083333333333333,,5.0,28.73,derived,Driver-customer pair creates consecutive trips too quickly to look operationally normal.
534a4085defc7432||245034b2d2c0fab0,534a4085defc7432,245034b2d2c0fab0,KB-C_SUPERFAST_GAP,-253.86666666666667,,5.0,28.78,derived,Driver-customer pair creates consecutive trips too quickly to look operationally normal.
74cc88f45f2ad484||189019567278fd53,74cc88f45f2ad484,189019567278fd53,KB-C_SUPERFAST_GAP,-598.15,,5.0,36.63,derived,Driver-customer pair creates consecutive trips too quickly to look operationally normal.
38b1d1ce9081e11f||e2ce0537b92e4bed,38b1d1ce9081e11f,e2ce0537b92e4bed,KB-C_SUPERFAST_GAP,-605.6833333333333,,5.0,48.84,derived,Driver-customer pair creates consecutive trips too quickly to look operationally normal.
6eb49672601e7d87||a22e9360ba6acfe0,6eb49672601e7d87,a22e9360ba6acfe0,KB-C_SUPERFAST_GAP,-11.45,,5.0,29.69,derived,Driver-customer pair creates consecutive trips too quickly to look operationally normal.
3da30a00bfee20b5||d4483acb85a880a8,3da30a00bfee20b5,d4483acb85a880a8,KB-C_SUPERFAST_GAP,-970.6333333333333,,5.0,50.34,derived,Driver-customer pair creates consecutive trips too quickly to look operationally normal.
870ba91aab7f7c69||0eae48df2c58eadb,870ba91aab7f7c69,0eae48df2c58eadb,KB-C_SUPERFAST_GAP,-44.25,,5.0,37.83,derived,Driver-customer pair creates consecutive trips too quickly to look operationally normal.
870ba91aab7f7c69||1c24aadb9afd7525,870ba91aab7f7c69,1c24aadb9afd7525,KB-C_SUPERFAST_GAP,-28.316666666666666,,5.0,35.74,derived,Driver-customer pair creates consecutive trips too quickly to look operationally normal.
bc3b1a8d20cdf985||2105548c6e668c8f,bc3b1a8d20cdf985,2105548c6e668c8f,KB-C_SUPERFAST_GAP,-544.45,,5.0,31.5,derived,Driver-customer pair creates consecutive trips too quickly to look operationally normal.
ff59c7693ef03da7||1e3204b632cc4eed,ff59c7693ef03da7,1e3204b632cc4eed,KB-C_SUPERFAST_GAP,-5.85,,5.0,27.91,derived,Driver-customer pair creates consecutive trips too quickly to look operationally normal.
605000e1daf17adc||160faee82f940340,605000e1daf17adc,160faee82f940340,KB-C_SUPERFAST_GAP,-549.4166666666666,,5.0,28.37,derived,Driver-customer pair creates consecutive trips too quickly to look operationally normal.
454d87d9b9a8f2e1||c9f8d549cd941596,454d87d9b9a8f2e1,c9f8d549cd941596,KB-C_SUPERFAST_GAP,-320.6666666666667,,5.0,29.77,derived,Driver-customer pair creates consecutive trips too quickly to look operationally normal.
a73017a147e64b26||d144311a2cf32da2,a73017a147e64b26,d144311a2cf32da2,KB-C_SUPERFAST_GAP,-772.7833333333333,,5.0,36.6,derived,Driver-customer pair creates consecutive trips too quickly to look operationally normal.
858e5a82186c62f8||d12d96a7692ca882,858e5a82186c62f8,d12d96a7692ca882,KB-C_SUPERFAST_GAP,-443.65,,5.0,34.28,derived,Driver-customer pair creates consecutive trips too quickly to look operationally normal.
9e3273818904e074||bb08017e459a3c4c,9e3273818904e074,bb08017e459a3c4c,KB-C_SUPERFAST_GAP,-520.2666666666667,,5.0,38.78,derived,Driver-customer pair creates consecutive trips too quickly to look operationally normal.
42932c9ad9844315||020c1de442b69ee1,42932c9ad9844315,020c1de442b69ee1,KB-C_SUPERFAST_GAP,-86.2,,5.0,29.88,derived,Driver-customer pair creates consecutive trips too quickly to look operationally normal.
789b406448489862||61f2c36368b77aa4,789b406448489862,61f2c36368b77aa4,KB-C_SUPERFAST_GAP,-444.31666666666666,,5.0,33.96,derived,Driver-customer pair creates consecutive trips too quickly to look operationally normal.
fac5b0e9c2a37bd2||e0aea622eb155ece,fac5b0e9c2a37bd2,e0aea622eb155ece,KB-C_SUPERFAST_GAP,-474.9166666666667,,5.0,28.36,derived,Driver-customer pair creates consecutive trips too quickly to look operationally normal.
7edb3f29d30d0d5d||b708b47087d2e257,7edb3f29d30d0d5d,b708b47087d2e257,KB-C_SUPERFAST_GAP,-45.05,,5.0,29.13,derived,Driver-customer pair creates consecutive trips too quickly to look operationally normal.
9fb988ef52ae11e9||9998a0eb8d4be05f,9fb988ef52ae11e9,9998a0eb8d4be05f,KB-C_SUPERFAST_GAP,-1.2,,5.0,46.28,derived,Driver-customer pair creates consecutive trips too quickly to look operationally normal.
7e99b26f5c47fe67||af5e195f902fa804,7e99b26f5c47fe67,af5e195f902fa804,KB-C_SUPERFAST_GAP,-462.6,,5.0,33.92,derived,Driver-customer pair creates consecutive trips too quickly to look operationally normal.
4375a5b1c56ce10f||0a0c45b34cfaef19,4375a5b1c56ce10f,0a0c45b34cfaef19,KB-C_SUPERFAST_GAP,-296.23333333333335,,5.0,27.8,derived,Driver-customer pair creates consecutive trips too quickly to look operationally normal.
53bb575b49b813ef||02836bfb7087dc81,53bb575b49b813ef,02836bfb7087dc81,KB-C_SUPERFAST_GAP,-348.6,,5.0,37.2,derived,Driver-customer pair creates consecutive trips too quickly to look operationally normal.
2d422951453434d0||335a9d5e21dbda86,2d422951453434d0,335a9d5e21dbda86,KB-C_SUPERFAST_GAP,-943.4833333333333,,5.0,42.36,derived,Driver-customer pair creates consecutive trips too quickly to look operationally normal.
0ca261636670f836||bb698724338bb243,0ca261636670f836,bb698724338bb243,KB-C_SUPERFAST_GAP,-69.1,,5.0,28.54,derived,Driver-customer pair creates consecutive trips too quickly to look operationally normal.
2255046ed025b196||f5af1ad0b516ac81,2255046ed025b196,f5af1ad0b516ac81,KB-C_SUPERFAST_GAP,-481.71666666666664,,5.0,34.86,derived,Driver-customer pair creates consecutive trips too quickly to look operationally normal.
5573ee7f7a679d61||f4898043b1a9e2a8,5573ee7f7a679d61,f4898043b1a9e2a8,KB-C_SUPERFAST_GAP,-647.65,,5.0,29.54,derived,Driver-customer pair creates consecutive trips too quickly to look operationally normal.
a8e702a70a4c6b85||6969d56f0f05aab0,a8e702a70a4c6b85,6969d56f0f05aab0,KB-C_SUPERFAST_GAP,-562.1166666666667,,5.0,33.61,derived,Driver-customer pair creates consecutive trips too quickly to look operationally normal.
43237be72d37c8d6||f97bec636a2c45ba,43237be72d37c8d6,f97bec636a2c45ba,KB-C_SUPERFAST_GAP,-684.5333333333333,,5.0,42.24,derived,Driver-customer pair creates consecutive trips too quickly to look operationally normal.
1fc58a96be3d7762||fbf69f5f1aed4c9b,1fc58a96be3d7762,fbf69f5f1aed4c9b,KB-C_SUPERFAST_GAP,-359.15,,5.0,33.24,derived,Driver-customer pair creates consecutive trips too quickly to look operationally normal.
250335eeec9709f8||b5b35b73755a02c8,250335eeec9709f8,b5b35b73755a02c8,KB-C_SUPERFAST_GAP,-7.2,,5.0,34.22,derived,Driver-customer pair creates consecutive trips too quickly to look operationally normal.
f9b924fee4f5c8f4||06ec40ceaaaa3cf5,f9b924fee4f5c8f4,06ec40ceaaaa3cf5,KB-C_SUPERFAST_GAP,-35.7,,5.0,40.05,derived,Driver-customer pair creates consecutive trips too quickly to look operationally normal.
ff09814f87b4926a||539fff0eaa00568b,ff09814f87b4926a,539fff0eaa00568b,KB-C_SUPERFAST_GAP,-650.3,,5.0,29.05,derived,Driver-customer pair creates consecutive trips too quickly to look operationally normal.
f61a58ec541feb8e||80302e958f3120c0,f61a58ec541feb8e,80302e958f3120c0,KB-C_SUPERFAST_GAP,-666.8666666666667,,5.0,38.62,derived,Driver-customer pair creates consecutive trips too quickly to look operationally normal.
2dbeeee06945b91e||0d856e4054e29711,2dbeeee06945b91e,0d856e4054e29711,KB-C_SUPERFAST_GAP,-36.483333333333334,,5.0,33.39,derived,Driver-customer pair creates consecutive trips too quickly to look operationally normal.
79a3ea967c192df6||4b33e022aee7e60e,79a3ea967c192df6,4b33e022aee7e60e,KB-C_SUPERFAST_GAP,-364.05,,5.0,37.28,derived,Driver-customer pair creates consecutive trips too quickly to look operationally normal.
652b8592922e96f3||9652f7b45471f22f,652b8592922e96f3,9652f7b45471f22f,KB-C_SUPERFAST_GAP,-108.33333333333333,,5.0,35.74,derived,Driver-customer pair creates consecutive trips too quickly to look operationally normal.
652b8592922e96f3||d01acdaf46e9450d,652b8592922e96f3,d01acdaf46e9450d,KB-C_SUPERFAST_GAP,-177.06666666666666,,5.0,35.36,derived,Driver-customer pair creates consecutive trips too quickly to look operationally normal.
bd3c80d409a424c0||92f0f694139b7c75,bd3c80d409a424c0,92f0f694139b7c75,KB-C_SUPERFAST_GAP,-450.93333333333334,,5.0,35.34,derived,Driver-customer pair creates consecutive trips too quickly to look operationally normal.
f7ac1d15b970368e||1c20a7406aae6558,f7ac1d15b970368e,1c20a7406aae6558,KB-C_SUPERFAST_GAP,-1002.0833333333334,,5.0,33.45,derived,Driver-customer pair creates consecutive trips too quickly to look operationally normal.
2efafc3df8ec482a||bd4d252c736454d0,2efafc3df8ec482a,bd4d252c736454d0,KB-C_SUPERFAST_GAP,-822.65,,5.0,33.51,derived,Driver-customer pair creates consecutive trips too quickly to look operationally normal.
5b5bb13a5366a27a||9f1a3a155f0e7716,5b5bb13a5366a27a,9f1a3a155f0e7716,KB-C_SUPERFAST_GAP,-307.8333333333333,,5.0,27.58,derived,Driver-customer pair creates consecutive trips too quickly to look operationally normal.
8ff14940328ee52e||6ff214165311a34e,8ff14940328ee52e,6ff214165311a34e,KB-C_SUPERFAST_GAP,-756.85,,5.0,35.84,derived,Driver-customer pair creates consecutive trips too quickly to look operationally normal.
8f4dea845f423389||fc8de0e669e5caaa,8f4dea845f423389,fc8de0e669e5caaa,KB-C_SUPERFAST_GAP,-516.2833333333333,,5.0,36.86,derived,Driver-customer pair creates consecutive trips too quickly to look operationally normal.
7f2119568be70fe4||1b9563d67172632d,7f2119568be70fe4,1b9563d67172632d,KB-C_SUPERFAST_GAP,-298.55,,5.0,38.21,derived,Driver-customer pair creates consecutive trips too quickly to look operationally normal.
2849e546f4f1343f||5eb1eef4448d8ad5,2849e546f4f1343f,5eb1eef4448d8ad5,KB-C_SUPERFAST_GAP,-774.65,,5.0,32.86,derived,Driver-customer pair creates consecutive trips too quickly to look operationally normal.
69a69f25d633f854||3019c6707e81d408,69a69f25d633f854,3019c6707e81d408,KB-C_SUPERFAST_GAP,-286.8833333333333,,5.0,27.45,derived,Driver-customer pair creates consecutive trips too quickly to look operationally normal.
98b992f260c5b1ba||084301efd8b013dd,98b992f260c5b1ba,084301efd8b013dd,KB-C_SUPERFAST_GAP,-106.85,,5.0,28.8,derived,Driver-customer pair creates consecutive trips too quickly to look operationally normal.
d91c8fa8d753f707||fcdf8c9a697e4473,d91c8fa8d753f707,fcdf8c9a697e4473,KB-C_SUPERFAST_GAP,-304.15,,5.0,32.15,derived,Driver-customer pair creates consecutive trips too quickly to look operationally normal.
8a7825d07937e0f2||091a95f67f3cff11,8a7825d07937e0f2,091a95f67f3cff11,KB-C_SUPERFAST_GAP,-5.066666666666666,,5.0,43.51,derived,Driver-customer pair creates consecutive trips too quickly to look operationally normal.
bda92b40b3e4107c||b1fb6b76871ea033,bda92b40b3e4107c,b1fb6b76871ea033,KB-C_SUPERFAST_GAP,-671.0166666666667,,5.0,28.16,derived,Driver-customer pair creates consecutive trips too quickly to look operationally normal.
275ab998b756efca||e0f08dfa9ee49c28,275ab998b756efca,e0f08dfa9ee49c28,KB-C_SUPERFAST_GAP,-711.7,,5.0,37.26,derived,Driver-customer pair creates consecutive trips too quickly to look operationally normal.
dbb5cf2ac846d73a||376226dcf502e3c4,dbb5cf2ac846d73a,376226dcf502e3c4,KB-C_SUPERFAST_GAP,-327.9166666666667,,5.0,28.56,derived,Driver-customer pair creates consecutive trips too quickly to look operationally normal.
2beb8bc4fa739f61||6e9a33cd01620b60,2beb8bc4fa739f61,6e9a33cd01620b60,KB-C_SUPERFAST_GAP,-211.33333333333334,,5.0,27.94,derived,Driver-customer pair creates consecutive trips too quickly to look operationally normal.
56996bf7015e93b3||35e04ff5bf0e4a27,56996bf7015e93b3,35e04ff5bf0e4a27,KB-C_SUPERFAST_GAP,-565.05,,5.0,26.42,derived,Driver-customer pair creates consecutive trips too quickly to look operationally normal.
cd59873621be424a||f29702aaeb3d0255,cd59873621be424a,f29702aaeb3d0255,KB-C_SUPERFAST_GAP,-167.83333333333334,,5.0,25.02,derived,Driver-customer pair creates consecutive trips too quickly to look operationally normal.
7831fd5f6b853394||1430df6773391a12,7831fd5f6b853394,1430df6773391a12,KB-C_SUPERFAST_GAP,-393.23333333333335,,5.0,29.35,derived,Driver-customer pair creates consecutive trips too quickly to look operationally normal.
8ab5d5d00b85a7c8||9e530fb7701ce6b4,8ab5d5d00b85a7c8,9e530fb7701ce6b4,KB-C_SUPERFAST_GAP,-12.016666666666667,,5.0,45.41,derived,Driver-customer pair creates consecutive trips too quickly to look operationally normal.
3446f4fec6585027||194539e134a71784,3446f4fec6585027,194539e134a71784,KB-C_SUPERFAST_GAP,-9.333333333333334,,5.0,37.5,derived,Driver-customer pair creates consecutive trips too quickly to look operationally normal.
61d79a3c8c23bbbd||039cadfa5f97235d,61d79a3c8c23bbbd,039cadfa5f97235d,KB-C_SUPERFAST_GAP,-156.31666666666666,,5.0,33.63,derived,Driver-customer pair creates consecutive trips too quickly to look operationally normal.
0d898a9ca555ba40||3da9e6d556f739a8,0d898a9ca555ba40,3da9e6d556f739a8,KB-C_SUPERFAST_GAP,-632.3833333333333,,5.0,35.64,derived,Driver-customer pair creates consecutive trips too quickly to look operationally normal.
102987cb8f0505af||1109a2c29856cb82,102987cb8f0505af,1109a2c29856cb82,KB-C_SUPERFAST_GAP,-1151.6833333333334,,5.0,28.12,derived,Driver-customer pair creates consecutive trips too quickly to look operationally normal.
d69f6d6739baff20||63e68af526192dd7,d69f6d6739baff20,63e68af526192dd7,KB-C_SUPERFAST_GAP,-360.9,,5.0,37.26,derived,Driver-customer pair creates consecutive trips too quickly to look operationally normal.
32a2195c767c7982||18250c2a855d0b21,32a2195c767c7982,18250c2a855d0b21,KB-C_SUPERFAST_GAP,-831.7666666666667,,5.0,28.87,derived,Driver-customer pair creates consecutive trips too quickly to look operationally normal.
ac5ad23248702f61||0f4911491200ddd9,ac5ad23248702f61,0f4911491200ddd9,KB-C_SUPERFAST_GAP,-8.183333333333334,,5.0,54.52,derived,Driver-customer pair creates consecutive trips too quickly to look operationally normal.
eb233480251d3ca0||9b4d8e39d9df8dc3,eb233480251d3ca0,9b4d8e39d9df8dc3,KB-C_SUPERFAST_GAP,-311.95,,5.0,27.0,derived,Driver-customer pair creates consecutive trips too quickly to look operationally normal.
3e5e8a17641c1338||1bbe3266a75939a2,3e5e8a17641c1338,1bbe3266a75939a2,KB-C_SUPERFAST_GAP,-890.4666666666667,,5.0,37.34,derived,Driver-customer pair creates consecutive trips too quickly to look operationally normal.
14878ee0ee3f303a||d8a4f010475ca367,14878ee0ee3f303a,d8a4f010475ca367,KB-C_SUPERFAST_GAP,-760.65,,5.0,31.63,derived,Driver-customer pair creates consecutive trips too quickly to look operationally normal.
b7c7e00774c78e09||7ceaba9c4a509d38,b7c7e00774c78e09,7ceaba9c4a509d38,KB-C_SUPERFAST_GAP,-193.08333333333334,,5.0,32.65,derived,Driver-customer pair creates consecutive trips too quickly to look operationally normal.
d7a7beeef6c028db||31981c9468edfcf1,d7a7beeef6c028db,31981c9468edfcf1,KB-C_SUPERFAST_GAP,-559.55,,5.0,33.46,derived,Driver-customer pair creates consecutive trips too quickly to look operationally normal.
73c7a926ed8a8581||28ceb71d20eaf0e2,73c7a926ed8a8581,28ceb71d20eaf0e2,KB-C_SUPERFAST_GAP,-216.8,,5.0,36.86,derived,Driver-customer pair creates consecutive trips too quickly to look operationally normal.
7ba994a848259164||094974d2ca7708a2,7ba994a848259164,094974d2ca7708a2,KB-C_SUPERFAST_GAP,-419.7,,5.0,29.16,derived,Driver-customer pair creates consecutive trips too quickly to look operationally normal.
8af83f94c769bedf||a9533a4ae581f5dc,8af83f94c769bedf,a9533a4ae581f5dc,KB-C_SUPERFAST_GAP,-4.9,,5.0,39.77,derived,Driver-customer pair creates consecutive trips too quickly to look operationally normal.
839d5cb0b950b8b6||aea74677eb7b687a,839d5cb0b950b8b6,aea74677eb7b687a,KB-C_SUPERFAST_GAP,-562.9333333333333,,5.0,33.31,derived,Driver-customer pair creates consecutive trips too quickly to look operationally normal.
dfdceb4c45091eb8||af995e80c55879c6,dfdceb4c45091eb8,af995e80c55879c6,KB-C_SUPERFAST_GAP,-673.5333333333333,,5.0,38.42,derived,Driver-customer pair creates consecutive trips too quickly to look operationally normal.
5a53b9681461213b||3744551dfcea9858,5a53b9681461213b,3744551dfcea9858,KB-C_SUPERFAST_GAP,-450.98333333333335,,5.0,27.35,derived,Driver-customer pair creates consecutive trips too quickly to look operationally normal.
f224ccb5c79efda4||517cb1c68c5b60a2,f224ccb5c79efda4,517cb1c68c5b60a2,KB-C_SUPERFAST_GAP,-104.56666666666666,,5.0,31.23,derived,Driver-customer pair creates consecutive trips too quickly to look operationally normal.
f5d16c59104fbed7||2c7192581a1b6e85,f5d16c59104fbed7,2c7192581a1b6e85,KB-C_SUPERFAST_GAP,-7.95,,5.0,52.86,derived,Driver-customer pair creates consecutive trips too quickly to look operationally normal.
fb0b033a50e3bed6||040d3feeb3796301,fb0b033a50e3bed6,040d3feeb3796301,KB-C_SUPERFAST_GAP,-2.45,,5.0,39.84,derived,Driver-customer pair creates consecutive trips too quickly to look operationally normal.
84d5c74e77a65995||9affe0b55f70bd78,84d5c74e77a65995,9affe0b55f70bd78,KB-C_SUPERFAST_GAP,-510.1333333333333,,5.0,43.04,derived,Driver-customer pair creates consecutive trips too quickly to look operationally normal.
9cab892ccb1cd9f6||d938b03bbf02a6df,9cab892ccb1cd9f6,d938b03bbf02a6df,KB-C_SUPERFAST_GAP,-7.683333333333334,,5.0,59.76,derived,Driver-customer pair creates consecutive trips too quickly to look operationally normal.
0470e3a2603d64f3||3cc75c90d11581f3,0470e3a2603d64f3,3cc75c90d11581f3,KB-C_SUPERFAST_GAP,-883.8666666666667,,5.0,31.14,derived,Driver-customer pair creates consecutive trips too quickly to look operationally normal.
6e1712bbb3a091ce||d7f842d2688efd0f,6e1712bbb3a091ce,d7f842d2688efd0f,KB-C_SUPERFAST_GAP,-613.25,,5.0,31.35,derived,Driver-customer pair creates consecutive trips too quickly to look operationally normal.
94f7539734ddaf6d||342e60f508457974,94f7539734ddaf6d,342e60f508457974,KB-C_SUPERFAST_GAP,-769.0333333333333,,5.0,27.78,derived,Driver-customer pair creates consecutive trips too quickly to look operationally normal.
a24474e4bfcc1780||7c24e5e8fd3fc794,a24474e4bfcc1780,7c24e5e8fd3fc794,KB-C_SUPERFAST_GAP,-978.8166666666667,,5.0,33.42,derived,Driver-customer pair creates consecutive trips too quickly to look operationally normal.
19d17ddee09f2ddb||38df400eae8e4ee7,19d17ddee09f2ddb,38df400eae8e4ee7,KB-C_SUPERFAST_GAP,-18.2,,5.0,30.51,derived,Driver-customer pair creates consecutive trips too quickly to look operationally normal.
00cd69049675d990||aa787e5a40314cd8,00cd69049675d990,aa787e5a40314cd8,KB-C_SUPERFAST_GAP,-385.8,,5.0,34.61,derived,Driver-customer pair creates consecutive trips too quickly to look operationally normal.
c968bf9489c87726||77c04f0f562956d4,c968bf9489c87726,77c04f0f562956d4,KB-C_SUPERFAST_GAP,-1367.65,,5.0,33.06,derived,Driver-customer pair creates consecutive trips too quickly to look operationally normal.
0763f3a49af2bd45||9d5cf5ac26eae3ef,0763f3a49af2bd45,9d5cf5ac26eae3ef,KB-C_SUPERFAST_GAP,-329.15,,5.0,44.84,derived,Driver-customer pair creates consecutive trips too quickly to look operationally normal.
8c88c8a08e04240d||9fdd6c40919b4165,8c88c8a08e04240d,9fdd6c40919b4165,KB-C_SUPERFAST_GAP,-481.46666666666664,,5.0,36.02,derived,Driver-customer pair creates consecutive trips too quickly to look operationally normal.
b882edf7bdef614c||657c1c5c6599174c,b882edf7bdef614c,657c1c5c6599174c,KB-C_SUPERFAST_GAP,-1108.8,,5.0,39.85,derived,Driver-customer pair creates consecutive trips too quickly to look operationally normal.
23d3ef6857ec2002||459ff184530a243b,23d3ef6857ec2002,459ff184530a243b,KB-C_SUPERFAST_GAP,-713.1333333333333,,5.0,35.02,derived,Driver-customer pair creates consecutive trips too quickly to look operationally normal.
7f41ff36879c6044||8fd1655efdf5e1d6,7f41ff36879c6044,8fd1655efdf5e1d6,KB-C_SUPERFAST_GAP,-6.2,,5.0,31.99,derived,Driver-customer pair creates consecutive trips too quickly to look operationally normal.
870ba91aab7f7c69||66bb4776832b9421,870ba91aab7f7c69,66bb4776832b9421,KB-C_SUPERFAST_GAP,-68.1,,5.0,35.54,derived,Driver-customer pair creates consecutive trips too quickly to look operationally normal.
95dba031c4bd1682||acdf74c1b0a3916e,95dba031c4bd1682,acdf74c1b0a3916e,KB-C_SUPERFAST_GAP,-684.35,,5.0,42.88,derived,Driver-customer pair creates consecutive trips too quickly to look operationally normal.
95479e6cd7d7d3cb||70f099cf6f3c11ea,95479e6cd7d7d3cb,70f099cf6f3c11ea,KB-C_SUPERFAST_GAP,-628.6166666666667,,5.0,31.19,derived,Driver-customer pair creates consecutive trips too quickly to look operationally normal.
68a065ef160a8a65||ca854947ee9251a0,68a065ef160a8a65,ca854947ee9251a0,KB-C_SUPERFAST_GAP,-360.3,,5.0,36.12,derived,Driver-customer pair creates consecutive trips too quickly to look operationally normal.
8658a9a880655c9d||7d432808c8df6caa,8658a9a880655c9d,7d432808c8df6caa,KB-C_SUPERFAST_GAP,-204.85,,5.0,31.96,derived,Driver-customer pair creates consecutive trips too quickly to look operationally normal.
b336ed1eac895397||c6443e387c434c63,b336ed1eac895397,c6443e387c434c63,KB-C_SUPERFAST_GAP,-476.1166666666667,,5.0,40.65,derived,Driver-customer pair creates consecutive trips too quickly to look operationally normal.
d035b167af1a51ee||34c1a09db4b9c9ca,d035b167af1a51ee,34c1a09db4b9c9ca,KB-C_SUPERFAST_GAP,-25.516666666666666,,5.0,32.92,derived,Driver-customer pair creates consecutive trips too quickly to look operationally normal.
5dc4700a2426c8ae||4f2c01ee0b9e4317,5dc4700a2426c8ae,4f2c01ee0b9e4317,KB-C_SUPERFAST_GAP,-786.9833333333333,,5.0,32.88,derived,Driver-customer pair creates consecutive trips too quickly to look operationally normal.
fa2ab0d9e98da965||1c786ed4dcad5f0f,fa2ab0d9e98da965,1c786ed4dcad5f0f,KB-C_SUPERFAST_GAP,-112.96666666666667,,5.0,25.32,derived,Driver-customer pair creates consecutive trips too quickly to look operationally normal.
8b908e10f751f40b||6ddf285232c28213,8b908e10f751f40b,6ddf285232c28213,KB-C_SUPERFAST_GAP,-722.7,,5.0,42.66,derived,Driver-customer pair creates consecutive trips too quickly to look operationally normal.
d340ecab8b29e29e||2335e8f66e43510e,d340ecab8b29e29e,2335e8f66e43510e,KB-C_SUPERFAST_GAP,-126.71666666666667,,5.0,29.85,derived,Driver-customer pair creates consecutive trips too quickly to look operationally normal.
80dc38ffab1b4ff8||2be6ad4f490eb2ca,80dc38ffab1b4ff8,2be6ad4f490eb2ca,KB-C_SUPERFAST_GAP,-61.06666666666667,,5.0,31.39,derived,Driver-customer pair creates consecutive trips too quickly to look operationally normal.
75317272fdd8f4b4||45eeb5726cb66b43,75317272fdd8f4b4,45eeb5726cb66b43,KB-C_SUPERFAST_GAP,-610.25,,5.0,32.71,derived,Driver-customer pair creates consecutive trips too quickly to look operationally normal.
bbd70fd50cc7cae6||4127b71dbd998719,bbd70fd50cc7cae6,4127b71dbd998719,KB-C_SUPERFAST_GAP,-287.0833333333333,,5.0,28.71,derived,Driver-customer pair creates consecutive trips too quickly to look operationally normal.
c33c8d8b6dcb3899||c52a3589d2f867d8,c33c8d8b6dcb3899,c52a3589d2f867d8,KB-C_SUPERFAST_GAP,-332.56666666666666,,5.0,27.38,derived,Driver-customer pair creates consecutive trips too quickly to look operationally normal.
c469dd6475325880||b784b4b2925a184c,c469dd6475325880,b784b4b2925a184c,KB-C_SUPERFAST_GAP,-598.7833333333333,,5.0,34.48,derived,Driver-customer pair creates consecutive trips too quickly to look operationally normal.
1fa5d8480fcb12c5||dc1298a8e4cb7d42,1fa5d8480fcb12c5,dc1298a8e4cb7d42,KB-C_SUPERFAST_GAP,-30.916666666666668,,5.0,30.67,derived,Driver-customer pair creates consecutive trips too quickly to look operationally normal.
5665546526a0d746||6df351d4216e18d8,5665546526a0d746,6df351d4216e18d8,KB-C_SUPERFAST_GAP,-152.45,,5.0,30.69,derived,Driver-customer pair creates consecutive trips too quickly to look operationally normal.
8ff7a228ff410e24||510a31f6f90d325c,8ff7a228ff410e24,510a31f6f90d325c,KB-C_SUPERFAST_GAP,-223.75,,5.0,32.88,derived,Driver-customer pair creates consecutive trips too quickly to look operationally normal.
f722fdfa8fb6c63f||418a48b72fa105fb,f722fdfa8fb6c63f,418a48b72fa105fb,KB-C_SUPERFAST_GAP,-884.6666666666666,,5.0,31.36,derived,Driver-customer pair creates consecutive trips too quickly to look operationally normal.
6c7a9347fea7c611||301d93c00a14b991,6c7a9347fea7c611,301d93c00a14b991,KB-C_SUPERFAST_GAP,-403.6166666666667,,5.0,33.94,derived,Driver-customer pair creates consecutive trips too quickly to look operationally normal.
c71ac99b42ef1e7e||4fe7f1a6f7046521,c71ac99b42ef1e7e,4fe7f1a6f7046521,KB-C_SUPERFAST_GAP,-444.26666666666665,,5.0,28.96,derived,Driver-customer pair creates consecutive trips too quickly to look operationally normal.
c46ea4a81e36afd2||b2e7f543f18d6396,c46ea4a81e36afd2,b2e7f543f18d6396,KB-C_SUPERFAST_GAP,-515.3666666666667,,5.0,30.21,derived,Driver-customer pair creates consecutive trips too quickly to look operationally normal.
ec35b4d152f938ac||0d7c43e43e89fef2,ec35b4d152f938ac,0d7c43e43e89fef2,KB-C_SUPERFAST_GAP,-0.9,,5.0,44.24,derived,Driver-customer pair creates consecutive trips too quickly to look operationally normal.
ff0e0ade8137251b||284ee60138701029,ff0e0ade8137251b,284ee60138701029,KB-C_SUPERFAST_GAP,-763.3833333333333,,5.0,27.08,derived,Driver-customer pair creates consecutive trips too quickly to look operationally normal.
8935d2f0afd9eb14||f2ee358d2598ce5c,8935d2f0afd9eb14,f2ee358d2598ce5c,KB-C_SUPERFAST_GAP,-614.2833333333333,,5.0,36.88,derived,Driver-customer pair creates consecutive trips too quickly to look operationally normal.
3be3df7709acb79e||64006960799d35d2,3be3df7709acb79e,64006960799d35d2,KB-C_SUPERFAST_GAP,-320.2,,5.0,28.51,derived,Driver-customer pair creates consecutive trips too quickly to look operationally normal.
5e1375169a59617b||f41878ec538d58c5,5e1375169a59617b,f41878ec538d58c5,KB-C_SUPERFAST_GAP,-1.25,,5.0,53.15,derived,Driver-customer pair creates consecutive trips too quickly to look operationally normal.
11b6d36d226537d5||1775ee62c1d2fdbc,11b6d36d226537d5,1775ee62c1d2fdbc,KB-C_SUPERFAST_GAP,-1010.5,,5.0,28.18,derived,Driver-customer pair creates consecutive trips too quickly to look operationally normal.
4ffbb073038a5abe||8df0411ac9bccc0f,4ffbb073038a5abe,8df0411ac9bccc0f,KB-C_SUPERFAST_GAP,-88.93333333333334,,5.0,23.8,derived,Driver-customer pair creates consecutive trips too quickly to look operationally normal.
d9684afcbe81ef3c||10071772da00a282,d9684afcbe81ef3c,10071772da00a282,KB-C_SUPERFAST_GAP,-246.28333333333333,,5.0,33.9,derived,Driver-customer pair creates consecutive trips too quickly to look operationally normal.
0572939b7efdd8f5||16089a59559b2809,0572939b7efdd8f5,16089a59559b2809,KB-C_SUPERFAST_GAP,-584.4833333333333,,5.0,40.85,derived,Driver-customer pair creates consecutive trips too quickly to look operationally normal.
c22b7afc7dff8213||157c8fdf29acd4d7,c22b7afc7dff8213,157c8fdf29acd4d7,KB-C_SUPERFAST_GAP,-727.1166666666667,,5.0,33.88,derived,Driver-customer pair creates consecutive trips too quickly to look operationally normal.
80805a2a64427b57||bc65727d5d47c300,80805a2a64427b57,bc65727d5d47c300,KB-C_SUPERFAST_GAP,-7.166666666666667,,5.0,29.9,derived,Driver-customer pair creates consecutive trips too quickly to look operationally normal.
44b627d8a24030a6||d3ee16201d9265ca,44b627d8a24030a6,d3ee16201d9265ca,KB-C_SUPERFAST_GAP,-4.4,,5.0,33.17,derived,Driver-customer pair creates consecutive trips too quickly to look operationally normal.
f0ce53a8dc6a429c||0791727e1c636952,f0ce53a8dc6a429c,0791727e1c636952,KB-C_SUPERFAST_GAP,-77.56666666666666,,5.0,25.01,derived,Driver-customer pair creates consecutive trips too quickly to look operationally normal.
f9ceb6b046603e53||3d5a9dcccf4af49b,f9ceb6b046603e53,3d5a9dcccf4af49b,KB-C_SUPERFAST_GAP,-184.25,,5.0,25.97,derived,Driver-customer pair creates consecutive trips too quickly to look operationally normal.
27b7bf1c4ded5525||cfd4e9a00416f998,27b7bf1c4ded5525,cfd4e9a00416f998,KB-C_SUPERFAST_GAP,-623.6666666666666,,5.0,37.83,derived,Driver-customer pair creates consecutive trips too quickly to look operationally normal.
c14e69d93f931fc8||466ce529446959e6,c14e69d93f931fc8,466ce529446959e6,KB-C_SUPERFAST_GAP,-49.666666666666664,,5.0,27.46,derived,Driver-customer pair creates consecutive trips too quickly to look operationally normal.
7624066a8590f580||77ffd2e720352b48,7624066a8590f580,77ffd2e720352b48,KB-C_SUPERFAST_GAP,-515.0833333333334,,5.0,27.65,derived,Driver-customer pair creates consecutive trips too quickly to look operationally normal.
ce7c6b8918d08941||6124961f53ef9dac,ce7c6b8918d08941,6124961f53ef9dac,KB-C_SUPERFAST_GAP,4.266666666666667,,5.0,29.58,derived,Driver-customer pair creates consecutive trips too quickly to look operationally normal.
22dc3f73b5a54314||96f9bdfcf96fc941,22dc3f73b5a54314,96f9bdfcf96fc941,KB-C_SUPERFAST_GAP,-1384.1333333333334,,5.0,31.19,derived,Driver-customer pair creates consecutive trips too quickly to look operationally normal.
0063665ec612bd8b||a3f44dcb236a9b20,0063665ec612bd8b,a3f44dcb236a9b20,KB-C_SUPERFAST_GAP,-574.8833333333333,,5.0,29.9,derived,Driver-customer pair creates consecutive trips too quickly to look operationally normal.
875f2713a415047d||db1a86fe14e97527,875f2713a415047d,db1a86fe14e97527,KB-C_SUPERFAST_GAP,-765.5166666666667,,5.0,42.18,derived,Driver-customer pair creates consecutive trips too quickly to look operationally normal.
9a3835cb5672416a||84399854fc83b7ab,9a3835cb5672416a,84399854fc83b7ab,KB-C_SUPERFAST_GAP,-645.7666666666667,,5.0,34.84,derived,Driver-customer pair creates consecutive trips too quickly to look operationally normal.
c6f42e512ebd5cc7||ccf826e2297bea7a,c6f42e512ebd5cc7,ccf826e2297bea7a,KB-C_SUPERFAST_GAP,-472.01666666666665,,5.0,36.5,derived,Driver-customer pair creates consecutive trips too quickly to look operationally normal.
d800261e38431b49||199739e67d7d6e8a,d800261e38431b49,199739e67d7d6e8a,KB-C_SUPERFAST_GAP,-1.5666666666666667,,5.0,32.75,derived,Driver-customer pair creates consecutive trips too quickly to look operationally normal.
0b5723afff4707db||971b4dc05ad9c99c,0b5723afff4707db,971b4dc05ad9c99c,KB-C_SUPERFAST_GAP,-796.1666666666666,,5.0,33.26,derived,Driver-customer pair creates consecutive trips too quickly to look operationally normal.
5f2d357d17e64ab3||cfa7f2caa49d2cc0,5f2d357d17e64ab3,cfa7f2caa49d2cc0,KB-C_SUPERFAST_GAP,-965.65,,5.0,25.92,derived,Driver-customer pair creates consecutive trips too quickly to look operationally normal.
8388ee1489ad2a4e||a7fd2f6d8e673a46,8388ee1489ad2a4e,a7fd2f6d8e673a46,KB-C_SUPERFAST_GAP,-797.0333333333333,,5.0,34.01,derived,Driver-customer pair creates consecutive trips too quickly to look operationally normal.
025aa77f9591f6f3||bf328279bd440dc2,025aa77f9591f6f3,bf328279bd440dc2,KB-C_SUPERFAST_GAP,-614.0333333333333,,5.0,32.96,derived,Driver-customer pair creates consecutive trips too quickly to look operationally normal.
7917c7632f82fe03||b536b95f3a1331d5,7917c7632f82fe03,b536b95f3a1331d5,KB-C_SUPERFAST_GAP,-496.03333333333336,,5.0,25.3,derived,Driver-customer pair creates consecutive trips too quickly to look operationally normal.
aeea30f37b7c0891||5a9e261779bdc254,aeea30f37b7c0891,5a9e261779bdc254,KB-C_SUPERFAST_GAP,-663.8666666666667,,5.0,29.52,derived,Driver-customer pair creates consecutive trips too quickly to look operationally normal.
1e49a7b8fd768de0||7022474aa7e2c0e7,1e49a7b8fd768de0,7022474aa7e2c0e7,KB-C_SUPERFAST_GAP,-144.83333333333334,,5.0,34.77,derived,Driver-customer pair creates consecutive trips too quickly to look operationally normal.
95faa25af0505e9d||a0133e7b0fe6f307,95faa25af0505e9d,a0133e7b0fe6f307,KB-C_SUPERFAST_GAP,-47.56666666666667,,5.0,34.4,derived,Driver-customer pair creates consecutive trips too quickly to look operationally normal.
885170bd73bd3d2d||5d820f2388950e8c,885170bd73bd3d2d,5d820f2388950e8c,KB-C_SUPERFAST_GAP,-37.2,,5.0,31.72,derived,Driver-customer pair creates consecutive trips too quickly to look operationally normal.
3f75b0a67438d8cf||d4df90a768b8540d,3f75b0a67438d8cf,d4df90a768b8540d,KB-C_SUPERFAST_GAP,-591.3,,5.0,28.11,derived,Driver-customer pair creates consecutive trips too quickly to look operationally normal.
bc14f192022a5b20||3b4d289f7f083791,bc14f192022a5b20,3b4d289f7f083791,KB-C_SUPERFAST_GAP,-13.1,,5.0,29.78,derived,Driver-customer pair creates consecutive trips too quickly to look operationally normal.
83fd13124b02ed2b||7ed776fc3c75ca97,83fd13124b02ed2b,7ed776fc3c75ca97,KB-C_SUPERFAST_GAP,-184.2,,5.0,27.66,derived,Driver-customer pair creates consecutive trips too quickly to look operationally normal.
bd3c80d409a424c0||f6b1bc2920fbb0a9,bd3c80d409a424c0,f6b1bc2920fbb0a9,KB-C_SUPERFAST_GAP,-131.0,,5.0,30.74,derived,Driver-customer pair creates consecutive trips too quickly to look operationally normal.
61f59e82d672e2da||ebe22e33a73254ba,61f59e82d672e2da,ebe22e33a73254ba,KB-C_SUPERFAST_GAP,-164.68333333333334,,5.0,27.71,derived,Driver-customer pair creates consecutive trips too quickly to look operationally normal.
50b3c91c85a52480||7bdb31a9137171ec,50b3c91c85a52480,7bdb31a9137171ec,KB-C_SUPERFAST_GAP,-179.2,,5.0,35.1,derived,Driver-customer pair creates consecutive trips too quickly to look operationally normal.
c6be0629cd7ab09c||ead6d984a514d828,c6be0629cd7ab09c,ead6d984a514d828,KB-C_SUPERFAST_GAP,-419.06666666666666,,5.0,29.18,derived,Driver-customer pair creates consecutive trips too quickly to look operationally normal.
96b9755c6993d0eb||381501da0e69f282,96b9755c6993d0eb,381501da0e69f282,KB-C_SUPERFAST_GAP,-440.43333333333334,,5.0,34.56,derived,Driver-customer pair creates consecutive trips too quickly to look operationally normal.
0b891837b9189b2f||e4797f3dd74007ce,0b891837b9189b2f,e4797f3dd74007ce,KB-C_SUPERFAST_GAP,-359.76666666666665,,5.0,26.58,derived,Driver-customer pair creates consecutive trips too quickly to look operationally normal.
aeac1da05900d4e8||a62bf382e12dc210,aeac1da05900d4e8,a62bf382e12dc210,KB-C_SUPERFAST_GAP,-550.1666666666666,,5.0,26.99,derived,Driver-customer pair creates consecutive trips too quickly to look operationally normal.
3079d918d2f8289a||a2af71906b8155b5,3079d918d2f8289a,a2af71906b8155b5,KB-C_SUPERFAST_GAP,-577.5333333333333,,5.0,33.72,derived,Driver-customer pair creates consecutive trips too quickly to look operationally normal.
520aa5d1f641cb9d||7d75ee4f6fec508e,520aa5d1f641cb9d,7d75ee4f6fec508e,KB-C_SUPERFAST_GAP,-14.866666666666667,,5.0,38.62,derived,Driver-customer pair creates consecutive trips too quickly to look operationally normal.
a94edc25b8bb2cfd||f3310a586aec9b2c,a94edc25b8bb2cfd,f3310a586aec9b2c,KB-C_SUPERFAST_GAP,-355.31666666666666,,5.0,31.74,derived,Driver-customer pair creates consecutive trips too quickly to look operationally normal.
879f9d2cfba5b5bd||82ff7fb4ea35f5c1,879f9d2cfba5b5bd,82ff7fb4ea35f5c1,KB-C_SUPERFAST_GAP,-867.2833333333333,,5.0,29.34,derived,Driver-customer pair creates consecutive trips too quickly to look operationally normal.
8349ac22c049b210||b93fcd0a66db11d3,8349ac22c049b210,b93fcd0a66db11d3,KB-C_SUPERFAST_GAP,-140.5,,5.0,30.82,derived,Driver-customer pair creates consecutive trips too quickly to look operationally normal.
8349ac22c049b210||f2d6c04632cd536c,8349ac22c049b210,f2d6c04632cd536c,KB-C_SUPERFAST_GAP,-297.76666666666665,,5.0,26.74,derived,Driver-customer pair creates consecutive trips too quickly to look operationally normal.
fc7113283631e3dd||af121be02e998698,fc7113283631e3dd,af121be02e998698,KB-C_SUPERFAST_GAP,-474.05,,5.0,25.14,derived,Driver-customer pair creates consecutive trips too quickly to look operationally normal.
7d8c729a2e71dd57||0d988d51dd590144,7d8c729a2e71dd57,0d988d51dd590144,KB-C_SUPERFAST_GAP,-213.91666666666666,,5.0,37.23,derived,Driver-customer pair creates consecutive trips too quickly to look operationally normal.
a5d7bdc0629beaab||335a80cb1118a634,a5d7bdc0629beaab,335a80cb1118a634,KB-C_SUPERFAST_GAP,-599.2666666666667,,5.0,27.5,derived,Driver-customer pair creates consecutive trips too quickly to look operationally normal.
bbccf045f64f0148||09abe30cc08887b3,bbccf045f64f0148,09abe30cc08887b3,KB-C_SUPERFAST_GAP,-928.9666666666667,,5.0,37.6,derived,Driver-customer pair creates consecutive trips too quickly to look operationally normal.
be535317d119f036||6e8cf43e7f4300f8,be535317d119f036,6e8cf43e7f4300f8,KB-C_SUPERFAST_GAP,-316.98333333333335,,5.0,33.03,derived,Driver-customer pair creates consecutive trips too quickly to look operationally normal.
31fd658a9e485425||21b2fccb2b66d934,31fd658a9e485425,21b2fccb2b66d934,KB-C_SUPERFAST_GAP,-496.8666666666667,,5.0,31.68,derived,Driver-customer pair creates consecutive trips too quickly to look operationally normal.
8b3e8d84a93ad262||2e53d1b7b7029114,8b3e8d84a93ad262,2e53d1b7b7029114,KB-C_SUPERFAST_GAP,-654.7666666666667,,5.0,30.55,derived,Driver-customer pair creates consecutive trips too quickly to look operationally normal.
dd9402e53f9c96fa||65c6bf456459665f,dd9402e53f9c96fa,65c6bf456459665f,KB-C_SUPERFAST_GAP,-17.866666666666667,,5.0,25.68,derived,Driver-customer pair creates consecutive trips too quickly to look operationally normal.
884bc700bb849582||a03086e8064d46db,884bc700bb849582,a03086e8064d46db,KB-C_SUPERFAST_GAP,-610.55,,5.0,37.87,derived,Driver-customer pair creates consecutive trips too quickly to look operationally normal.
bb79ff571029a9ce||e068e5ca51923741,bb79ff571029a9ce,e068e5ca51923741,KB-C_SUPERFAST_GAP,-275.6333333333333,,5.0,31.86,derived,Driver-customer pair creates consecutive trips too quickly to look operationally normal.
9fb988ef52ae11e9||a672e56d176637f6,9fb988ef52ae11e9,a672e56d176637f6,KB-C_SUPERFAST_GAP,-1.9,,5.0,39.78,derived,Driver-customer pair creates consecutive trips too quickly to look operationally normal.
2d36874d62a5946e||d14fdc60e6ab18ba,2d36874d62a5946e,d14fdc60e6ab18ba,KB-C_SUPERFAST_GAP,-367.3,,5.0,34.85,derived,Driver-customer pair creates consecutive trips too quickly to look operationally normal.
21d21b1f45b0fdf4||ec2c7046f2da96c1,21d21b1f45b0fdf4,ec2c7046f2da96c1,KB-C_SUPERFAST_GAP,-2.283333333333333,,5.0,46.74,derived,Driver-customer pair creates consecutive trips too quickly to look operationally normal.
c8fb983b6e7503f1||4f13c3f78c863c42,c8fb983b6e7503f1,4f13c3f78c863c42,KB-C_SUPERFAST_GAP,-523.7333333333333,,5.0,31.35,derived,Driver-customer pair creates consecutive trips too quickly to look operationally normal.
70f3a7f8afc0596a||2ae4649f7c410168,70f3a7f8afc0596a,2ae4649f7c410168,KB-C_SUPERFAST_GAP,-392.93333333333334,,5.0,29.98,derived,Driver-customer pair creates consecutive trips too quickly to look operationally normal.
f7acbbd59ab450c8||c68578c20a2668f5,f7acbbd59ab450c8,c68578c20a2668f5,KB-C_SUPERFAST_GAP,-392.23333333333335,,5.0,27.37,derived,Driver-customer pair creates consecutive trips too quickly to look operationally normal.
435b1512e8a51a50||a864e412cda77ee3,435b1512e8a51a50,a864e412cda77ee3,KB-C_SUPERFAST_GAP,-117.95,,5.0,27.7,derived,Driver-customer pair creates consecutive trips too quickly to look operationally normal.
658e052755cf7ef2||3263a18a2fc38701,658e052755cf7ef2,3263a18a2fc38701,KB-C_SUPERFAST_GAP,-349.95,,5.0,28.96,derived,Driver-customer pair creates consecutive trips too quickly to look operationally normal.
d62c351ad8a8367d||808741cfaebac9d9,d62c351ad8a8367d,808741cfaebac9d9,KB-C_SUPERFAST_GAP,-28.866666666666667,,5.0,35.07,derived,Driver-customer pair creates consecutive trips too quickly to look operationally normal.
4f3a73b12fd7dfbb||51b9047874dc3dd9,4f3a73b12fd7dfbb,51b9047874dc3dd9,KB-C_SUPERFAST_GAP,-1.3333333333333333,,5.0,33.26,derived,Driver-customer pair creates consecutive trips too quickly to look operationally normal.
0e241b7f9c83eab9||77a70909b3f26ebb,0e241b7f9c83eab9,77a70909b3f26ebb,KB-C_SUPERFAST_GAP,-460.05,,5.0,34.03,derived,Driver-customer pair creates consecutive trips too quickly to look operationally normal.
db9cdd0dee5ed927||2206e9f998c63998,db9cdd0dee5ed927,2206e9f998c63998,KB-C_SUPERFAST_GAP,-179.78333333333333,,5.0,26.64,derived,Driver-customer pair creates consecutive trips too quickly to look operationally normal.
f2897e7636445833||3fdc3482bb6ad3f9,f2897e7636445833,3fdc3482bb6ad3f9,KB-C_SUPERFAST_GAP,-389.0833333333333,,5.0,25.57,derived,Driver-customer pair creates consecutive trips too quickly to look operationally normal.
6d767fca304aa829||7f71ded5291ee1c5,6d767fca304aa829,7f71ded5291ee1c5,KB-C_SUPERFAST_GAP,-521.1166666666667,,5.0,32.07,derived,Driver-customer pair creates consecutive trips too quickly to look operationally normal.
9d9ff6991974d49e||c6096bf3a1292582,9d9ff6991974d49e,c6096bf3a1292582,KB-C_SUPERFAST_GAP,-23.6,,5.0,30.05,derived,Driver-customer pair creates consecutive trips too quickly to look operationally normal.
19640005f0d75723||4412f03f83dbc625,19640005f0d75723,4412f03f83dbc625,KB-C_SUPERFAST_GAP,-593.4833333333333,,5.0,31.75,derived,Driver-customer pair creates consecutive trips too quickly to look operationally normal.
ca650cb56e40c1ad||b6cf5b3ec22ca1c4,ca650cb56e40c1ad,b6cf5b3ec22ca1c4,KB-C_SUPERFAST_GAP,-289.05,,5.0,26.01,derived,Driver-customer pair creates consecutive trips too quickly to look operationally normal.
307696c2e2adc3bc||61ff8f84277eee7b,307696c2e2adc3bc,61ff8f84277eee7b,KB-C_SUPERFAST_GAP,-19.633333333333333,,5.0,32.74,derived,Driver-customer pair creates consecutive trips too quickly to look operationally normal.
af1026087cbfbdeb||4eba7d1acc25dc77,af1026087cbfbdeb,4eba7d1acc25dc77,KB-C_SUPERFAST_GAP,-268.65,,5.0,27.36,derived,Driver-customer pair creates consecutive trips too quickly to look operationally normal.
2a4fff997283024f||2e6487f9534d2736,2a4fff997283024f,2e6487f9534d2736,KB-C_SUPERFAST_GAP,-416.45,,5.0,30.5,derived,Driver-customer pair creates consecutive trips too quickly to look operationally normal.
2793957a3b7038a1||41a2d0543165e236,2793957a3b7038a1,41a2d0543165e236,KB-C_SUPERFAST_GAP,-751.0166666666667,,5.0,33.92,derived,Driver-customer pair creates consecutive trips too quickly to look operationally normal.
5264494f85458d1e||07a89783b151f526,5264494f85458d1e,07a89783b151f526,KB-C_SUPERFAST_GAP,-950.8333333333334,,5.0,34.54,derived,Driver-customer pair creates consecutive trips too quickly to look operationally normal.
b5e226058954551f||6084c68978160b2b,b5e226058954551f,6084c68978160b2b,KB-C_SUPERFAST_GAP,-478.6333333333333,,5.0,29.29,derived,Driver-customer pair creates consecutive trips too quickly to look operationally normal.
d4b9bbbb333d2aa0||d6713e76f6b6cf02,d4b9bbbb333d2aa0,d6713e76f6b6cf02,KB-C_SUPERFAST_GAP,-197.06666666666666,,5.0,29.25,derived,Driver-customer pair creates consecutive trips too quickly to look operationally normal.
2806a48379ca66e7||aef1b5b0c1badf1c,2806a48379ca66e7,aef1b5b0c1badf1c,KB-C_SUPERFAST_GAP,-200.53333333333333,,5.0,26.66,derived,Driver-customer pair creates consecutive trips too quickly to look operationally normal.
a79c97cc18f62535||9f53712c1af6aece,a79c97cc18f62535,9f53712c1af6aece,KB-C_SUPERFAST_GAP,-95.48333333333333,,5.0,26.42,derived,Driver-customer pair creates consecutive trips too quickly to look operationally normal.
94dbe62247c234ed||cc4298be890c0669,94dbe62247c234ed,cc4298be890c0669,KB-C_SUPERFAST_GAP,-101.96666666666667,,5.0,30.12,derived,Driver-customer pair creates consecutive trips too quickly to look operationally normal.
eb67bb955e7cb0db||42861454dd46e074,eb67bb955e7cb0db,42861454dd46e074,KB-C_SUPERFAST_GAP,-134.73333333333332,,5.0,27.84,derived,Driver-customer pair creates consecutive trips too quickly to look operationally normal.
c78a6ce3e4510a4b||d4be0f591e4f11a8,c78a6ce3e4510a4b,d4be0f591e4f11a8,KB-C_SUPERFAST_GAP,-3.7333333333333334,,5.0,38.19,derived,Driver-customer pair creates consecutive trips too quickly to look operationally normal.
5b6e69d9bd99dbb4||db9d86c2ccfd1d5d,5b6e69d9bd99dbb4,db9d86c2ccfd1d5d,KB-C_SUPERFAST_GAP,-278.6666666666667,,5.0,29.69,derived,Driver-customer pair creates consecutive trips too quickly to look operationally normal.
91fc0d2c74989777||c5da71877e04775b,91fc0d2c74989777,c5da71877e04775b,KB-C_SUPERFAST_GAP,-32.8,,5.0,28.46,derived,Driver-customer pair creates consecutive trips too quickly to look operationally normal.
074c0a1a95a80e0f||aab58a839eb63af8,074c0a1a95a80e0f,aab58a839eb63af8,KB-C_SUPERFAST_GAP,-401.48333333333335,,5.0,24.76,derived,Driver-customer pair creates consecutive trips too quickly to look operationally normal.
2786d67558690969||c07e37c4a220ae5e,2786d67558690969,c07e37c4a220ae5e,KB-C_SUPERFAST_GAP,-685.6833333333333,,5.0,28.92,derived,Driver-customer pair creates consecutive trips too quickly to look operationally normal.
4cd48737f0e06243||2d357d3a83962b61,4cd48737f0e06243,2d357d3a83962b61,KB-C_SUPERFAST_GAP,-359.53333333333336,,5.0,35.96,derived,Driver-customer pair creates consecutive trips too quickly to look operationally normal.
92471df4e8a5af55||bcc46b23e1d5dc6e,92471df4e8a5af55,bcc46b23e1d5dc6e,KB-C_SUPERFAST_GAP,-844.9166666666666,,5.0,31.94,derived,Driver-customer pair creates consecutive trips too quickly to look operationally normal.
dfdceb4c45091eb8||091c44eea25d9c63,dfdceb4c45091eb8,091c44eea25d9c63,KB-C_SUPERFAST_GAP,-169.51666666666668,,5.0,32.49,derived,Driver-customer pair creates consecutive trips too quickly to look operationally normal.
c32c90004dd407ea||e219b5333c56c1eb,c32c90004dd407ea,e219b5333c56c1eb,KB-C_SUPERFAST_GAP,-629.25,,5.0,24.25,derived,Driver-customer pair creates consecutive trips too quickly to look operationally normal.
370cc99f587aa04b||db8ef13ecff3dfa7,370cc99f587aa04b,db8ef13ecff3dfa7,KB-C_SUPERFAST_GAP,-57.75,,5.0,31.88,derived,Driver-customer pair creates consecutive trips too quickly to look operationally normal.
5ce6710c65fbcdab||77349b21ee9b4379,5ce6710c65fbcdab,77349b21ee9b4379,KB-C_SUPERFAST_GAP,-564.6,,5.0,30.99,derived,Driver-customer pair creates consecutive trips too quickly to look operationally normal.
33d32097f3801606||0dffa85e22c12d9d,33d32097f3801606,0dffa85e22c12d9d,KB-C_SUPERFAST_GAP,-3.4,,5.0,43.76,derived,Driver-customer pair creates consecutive trips too quickly to look operationally normal.
926277d33f467a3a||56709c3b0c1cd21f,926277d33f467a3a,56709c3b0c1cd21f,KB-C_SUPERFAST_GAP,-34.2,,5.0,29.61,derived,Driver-customer pair creates consecutive trips too quickly to look operationally normal.
ad0701c0f86a0502||e1407f3fc0ad36ba,ad0701c0f86a0502,e1407f3fc0ad36ba,KB-C_SUPERFAST_GAP,-799.8,,5.0,26.11,derived,Driver-customer pair creates consecutive trips too quickly to look operationally normal.
d17785d535db7d2d||119d2c7536640c32,d17785d535db7d2d,119d2c7536640c32,KB-C_SUPERFAST_GAP,-343.1333333333333,,5.0,33.72,derived,Driver-customer pair creates consecutive trips too quickly to look operationally normal.
70e074f8d39b1fa4||0693ffe64c790f5b,70e074f8d39b1fa4,0693ffe64c790f5b,KB-C_SUPERFAST_GAP,-564.5,,5.0,25.16,derived,Driver-customer pair creates consecutive trips too quickly to look operationally normal.
2de3e9686fc0edda||0c251251f0378be6,2de3e9686fc0edda,0c251251f0378be6,KB-C_SUPERFAST_GAP,-648.0166666666667,,5.0,31.69,derived,Driver-customer pair creates consecutive trips too quickly to look operationally normal.
68f7e5f109eb070b||b68a2cabd2d7d1a5,68f7e5f109eb070b,b68a2cabd2d7d1a5,KB-C_SUPERFAST_GAP,-4.483333333333333,,5.0,32.71,derived,Driver-customer pair creates consecutive trips too quickly to look operationally normal.
a0aa997dad8f643d||bef76ff0f17cfca1,a0aa997dad8f643d,bef76ff0f17cfca1,KB-C_SUPERFAST_GAP,-1192.1666666666667,,5.0,30.91,derived,Driver-customer pair creates consecutive trips too quickly to look operationally normal.
1888e13a0a9691eb||05028fe616c17fa2,1888e13a0a9691eb,05028fe616c17fa2,KB-C_SUPERFAST_GAP,-779.4666666666667,,5.0,28.61,derived,Driver-customer pair creates consecutive trips too quickly to look operationally normal.
060fdf98277a85a5||c979f234edc68383,060fdf98277a85a5,c979f234edc68383,KB-C_SUPERFAST_GAP,-962.2666666666667,,5.0,28.32,derived,Driver-customer pair creates consecutive trips too quickly to look operationally normal.
24bb23dabf1650ed||8a902cbb3afd75af,24bb23dabf1650ed,8a902cbb3afd75af,KB-C_SUPERFAST_GAP,-628.1166666666667,,5.0,26.22,derived,Driver-customer pair creates consecutive trips too quickly to look operationally normal.
740315055a01a80b||8960cc50eedaff1c,740315055a01a80b,8960cc50eedaff1c,KB-C_SUPERFAST_GAP,-155.63333333333333,,5.0,28.76,derived,Driver-customer pair creates consecutive trips too quickly to look operationally normal.
0709058be585a0e9||36f1f49c27462701,0709058be585a0e9,36f1f49c27462701,KB-C_SUPERFAST_GAP,-595.1333333333333,,5.0,25.09,derived,Driver-customer pair creates consecutive trips too quickly to look operationally normal.
d68701eb01ab5378||b6babddf5cbb1328,d68701eb01ab5378,b6babddf5cbb1328,KB-C_SUPERFAST_GAP,-58.6,,5.0,26.4,derived,Driver-customer pair creates consecutive trips too quickly to look operationally normal.
e9114cba9c0f4a52||89847cdd837975bb,e9114cba9c0f4a52,89847cdd837975bb,KB-C_SUPERFAST_GAP,-613.55,,5.0,23.3,derived,Driver-customer pair creates consecutive trips too quickly to look operationally normal.
7f41ff36879c6044||5dd131f96d8a432b,7f41ff36879c6044,5dd131f96d8a432b,KB-C_SUPERFAST_GAP,-5.1,,5.0,27.38,derived,Driver-customer pair creates consecutive trips too quickly to look operationally normal.
7f41ff36879c6044||8f569823e1ec2111,7f41ff36879c6044,8f569823e1ec2111,KB-C_SUPERFAST_GAP,-7.533333333333333,,5.0,25.64,derived,Driver-customer pair creates consecutive trips too quickly to look operationally normal.
f8e4bf7924a530b8||c67596b6a21e80ca,f8e4bf7924a530b8,c67596b6a21e80ca,KB-C_SUPERFAST_GAP,-138.31666666666666,,5.0,31.88,derived,Driver-customer pair creates consecutive trips too quickly to look operationally normal.
9cab892ccb1cd9f6||0ec9b24ee8567597,9cab892ccb1cd9f6,0ec9b24ee8567597,KB-C_SUPERFAST_GAP,-5.1,,5.0,57.55,derived,Driver-customer pair creates consecutive trips too quickly to look operationally normal.
68e9c19295d76c78||4b2b542958ec6d51,68e9c19295d76c78,4b2b542958ec6d51,KB-C_SUPERFAST_GAP,-136.23333333333332,,5.0,26.4,derived,Driver-customer pair creates consecutive trips too quickly to look operationally normal.
82abb361b3ab3f15||2bd7dbc77408139b,82abb361b3ab3f15,2bd7dbc77408139b,KB-C_SUPERFAST_GAP,-775.05,,5.0,25.84,derived,Driver-customer pair creates consecutive trips too quickly to look operationally normal.
e8107950aafeaf0e||42b73a3944d6df39,e8107950aafeaf0e,42b73a3944d6df39,KB-C_SUPERFAST_GAP,-423.3333333333333,,5.0,28.68,derived,Driver-customer pair creates consecutive trips too quickly to look operationally normal.
00aaf9cb5e6da45b||abac0990bc265763,00aaf9cb5e6da45b,abac0990bc265763,KB-C_SUPERFAST_GAP,-535.0333333333333,,5.0,29.66,derived,Driver-customer pair creates consecutive trips too quickly to look operationally normal.
eeca6f53595103e8||c491bbc10e9d7da5,eeca6f53595103e8,c491bbc10e9d7da5,KB-C_SUPERFAST_GAP,-43.0,,5.0,31.02,derived,Driver-customer pair creates consecutive trips too quickly to look operationally normal.
1d7e19be7eb8f3c9||18c73a740f73f40c,1d7e19be7eb8f3c9,18c73a740f73f40c,KB-C_SUPERFAST_GAP,-395.51666666666665,,5.0,25.44,derived,Driver-customer pair creates consecutive trips too quickly to look operationally normal.
05405f95e1846065||7e74d3ce82c90126,05405f95e1846065,7e74d3ce82c90126,KB-C_SUPERFAST_GAP,-650.0833333333334,,5.0,25.85,derived,Driver-customer pair creates consecutive trips too quickly to look operationally normal.
40d3c73e2df951ef||6e9388f0e193d7a7,40d3c73e2df951ef,6e9388f0e193d7a7,KB-C_SUPERFAST_GAP,-301.6333333333333,,5.0,29.4,derived,Driver-customer pair creates consecutive trips too quickly to look operationally normal.
b624e2850b39cf66||7f8a44fb531b4748,b624e2850b39cf66,7f8a44fb531b4748,KB-C_SUPERFAST_GAP,-108.93333333333334,,5.0,50.15,derived,Driver-customer pair creates consecutive trips too quickly to look operationally normal.
b624e2850b39cf66||d79182f0d72e763a,b624e2850b39cf66,d79182f0d72e763a,KB-C_SUPERFAST_GAP,-78.63333333333334,,5.0,48.88,derived,Driver-customer pair creates consecutive trips too quickly to look operationally normal.
4b67a8f3a2398432||22fa366516a96c39,4b67a8f3a2398432,22fa366516a96c39,KB-C_SUPERFAST_GAP,-16.383333333333333,,5.0,28.18,derived,Driver-customer pair creates consecutive trips too quickly to look operationally normal.
884c26c6f806f8a8||e8df7f612713a7b8,884c26c6f806f8a8,e8df7f612713a7b8,KB-C_SUPERFAST_GAP,-519.5166666666667,,5.0,24.75,derived,Driver-customer pair creates consecutive trips too quickly to look operationally normal.
615b0b0d39854b67||3be11baafbd8ec03,615b0b0d39854b67,3be11baafbd8ec03,KB-C_SUPERFAST_GAP,-279.9166666666667,,5.0,27.46,derived,Driver-customer pair creates consecutive trips too quickly to look operationally normal.
386e076c4b3d6008||4a6361bef7b66f26,386e076c4b3d6008,4a6361bef7b66f26,KB-C_SUPERFAST_GAP,-466.01666666666665,,5.0,25.07,derived,Driver-customer pair creates consecutive trips too quickly to look operationally normal.
4768e50e922a81a0||1874e9c946b2fe99,4768e50e922a81a0,1874e9c946b2fe99,KB-C_SUPERFAST_GAP,-6.2,,5.0,24.48,derived,Driver-customer pair creates consecutive trips too quickly to look operationally normal.
942c937aa12a6cb4||f7c989e76aed8f75,942c937aa12a6cb4,f7c989e76aed8f75,KB-C_SUPERFAST_GAP,-6.616666666666666,,5.0,23.82,derived,Driver-customer pair creates consecutive trips too quickly to look operationally normal.
0bbe870fa7895c7b||de8bb1c370d69eef,0bbe870fa7895c7b,de8bb1c370d69eef,KB-C_SUPERFAST_GAP,-96.26666666666667,,5.0,25.06,derived,Driver-customer pair creates consecutive trips too quickly to look operationally normal.
44b627d8a24030a6||5d0ecb416d58cc23,44b627d8a24030a6,5d0ecb416d58cc23,KB-C_SUPERFAST_GAP,-9.016666666666667,,5.0,35.22,derived,Driver-customer pair creates consecutive trips too quickly to look operationally normal.
0ca23fd8a90838da||fe108d8c4bb81151,0ca23fd8a90838da,fe108d8c4bb81151,KB-C_SUPERFAST_GAP,-82.11666666666666,,5.0,27.08,derived,Driver-customer pair creates consecutive trips too quickly to look operationally normal.
5a79c643021be2b9||f53d9b28086fcfd6,5a79c643021be2b9,f53d9b28086fcfd6,KB-C_SUPERFAST_GAP,-0.8333333333333334,,5.0,30.67,derived,Driver-customer pair creates consecutive trips too quickly to look operationally normal.
b15b2f27b5e05826||b51ef7a418dcbf5e,b15b2f27b5e05826,b51ef7a418dcbf5e,KB-C_SUPERFAST_GAP,-291.25,,5.0,26.04,derived,Driver-customer pair creates consecutive trips too quickly to look operationally normal.
1afcc9d41698c033||3d48efd65e4d08bc,1afcc9d41698c033,3d48efd65e4d08bc,KB-C_SUPERFAST_GAP,-24.883333333333333,,5.0,24.64,derived,Driver-customer pair creates consecutive trips too quickly to look operationally normal.
d7723610e4c92c74||ff68c7dfa15cdda5,d7723610e4c92c74,ff68c7dfa15cdda5,KB-C_SUPERFAST_GAP,-641.3166666666667,,5.0,29.75,derived,Driver-customer pair creates consecutive trips too quickly to look operationally normal.
0d936d4bb8de7ef2||07e69e683a02eb27,0d936d4bb8de7ef2,07e69e683a02eb27,KB-C_SUPERFAST_GAP,-213.23333333333332,,5.0,27.02,derived,Driver-customer pair creates consecutive trips too quickly to look operationally normal.
6e19d720919e7799||0e4fd00e63207be9,6e19d720919e7799,0e4fd00e63207be9,KB-C_SUPERFAST_GAP,-426.73333333333335,,5.0,31.56,derived,Driver-customer pair creates consecutive trips too quickly to look operationally normal.
2e0b996260652857||64940b961443637c,2e0b996260652857,64940b961443637c,KB-C_SUPERFAST_GAP,-39.916666666666664,,5.0,23.38,derived,Driver-customer pair creates consecutive trips too quickly to look operationally normal.
645a5eb59b46f020||fe5c9da8860bcbef,645a5eb59b46f020,fe5c9da8860bcbef,KB-C_SUPERFAST_GAP,-385.53333333333336,,5.0,23.64,derived,Driver-customer pair creates consecutive trips too quickly to look operationally normal.
79a30d6f8586693a||b49857a415aac71b,79a30d6f8586693a,b49857a415aac71b,KB-C_SUPERFAST_GAP,-250.33333333333334,,5.0,26.66,derived,Driver-customer pair creates consecutive trips too quickly to look operationally normal.
568d5d73486339bd||7aaaa3675c196a6b,568d5d73486339bd,7aaaa3675c196a6b,KB-C_SUPERFAST_GAP,-625.9,,5.0,26.1,derived,Driver-customer pair creates consecutive trips too quickly to look operationally normal.
70e6be43ef2f72ee||e45e52f7d039ef4e,70e6be43ef2f72ee,e45e52f7d039ef4e,KB-C_SUPERFAST_GAP,-0.95,,5.0,36.33,derived,Driver-customer pair creates consecutive trips too quickly to look operationally normal.
b4dd9c0d7e4e6055||77dcdc922e043fe5,b4dd9c0d7e4e6055,77dcdc922e043fe5,KB-C_SUPERFAST_GAP,-353.9166666666667,,5.0,30.18,derived,Driver-customer pair creates consecutive trips too quickly to look operationally normal.
2d16f48fb5ffe470||50ec6c7114295db9,2d16f48fb5ffe470,50ec6c7114295db9,KB-C_SUPERFAST_GAP,-58.233333333333334,,5.0,27.03,derived,Driver-customer pair creates consecutive trips too quickly to look operationally normal.
8042dbe3eb07232d||0af427198fb7a8fe,8042dbe3eb07232d,0af427198fb7a8fe,KB-C_SUPERFAST_GAP,-537.7166666666667,,5.0,26.95,derived,Driver-customer pair creates consecutive trips too quickly to look operationally normal.
080d043781885e8e||3b6237d9825ebb07,080d043781885e8e,3b6237d9825ebb07,KB-C_SUPERFAST_GAP,-331.4166666666667,,5.0,26.0,derived,Driver-customer pair creates consecutive trips too quickly to look operationally normal.
5573ee7f7a679d61||4447c5b97fa4676f,5573ee7f7a679d61,4447c5b97fa4676f,KB-C_SUPERFAST_GAP,-632.5833333333334,,5.0,28.74,derived,Driver-customer pair creates consecutive trips too quickly to look operationally normal.
d18b5620c79c2fde||64f6505047a723cf,d18b5620c79c2fde,64f6505047a723cf,KB-C_SUPERFAST_GAP,-480.01666666666665,,5.0,22.16,derived,Driver-customer pair creates consecutive trips too quickly to look operationally normal.
253e0ac0982aa747||c08e5c890d07a457,253e0ac0982aa747,c08e5c890d07a457,KB-C_SUPERFAST_GAP,-610.8833333333333,,5.0,27.64,derived,Driver-customer pair creates consecutive trips too quickly to look operationally normal.
0713ad18b327b817||d47a795316bc7385,0713ad18b327b817,d47a795316bc7385,KB-C_SUPERFAST_GAP,-15.4,,5.0,26.52,derived,Driver-customer pair creates consecutive trips too quickly to look operationally normal.
241d56ef8d032b95||c469d5ebe936b1ae,241d56ef8d032b95,c469d5ebe936b1ae,KB-C_SUPERFAST_GAP,-509.0,,5.0,27.49,derived,Driver-customer pair creates consecutive trips too quickly to look operationally normal.
ff09814f87b4926a||344de2880045cc5b,ff09814f87b4926a,344de2880045cc5b,KB-C_SUPERFAST_GAP,-234.03333333333333,,5.0,23.99,derived,Driver-customer pair creates consecutive trips too quickly to look operationally normal.
034652e100cea26d||f8581ec077e4a22f,034652e100cea26d,f8581ec077e4a22f,KB-C_SUPERFAST_GAP,-23.05,,5.0,23.93,derived,Driver-customer pair creates consecutive trips too quickly to look operationally normal.
31a4646de88602ec||0263bf846eb634af,31a4646de88602ec,0263bf846eb634af,KB-C_SUPERFAST_GAP,-126.86666666666666,,5.0,31.53,derived,Driver-customer pair creates consecutive trips too quickly to look operationally normal.
32da0b5e4b6ea8ce||d99da965b0d6bfb2,32da0b5e4b6ea8ce,d99da965b0d6bfb2,KB-C_SUPERFAST_GAP,-161.2,,5.0,26.6,derived,Driver-customer pair creates consecutive trips too quickly to look operationally normal.
652b8592922e96f3||f0352bfc693a7493,652b8592922e96f3,f0352bfc693a7493,KB-C_SUPERFAST_GAP,-30.233333333333334,,5.0,29.82,derived,Driver-customer pair creates consecutive trips too quickly to look operationally normal.
d712d483f115e565||9d0dab92965b0cc8,d712d483f115e565,9d0dab92965b0cc8,KB-C_SUPERFAST_GAP,-225.76666666666668,,5.0,35.14,derived,Driver-customer pair creates consecutive trips too quickly to look operationally normal.
376939c610170822||bef76ff0f17cfca1,376939c610170822,bef76ff0f17cfca1,KB-C_SUPERFAST_GAP,-78.68333333333334,,5.0,30.66,derived,Driver-customer pair creates consecutive trips too quickly to look operationally normal.
a0da1799eb23aef8||59b25b42e44aaf66,a0da1799eb23aef8,59b25b42e44aaf66,KB-C_SUPERFAST_GAP,-599.15,,5.0,25.88,derived,Driver-customer pair creates consecutive trips too quickly to look operationally normal.
e29e29acf72cbd3d||8f9f5fd0a51eaa03,e29e29acf72cbd3d,8f9f5fd0a51eaa03,KB-C_SUPERFAST_GAP,-634.15,,5.0,27.12,derived,Driver-customer pair creates consecutive trips too quickly to look operationally normal.
c5ef95059005435c||2fa446fd7d2365ca,c5ef95059005435c,2fa446fd7d2365ca,KB-C_SUPERFAST_GAP,-84.93333333333334,,5.0,28.3,derived,Driver-customer pair creates consecutive trips too quickly to look operationally normal.
cf29aaa04f108b58||a5f6df24ba861258,cf29aaa04f108b58,a5f6df24ba861258,KB-C_SUPERFAST_GAP,-526.0333333333333,,5.0,28.44,derived,Driver-customer pair creates consecutive trips too quickly to look operationally normal.
efda39806a5252e3||a0133e7b0fe6f307,efda39806a5252e3,a0133e7b0fe6f307,KB-C_SUPERFAST_GAP,-250.35,,5.0,42.42,derived,Driver-customer pair creates consecutive trips too quickly to look operationally normal.
336dc8d2129f6243||276bae8d87470663,336dc8d2129f6243,276bae8d87470663,KB-C_SUPERFAST_GAP,-247.55,,5.0,26.77,derived,Driver-customer pair creates consecutive trips too quickly to look operationally normal.
ad20d39accc745af||a0d8e4770eac7a49,ad20d39accc745af,a0d8e4770eac7a49,KB-C_SUPERFAST_GAP,-222.51666666666668,,5.0,28.38,derived,Driver-customer pair creates consecutive trips too quickly to look operationally normal.
d4aceef28966f7bd||b054b3a3c4de6568,d4aceef28966f7bd,b054b3a3c4de6568,KB-C_SUPERFAST_GAP,-94.91666666666667,,5.0,27.21,derived,Driver-customer pair creates consecutive trips too quickly to look operationally normal.
db604211aca4c8a9||ce09bcc117748c89,db604211aca4c8a9,ce09bcc117748c89,KB-C_SUPERFAST_GAP,-319.9,,5.0,24.45,derived,Driver-customer pair creates consecutive trips too quickly to look operationally normal.
7002509aee1d9147||9f606fb59c768afa,7002509aee1d9147,9f606fb59c768afa,KB-C_SUPERFAST_GAP,-161.7,,5.0,32.71,derived,Driver-customer pair creates consecutive trips too quickly to look operationally normal.
9e29355ee5c82ba6||bef76ff0f17cfca1,9e29355ee5c82ba6,bef76ff0f17cfca1,KB-C_SUPERFAST_GAP,-1288.7666666666667,,5.0,30.36,derived,Driver-customer pair creates consecutive trips too quickly to look operationally normal.
ac9a3fe431e3512a||2592432b38283b59,ac9a3fe431e3512a,2592432b38283b59,KB-C_SUPERFAST_GAP,-9.183333333333334,,5.0,40.0,derived,Driver-customer pair creates consecutive trips too quickly to look operationally normal.
b54a6cbf109f4250||ff2a85cde730c39d,b54a6cbf109f4250,ff2a85cde730c39d,KB-C_SUPERFAST_GAP,-110.2,,5.0,31.56,derived,Driver-customer pair creates consecutive trips too quickly to look operationally normal.
cb15a88aa742c3e6||77c7e0f69bfaf2be,cb15a88aa742c3e6,77c7e0f69bfaf2be,KB-C_SUPERFAST_GAP,4.266666666666667,,5.0,26.55,derived,Driver-customer pair creates consecutive trips too quickly to look operationally normal.
22fa09e4ce792dba||27ba4ea70f592e99,22fa09e4ce792dba,27ba4ea70f592e99,KB-C_SUPERFAST_GAP,-88.98333333333333,,5.0,26.88,derived,Driver-customer pair creates consecutive trips too quickly to look operationally normal.
14213a3b00cc6938||1084ca2c0af9cede,14213a3b00cc6938,1084ca2c0af9cede,KB-C_SUPERFAST_GAP,-717.5166666666667,,5.0,28.32,derived,Driver-customer pair creates consecutive trips too quickly to look operationally normal.
94a1683ba1828bea||244c0b57fb25dfb1,94a1683ba1828bea,244c0b57fb25dfb1,KB-C_SUPERFAST_GAP,-97.81666666666666,,5.0,22.9,derived,Driver-customer pair creates consecutive trips too quickly to look operationally normal.
38c3ab9219e1638d||ce6194ade666f0e1,38c3ab9219e1638d,ce6194ade666f0e1,KB-C_SUPERFAST_GAP,-794.95,,5.0,20.8,derived,Driver-customer pair creates consecutive trips too quickly to look operationally normal.
fcee5fa093850ac9||47785727387fb744,fcee5fa093850ac9,47785727387fb744,KB-C_SUPERFAST_GAP,-0.7166666666666667,,5.0,42.76,derived,Driver-customer pair creates consecutive trips too quickly to look operationally normal.
ad48f047102e8766||8138f23bcabb75cd,ad48f047102e8766,8138f23bcabb75cd,KB-C_SUPERFAST_GAP,-147.66666666666666,,5.0,28.86,derived,Driver-customer pair creates consecutive trips too quickly to look operationally normal.
0469d202051f06c5||057092ebbaba9c88,0469d202051f06c5,057092ebbaba9c88,KB-C_SUPERFAST_GAP,-442.01666666666665,,5.0,27.62,derived,Driver-customer pair creates consecutive trips too quickly to look operationally normal.
773b77422396b09e||900e11392c287dec,773b77422396b09e,900e11392c287dec,KB-C_SUPERFAST_GAP,-94.56666666666666,,5.0,25.76,derived,Driver-customer pair creates consecutive trips too quickly to look operationally normal.
ac5ad23248702f61||d37cb2d55cfd5f1a,ac5ad23248702f61,d37cb2d55cfd5f1a,KB-C_SUPERFAST_GAP,-6.783333333333333,,5.0,46.35,derived,Driver-customer pair creates consecutive trips too quickly to look operationally normal.
dc6c668b7ccca0cf||00fd16e7847d9490,dc6c668b7ccca0cf,00fd16e7847d9490,KB-C_SUPERFAST_GAP,-105.13333333333334,,5.0,24.76,derived,Driver-customer pair creates consecutive trips too quickly to look operationally normal.
62eb7b7105af4daa||837e296b2c8cffde,62eb7b7105af4daa,837e296b2c8cffde,KB-C_SUPERFAST_GAP,-3.05,,5.0,42.43,derived,Driver-customer pair creates consecutive trips too quickly to look operationally normal.
6c3e951551c12ec1||2653d86b3599e3e5,6c3e951551c12ec1,2653d86b3599e3e5,KB-C_SUPERFAST_GAP,-192.6,,5.0,44.94,derived,Driver-customer pair creates consecutive trips too quickly to look operationally normal.
cf6f64f511bec4d1||f81e767283cd367a,cf6f64f511bec4d1,f81e767283cd367a,KB-C_SUPERFAST_GAP,-331.15,,5.0,23.98,derived,Driver-customer pair creates consecutive trips too quickly to look operationally normal.
795ed261e5c61b18||467bf8762408ee54,795ed261e5c61b18,467bf8762408ee54,KB-C_SUPERFAST_GAP,-34.36666666666667,,5.0,31.8,derived,Driver-customer pair creates consecutive trips too quickly to look operationally normal.
8e7c97a51e1060a2||e814d76304b39cfa,8e7c97a51e1060a2,e814d76304b39cfa,KB-C_SUPERFAST_GAP,-198.63333333333333,,5.0,25.08,derived,Driver-customer pair creates consecutive trips too quickly to look operationally normal.
20a76623c34ef2f2||7a54d76cbb98787e,20a76623c34ef2f2,7a54d76cbb98787e,KB-C_SUPERFAST_GAP,-122.36666666666666,,5.0,32.12,derived,Driver-customer pair creates consecutive trips too quickly to look operationally normal.
617cdd2f65372564||05d72f343ce65be9,617cdd2f65372564,05d72f343ce65be9,KB-C_SUPERFAST_GAP,-143.18333333333334,,5.0,29.76,derived,Driver-customer pair creates consecutive trips too quickly to look operationally normal.
085f80a41272812d||600956fced10a8b9,085f80a41272812d,600956fced10a8b9,KB-C_SUPERFAST_GAP,-119.56666666666666,,5.0,28.76,derived,Driver-customer pair creates consecutive trips too quickly to look operationally normal.
7428f04101efe296||1c8d2550047d02aa,7428f04101efe296,1c8d2550047d02aa,KB-C_SUPERFAST_GAP,2.533333333333333,,5.0,22.38,derived,Driver-customer pair creates consecutive trips too quickly to look operationally normal.
56b48bba9598e6cf||a880ab29b5a601f7,56b48bba9598e6cf,a880ab29b5a601f7,KB-C_SUPERFAST_GAP,-1.9666666666666666,,5.0,39.36,derived,Driver-customer pair creates consecutive trips too quickly to look operationally normal.
fd5f833fe38d64f2||e654a10a7215b8bf,fd5f833fe38d64f2,e654a10a7215b8bf,KB-C_SUPERFAST_GAP,-11.3,,5.0,27.44,derived,Driver-customer pair creates consecutive trips too quickly to look operationally normal.
9cab892ccb1cd9f6||89cb3800ad24bd8a,9cab892ccb1cd9f6,89cb3800ad24bd8a,KB-C_SUPERFAST_GAP,-3.6333333333333333,,5.0,56.79,derived,Driver-customer pair creates consecutive trips too quickly to look operationally normal.
1bff7ed14a461fee||0b476e64b2994c64,1bff7ed14a461fee,0b476e64b2994c64,KB-C_SUPERFAST_GAP,-14.083333333333334,,5.0,22.22,derived,Driver-customer pair creates consecutive trips too quickly to look operationally normal.
430109bf2b7d8879||0fcae502fab7b236,430109bf2b7d8879,0fcae502fab7b236,KB-C_SUPERFAST_GAP,-513.7166666666667,,5.0,26.64,derived,Driver-customer pair creates consecutive trips too quickly to look operationally normal.
480af5ed4b335297||3602efc3fbf73733,480af5ed4b335297,3602efc3fbf73733,KB-C_SUPERFAST_GAP,-561.4333333333333,,5.0,29.77,derived,Driver-customer pair creates consecutive trips too quickly to look operationally normal.
909d5444ac3b14e4||a8b03c4da6326b02,909d5444ac3b14e4,a8b03c4da6326b02,KB-C_SUPERFAST_GAP,-148.33333333333334,,5.0,23.2,derived,Driver-customer pair creates consecutive trips too quickly to look operationally normal.
8a6af9ad9b028830||759656c6035db5e8,8a6af9ad9b028830,759656c6035db5e8,KB-C_SUPERFAST_GAP,-883.9333333333333,,5.0,25.33,derived,Driver-customer pair creates consecutive trips too quickly to look operationally normal.
5baba805881ffab5||4988dab9c6adb729,5baba805881ffab5,4988dab9c6adb729,KB-C_SUPERFAST_GAP,-16.65,,5.0,31.39,derived,Driver-customer pair creates consecutive trips too quickly to look operationally normal.
8bc84c17551b0b47||d61301665d41fe31,8bc84c17551b0b47,d61301665d41fe31,KB-C_SUPERFAST_GAP,-253.15,,5.0,25.99,derived,Driver-customer pair creates consecutive trips too quickly to look operationally normal.
d5286c3ba3255ba4||7dbee5960023d4c5,d5286c3ba3255ba4,7dbee5960023d4c5,KB-C_SUPERFAST_GAP,-34.9,,5.0,24.13,derived,Driver-customer pair creates consecutive trips too quickly to look operationally normal.
d2a48cec1a91c816||b64731b06dcec30c,d2a48cec1a91c816,b64731b06dcec30c,KB-C_SUPERFAST_GAP,-652.7166666666667,,5.0,29.22,derived,Driver-customer pair creates consecutive trips too quickly to look operationally normal.
a312679fe66780e9||83ecaf568d9d2daf,a312679fe66780e9,83ecaf568d9d2daf,KB-C_SUPERFAST_GAP,-613.75,,5.0,23.62,derived,Driver-customer pair creates consecutive trips too quickly to look operationally normal.
2756e5f9dbbc4aca||db334891efa59cd3,2756e5f9dbbc4aca,db334891efa59cd3,KB-C_SUPERFAST_GAP,-235.85,,5.0,26.78,derived,Driver-customer pair creates consecutive trips too quickly to look operationally normal.
b8da2df1c305d59f||592522a1f5c2eaa2,b8da2df1c305d59f,592522a1f5c2eaa2,KB-C_SUPERFAST_GAP,-18.45,,5.0,23.33,derived,Driver-customer pair creates consecutive trips too quickly to look operationally normal.
0a465991960d1244||81fe7b9abeb86b00,0a465991960d1244,81fe7b9abeb86b00,KB-C_SUPERFAST_GAP,-388.45,,5.0,29.72,derived,Driver-customer pair creates consecutive trips too quickly to look operationally normal.
0a465991960d1244||aff996725b2a646d,0a465991960d1244,aff996725b2a646d,KB-C_SUPERFAST_GAP,-17.15,,5.0,28.68,derived,Driver-customer pair creates consecutive trips too quickly to look operationally normal.
1a21f0cf23c33217||aaa91eb9d724977c,1a21f0cf23c33217,aaa91eb9d724977c,KB-C_SUPERFAST_GAP,-284.85,,5.0,22.22,derived,Driver-customer pair creates consecutive trips too quickly to look operationally normal.
c42c8991deee9228||3f460dc88e12a934,c42c8991deee9228,3f460dc88e12a934,KB-C_SUPERFAST_GAP,3.433333333333333,,5.0,21.97,derived,Driver-customer pair creates consecutive trips too quickly to look operationally normal.
e5d084e4162e9693||bf2c7a4beb982d55,e5d084e4162e9693,bf2c7a4beb982d55,KB-C_SUPERFAST_GAP,-106.76666666666667,,5.0,29.61,derived,Driver-customer pair creates consecutive trips too quickly to look operationally normal.
1d05693ea556de5c||502532b46ed1b4a5,1d05693ea556de5c,502532b46ed1b4a5,KB-C_SUPERFAST_GAP,-16.033333333333335,,5.0,25.67,derived,Driver-customer pair creates consecutive trips too quickly to look operationally normal.
239e6551349295f0||ec3b401ccfa9812b,239e6551349295f0,ec3b401ccfa9812b,KB-C_SUPERFAST_GAP,-71.43333333333334,,5.0,23.73,derived,Driver-customer pair creates consecutive trips too quickly to look operationally normal.
5f8cacc1d793584a||f0adabe9eec383b5,5f8cacc1d793584a,f0adabe9eec383b5,KB-C_SUPERFAST_GAP,-6.35,,5.0,37.65,derived,Driver-customer pair creates consecutive trips too quickly to look operationally normal.
cac03d05964562a5||ffba4e0e8e4f690c,cac03d05964562a5,ffba4e0e8e4f690c,KB-C_SUPERFAST_GAP,-156.41666666666666,,5.0,25.38,derived,Driver-customer pair creates consecutive trips too quickly to look operationally normal.
6502b66611b25496||4e46ed3acdf59519,6502b66611b25496,4e46ed3acdf59519,KB-C_SUPERFAST_GAP,-628.0333333333333,,5.0,25.57,derived,Driver-customer pair creates consecutive trips too quickly to look operationally normal.
da044681e424e9fe||db8f837cc236d94f,da044681e424e9fe,db8f837cc236d94f,KB-C_SUPERFAST_GAP,-115.13333333333334,,5.0,29.33,derived,Driver-customer pair creates consecutive trips too quickly to look operationally normal.
9b5919df985bcfad||b0609faa2ab588e7,9b5919df985bcfad,b0609faa2ab588e7,KB-C_SUPERFAST_GAP,-344.65,,5.0,26.18,derived,Driver-customer pair creates consecutive trips too quickly to look operationally normal.
b8623235761f31b3||e78aafdf8cd54c50,b8623235761f31b3,e78aafdf8cd54c50,KB-C_SUPERFAST_GAP,-355.35,,5.0,25.12,derived,Driver-customer pair creates consecutive trips too quickly to look operationally normal.
4417a29405ac4063||42053861cdfbbbce,4417a29405ac4063,42053861cdfbbbce,KB-C_SUPERFAST_GAP,-216.66666666666666,,5.0,25.93,derived,Driver-customer pair creates consecutive trips too quickly to look operationally normal.
516e26c21aad01c8||b8974727c5b89df7,516e26c21aad01c8,b8974727c5b89df7,KB-C_SUPERFAST_GAP,-186.31666666666666,,5.0,26.76,derived,Driver-customer pair creates consecutive trips too quickly to look operationally normal.
67b63b78c322e8c3||64b5cbd64be69787,67b63b78c322e8c3,64b5cbd64be69787,KB-C_SUPERFAST_GAP,-810.6666666666666,,5.0,30.53,derived,Driver-customer pair creates consecutive trips too quickly to look operationally normal.
bcec53a446339bbb||5237fda4ce0e1cb1,bcec53a446339bbb,5237fda4ce0e1cb1,KB-C_SUPERFAST_GAP,-161.68333333333334,,5.0,23.99,derived,Driver-customer pair creates consecutive trips too quickly to look operationally normal.
3589e170d7b1e5ad||67ea941474ece020,3589e170d7b1e5ad,67ea941474ece020,KB-C_SUPERFAST_GAP,-303.6333333333333,,5.0,21.96,derived,Driver-customer pair creates consecutive trips too quickly to look operationally normal.
3af4247717884650||47a2e5c831d0ca98,3af4247717884650,47a2e5c831d0ca98,KB-C_SUPERFAST_GAP,-87.11666666666666,,5.0,28.46,derived,Driver-customer pair creates consecutive trips too quickly to look operationally normal.
31d466f094e2c3ed||45c3f235f7cc3b61,31d466f094e2c3ed,45c3f235f7cc3b61,KB-C_SUPERFAST_GAP,-298.05,,5.0,24.4,derived,Driver-customer pair creates consecutive trips too quickly to look operationally normal.
19f16856d31d0163||33da4bddf668ff72,19f16856d31d0163,33da4bddf668ff72,KB-C_SUPERFAST_GAP,-329.7,,5.0,26.88,derived,Driver-customer pair creates consecutive trips too quickly to look operationally normal.
bc5ff3b32634768e||bb0da50531f80d38,bc5ff3b32634768e,bb0da50531f80d38,KB-C_SUPERFAST_GAP,-611.7666666666667,,5.0,24.69,derived,Driver-customer pair creates consecutive trips too quickly to look operationally normal.
495fdae8393310fa||40510f8355ee9f57,495fdae8393310fa,40510f8355ee9f57,KB-C_SUPERFAST_GAP,-537.6166666666667,,5.0,26.66,derived,Driver-customer pair creates consecutive trips too quickly to look operationally normal.
61d5d88149b3e549||c8991cca07138a7c,61d5d88149b3e549,c8991cca07138a7c,KB-C_SUPERFAST_GAP,-24.233333333333334,,5.0,24.34,derived,Driver-customer pair creates consecutive trips too quickly to look operationally normal.
0831a2158d14f481||2352ffb962fc10ff,0831a2158d14f481,2352ffb962fc10ff,KB-C_SUPERFAST_GAP,-132.01666666666668,,5.0,26.82,derived,Driver-customer pair creates consecutive trips too quickly to look operationally normal.
814d085aea866eb4||cccd1cd408f30df0,814d085aea866eb4,cccd1cd408f30df0,KB-C_SUPERFAST_GAP,-47.21666666666667,,5.0,23.35,derived,Driver-customer pair creates consecutive trips too quickly to look operationally normal.
ba7b05d7e38cb371||db2af8be31dbb362,ba7b05d7e38cb371,db2af8be31dbb362,KB-C_SUPERFAST_GAP,-570.2166666666667,,5.0,21.78,derived,Driver-customer pair creates consecutive trips too quickly to look operationally normal.
a71bc99da5312a70||6050b20636b2ff39,a71bc99da5312a70,6050b20636b2ff39,KB-C_SUPERFAST_GAP,-85.06666666666666,,5.0,23.4,derived,Driver-customer pair creates consecutive trips too quickly to look operationally normal.
56f324ef201101e3||4427e7c6ec1a4ca3,56f324ef201101e3,4427e7c6ec1a4ca3,KB-C_SUPERFAST_GAP,-501.6166666666667,,5.0,26.03,derived,Driver-customer pair creates consecutive trips too quickly to look operationally normal.
d41861c840022542||fd1b8154e76c2d72,d41861c840022542,fd1b8154e76c2d72,KB-C_SUPERFAST_GAP,-3.3833333333333333,,5.0,40.98,derived,Driver-customer pair creates consecutive trips too quickly to look operationally normal.
0c508532394f6c40||a888f0fc746d1b21,0c508532394f6c40,a888f0fc746d1b21,KB-C_SUPERFAST_GAP,-21.816666666666666,,5.0,25.49,derived,Driver-customer pair creates consecutive trips too quickly to look operationally normal.
4c31f5a63e56c90f||70c440f02daa8d4a,4c31f5a63e56c90f,70c440f02daa8d4a,KB-C_SUPERFAST_GAP,-13.466666666666667,,5.0,27.3,derived,Driver-customer pair creates consecutive trips too quickly to look operationally normal.
b1bdd9bfb58119e0||69031a97ee0ee0b3,b1bdd9bfb58119e0,69031a97ee0ee0b3,KB-C_SUPERFAST_GAP,-240.61666666666667,,5.0,26.96,derived,Driver-customer pair creates consecutive trips too quickly to look operationally normal.
0969db394a8db64a||f80f33e8017be640,0969db394a8db64a,f80f33e8017be640,KB-C_SUPERFAST_GAP,1.8833333333333333,,5.0,42.11,derived,Driver-customer pair creates consecutive trips too quickly to look operationally normal.
797396af3b696de1||28358366f4a90760,797396af3b696de1,28358366f4a90760,KB-C_SUPERFAST_GAP,-292.3666666666667,,5.0,31.25,derived,Driver-customer pair creates consecutive trips too quickly to look operationally normal.
bb9c5de6b27ed541||51d8cbfa5e28867a,bb9c5de6b27ed541,51d8cbfa5e28867a,KB-C_SUPERFAST_GAP,-97.36666666666666,,5.0,22.86,derived,Driver-customer pair creates consecutive trips too quickly to look operationally normal.
957902918f6b00c7||497ef3eafe08346e,957902918f6b00c7,497ef3eafe08346e,KB-C_SUPERFAST_GAP,-57.8,,5.0,27.12,derived,Driver-customer pair creates consecutive trips too quickly to look operationally normal.
9c5b7861056b37ea||a4f09ffca11278cc,9c5b7861056b37ea,a4f09ffca11278cc,KB-C_SUPERFAST_GAP,-596.1166666666667,,5.0,23.92,derived,Driver-customer pair creates consecutive trips too quickly to look operationally normal.
48c0ddaede901287||6892f0a25a4295e5,48c0ddaede901287,6892f0a25a4295e5,KB-C_SUPERFAST_GAP,-386.26666666666665,,5.0,23.94,derived,Driver-customer pair creates consecutive trips too quickly to look operationally normal.
b6606111ce652af2||b986a2634545b82b,b6606111ce652af2,b986a2634545b82b,KB-C_SUPERFAST_GAP,-130.78333333333333,,5.0,25.32,derived,Driver-customer pair creates consecutive trips too quickly to look operationally normal.
4ac589f89b6fbb20||f611064de4556406,4ac589f89b6fbb20,f611064de4556406,KB-C_SUPERFAST_GAP,-47.05,,5.0,20.98,derived,Driver-customer pair creates consecutive trips too quickly to look operationally normal.
ae56b62c5a6b4f74||b6e50bc871320647,ae56b62c5a6b4f74,b6e50bc871320647,KB-C_SUPERFAST_GAP,-371.9166666666667,,5.0,23.98,derived,Driver-customer pair creates consecutive trips too quickly to look operationally normal.
4b0058c383437b83||75594ae1905d478e,4b0058c383437b83,75594ae1905d478e,KB-C_SUPERFAST_GAP,-94.85,,5.0,22.81,derived,Driver-customer pair creates consecutive trips too quickly to look operationally normal.
96e6de3a0ad90c4d||4fe77355420e2de2,96e6de3a0ad90c4d,4fe77355420e2de2,KB-C_SUPERFAST_GAP,-36.46666666666667,,5.0,21.05,derived,Driver-customer pair creates consecutive trips too quickly to look operationally normal.
d8bbd14b2d5fc239||1d924146f370060f,d8bbd14b2d5fc239,1d924146f370060f,KB-C_SUPERFAST_GAP,-589.1833333333333,,5.0,23.2,derived,Driver-customer pair creates consecutive trips too quickly to look operationally normal.
48cfb216428280f9||8b8606ee2bbdc10b,48cfb216428280f9,8b8606ee2bbdc10b,KB-C_SUPERFAST_GAP,-5.866666666666666,,5.0,26.21,derived,Driver-customer pair creates consecutive trips too quickly to look operationally normal.
f830853a1bdf3926||a6d35ce095f9647f,f830853a1bdf3926,a6d35ce095f9647f,KB-C_SUPERFAST_GAP,-149.81666666666666,,5.0,21.54,derived,Driver-customer pair creates consecutive trips too quickly to look operationally normal.
06ff5b4ab0ce9daf||f102f86fa32161e4,06ff5b4ab0ce9daf,f102f86fa32161e4,KB-C_SUPERFAST_GAP,-286.81666666666666,,5.0,27.6,derived,Driver-customer pair creates consecutive trips too quickly to look operationally normal.
4011eca0487c7799||a71f06dfb454dc58,4011eca0487c7799,a71f06dfb454dc58,KB-C_SUPERFAST_GAP,-501.6333333333333,,5.0,23.59,derived,Driver-customer pair creates consecutive trips too quickly to look operationally normal.
b050dcf14f1ea16b||45278ceca53c63f9,b050dcf14f1ea16b,45278ceca53c63f9,KB-C_SUPERFAST_GAP,-5.033333333333333,,5.0,29.27,derived,Driver-customer pair creates consecutive trips too quickly to look operationally normal.
9f26e4145637b64f||16334c96e39e4243,9f26e4145637b64f,16334c96e39e4243,KB-C_SUPERFAST_GAP,0.95,,5.0,38.57,derived,Driver-customer pair creates consecutive trips too quickly to look operationally normal.
ae02b96b0c143f42||6fafe736638c456a,ae02b96b0c143f42,6fafe736638c456a,KB-C_SUPERFAST_GAP,-98.28333333333333,,5.0,25.11,derived,Driver-customer pair creates consecutive trips too quickly to look operationally normal.
628830953034ab34||0a05fd7712ae9d22,628830953034ab34,0a05fd7712ae9d22,KB-C_SUPERFAST_GAP,-34.96666666666667,,5.0,23.49,derived,Driver-customer pair creates consecutive trips too quickly to look operationally normal.
628830953034ab34||29d979ddce249d7b,628830953034ab34,29d979ddce249d7b,KB-C_SUPERFAST_GAP,-54.916666666666664,,5.0,23.73,derived,Driver-customer pair creates consecutive trips too quickly to look operationally normal.
3a470db2bb1fb9b0||941d0cc33f16a5c6,3a470db2bb1fb9b0,941d0cc33f16a5c6,KB-C_SUPERFAST_GAP,-84.48333333333333,,5.0,27.4,derived,Driver-customer pair creates consecutive trips too quickly to look operationally normal.
7fb9d0dad32e9679||0344a8a44f233131,7fb9d0dad32e9679,0344a8a44f233131,KB-C_SUPERFAST_GAP,-128.55,,5.0,23.49,derived,Driver-customer pair creates consecutive trips too quickly to look operationally normal.
12241f8d9dac2822||c51fe518aa96b763,12241f8d9dac2822,c51fe518aa96b763,KB-C_SUPERFAST_GAP,-879.6666666666666,,5.0,22.1,derived,Driver-customer pair creates consecutive trips too quickly to look operationally normal.
30f3ceccdbe3782b||efdcddb384eec7f0,30f3ceccdbe3782b,efdcddb384eec7f0,KB-C_SUPERFAST_GAP,-19.95,,5.0,41.2,derived,Driver-customer pair creates consecutive trips too quickly to look operationally normal.
5f93be37d53bcea2||6498f7cc0e4394a8,5f93be37d53bcea2,6498f7cc0e4394a8,KB-C_SUPERFAST_GAP,-166.61666666666667,,5.0,37.8,derived,Driver-customer pair creates consecutive trips too quickly to look operationally normal.
c444f7842f8c6d32||4d4a1943ddf661b2,c444f7842f8c6d32,4d4a1943ddf661b2,KB-C_SUPERFAST_GAP,-259.23333333333335,,5.0,26.02,derived,Driver-customer pair creates consecutive trips too quickly to look operationally normal.
5b26727f1295b42d||a240e11420d52d19,5b26727f1295b42d,a240e11420d52d19,KB-C_SUPERFAST_GAP,-386.2,,5.0,30.62,derived,Driver-customer pair creates consecutive trips too quickly to look operationally normal.
4dba230bd573aa58||eafceee5ea3b15c5,4dba230bd573aa58,eafceee5ea3b15c5,KB-C_SUPERFAST_GAP,-210.2,,5.0,28.43,derived,Driver-customer pair creates consecutive trips too quickly to look operationally normal.
2e8ed1d99e24f747||919c7fba41ec60cf,2e8ed1d99e24f747,919c7fba41ec60cf,KB-C_SUPERFAST_GAP,-40.78333333333333,,5.0,22.54,derived,Driver-customer pair creates consecutive trips too quickly to look operationally normal.
9f6105b5dffc9b0a||1613888c3ed5c246,9f6105b5dffc9b0a,1613888c3ed5c246,KB-C_SUPERFAST_GAP,-36.71666666666667,,5.0,40.55,derived,Driver-customer pair creates consecutive trips too quickly to look operationally normal.
9f6105b5dffc9b0a||44fc18fda36d81e2,9f6105b5dffc9b0a,44fc18fda36d81e2,KB-C_SUPERFAST_GAP,-6.75,,5.0,39.29,derived,Driver-customer pair creates consecutive trips too quickly to look operationally normal.
9f6105b5dffc9b0a||4e8eececcaaff42d,9f6105b5dffc9b0a,4e8eececcaaff42d,KB-C_SUPERFAST_GAP,-18.166666666666668,,5.0,39.31,derived,Driver-customer pair creates consecutive trips too quickly to look operationally normal.
9f6105b5dffc9b0a||f683d79271395ae8,9f6105b5dffc9b0a,f683d79271395ae8,KB-C_SUPERFAST_GAP,-11.333333333333334,,5.0,40.58,derived,Driver-customer pair creates consecutive trips too quickly to look operationally normal.
9f581ae8272b624d||492b17330a260bc5,9f581ae8272b624d,492b17330a260bc5,KB-C_SUPERFAST_GAP,-105.85,,5.0,23.35,derived,Driver-customer pair creates consecutive trips too quickly to look operationally normal.
b17b07ad8a472b16||bbc635ce050157b5,b17b07ad8a472b16,bbc635ce050157b5,KB-C_SUPERFAST_GAP,-466.75,,5.0,27.59,derived,Driver-customer pair creates consecutive trips too quickly to look operationally normal.
bebc9ebab46eb75d||4d2af282c590762e,bebc9ebab46eb75d,4d2af282c590762e,KB-C_SUPERFAST_GAP,-174.98333333333332,,5.0,25.76,derived,Driver-customer pair creates consecutive trips too quickly to look operationally normal.
2ea5047a3f0eb577||6d122397b0c2403d,2ea5047a3f0eb577,6d122397b0c2403d,KB-C_SUPERFAST_GAP,-3.3333333333333335,,5.0,39.09,derived,Driver-customer pair creates consecutive trips too quickly to look operationally normal.
722ff561f000a0e0||6a577882078b23b2,722ff561f000a0e0,6a577882078b23b2,KB-C_SUPERFAST_GAP,-61.35,,5.0,21.31,derived,Driver-customer pair creates consecutive trips too quickly to look operationally normal.
3b723f934fb76377||e2bbf4ab42016f07,3b723f934fb76377,e2bbf4ab42016f07,KB-C_SUPERFAST_GAP,-40.65,,5.0,31.48,derived,Driver-customer pair creates consecutive trips too quickly to look operationally normal.
0e7a63ecebd19d4a||09dca1c58c2ad843,0e7a63ecebd19d4a,09dca1c58c2ad843,KB-C_SUPERFAST_GAP,-105.88333333333334,,5.0,28.16,derived,Driver-customer pair creates consecutive trips too quickly to look operationally normal.
8890e9020d5fe840||3c3429eb21049abd,8890e9020d5fe840,3c3429eb21049abd,KB-C_SUPERFAST_GAP,1.2666666666666666,,5.0,39.76,derived,Driver-customer pair creates consecutive trips too quickly to look operationally normal.
8890e9020d5fe840||a931c7ea7b3dd1a4,8890e9020d5fe840,a931c7ea7b3dd1a4,KB-C_SUPERFAST_GAP,-4.733333333333333,,5.0,37.92,derived,Driver-customer pair creates consecutive trips too quickly to look operationally normal.
38752cf35f43cc09||e78b056e4b3b53ea,38752cf35f43cc09,e78b056e4b3b53ea,KB-C_SUPERFAST_GAP,-16.016666666666666,,5.0,25.89,derived,Driver-customer pair creates consecutive trips too quickly to look operationally normal.
237581e6521fd8fb||a9aa3928ebad1233,237581e6521fd8fb,a9aa3928ebad1233,KB-C_SUPERFAST_GAP,-41.766666666666666,,5.0,25.11,derived,Driver-customer pair creates consecutive trips too quickly to look operationally normal.
896c3dd0c18b5962||2796e87e6a0ad786,896c3dd0c18b5962,2796e87e6a0ad786,KB-C_SUPERFAST_GAP,-84.06666666666666,,5.0,22.42,derived,Driver-customer pair creates consecutive trips too quickly to look operationally normal.
7bf4bf83c1e54879||79eefe2f1c11c549,7bf4bf83c1e54879,79eefe2f1c11c549,KB-C_SUPERFAST_GAP,-173.3,,5.0,28.02,derived,Driver-customer pair creates consecutive trips too quickly to look operationally normal.
d25a2fe9af1f11fd||842ffb5316363719,d25a2fe9af1f11fd,842ffb5316363719,KB-C_SUPERFAST_GAP,-873.6666666666666,,5.0,24.44,derived,Driver-customer pair creates consecutive trips too quickly to look operationally normal.
dff835107c6e3842||3ba467c1b2993ec9,dff835107c6e3842,3ba467c1b2993ec9,KB-C_SUPERFAST_GAP,-299.01666666666665,,5.0,22.63,derived,Driver-customer pair creates consecutive trips too quickly to look operationally normal.
d85b7711c8936a87||2da3fa6b258c8f9e,d85b7711c8936a87,2da3fa6b258c8f9e,KB-C_SUPERFAST_GAP,-304.3833333333333,,5.0,43.2,derived,Driver-customer pair creates consecutive trips too quickly to look operationally normal.
22dfaf4630f5af68||046051ed17872803,22dfaf4630f5af68,046051ed17872803,KB-C_SUPERFAST_GAP,-28.783333333333335,,5.0,23.39,derived,Driver-customer pair creates consecutive trips too quickly to look operationally normal.
2efaabcd948be32e||ed0d6048d03ec9f5,2efaabcd948be32e,ed0d6048d03ec9f5,KB-C_SUPERFAST_GAP,-299.3333333333333,,5.0,25.75,derived,Driver-customer pair creates consecutive trips too quickly to look operationally normal.
8c3475c0931e508e||77f56e45187aaec0,8c3475c0931e508e,77f56e45187aaec0,KB-C_SUPERFAST_GAP,-495.55,,5.0,22.19,derived,Driver-customer pair creates consecutive trips too quickly to look operationally normal.
12b2c9b7472899f8||ddfaf864202c01f1,12b2c9b7472899f8,ddfaf864202c01f1,KB-C_SUPERFAST_GAP,-70.4,,5.0,23.63,derived,Driver-customer pair creates consecutive trips too quickly to look operationally normal.
f946714523aeb815||12dc6f49fb318ccb,f946714523aeb815,12dc6f49fb318ccb,KB-C_SUPERFAST_GAP,-53.11666666666667,,5.0,21.32,derived,Driver-customer pair creates consecutive trips too quickly to look operationally normal.
d36f099ece696ce8||6d23ba05caaa0dc1,d36f099ece696ce8,6d23ba05caaa0dc1,KB-C_SUPERFAST_GAP,-311.78333333333336,,5.0,31.5,derived,Driver-customer pair creates consecutive trips too quickly to look operationally normal.
e2416cba7e866e8c||002b87b6777eb43c,e2416cba7e866e8c,002b87b6777eb43c,KB-C_SUPERFAST_GAP,-621.55,,5.0,26.86,derived,Driver-customer pair creates consecutive trips too quickly to look operationally normal.
4158b2467147597a||97e2c2a07218bd2f,4158b2467147597a,97e2c2a07218bd2f,KB-C_SUPERFAST_GAP,-12.383333333333333,,5.0,22.63,derived,Driver-customer pair creates consecutive trips too quickly to look operationally normal.
2deacb5d2d87b865||459202f926a64492,2deacb5d2d87b865,459202f926a64492,KB-C_SUPERFAST_GAP,-12.783333333333333,,5.0,21.78,derived,Driver-customer pair creates consecutive trips too quickly to look operationally normal.
6212a9e8d0ba608b||b985005f9d22ce7f,6212a9e8d0ba608b,b985005f9d22ce7f,KB-C_SUPERFAST_GAP,-21.466666666666665,,5.0,25.49,derived,Driver-customer pair creates consecutive trips too quickly to look operationally normal.
eab93942999bc2d2||478050e6624eb3da,eab93942999bc2d2,478050e6624eb3da,KB-C_SUPERFAST_GAP,-378.98333333333335,,5.0,27.56,derived,Driver-customer pair creates consecutive trips too quickly to look operationally normal.
46976468c934551b||e37f3092d0585442,46976468c934551b,e37f3092d0585442,KB-C_SUPERFAST_GAP,-986.6333333333333,,5.0,22.31,derived,Driver-customer pair creates consecutive trips too quickly to look operationally normal.
937395bd0d780d1b||9570963c9814ec6f,937395bd0d780d1b,9570963c9814ec6f,KB-C_SUPERFAST_GAP,-442.75,,5.0,22.0,derived,Driver-customer pair creates consecutive trips too quickly to look operationally normal.
e80d3674633f28eb||95514fdc1c45beb7,e80d3674633f28eb,95514fdc1c45beb7,KB-C_SUPERFAST_GAP,-59.15,,5.0,25.56,derived,Driver-customer pair creates consecutive trips too quickly to look operationally normal.
0bec71abb314d559||957e289e6b1239f0,0bec71abb314d559,957e289e6b1239f0,KB-C_SUPERFAST_GAP,-449.95,,5.0,25.9,derived,Driver-customer pair creates consecutive trips too quickly to look operationally normal.
f2b2cee8dd0f1f01||d77dff5c4f8688e8,f2b2cee8dd0f1f01,d77dff5c4f8688e8,KB-C_SUPERFAST_GAP,-150.65,,5.0,40.47,derived,Driver-customer pair creates consecutive trips too quickly to look operationally normal.
bdfe04b4787b2ffb||895dfc790b888644,bdfe04b4787b2ffb,895dfc790b888644,KB-C_SUPERFAST_GAP,-314.6166666666667,,5.0,32.03,derived,Driver-customer pair creates consecutive trips too quickly to look operationally normal.
d4220aa0ff9765f9||c80bf81592814c87,d4220aa0ff9765f9,c80bf81592814c87,KB-C_SUPERFAST_GAP,-46.583333333333336,,5.0,21.9,derived,Driver-customer pair creates consecutive trips too quickly to look operationally normal.
6f370d00e5ad059e||46a366d2ddca9826,6f370d00e5ad059e,46a366d2ddca9826,KB-C_SUPERFAST_GAP,-77.1,,5.0,23.26,derived,Driver-customer pair creates consecutive trips too quickly to look operationally normal.
53a759bbf14a1897||e8b93496ca05b398,53a759bbf14a1897,e8b93496ca05b398,KB-C_SUPERFAST_GAP,-424.98333333333335,,5.0,22.15,derived,Driver-customer pair creates consecutive trips too quickly to look operationally normal.
586a163bd1f5e125||d70581f73c9fc2e6,586a163bd1f5e125,d70581f73c9fc2e6,KB-C_SUPERFAST_GAP,-158.35,,5.0,24.06,derived,Driver-customer pair creates consecutive trips too quickly to look operationally normal.
efcf9741b8f78f9d||94c3c36db9a8bfc4,efcf9741b8f78f9d,94c3c36db9a8bfc4,KB-C_SUPERFAST_GAP,-268.5833333333333,,5.0,25.56,derived,Driver-customer pair creates consecutive trips too quickly to look operationally normal.
f454feceb7d11748||10131cf6d2330e0e,f454feceb7d11748,10131cf6d2330e0e,KB-C_SUPERFAST_GAP,-29.583333333333332,,5.0,24.01,derived,Driver-customer pair creates consecutive trips too quickly to look operationally normal.
44b627d8a24030a6||05bc24ed2ac6299f,44b627d8a24030a6,05bc24ed2ac6299f,KB-C_SUPERFAST_GAP,-2.316666666666667,,5.0,31.29,derived,Driver-customer pair creates consecutive trips too quickly to look operationally normal.
9148f6104b26bd6b||fd5d29cb2d3b4867,9148f6104b26bd6b,fd5d29cb2d3b4867,KB-C_SUPERFAST_GAP,-172.23333333333332,,5.0,28.94,derived,Driver-customer pair creates consecutive trips too quickly to look operationally normal.
bd9d5bd6a837d6e9||20cabe14b4d9e4d6,bd9d5bd6a837d6e9,20cabe14b4d9e4d6,KB-C_SUPERFAST_GAP,-4.866666666666666,,5.0,39.64,derived,Driver-customer pair creates consecutive trips too quickly to look operationally normal.
bfc46f7bf43495c7||2b5804c659108852,bfc46f7bf43495c7,2b5804c659108852,KB-C_SUPERFAST_GAP,-186.96666666666667,,5.0,29.87,derived,Driver-customer pair creates consecutive trips too quickly to look operationally normal.
c70fcfc38680dcad||b7e5ece02760f13c,c70fcfc38680dcad,b7e5ece02760f13c,KB-C_SUPERFAST_GAP,-299.4166666666667,,5.0,25.99,derived,Driver-customer pair creates consecutive trips too quickly to look operationally normal.
f0fece0808f82606||d6f58ee52994d891,f0fece0808f82606,d6f58ee52994d891,KB-C_SUPERFAST_GAP,-154.8,,5.0,21.75,derived,Driver-customer pair creates consecutive trips too quickly to look operationally normal.
2a12f7d4d27d1aaa||c41ced1bb7288549,2a12f7d4d27d1aaa,c41ced1bb7288549,KB-C_SUPERFAST_GAP,-119.23333333333333,,5.0,24.6,derived,Driver-customer pair creates consecutive trips too quickly to look operationally normal.
5e1375169a59617b||f73d51571f8f15e5,5e1375169a59617b,f73d51571f8f15e5,KB-C_SUPERFAST_GAP,-3.3333333333333335,,5.0,46.1,derived,Driver-customer pair creates consecutive trips too quickly to look operationally normal.
1afcc9d41698c033||2c3da632fe9da476,1afcc9d41698c033,2c3da632fe9da476,KB-C_SUPERFAST_GAP,-763.3666666666667,,5.0,25.93,derived,Driver-customer pair creates consecutive trips too quickly to look operationally normal.
8b4925766e8e74a1||ca21d90439ea8994,8b4925766e8e74a1,ca21d90439ea8994,KB-C_SUPERFAST_GAP,-164.51666666666668,,5.0,22.48,derived,Driver-customer pair creates consecutive trips too quickly to look operationally normal.
cde4bfee0b62d4ed||2d25ad16bbe40c38,cde4bfee0b62d4ed,2d25ad16bbe40c38,KB-C_SUPERFAST_GAP,-351.06666666666666,,5.0,45.23,derived,Driver-customer pair creates consecutive trips too quickly to look operationally normal.
6903bd450960e3a2||429b30fa140d3235,6903bd450960e3a2,429b30fa140d3235,KB-C_SUPERFAST_GAP,-12.35,,5.0,27.99,derived,Driver-customer pair creates consecutive trips too quickly to look operationally normal.
bcc55a9350aa5e0c||27452ded0f6a2de6,bcc55a9350aa5e0c,27452ded0f6a2de6,KB-C_SUPERFAST_GAP,-308.2,,5.0,28.18,derived,Driver-customer pair creates consecutive trips too quickly to look operationally normal.
3bab42455ded975b||4ce50ded8b049bfd,3bab42455ded975b,4ce50ded8b049bfd,KB-C_SUPERFAST_GAP,-142.75,,5.0,23.0,derived,Driver-customer pair creates consecutive trips too quickly to look operationally normal.
a7ffad3b3dd93be8||5527eecc02fc5650,a7ffad3b3dd93be8,5527eecc02fc5650,KB-C_SUPERFAST_GAP,-13.866666666666667,,5.0,28.65,derived,Driver-customer pair creates consecutive trips too quickly to look operationally normal.
561e6ac0fd553519||6426a6155f2e836e,561e6ac0fd553519,6426a6155f2e836e,KB-C_SUPERFAST_GAP,-344.18333333333334,,5.0,24.66,derived,Driver-customer pair creates consecutive trips too quickly to look operationally normal.
cb2f654a802b6158||3a14dccb08ae5968,cb2f654a802b6158,3a14dccb08ae5968,KB-C_SUPERFAST_GAP,-27.983333333333334,,5.0,30.69,derived,Driver-customer pair creates consecutive trips too quickly to look operationally normal.
2bbf7fba06d95eee||31d0faa9c799b7c6,2bbf7fba06d95eee,31d0faa9c799b7c6,KB-C_SUPERFAST_GAP,-546.2,,5.0,21.93,derived,Driver-customer pair creates consecutive trips too quickly to look operationally normal.
36387d716a776211||45097a41d2210269,36387d716a776211,45097a41d2210269,KB-C_SUPERFAST_GAP,-299.98333333333335,,5.0,24.15,derived,Driver-customer pair creates consecutive trips too quickly to look operationally normal.
79d7ea8a1b09120d||4403ec80bd2c9cac,79d7ea8a1b09120d,4403ec80bd2c9cac,KB-C_SUPERFAST_GAP,-102.23333333333333,,5.0,21.0,derived,Driver-customer pair creates consecutive trips too quickly to look operationally normal.
53378d2c8c5fa987||3351b05d601aa675,53378d2c8c5fa987,3351b05d601aa675,KB-C_SUPERFAST_GAP,-9.5,,5.0,40.3,derived,Driver-customer pair creates consecutive trips too quickly to look operationally normal.
c66ec7702ba74fb2||4d86c868658a33c1,c66ec7702ba74fb2,4d86c868658a33c1,KB-C_SUPERFAST_GAP,-618.2333333333333,,5.0,25.96,derived,Driver-customer pair creates consecutive trips too quickly to look operationally normal.
5f5aaa7364e58526||b4d70c27e9238838,5f5aaa7364e58526,b4d70c27e9238838,KB-C_SUPERFAST_GAP,-27.433333333333334,,5.0,21.32,derived,Driver-customer pair creates consecutive trips too quickly to look operationally normal.
297ba525b10c0ad2||5c478a218c6dd3de,297ba525b10c0ad2,5c478a218c6dd3de,KB-C_SUPERFAST_GAP,-48.85,,5.0,22.32,derived,Driver-customer pair creates consecutive trips too quickly to look operationally normal.
5b645a7489d3a5ab||1d690caf69cefc9a,5b645a7489d3a5ab,1d690caf69cefc9a,KB-C_SUPERFAST_GAP,-15.4,,5.0,22.75,derived,Driver-customer pair creates consecutive trips too quickly to look operationally normal.
7edb3f29d30d0d5d||3db8af0569dc6546,7edb3f29d30d0d5d,3db8af0569dc6546,KB-C_SUPERFAST_GAP,-38.333333333333336,,5.0,25.78,derived,Driver-customer pair creates consecutive trips too quickly to look operationally normal.
7edb3f29d30d0d5d||7cf7c24c2ee47673,7edb3f29d30d0d5d,7cf7c24c2ee47673,KB-C_SUPERFAST_GAP,-35.36666666666667,,5.0,33.54,derived,Driver-customer pair creates consecutive trips too quickly to look operationally normal.
7edb3f29d30d0d5d||9a2bba043368c6e0,7edb3f29d30d0d5d,9a2bba043368c6e0,KB-C_SUPERFAST_GAP,-27.283333333333335,,5.0,27.68,derived,Driver-customer pair creates consecutive trips too quickly to look operationally normal.
fcec0f161a82be4a||2abcde2448791b59,fcec0f161a82be4a,2abcde2448791b59,KB-C_SUPERFAST_GAP,-655.9,,5.0,20.24,derived,Driver-customer pair creates consecutive trips too quickly to look operationally normal.
7c7bf5144d88643b||f0165e775d4610a4,7c7bf5144d88643b,f0165e775d4610a4,KB-C_SUPERFAST_GAP,-8.183333333333334,,5.0,21.9,derived,Driver-customer pair creates consecutive trips too quickly to look operationally normal.
db29d74b7f8a77c6||d4b7bfda5fc8b7f2,db29d74b7f8a77c6,d4b7bfda5fc8b7f2,KB-C_SUPERFAST_GAP,-21.3,,5.0,21.51,derived,Driver-customer pair creates consecutive trips too quickly to look operationally normal.
811d6e62bf827d1d||2e7f5a61f9741840,811d6e62bf827d1d,2e7f5a61f9741840,KB-C_SUPERFAST_GAP,-546.3,,5.0,20.65,derived,Driver-customer pair creates consecutive trips too quickly to look operationally normal.
ed7c591503fc20dc||8cc623f6caf5ee5a,ed7c591503fc20dc,8cc623f6caf5ee5a,KB-C_SUPERFAST_GAP,-88.38333333333334,,5.0,23.48,derived,Driver-customer pair creates consecutive trips too quickly to look operationally normal.
2358606575eae571||d36a6a3e8ca8c241,2358606575eae571,d36a6a3e8ca8c241,KB-C_SUPERFAST_GAP,-140.11666666666667,,5.0,25.15,derived,Driver-customer pair creates consecutive trips too quickly to look operationally normal.
495a09c29479ce51||252448148696b15f,495a09c29479ce51,252448148696b15f,KB-C_SUPERFAST_GAP,-572.8166666666667,,5.0,20.09,derived,Driver-customer pair creates consecutive trips too quickly to look operationally normal.
bf7071098615befe||562281198189a606,bf7071098615befe,562281198189a606,KB-C_SUPERFAST_GAP,-78.33333333333333,,5.0,21.67,derived,Driver-customer pair creates consecutive trips too quickly to look operationally normal.
bf7071098615befe||74d2330add01f485,bf7071098615befe,74d2330add01f485,KB-C_SUPERFAST_GAP,-254.36666666666667,,5.0,24.56,derived,Driver-customer pair creates consecutive trips too quickly to look operationally normal.
6a673d7825fa453e||2475decb9b67e8fb,6a673d7825fa453e,2475decb9b67e8fb,KB-C_SUPERFAST_GAP,-668.5833333333334,,5.0,25.23,derived,Driver-customer pair creates consecutive trips too quickly to look operationally normal.
6cd3dcbde56e38a6||7932079489253aef,6cd3dcbde56e38a6,7932079489253aef,KB-C_SUPERFAST_GAP,-10.8,,5.0,28.21,derived,Driver-customer pair creates consecutive trips too quickly to look operationally normal.
29ce5483d8531e6d||baacbf42a703766e,29ce5483d8531e6d,baacbf42a703766e,KB-C_SUPERFAST_GAP,-390.8333333333333,,5.0,24.84,derived,Driver-customer pair creates consecutive trips too quickly to look operationally normal.
abde4de646d46ccc||89691c2c7dbba3ed,abde4de646d46ccc,89691c2c7dbba3ed,KB-C_SUPERFAST_GAP,-49.88333333333333,,5.0,22.99,derived,Driver-customer pair creates consecutive trips too quickly to look operationally normal.
bf78bede5ffa9b46||52cec39ae763fb1c,bf78bede5ffa9b46,52cec39ae763fb1c,KB-C_SUPERFAST_GAP,-8.35,,5.0,30.58,derived,Driver-customer pair creates consecutive trips too quickly to look operationally normal.
efd0fed4731e27e0||fdd0a635fe5c5c53,efd0fed4731e27e0,fdd0a635fe5c5c53,KB-C_SUPERFAST_GAP,-199.35,,5.0,24.72,derived,Driver-customer pair creates consecutive trips too quickly to look operationally normal.
34bce29c46faf7af||3abd7d8a180ac0b3,34bce29c46faf7af,3abd7d8a180ac0b3,KB-C_SUPERFAST_GAP,-1067.9833333333333,,5.0,26.47,derived,Driver-customer pair creates consecutive trips too quickly to look operationally normal.
99a515ccf89055fd||c18fc13aa946510d,99a515ccf89055fd,c18fc13aa946510d,KB-C_SUPERFAST_GAP,-163.43333333333334,,5.0,22.15,derived,Driver-customer pair creates consecutive trips too quickly to look operationally normal.
7cad712366b77cac||62565262cb3f59cd,7cad712366b77cac,62565262cb3f59cd,KB-C_SUPERFAST_GAP,-29.75,,5.0,25.71,derived,Driver-customer pair creates consecutive trips too quickly to look operationally normal.
0e6758d009a5b889||0666bc0c06fc0f72,0e6758d009a5b889,0666bc0c06fc0f72,KB-C_SUPERFAST_GAP,-1067.9166666666667,,5.0,32.27,derived,Driver-customer pair creates consecutive trips too quickly to look operationally normal.
2084085828e30bed||d50366ef0991566f,2084085828e30bed,d50366ef0991566f,KB-C_SUPERFAST_GAP,-252.98333333333332,,5.0,25.95,derived,Driver-customer pair creates consecutive trips too quickly to look operationally normal.
b389ffe8afb46d27||009dbe5105a457f2,b389ffe8afb46d27,009dbe5105a457f2,KB-C_SUPERFAST_GAP,-80.16666666666667,,5.0,23.1,derived,Driver-customer pair creates consecutive trips too quickly to look operationally normal.
e2cb33391ab12c79||a7dd02e023d0eb12,e2cb33391ab12c79,a7dd02e023d0eb12,KB-C_SUPERFAST_GAP,-75.68333333333334,,5.0,21.8,derived,Driver-customer pair creates consecutive trips too quickly to look operationally normal.
587e535dba93b9cf||a0489669b079e557,587e535dba93b9cf,a0489669b079e557,KB-C_SUPERFAST_GAP,-58.36666666666667,,5.0,21.49,derived,Driver-customer pair creates consecutive trips too quickly to look operationally normal.
54c46ae6320fe712||4d637ba283147acb,54c46ae6320fe712,4d637ba283147acb,KB-C_SUPERFAST_GAP,-4.85,,5.0,37.22,derived,Driver-customer pair creates consecutive trips too quickly to look operationally normal.
2dec0773fdcb93a7||757151a2a646f5d1,2dec0773fdcb93a7,757151a2a646f5d1,KB-C_SUPERFAST_GAP,-110.13333333333334,,5.0,24.92,derived,Driver-customer pair creates consecutive trips too quickly to look operationally normal.
7765bbea1fcfc57f||b39ff773365be6e7,7765bbea1fcfc57f,b39ff773365be6e7,KB-C_SUPERFAST_GAP,-424.6333333333333,,5.0,26.25,derived,Driver-customer pair creates consecutive trips too quickly to look operationally normal.
7e2e2029140898be||49c37d3437f50fa1,7e2e2029140898be,49c37d3437f50fa1,KB-C_SUPERFAST_GAP,-725.7166666666667,,5.0,25.91,derived,Driver-customer pair creates consecutive trips too quickly to look operationally normal.
39e629f2d1b59bbe||a29bc6fe19ec46ba,39e629f2d1b59bbe,a29bc6fe19ec46ba,KB-C_SUPERFAST_GAP,-92.78333333333333,,5.0,44.36,derived,Driver-customer pair creates consecutive trips too quickly to look operationally normal.
7c876e8495fd6eec||883f2930b843bd52,7c876e8495fd6eec,883f2930b843bd52,KB-C_SUPERFAST_GAP,-129.38333333333333,,5.0,24.49,derived,Driver-customer pair creates consecutive trips too quickly to look operationally normal.
8dd336bf60715232||09101cbc7f3263ea,8dd336bf60715232,09101cbc7f3263ea,KB-C_SUPERFAST_GAP,-454.1,,5.0,23.39,derived,Driver-customer pair creates consecutive trips too quickly to look operationally normal.
974a5516081a83d4||4a0062a57f3c74a8,974a5516081a83d4,4a0062a57f3c74a8,KB-C_SUPERFAST_GAP,-11.983333333333333,,5.0,26.09,derived,Driver-customer pair creates consecutive trips too quickly to look operationally normal.
8da6f2968b4e20a3||6e098b2f329ef685,8da6f2968b4e20a3,6e098b2f329ef685,KB-C_SUPERFAST_GAP,-208.95,,5.0,20.68,derived,Driver-customer pair creates consecutive trips too quickly to look operationally normal.
68e0640dbf88d27b||99e953c33b978075,68e0640dbf88d27b,99e953c33b978075,KB-C_SUPERFAST_GAP,-59.75,,5.0,27.28,derived,Driver-customer pair creates consecutive trips too quickly to look operationally normal.
60889cda0a9d00a3||57b5b2bcbbf05021,60889cda0a9d00a3,57b5b2bcbbf05021,KB-C_SUPERFAST_GAP,-299.8,,5.0,19.98,derived,Driver-customer pair creates consecutive trips too quickly to look operationally normal.
7ee3dc90649c17b7||c6f98725a05b88c9,7ee3dc90649c17b7,c6f98725a05b88c9,KB-C_SUPERFAST_GAP,-232.65,,5.0,22.7,derived,Driver-customer pair creates consecutive trips too quickly to look operationally normal.
9a7d2dd08541ef2c||bf341adf1e1b82a3,9a7d2dd08541ef2c,bf341adf1e1b82a3,KB-C_SUPERFAST_GAP,-128.66666666666666,,5.0,25.51,derived,Driver-customer pair creates consecutive trips too quickly to look operationally normal.
fdbfcb91211007a7||c2d6f77c0bd563e0,fdbfcb91211007a7,c2d6f77c0bd563e0,KB-C_SUPERFAST_GAP,-79.58333333333333,,5.0,23.24,derived,Driver-customer pair creates consecutive trips too quickly to look operationally normal.
38a4b5bdeb8730d7||416a13b1960877dc,38a4b5bdeb8730d7,416a13b1960877dc,KB-C_SUPERFAST_GAP,-438.35,,5.0,29.43,derived,Driver-customer pair creates consecutive trips too quickly to look operationally normal.
e0490ea40606df69||fc66946479ca72db,e0490ea40606df69,fc66946479ca72db,KB-C_SUPERFAST_GAP,-104.01666666666667,,5.0,24.99,derived,Driver-customer pair creates consecutive trips too quickly to look operationally normal.
daac25b07a336a80||5e17c8e6f5220715,daac25b07a336a80,5e17c8e6f5220715,KB-C_SUPERFAST_GAP,-36.43333333333333,,5.0,22.35,derived,Driver-customer pair creates consecutive trips too quickly to look operationally normal.
8ce248b701cedb75||3d6a4518940a9a45,8ce248b701cedb75,3d6a4518940a9a45,KB-C_SUPERFAST_GAP,-181.9,,5.0,27.84,derived,Driver-customer pair creates consecutive trips too quickly to look operationally normal.
9e4d7cc7527c8642||1aa04ed4612e438a,9e4d7cc7527c8642,1aa04ed4612e438a,KB-C_SUPERFAST_GAP,-67.96666666666667,,5.0,22.49,derived,Driver-customer pair creates consecutive trips too quickly to look operationally normal.
a08298ffe23289fb||3eb6dcf0869c230f,a08298ffe23289fb,3eb6dcf0869c230f,KB-C_SUPERFAST_GAP,-184.0,,5.0,25.7,derived,Driver-customer pair creates consecutive trips too quickly to look operationally normal.
90a327ef4799c2ea||e11f5b0c41329292,90a327ef4799c2ea,e11f5b0c41329292,KB-C_SUPERFAST_GAP,-159.71666666666667,,5.0,25.62,derived,Driver-customer pair creates consecutive trips too quickly to look operationally normal.
dd9402e53f9c96fa||3c12eef6c71215b1,dd9402e53f9c96fa,3c12eef6c71215b1,KB-C_SUPERFAST_GAP,-12.016666666666667,,5.0,23.14,derived,Driver-customer pair creates consecutive trips too quickly to look operationally normal.
13b41a139ff23a0d||5ec69745e716c3f0,13b41a139ff23a0d,5ec69745e716c3f0,KB-C_SUPERFAST_GAP,-12.616666666666667,,5.0,20.36,derived,Driver-customer pair creates consecutive trips too quickly to look operationally normal.
34e1173431b3f90b||bc5a89cedb08e5dd,34e1173431b3f90b,bc5a89cedb08e5dd,KB-C_SUPERFAST_GAP,-104.45,,5.0,22.48,derived,Driver-customer pair creates consecutive trips too quickly to look operationally normal.
a9683d8a66925cbc||924e1767256e23c0,a9683d8a66925cbc,924e1767256e23c0,KB-C_SUPERFAST_GAP,-54.31666666666667,,5.0,22.71,derived,Driver-customer pair creates consecutive trips too quickly to look operationally normal.
203fa088a01b343d||6a515ca60c31195b,203fa088a01b343d,6a515ca60c31195b,KB-C_SUPERFAST_GAP,-43.46666666666667,,5.0,25.22,derived,Driver-customer pair creates consecutive trips too quickly to look operationally normal.
8d11e9af5363d508||89f38184ea0d0b07,8d11e9af5363d508,89f38184ea0d0b07,KB-C_SUPERFAST_GAP,-460.46666666666664,,5.0,22.32,derived,Driver-customer pair creates consecutive trips too quickly to look operationally normal.
e7c956f60de10965||f432f6e3c1838af9,e7c956f60de10965,f432f6e3c1838af9,KB-C_SUPERFAST_GAP,-1384.3166666666666,,5.0,22.16,derived,Driver-customer pair creates consecutive trips too quickly to look operationally normal.
de851b172863d382||2552395f9948e4ad,de851b172863d382,2552395f9948e4ad,KB-C_SUPERFAST_GAP,-186.65,,5.0,22.68,derived,Driver-customer pair creates consecutive trips too quickly to look operationally normal.
81dc2a9d97eb21b3||52fd39451b1a0458,81dc2a9d97eb21b3,52fd39451b1a0458,KB-C_SUPERFAST_GAP,-276.3333333333333,,5.0,27.3,derived,Driver-customer pair creates consecutive trips too quickly to look operationally normal.
3a0439785db54c1f||c88fd0d450fe2fd3,3a0439785db54c1f,c88fd0d450fe2fd3,KB-C_SUPERFAST_GAP,-139.2,,5.0,21.46,derived,Driver-customer pair creates consecutive trips too quickly to look operationally normal.
5be88d6f55e6d261||ca4162624a6709cf,5be88d6f55e6d261,ca4162624a6709cf,KB-C_SUPERFAST_GAP,-201.78333333333333,,5.0,36.02,derived,Driver-customer pair creates consecutive trips too quickly to look operationally normal.
05441e4005f5c957||5f3224e30acd1a45,05441e4005f5c957,5f3224e30acd1a45,KB-C_SUPERFAST_GAP,-344.4166666666667,,5.0,21.65,derived,Driver-customer pair creates consecutive trips too quickly to look operationally normal.
49e5cdb20aa81f28||f51851338b6182f0,49e5cdb20aa81f28,f51851338b6182f0,KB-C_SUPERFAST_GAP,-13.016666666666667,,5.0,38.39,derived,Driver-customer pair creates consecutive trips too quickly to look operationally normal.
d659d955a2f255e6||41542d3611ffd557,d659d955a2f255e6,41542d3611ffd557,KB-C_SUPERFAST_GAP,-383.96666666666664,,5.0,24.32,derived,Driver-customer pair creates consecutive trips too quickly to look operationally normal.
d7afe9cad93ab15e||29161770ec68eb44,d7afe9cad93ab15e,29161770ec68eb44,KB-C_SUPERFAST_GAP,-256.75,,5.0,21.01,derived,Driver-customer pair creates consecutive trips too quickly to look operationally normal.
214eb873adda0a31||649e9fe4b0c468f5,214eb873adda0a31,649e9fe4b0c468f5,KB-C_SUPERFAST_GAP,-177.66666666666666,,5.0,22.96,derived,Driver-customer pair creates consecutive trips too quickly to look operationally normal.
36677e6671d2b17c||888dcaaa6f07d355,36677e6671d2b17c,888dcaaa6f07d355,KB-C_SUPERFAST_GAP,-291.6,,5.0,23.62,derived,Driver-customer pair creates consecutive trips too quickly to look operationally normal.
74942d809b323d09||173b9c99505b1e06,74942d809b323d09,173b9c99505b1e06,KB-C_SUPERFAST_GAP,-47.4,,5.0,21.54,derived,Driver-customer pair creates consecutive trips too quickly to look operationally normal.
74942d809b323d09||8e83c6d7ee667591,74942d809b323d09,8e83c6d7ee667591,KB-C_SUPERFAST_GAP,-19.833333333333332,,5.0,22.38,derived,Driver-customer pair creates consecutive trips too quickly to look operationally normal.
aa703e14567b2118||9c62443e9b0d3da7,aa703e14567b2118,9c62443e9b0d3da7,KB-C_SUPERFAST_GAP,-257.8333333333333,,5.0,25.45,derived,Driver-customer pair creates consecutive trips too quickly to look operationally normal.
1e257adbf85000d5||c02597dd34dcb7c7,1e257adbf85000d5,c02597dd34dcb7c7,KB-C_SUPERFAST_GAP,-451.56666666666666,,5.0,26.04,derived,Driver-customer pair creates consecutive trips too quickly to look operationally normal.
012d80b71bee700a||366f42820b01eaa0,012d80b71bee700a,366f42820b01eaa0,KB-C_SUPERFAST_GAP,-41.083333333333336,,5.0,22.44,derived,Driver-customer pair creates consecutive trips too quickly to look operationally normal.
c8a446f62334c5b8||b589b30cba99c751,c8a446f62334c5b8,b589b30cba99c751,KB-C_SUPERFAST_GAP,-74.23333333333333,,5.0,23.83,derived,Driver-customer pair creates consecutive trips too quickly to look operationally normal.
21f769c955a2b489||c15a603204faed80,21f769c955a2b489,c15a603204faed80,KB-C_SUPERFAST_GAP,-37.983333333333334,,5.0,21.76,derived,Driver-customer pair creates consecutive trips too quickly to look operationally normal.
da21ec4465fdc8e5||88f4951d8226fbe7,da21ec4465fdc8e5,88f4951d8226fbe7,KB-C_SUPERFAST_GAP,-3.75,,5.0,22.98,derived,Driver-customer pair creates consecutive trips too quickly to look operationally normal.
0e10fdbe3b146e6c||f300bb9648ca9421,0e10fdbe3b146e6c,f300bb9648ca9421,KB-C_SUPERFAST_GAP,-22.7,,5.0,23.32,derived,Driver-customer pair creates consecutive trips too quickly to look operationally normal.
9e6e4026069c090a||7a95bfcb52bc6bc9,9e6e4026069c090a,7a95bfcb52bc6bc9,KB-C_SUPERFAST_GAP,-308.81666666666666,,5.0,25.83,derived,Driver-customer pair creates consecutive trips too quickly to look operationally normal.
3c16ceb51a8e96ac||f0136270e5edb637,3c16ceb51a8e96ac,f0136270e5edb637,KB-C_SUPERFAST_GAP,-184.06666666666666,,5.0,23.74,derived,Driver-customer pair creates consecutive trips too quickly to look operationally normal.
7df44a2563f29036||e8d4fbe37de524b5,7df44a2563f29036,e8d4fbe37de524b5,KB-C_SUPERFAST_GAP,-140.31666666666666,,5.0,25.75,derived,Driver-customer pair creates consecutive trips too quickly to look operationally normal.
7e6eeda6e031c087||c5298eb294cf6dbc,7e6eeda6e031c087,c5298eb294cf6dbc,KB-C_SUPERFAST_GAP,-140.86666666666667,,5.0,23.35,derived,Driver-customer pair creates consecutive trips too quickly to look operationally normal.
073abe17b5a81b43||22499c7a4aab866f,073abe17b5a81b43,22499c7a4aab866f,KB-C_SUPERFAST_GAP,-308.1333333333333,,5.0,26.72,derived,Driver-customer pair creates consecutive trips too quickly to look operationally normal.
4781ede6b3b815de||c997531fe8dac586,4781ede6b3b815de,c997531fe8dac586,KB-C_SUPERFAST_GAP,-467.78333333333336,,5.0,25.5,derived,Driver-customer pair creates consecutive trips too quickly to look operationally normal.
bb6f73e9c5fea741||e52454087e2ddc9e,bb6f73e9c5fea741,e52454087e2ddc9e,KB-C_SUPERFAST_GAP,-329.4166666666667,,5.0,22.01,derived,Driver-customer pair creates consecutive trips too quickly to look operationally normal.
122f604c5226b896||6c6e130308603e07,122f604c5226b896,6c6e130308603e07,KB-C_SUPERFAST_GAP,-107.78333333333333,,5.0,21.01,derived,Driver-customer pair creates consecutive trips too quickly to look operationally normal.
46d307ddc88f56a0||5c96cbebc7cba993,46d307ddc88f56a0,5c96cbebc7cba993,KB-C_SUPERFAST_GAP,-377.1666666666667,,5.0,25.44,derived,Driver-customer pair creates consecutive trips too quickly to look operationally normal.
9683410d755365b9||60e5e23959b7bb60,9683410d755365b9,60e5e23959b7bb60,KB-C_SUPERFAST_GAP,-127.11666666666666,,5.0,20.71,derived,Driver-customer pair creates consecutive trips too quickly to look operationally normal.
ce1268dca72a8396||0cfd1ca59068ab4a,ce1268dca72a8396,0cfd1ca59068ab4a,KB-C_SUPERFAST_GAP,-52.38333333333333,,5.0,26.0,derived,Driver-customer pair creates consecutive trips too quickly to look operationally normal.
a6d529834b8321ab||ad3b434db110257e,a6d529834b8321ab,ad3b434db110257e,KB-C_SUPERFAST_GAP,-618.7,,5.0,23.92,derived,Driver-customer pair creates consecutive trips too quickly to look operationally normal.
92f702e5a686b9c4||bc3a67bb70146486,92f702e5a686b9c4,bc3a67bb70146486,KB-C_SUPERFAST_GAP,-3.95,,5.0,44.71,derived,Driver-customer pair creates consecutive trips too quickly to look operationally normal.
2f5cb527465903f3||0600dc4de485bd8e,2f5cb527465903f3,0600dc4de485bd8e,KB-C_SUPERFAST_GAP,-118.85,,5.0,21.42,derived,Driver-customer pair creates consecutive trips too quickly to look operationally normal.
2f5cb527465903f3||e7623ca1c7f38df5,2f5cb527465903f3,e7623ca1c7f38df5,KB-C_SUPERFAST_GAP,-76.95,,5.0,20.76,derived,Driver-customer pair creates consecutive trips too quickly to look operationally normal.
13e1bf1823b8adfa||240fd36b6b2ce797,13e1bf1823b8adfa,240fd36b6b2ce797,KB-C_SUPERFAST_GAP,-753.0166666666667,,5.0,20.84,derived,Driver-customer pair creates consecutive trips too quickly to look operationally normal.
6f7e7665e1f1e34d||fffee78f229c8a24,6f7e7665e1f1e34d,fffee78f229c8a24,KB-C_SUPERFAST_GAP,-9.116666666666667,,5.0,20.83,derived,Driver-customer pair creates consecutive trips too quickly to look operationally normal.
755b24bafac9709f||3162c35d57d2fb5f,755b24bafac9709f,3162c35d57d2fb5f,KB-C_SUPERFAST_GAP,-21.183333333333334,,5.0,24.3,derived,Driver-customer pair creates consecutive trips too quickly to look operationally normal.
d9f063878132da63||e61b395bbd408272,d9f063878132da63,e61b395bbd408272,KB-C_SUPERFAST_GAP,-220.08333333333334,,5.0,25.84,derived,Driver-customer pair creates consecutive trips too quickly to look operationally normal.
edd9db488156be5f||34918ea436c24834,edd9db488156be5f,34918ea436c24834,KB-C_SUPERFAST_GAP,-245.4,,5.0,24.98,derived,Driver-customer pair creates consecutive trips too quickly to look operationally normal.
3fb7c393ccf8e312||3cd4ca20dd8c3c8b,3fb7c393ccf8e312,3cd4ca20dd8c3c8b,KB-C_SUPERFAST_GAP,-163.48333333333332,,5.0,25.12,derived,Driver-customer pair creates consecutive trips too quickly to look operationally normal.
72ae658ac991f4e0||03aeb9143611d627,72ae658ac991f4e0,03aeb9143611d627,KB-C_SUPERFAST_GAP,-104.86666666666666,,5.0,21.78,derived,Driver-customer pair creates consecutive trips too quickly to look operationally normal.
7340f09cc2515fed||c691f74fd44b7edd,7340f09cc2515fed,c691f74fd44b7edd,KB-C_SUPERFAST_GAP,-397.01666666666665,,5.0,20.63,derived,Driver-customer pair creates consecutive trips too quickly to look operationally normal.
2e6f27d6f08e0d18||9c7e9a5008be06e6,2e6f27d6f08e0d18,9c7e9a5008be06e6,KB-C_SUPERFAST_GAP,-23.766666666666666,,5.0,27.16,derived,Driver-customer pair creates consecutive trips too quickly to look operationally normal.
6293a1f967141668||84f6b6aff503521e,6293a1f967141668,84f6b6aff503521e,KB-C_SUPERFAST_GAP,-8.05,,5.0,21.49,derived,Driver-customer pair creates consecutive trips too quickly to look operationally normal.
7b16a0c0b41dbebc||e1d6e23bbc93c79f,7b16a0c0b41dbebc,e1d6e23bbc93c79f,KB-C_SUPERFAST_GAP,-72.25,,5.0,33.27,derived,Driver-customer pair creates consecutive trips too quickly to look operationally normal.
a2fde6bdd7e34511||b761b4efbd234dba,a2fde6bdd7e34511,b761b4efbd234dba,KB-C_SUPERFAST_GAP,-200.13333333333333,,5.0,25.43,derived,Driver-customer pair creates consecutive trips too quickly to look operationally normal.
ce2ca38c9e86668a||76a76ce424a7a6bf,ce2ca38c9e86668a,76a76ce424a7a6bf,KB-C_SUPERFAST_GAP,-67.88333333333334,,5.0,25.44,derived,Driver-customer pair creates consecutive trips too quickly to look operationally normal.
24f92d29efb456c0||5a9a46fb9bcb3c4e,24f92d29efb456c0,5a9a46fb9bcb3c4e,KB-C_SUPERFAST_GAP,-51.25,,5.0,25.37,derived,Driver-customer pair creates consecutive trips too quickly to look operationally normal.
14cf4b46c7378fb6||6024c954f7b09aba,14cf4b46c7378fb6,6024c954f7b09aba,KB-C_SUPERFAST_GAP,-281.28333333333336,,5.0,25.63,derived,Driver-customer pair creates consecutive trips too quickly to look operationally normal.
093d9e3c915cac13||1aea4c096aa5712d,093d9e3c915cac13,1aea4c096aa5712d,KB-C_SUPERFAST_GAP,-79.61666666666666,,5.0,24.3,derived,Driver-customer pair creates consecutive trips too quickly to look operationally normal.
da0bcd3134128c70||6fa6e6d1f532fb1d,da0bcd3134128c70,6fa6e6d1f532fb1d,KB-C_SUPERFAST_GAP,-66.75,,5.0,25.13,derived,Driver-customer pair creates consecutive trips too quickly to look operationally normal.
3d6b2c93f77303f7||2d34a14c94abe61f,3d6b2c93f77303f7,2d34a14c94abe61f,KB-C_SUPERFAST_GAP,-79.63333333333334,,5.0,21.28,derived,Driver-customer pair creates consecutive trips too quickly to look operationally normal.
3d6b2c93f77303f7||d6eb0db5555b91d9,3d6b2c93f77303f7,d6eb0db5555b91d9,KB-C_SUPERFAST_GAP,-91.95,,5.0,22.33,derived,Driver-customer pair creates consecutive trips too quickly to look operationally normal.
3d6b2c93f77303f7||e37446e4c685452a,3d6b2c93f77303f7,e37446e4c685452a,KB-C_SUPERFAST_GAP,-132.3,,5.0,21.41,derived,Driver-customer pair creates consecutive trips too quickly to look operationally normal.
5d5610ac177a7743||33ac4dd715310f2a,5d5610ac177a7743,33ac4dd715310f2a,KB-C_SUPERFAST_GAP,-499.2,,5.0,22.42,derived,Driver-customer pair creates consecutive trips too quickly to look operationally normal.
a51ffa65e21910e9||65ad3345f9b7aa51,a51ffa65e21910e9,65ad3345f9b7aa51,KB-C_SUPERFAST_GAP,-113.51666666666667,,5.0,24.4,derived,Driver-customer pair creates consecutive trips too quickly to look operationally normal.
3a159af2f707cfc7||e3f53178e33e89d8,3a159af2f707cfc7,e3f53178e33e89d8,KB-C_SUPERFAST_GAP,-36.9,,5.0,21.9,derived,Driver-customer pair creates consecutive trips too quickly to look operationally normal.
67842d1b70d1817c||1e789fdf82ca1a3a,67842d1b70d1817c,1e789fdf82ca1a3a,KB-C_SUPERFAST_GAP,-190.9,,5.0,26.86,derived,Driver-customer pair creates consecutive trips too quickly to look operationally normal.
aaff9131f115440d||0730b9bbab090c2d,aaff9131f115440d,0730b9bbab090c2d,KB-C_SUPERFAST_GAP,-12.15,,5.0,21.17,derived,Driver-customer pair creates consecutive trips too quickly to look operationally normal.
3dad37ffb4da2bb4||727f8aff3c702e3e,3dad37ffb4da2bb4,727f8aff3c702e3e,KB-C_SUPERFAST_GAP,-149.46666666666667,,5.0,25.33,derived,Driver-customer pair creates consecutive trips too quickly to look operationally normal.
3d41815f04f150a5||5b05f2a3b55705d7,3d41815f04f150a5,5b05f2a3b55705d7,KB-C_SUPERFAST_GAP,-5.783333333333333,,5.0,37.9,derived,Driver-customer pair creates consecutive trips too quickly to look operationally normal.
482fa8b61a6db2bd||8ca22ae8f9a3113c,482fa8b61a6db2bd,8ca22ae8f9a3113c,KB-C_SUPERFAST_GAP,-15.25,,5.0,24.39,derived,Driver-customer pair creates consecutive trips too quickly to look operationally normal.
d2d3d4104be2d919||97ff6d4ef7850231,d2d3d4104be2d919,97ff6d4ef7850231,KB-C_SUPERFAST_GAP,-76.63333333333334,,5.0,21.46,derived,Driver-customer pair creates consecutive trips too quickly to look operationally normal.
3e6876605911d950||dc7990f5891470da,3e6876605911d950,dc7990f5891470da,KB-C_SUPERFAST_GAP,-288.5833333333333,,5.0,21.46,derived,Driver-customer pair creates consecutive trips too quickly to look operationally normal.
5241fa78c15d2bb5||a87e151915e07c3b,5241fa78c15d2bb5,a87e151915e07c3b,KB-C_SUPERFAST_GAP,-61.983333333333334,,5.0,19.57,derived,Driver-customer pair creates consecutive trips too quickly to look operationally normal.
5b5d9f383f132c73||281c3f98b5acdcfc,5b5d9f383f132c73,281c3f98b5acdcfc,KB-C_SUPERFAST_GAP,-87.33333333333333,,5.0,21.86,derived,Driver-customer pair creates consecutive trips too quickly to look operationally normal.
830e0db1e230ff0e||c48dfc81f12730b5,830e0db1e230ff0e,c48dfc81f12730b5,KB-C_SUPERFAST_GAP,-432.6,,5.0,24.92,derived,Driver-customer pair creates consecutive trips too quickly to look operationally normal.
92076247a2c28b69||a664fe157fb3268a,92076247a2c28b69,a664fe157fb3268a,KB-C_SUPERFAST_GAP,-70.71666666666667,,5.0,21.82,derived,Driver-customer pair creates consecutive trips too quickly to look operationally normal.
db172c7496cdbb51||600956fced10a8b9,db172c7496cdbb51,600956fced10a8b9,KB-C_SUPERFAST_GAP,0.0,,5.0,36.66,derived,Driver-customer pair creates consecutive trips too quickly to look operationally normal.
9671612f72cb8c2b||c4c9c11eb6fee4ca,9671612f72cb8c2b,c4c9c11eb6fee4ca,KB-C_SUPERFAST_GAP,-237.63333333333333,,5.0,22.64,derived,Driver-customer pair creates consecutive trips too quickly to look operationally normal.
2b420d164fd9cc8b||71e443c317775daa,2b420d164fd9cc8b,71e443c317775daa,KB-C_SUPERFAST_GAP,-201.25,,5.0,32.93,derived,Driver-customer pair creates consecutive trips too quickly to look operationally normal.
8bdf8960a535dadf||02635f7079724824,8bdf8960a535dadf,02635f7079724824,KB-C_SUPERFAST_GAP,-11.6,,5.0,20.64,derived,Driver-customer pair creates consecutive trips too quickly to look operationally normal.
e788eb347458612e||8ff7df6364ebef8e,e788eb347458612e,8ff7df6364ebef8e,KB-C_SUPERFAST_GAP,-10.633333333333333,,5.0,23.06,derived,Driver-customer pair creates consecutive trips too quickly to look operationally normal.
200d6d0d369171c2||8f01beca907faacd,200d6d0d369171c2,8f01beca907faacd,KB-C_SUPERFAST_GAP,-9.433333333333334,,5.0,20.78,derived,Driver-customer pair creates consecutive trips too quickly to look operationally normal.
29f440399a879639||98a5846dab73650d,29f440399a879639,98a5846dab73650d,KB-C_SUPERFAST_GAP,-100.95,,5.0,23.33,derived,Driver-customer pair creates consecutive trips too quickly to look operationally normal.
45ad06774f6cab9a||370d8fe88636d62b,45ad06774f6cab9a,370d8fe88636d62b,KB-C_SUPERFAST_GAP,-131.85,,5.0,25.19,derived,Driver-customer pair creates consecutive trips too quickly to look operationally normal.
45ad06774f6cab9a||a3d1ac0414321800,45ad06774f6cab9a,a3d1ac0414321800,KB-C_SUPERFAST_GAP,-362.95,,5.0,25.28,derived,Driver-customer pair creates consecutive trips too quickly to look operationally normal.
a7455ab43fa04b9e||b9abbdcdae758822,a7455ab43fa04b9e,b9abbdcdae758822,KB-C_SUPERFAST_GAP,-16.45,,5.0,21.11,derived,Driver-customer pair creates consecutive trips too quickly to look operationally normal.
cf59cbcce6ef058e||e21e80452a858778,cf59cbcce6ef058e,e21e80452a858778,KB-C_SUPERFAST_GAP,-63.25,,5.0,20.9,derived,Driver-customer pair creates consecutive trips too quickly to look operationally normal.
dbbb85c60cd892e3||62c0ddbf6eb019e1,dbbb85c60cd892e3,62c0ddbf6eb019e1,KB-C_SUPERFAST_GAP,-16.95,,5.0,37.4,derived,Driver-customer pair creates consecutive trips too quickly to look operationally normal.
ffc9f339ec4c2644||211f5b2905b7ad99,ffc9f339ec4c2644,211f5b2905b7ad99,KB-C_SUPERFAST_GAP,-347.01666666666665,,5.0,25.82,derived,Driver-customer pair creates consecutive trips too quickly to look operationally normal.
30e5d45bd3a59746||7262a04d939b6984,30e5d45bd3a59746,7262a04d939b6984,KB-C_SUPERFAST_GAP,-156.65,,5.0,23.06,derived,Driver-customer pair creates consecutive trips too quickly to look operationally normal.
899df92fbca63852||e99e5358644b1445,899df92fbca63852,e99e5358644b1445,KB-C_SUPERFAST_GAP,-41.36666666666667,,5.0,22.86,derived,Driver-customer pair creates consecutive trips too quickly to look operationally normal.
9ed806d32f320a7b||9161b2188d6d95ff,9ed806d32f320a7b,9161b2188d6d95ff,KB-C_SUPERFAST_GAP,-498.48333333333335,,5.0,24.26,derived,Driver-customer pair creates consecutive trips too quickly to look operationally normal.
eb13f75c88cbb4a4||599c6c483b0e226d,eb13f75c88cbb4a4,599c6c483b0e226d,KB-C_SUPERFAST_GAP,-141.83333333333334,,5.0,20.3,derived,Driver-customer pair creates consecutive trips too quickly to look operationally normal.
692ad67d675af131||3a6c7cf03b56a6cc,692ad67d675af131,3a6c7cf03b56a6cc,KB-C_SUPERFAST_GAP,-341.5833333333333,,5.0,28.34,derived,Driver-customer pair creates consecutive trips too quickly to look operationally normal.
4023976e57c1ed6a||9c7e9a5008be06e6,4023976e57c1ed6a,9c7e9a5008be06e6,KB-C_SUPERFAST_GAP,-28.233333333333334,,5.0,27.48,derived,Driver-customer pair creates consecutive trips too quickly to look operationally normal.
99c0813002b497c7||9cfc22006f8d3095,99c0813002b497c7,9cfc22006f8d3095,KB-C_SUPERFAST_GAP,-2.25,,5.0,29.1,derived,Driver-customer pair creates consecutive trips too quickly to look operationally normal.
f0fecbcee2785836||9cfc22006f8d3095,f0fecbcee2785836,9cfc22006f8d3095,KB-C_SUPERFAST_GAP,-4.866666666666666,,5.0,21.06,derived,Driver-customer pair creates consecutive trips too quickly to look operationally normal.
5c28a35b7583abd6||ff9dd3f92ce6c0d5,5c28a35b7583abd6,ff9dd3f92ce6c0d5,KB-C_SUPERFAST_GAP,-356.05,,5.0,25.67,derived,Driver-customer pair creates consecutive trips too quickly to look operationally normal.
f20cd58b38e3348d||d9d201e49c4beb54,f20cd58b38e3348d,d9d201e49c4beb54,KB-C_SUPERFAST_GAP,-378.26666666666665,,5.0,26.07,derived,Driver-customer pair creates consecutive trips too quickly to look operationally normal.
f2fde735bdc9687c||a69db8cd006f4ca1,f2fde735bdc9687c,a69db8cd006f4ca1,KB-C_SUPERFAST_GAP,-149.01666666666668,,5.0,23.43,derived,Driver-customer pair creates consecutive trips too quickly to look operationally normal.
49d18d93c10b1bc0||9db0d2f91ffc75a6,49d18d93c10b1bc0,9db0d2f91ffc75a6,KB-C_ROUTE_LOOP,0.6578947368421053,,0.5,65.16,derived,The pair repeatedly cycles through the same pickup-dropoff route at suspicious density.
b050dcf14f1ea16b||67f5534bf105be4c,b050dcf14f1ea16b,67f5534bf105be4c,KB-C_ROUTE_LOOP,0.5333333333333333,,0.5,54.29,derived,The pair repeatedly cycles through the same pickup-dropoff route at suspicious density.
0bc6aefc555a07a6||0cccc55cd49a330d,0bc6aefc555a07a6,0cccc55cd49a330d,KB-C_ROUTE_LOOP,0.75,,0.5,42.84,derived,The pair repeatedly cycles through the same pickup-dropoff route at suspicious density.
dc6dfd83ba5cd9fe||1dee5772213d988e,dc6dfd83ba5cd9fe,1dee5772213d988e,KB-C_ROUTE_LOOP,0.8571428571428571,,0.5,52.16,derived,The pair repeatedly cycles through the same pickup-dropoff route at suspicious density.
c167d3b3a3c8f675||ecc7dfd94c14c8f4,c167d3b3a3c8f675,ecc7dfd94c14c8f4,KB-C_ROUTE_LOOP,0.7037037037037037,,0.5,36.78,derived,The pair repeatedly cycles through the same pickup-dropoff route at suspicious density.
000d9c8d3c67d250||648e04b38fa38917,000d9c8d3c67d250,648e04b38fa38917,KB-C_ROUTE_LOOP,0.5,,0.5,43.33,derived,The pair repeatedly cycles through the same pickup-dropoff route at suspicious density.
0505591ad33e4fd7||0b82ae42e3883891,0505591ad33e4fd7,0b82ae42e3883891,KB-C_ROUTE_LOOP,1.0,,0.5,33.17,derived,The pair repeatedly cycles through the same pickup-dropoff route at suspicious density.
1e9e16bae86fb8fd||f83b8af127a3c2ac,1e9e16bae86fb8fd,f83b8af127a3c2ac,KB-C_ROUTE_LOOP,1.0,,0.5,27.58,derived,The pair repeatedly cycles through the same pickup-dropoff route at suspicious density.
2c3de002d29c6ca7||8e913410ca1bf7da,2c3de002d29c6ca7,8e913410ca1bf7da,KB-C_ROUTE_LOOP,0.8333333333333334,,0.5,51.43,derived,The pair repeatedly cycles through the same pickup-dropoff route at suspicious density.
72a5a561b03dbfb8||6e831490f71b1f3d,72a5a561b03dbfb8,6e831490f71b1f3d,KB-C_ROUTE_LOOP,0.8333333333333334,,0.5,44.1,derived,The pair repeatedly cycles through the same pickup-dropoff route at suspicious density.
c8e57453ee7b29db||bfc8ac8a223a4bca,c8e57453ee7b29db,bfc8ac8a223a4bca,KB-C_ROUTE_LOOP,0.5,,0.5,31.67,derived,The pair repeatedly cycles through the same pickup-dropoff route at suspicious density.
ac5ad23248702f61||9cba5e1709f5e9c7,ac5ad23248702f61,9cba5e1709f5e9c7,KB-C_ROUTE_LOOP,0.88,,0.5,70.61,derived,The pair repeatedly cycles through the same pickup-dropoff route at suspicious density.
650e55d8a93e7afa||d6f9e28555ec2d87,650e55d8a93e7afa,d6f9e28555ec2d87,KB-C_ROUTE_LOOP,1.0,,0.5,60.67,derived,The pair repeatedly cycles through the same pickup-dropoff route at suspicious density.
61ed7b3348db32e2||7d959c630346afdc,61ed7b3348db32e2,7d959c630346afdc,KB-C_ROUTE_LOOP,0.6,,0.5,69.47,derived,The pair repeatedly cycles through the same pickup-dropoff route at suspicious density.
f83ba675966bd902||306881e0eba7a079,f83ba675966bd902,306881e0eba7a079,KB-C_ROUTE_LOOP,0.6666666666666666,,0.5,25.0,derived,The pair repeatedly cycles through the same pickup-dropoff route at suspicious density.
1022107caf8a8fbc||03bd319415f1ce3f,1022107caf8a8fbc,03bd319415f1ce3f,KB-C_ROUTE_LOOP,1.0,,0.5,52.46,derived,The pair repeatedly cycles through the same pickup-dropoff route at suspicious density.
3fad1a6dd7d74a77||500df3df6262a327,3fad1a6dd7d74a77,500df3df6262a327,KB-C_ROUTE_LOOP,0.5,,0.5,48.56,derived,The pair repeatedly cycles through the same pickup-dropoff route at suspicious density.
9768fb2778c8542f||5b61f64db8e8a2b3,9768fb2778c8542f,5b61f64db8e8a2b3,KB-C_ROUTE_LOOP,0.5,,0.5,29.45,derived,The pair repeatedly cycles through the same pickup-dropoff route at suspicious density.
e68a66b698e67521||7aacb72a0f84cc21,e68a66b698e67521,7aacb72a0f84cc21,KB-C_ROUTE_LOOP,1.0,,0.5,28.71,derived,The pair repeatedly cycles through the same pickup-dropoff route at suspicious density.
d0065ae61f54fef9||7e9c63dd2bff2da9,d0065ae61f54fef9,7e9c63dd2bff2da9,KB-C_ROUTE_LOOP,0.6666666666666666,,0.5,53.47,derived,The pair repeatedly cycles through the same pickup-dropoff route at suspicious density.
a79af0d5ec214df7||5a2d5b902bb08050,a79af0d5ec214df7,5a2d5b902bb08050,KB-C_ROUTE_LOOP,0.5,,0.5,36.78,derived,The pair repeatedly cycles through the same pickup-dropoff route at suspicious density.
c89b42c05d2daf93||3ee88bb0528b6dd4,c89b42c05d2daf93,3ee88bb0528b6dd4,KB-C_ROUTE_LOOP,1.0,,0.5,35.76,derived,The pair repeatedly cycles through the same pickup-dropoff route at suspicious density.
a7647b9a93aa0d10||215ff117173a3f78,a7647b9a93aa0d10,215ff117173a3f78,KB-C_ROUTE_LOOP,0.5,,0.5,45.6,derived,The pair repeatedly cycles through the same pickup-dropoff route at suspicious density.
05ab72dc1fb1749f||c42d9d3796afc94f,05ab72dc1fb1749f,c42d9d3796afc94f,KB-C_ROUTE_LOOP,0.5,,0.5,39.04,derived,The pair repeatedly cycles through the same pickup-dropoff route at suspicious density.
4291ffa3348326ff||b772c1e657662f26,4291ffa3348326ff,b772c1e657662f26,KB-C_ROUTE_LOOP,0.625,,0.5,41.8,derived,The pair repeatedly cycles through the same pickup-dropoff route at suspicious density.
5e1375169a59617b||365a757f0665cb3d,5e1375169a59617b,365a757f0665cb3d,KB-C_ROUTE_LOOP,0.9090909090909091,,0.5,53.59,derived,The pair repeatedly cycles through the same pickup-dropoff route at suspicious density.
a4c70057374cb545||5776e69fc2622ae9,a4c70057374cb545,5776e69fc2622ae9,KB-C_ROUTE_LOOP,0.5,,0.5,36.24,derived,The pair repeatedly cycles through the same pickup-dropoff route at suspicious density.
bc14f192022a5b20||7cb4279ff0018d6a,bc14f192022a5b20,7cb4279ff0018d6a,KB-C_ROUTE_LOOP,0.5454545454545454,,0.5,35.59,derived,The pair repeatedly cycles through the same pickup-dropoff route at suspicious density.
b0fbc70483dfecae||5999ad97cb4f3af2,b0fbc70483dfecae,5999ad97cb4f3af2,KB-C_ROUTE_LOOP,0.5,,0.5,52.54,derived,The pair repeatedly cycles through the same pickup-dropoff route at suspicious density.
16bc451ece21917a||f9f1dcd7b75509ea,16bc451ece21917a,f9f1dcd7b75509ea,KB-C_ROUTE_LOOP,0.5714285714285714,,0.5,33.98,derived,The pair repeatedly cycles through the same pickup-dropoff route at suspicious density.
3f4e7bbe46b6390f||470d65102aeffe46,3f4e7bbe46b6390f,470d65102aeffe46,KB-C_ROUTE_LOOP,0.6,,0.5,37.49,derived,The pair repeatedly cycles through the same pickup-dropoff route at suspicious density.
2b5f09de0a62950d||6ad20d1d659f9123,2b5f09de0a62950d,6ad20d1d659f9123,KB-C_ROUTE_LOOP,0.5,,0.5,29.39,derived,The pair repeatedly cycles through the same pickup-dropoff route at suspicious density.
5d5d90ecd933b136||9660f1d022223b77,5d5d90ecd933b136,9660f1d022223b77,KB-C_ROUTE_LOOP,0.5,,0.5,38.86,derived,The pair repeatedly cycles through the same pickup-dropoff route at suspicious density.
1fa56b9ab65eded4||cd61d83924c7aec3,1fa56b9ab65eded4,cd61d83924c7aec3,KB-C_ROUTE_LOOP,0.5,,0.5,31.41,derived,The pair repeatedly cycles through the same pickup-dropoff route at suspicious density.
650e55d8a93e7afa||6018142ad7cd7f3b,650e55d8a93e7afa,6018142ad7cd7f3b,KB-C_ROUTE_LOOP,1.0,,0.5,49.65,derived,The pair repeatedly cycles through the same pickup-dropoff route at suspicious density.
4d394a3bb49d4dda||c370c0563e6904a5,4d394a3bb49d4dda,c370c0563e6904a5,KB-C_ROUTE_LOOP,0.5454545454545454,,0.5,36.97,derived,The pair repeatedly cycles through the same pickup-dropoff route at suspicious density.
2040d83cb6617c12||fa9e851ad58856f2,2040d83cb6617c12,fa9e851ad58856f2,KB-C_ROUTE_LOOP,0.5625,,0.5,34.32,derived,The pair repeatedly cycles through the same pickup-dropoff route at suspicious density.
0663a4e5f31cce75||14382bed3315eb10,0663a4e5f31cce75,14382bed3315eb10,KB-C_ROUTE_LOOP,0.5714285714285714,,0.5,48.32,derived,The pair repeatedly cycles through the same pickup-dropoff route at suspicious density.
b0692d930907a2b8||3fd6bfc86ff9272c,b0692d930907a2b8,3fd6bfc86ff9272c,KB-C_ROUTE_LOOP,0.5454545454545454,,0.5,32.4,derived,The pair repeatedly cycles through the same pickup-dropoff route at suspicious density.
6d6875b9cbd40747||ce1f82fec833006e,6d6875b9cbd40747,ce1f82fec833006e,KB-C_ROUTE_LOOP,0.5,,0.5,34.27,derived,The pair repeatedly cycles through the same pickup-dropoff route at suspicious density.
4a1571cb61a96e4b||f1f7b282abaa3432,4a1571cb61a96e4b,f1f7b282abaa3432,KB-C_ROUTE_LOOP,0.5,,0.5,27.62,derived,The pair repeatedly cycles through the same pickup-dropoff route at suspicious density.
bb422d8c987b31e8||43acf4c2a350b216,bb422d8c987b31e8,43acf4c2a350b216,KB-C_ROUTE_LOOP,0.625,,0.5,31.96,derived,The pair repeatedly cycles through the same pickup-dropoff route at suspicious density.
e0b74e9fda5b1515||a19523ae8b17153c,e0b74e9fda5b1515,a19523ae8b17153c,KB-C_ROUTE_LOOP,0.7222222222222222,,0.5,57.3,derived,The pair repeatedly cycles through the same pickup-dropoff route at suspicious density.
0f185e2f6ec86a9f||c3a8346607148635,0f185e2f6ec86a9f,c3a8346607148635,KB-C_ROUTE_LOOP,0.7777777777777778,,0.5,35.48,derived,The pair repeatedly cycles through the same pickup-dropoff route at suspicious density.
3a1a343b6da1a07f||1d1770a2a94ea51f,3a1a343b6da1a07f,1d1770a2a94ea51f,KB-C_ROUTE_LOOP,0.6666666666666666,,0.5,40.21,derived,The pair repeatedly cycles through the same pickup-dropoff route at suspicious density.
95c3d85379e4787d||8878639857122790,95c3d85379e4787d,8878639857122790,KB-C_ROUTE_LOOP,1.0,,0.5,37.24,derived,The pair repeatedly cycles through the same pickup-dropoff route at suspicious density.
2e147e69e2137259||eb6b8588d4c03ab5,2e147e69e2137259,eb6b8588d4c03ab5,KB-C_ROUTE_LOOP,0.5714285714285714,,0.5,29.11,derived,The pair repeatedly cycles through the same pickup-dropoff route at suspicious density.
748814dd3894d064||65b6d832da89127e,748814dd3894d064,65b6d832da89127e,KB-C_ROUTE_LOOP,0.625,,0.5,30.24,derived,The pair repeatedly cycles through the same pickup-dropoff route at suspicious density.
ba7b05d7e38cb371||074e1b3a3c9bdff9,ba7b05d7e38cb371,074e1b3a3c9bdff9,KB-C_ROUTE_LOOP,0.5,,0.5,28.96,derived,The pair repeatedly cycles through the same pickup-dropoff route at suspicious density.
b050dcf14f1ea16b||ecbbbf180bf44066,b050dcf14f1ea16b,ecbbbf180bf44066,KB-C_ROUTE_LOOP,0.5,,0.5,37.21,derived,The pair repeatedly cycles through the same pickup-dropoff route at suspicious density.
711598cb25c2e934||2aa74bdf9a6549fc,711598cb25c2e934,2aa74bdf9a6549fc,KB-C_ROUTE_LOOP,0.6666666666666666,,0.5,46.12,derived,The pair repeatedly cycles through the same pickup-dropoff route at suspicious density.
28d7620a273e4c47||8c24479810f02da7,28d7620a273e4c47,8c24479810f02da7,KB-C_ROUTE_LOOP,0.5384615384615384,,0.5,27.47,derived,The pair repeatedly cycles through the same pickup-dropoff route at suspicious density.
5e1375169a59617b||330d423933b6c447,5e1375169a59617b,330d423933b6c447,KB-C_ROUTE_LOOP,0.5,,0.5,54.97,derived,The pair repeatedly cycles through the same pickup-dropoff route at suspicious density.
50bc1b26b1430ed3||863b2404c215d8f3,50bc1b26b1430ed3,863b2404c215d8f3,KB-C_ROUTE_LOOP,1.0,,0.5,45.54,derived,The pair repeatedly cycles through the same pickup-dropoff route at suspicious density.
3da30a00bfee20b5||d4483acb85a880a8,3da30a00bfee20b5,d4483acb85a880a8,KB-C_ROUTE_LOOP,1.0,,0.5,50.34,derived,The pair repeatedly cycles through the same pickup-dropoff route at suspicious density.
9fb988ef52ae11e9||9998a0eb8d4be05f,9fb988ef52ae11e9,9998a0eb8d4be05f,KB-C_ROUTE_LOOP,1.0,,0.5,46.28,derived,The pair repeatedly cycles through the same pickup-dropoff route at suspicious density.
ff09814f87b4926a||539fff0eaa00568b,ff09814f87b4926a,539fff0eaa00568b,KB-C_ROUTE_LOOP,0.625,,0.5,29.05,derived,The pair repeatedly cycles through the same pickup-dropoff route at suspicious density.
652b8592922e96f3||d01acdaf46e9450d,652b8592922e96f3,d01acdaf46e9450d,KB-C_ROUTE_LOOP,0.5,,0.5,35.36,derived,The pair repeatedly cycles through the same pickup-dropoff route at suspicious density.
f7ac1d15b970368e||1c20a7406aae6558,f7ac1d15b970368e,1c20a7406aae6558,KB-C_ROUTE_LOOP,0.7142857142857143,,0.5,33.45,derived,The pair repeatedly cycles through the same pickup-dropoff route at suspicious density.
fd8f85752182d748||ebdd194dd3ca8269,fd8f85752182d748,ebdd194dd3ca8269,KB-C_ROUTE_LOOP,0.7142857142857143,,0.5,21.83,derived,The pair repeatedly cycles through the same pickup-dropoff route at suspicious density.
3446f4fec6585027||194539e134a71784,3446f4fec6585027,194539e134a71784,KB-C_ROUTE_LOOP,0.5,,0.5,37.5,derived,The pair repeatedly cycles through the same pickup-dropoff route at suspicious density.
ca4d4da357abddda||f7179197d33da6ba,ca4d4da357abddda,f7179197d33da6ba,KB-C_ROUTE_LOOP,0.5,,0.5,29.44,derived,The pair repeatedly cycles through the same pickup-dropoff route at suspicious density.
ac5ad23248702f61||0f4911491200ddd9,ac5ad23248702f61,0f4911491200ddd9,KB-C_ROUTE_LOOP,0.75,,0.5,54.52,derived,The pair repeatedly cycles through the same pickup-dropoff route at suspicious density.
9af9b853ff39f969||16db2e791fea3597,9af9b853ff39f969,16db2e791fea3597,KB-C_ROUTE_LOOP,0.6666666666666666,,0.5,29.25,derived,The pair repeatedly cycles through the same pickup-dropoff route at suspicious density.
b15882f9507e3db4||a3491b0e56560be6,b15882f9507e3db4,a3491b0e56560be6,KB-C_ROUTE_LOOP,1.0,,0.5,20.28,derived,The pair repeatedly cycles through the same pickup-dropoff route at suspicious density.
f5d16c59104fbed7||2c7192581a1b6e85,f5d16c59104fbed7,2c7192581a1b6e85,KB-C_ROUTE_LOOP,0.625,,0.5,52.86,derived,The pair repeatedly cycles through the same pickup-dropoff route at suspicious density.
7f41ff36879c6044||8fd1655efdf5e1d6,7f41ff36879c6044,8fd1655efdf5e1d6,KB-C_ROUTE_LOOP,0.5714285714285714,,0.5,31.99,derived,The pair repeatedly cycles through the same pickup-dropoff route at suspicious density.
9803c1877d005ee6||59e1b7168937244a,9803c1877d005ee6,59e1b7168937244a,KB-C_ROUTE_LOOP,0.5,,0.5,21.65,derived,The pair repeatedly cycles through the same pickup-dropoff route at suspicious density.
8b908e10f751f40b||6ddf285232c28213,8b908e10f751f40b,6ddf285232c28213,KB-C_ROUTE_LOOP,0.5,,0.5,42.66,derived,The pair repeatedly cycles through the same pickup-dropoff route at suspicious density.
f27b2c0e2fd0c820||4305f755bb12fa6c,f27b2c0e2fd0c820,4305f755bb12fa6c,KB-C_ROUTE_LOOP,0.8571428571428571,,0.5,23.7,derived,The pair repeatedly cycles through the same pickup-dropoff route at suspicious density.
3741d2a3486a9c14||da238f9c9ca2bf56,3741d2a3486a9c14,da238f9c9ca2bf56,KB-C_ROUTE_LOOP,0.5,,0.5,27.06,derived,The pair repeatedly cycles through the same pickup-dropoff route at suspicious density.
c469dd6475325880||b784b4b2925a184c,c469dd6475325880,b784b4b2925a184c,KB-C_ROUTE_LOOP,0.8,,0.5,34.48,derived,The pair repeatedly cycles through the same pickup-dropoff route at suspicious density.
83e60dba9faff3f2||fbe77f7d3831002a,83e60dba9faff3f2,fbe77f7d3831002a,KB-C_ROUTE_LOOP,0.8333333333333334,,0.5,23.9,derived,The pair repeatedly cycles through the same pickup-dropoff route at suspicious density.
ec35b4d152f938ac||0d7c43e43e89fef2,ec35b4d152f938ac,0d7c43e43e89fef2,KB-C_ROUTE_LOOP,1.0,,0.5,44.24,derived,The pair repeatedly cycles through the same pickup-dropoff route at suspicious density.
5e1375169a59617b||f41878ec538d58c5,5e1375169a59617b,f41878ec538d58c5,KB-C_ROUTE_LOOP,0.5714285714285714,,0.5,53.15,derived,The pair repeatedly cycles through the same pickup-dropoff route at suspicious density.
44b627d8a24030a6||d3ee16201d9265ca,44b627d8a24030a6,d3ee16201d9265ca,KB-C_ROUTE_LOOP,0.5714285714285714,,0.5,33.17,derived,The pair repeatedly cycles through the same pickup-dropoff route at suspicious density.
d800261e38431b49||199739e67d7d6e8a,d800261e38431b49,199739e67d7d6e8a,KB-C_ROUTE_LOOP,0.5714285714285714,,0.5,32.75,derived,The pair repeatedly cycles through the same pickup-dropoff route at suspicious density.
3f75b0a67438d8cf||d4df90a768b8540d,3f75b0a67438d8cf,d4df90a768b8540d,KB-C_ROUTE_LOOP,0.6666666666666666,,0.5,28.11,derived,The pair repeatedly cycles through the same pickup-dropoff route at suspicious density.
bc14f192022a5b20||3b4d289f7f083791,bc14f192022a5b20,3b4d289f7f083791,KB-C_ROUTE_LOOP,0.5714285714285714,,0.5,29.78,derived,The pair repeatedly cycles through the same pickup-dropoff route at suspicious density.
d613b95a60855ccf||290913fd2ebc0e04,d613b95a60855ccf,290913fd2ebc0e04,KB-C_ROUTE_LOOP,0.6666666666666666,,0.5,25.79,derived,The pair repeatedly cycles through the same pickup-dropoff route at suspicious density.
e5c530fee637c949||69234c068fe5dcc2,e5c530fee637c949,69234c068fe5dcc2,KB-C_ROUTE_LOOP,1.0,,0.5,20.17,derived,The pair repeatedly cycles through the same pickup-dropoff route at suspicious density.
f1a6efd8ddf243b4||20c66dd052d93c79,f1a6efd8ddf243b4,20c66dd052d93c79,KB-C_ROUTE_LOOP,0.8333333333333334,,0.5,18.44,derived,The pair repeatedly cycles through the same pickup-dropoff route at suspicious density.
abb8795062e9160b||16720cb5c498f136,abb8795062e9160b,16720cb5c498f136,KB-C_ROUTE_LOOP,0.5,,0.5,20.34,derived,The pair repeatedly cycles through the same pickup-dropoff route at suspicious density.
de7a38e73dcf8303||2a1f57a47e603712,de7a38e73dcf8303,2a1f57a47e603712,KB-C_ROUTE_LOOP,0.6666666666666666,,0.5,20.57,derived,The pair repeatedly cycles through the same pickup-dropoff route at suspicious density.
9fb988ef52ae11e9||a672e56d176637f6,9fb988ef52ae11e9,a672e56d176637f6,KB-C_ROUTE_LOOP,0.5,,0.5,39.78,derived,The pair repeatedly cycles through the same pickup-dropoff route at suspicious density.
c7356b6fa822629a||5cfb8391d04ffe42,c7356b6fa822629a,5cfb8391d04ffe42,KB-C_ROUTE_LOOP,1.0,,0.5,34.39,derived,The pair repeatedly cycles through the same pickup-dropoff route at suspicious density.
279d0c123ac0b8d0||157949e709be91f7,279d0c123ac0b8d0,157949e709be91f7,KB-C_ROUTE_LOOP,0.6666666666666666,,0.5,17.74,derived,The pair repeatedly cycles through the same pickup-dropoff route at suspicious density.
e9ede29b8fef14e2||82cafd04a84dd9a2,e9ede29b8fef14e2,82cafd04a84dd9a2,KB-C_ROUTE_LOOP,0.6666666666666666,,0.5,22.66,derived,The pair repeatedly cycles through the same pickup-dropoff route at suspicious density.
2793957a3b7038a1||41a2d0543165e236,2793957a3b7038a1,41a2d0543165e236,KB-C_ROUTE_LOOP,0.5,,0.5,33.92,derived,The pair repeatedly cycles through the same pickup-dropoff route at suspicious density.
118d68c8056ae931||ea61a7d37eee29bc,118d68c8056ae931,ea61a7d37eee29bc,KB-C_ROUTE_LOOP,0.5,,0.5,23.52,derived,The pair repeatedly cycles through the same pickup-dropoff route at suspicious density.
2806a48379ca66e7||aef1b5b0c1badf1c,2806a48379ca66e7,aef1b5b0c1badf1c,KB-C_ROUTE_LOOP,0.5,,0.5,26.66,derived,The pair repeatedly cycles through the same pickup-dropoff route at suspicious density.
ad0701c0f86a0502||e1407f3fc0ad36ba,ad0701c0f86a0502,e1407f3fc0ad36ba,KB-C_ROUTE_LOOP,0.5,,0.5,26.11,derived,The pair repeatedly cycles through the same pickup-dropoff route at suspicious density.
7f41ff36879c6044||5dd131f96d8a432b,7f41ff36879c6044,5dd131f96d8a432b,KB-C_ROUTE_LOOP,1.0,,0.5,27.38,derived,The pair repeatedly cycles through the same pickup-dropoff route at suspicious density.
7f41ff36879c6044||8f569823e1ec2111,7f41ff36879c6044,8f569823e1ec2111,KB-C_ROUTE_LOOP,0.8333333333333334,,0.5,25.64,derived,The pair repeatedly cycles through the same pickup-dropoff route at suspicious density.
82abb361b3ab3f15||2bd7dbc77408139b,82abb361b3ab3f15,2bd7dbc77408139b,KB-C_ROUTE_LOOP,0.8333333333333334,,0.5,25.84,derived,The pair repeatedly cycles through the same pickup-dropoff route at suspicious density.
7b7b5b1f43e170fb||5c47c7acd1ffb2e0,7b7b5b1f43e170fb,5c47c7acd1ffb2e0,KB-C_ROUTE_LOOP,0.8333333333333334,,0.5,23.3,derived,The pair repeatedly cycles through the same pickup-dropoff route at suspicious density.
0713ad18b327b817||d47a795316bc7385,0713ad18b327b817,d47a795316bc7385,KB-C_ROUTE_LOOP,0.5,,0.5,26.52,derived,The pair repeatedly cycles through the same pickup-dropoff route at suspicious density.
9e29355ee5c82ba6||bef76ff0f17cfca1,9e29355ee5c82ba6,bef76ff0f17cfca1,KB-C_ROUTE_LOOP,0.5555555555555556,,0.5,30.36,derived,The pair repeatedly cycles through the same pickup-dropoff route at suspicious density.
ac9a3fe431e3512a||2592432b38283b59,ac9a3fe431e3512a,2592432b38283b59,KB-C_ROUTE_LOOP,0.6666666666666666,,0.5,40.0,derived,The pair repeatedly cycles through the same pickup-dropoff route at suspicious density.
14213a3b00cc6938||1084ca2c0af9cede,14213a3b00cc6938,1084ca2c0af9cede,KB-C_ROUTE_LOOP,0.5714285714285714,,0.5,28.32,derived,The pair repeatedly cycles through the same pickup-dropoff route at suspicious density.
4e7ec3c939831b48||bf94c238f5f1cfe6,4e7ec3c939831b48,bf94c238f5f1cfe6,KB-C_ROUTE_LOOP,0.8333333333333334,,0.5,21.72,derived,The pair repeatedly cycles through the same pickup-dropoff route at suspicious density.
9cab892ccb1cd9f6||89cb3800ad24bd8a,9cab892ccb1cd9f6,89cb3800ad24bd8a,KB-C_ROUTE_LOOP,0.6923076923076923,,0.5,56.79,derived,The pair repeatedly cycles through the same pickup-dropoff route at suspicious density.
d2a48cec1a91c816||b64731b06dcec30c,d2a48cec1a91c816,b64731b06dcec30c,KB-C_ROUTE_LOOP,0.5,,0.5,29.22,derived,The pair repeatedly cycles through the same pickup-dropoff route at suspicious density.
b8da2df1c305d59f||592522a1f5c2eaa2,b8da2df1c305d59f,592522a1f5c2eaa2,KB-C_ROUTE_LOOP,0.5,,0.5,23.33,derived,The pair repeatedly cycles through the same pickup-dropoff route at suspicious density.
bcec53a446339bbb||5237fda4ce0e1cb1,bcec53a446339bbb,5237fda4ce0e1cb1,KB-C_ROUTE_LOOP,0.5,,0.5,23.99,derived,The pair repeatedly cycles through the same pickup-dropoff route at suspicious density.
0c508532394f6c40||a888f0fc746d1b21,0c508532394f6c40,a888f0fc746d1b21,KB-C_ROUTE_LOOP,0.5,,0.5,25.49,derived,The pair repeatedly cycles through the same pickup-dropoff route at suspicious density.
6a786e89b5b940ca||547e5d215c2ae088,6a786e89b5b940ca,547e5d215c2ae088,KB-C_ROUTE_LOOP,0.7142857142857143,,0.5,18.44,derived,The pair repeatedly cycles through the same pickup-dropoff route at suspicious density.
9c5b7861056b37ea||a4f09ffca11278cc,9c5b7861056b37ea,a4f09ffca11278cc,KB-C_ROUTE_LOOP,0.5,,0.5,23.92,derived,The pair repeatedly cycles through the same pickup-dropoff route at suspicious density.
0e7a63ecebd19d4a||09dca1c58c2ad843,0e7a63ecebd19d4a,09dca1c58c2ad843,KB-C_ROUTE_LOOP,0.5,,0.5,28.16,derived,The pair repeatedly cycles through the same pickup-dropoff route at suspicious density.
bd9d5bd6a837d6e9||20cabe14b4d9e4d6,bd9d5bd6a837d6e9,20cabe14b4d9e4d6,KB-C_ROUTE_LOOP,0.8333333333333334,,0.5,39.64,derived,The pair repeatedly cycles through the same pickup-dropoff route at suspicious density.
