component_id,driver_count,customer_count,pair_count,high_risk_pair_count,average_pair_score,maximum_pair_score,rare_shared_entity_count,weighted_internal_edge_sum,component_density,network_risk_score,high_risk_pair_ratio,component_risk_tier
ride_component_4,3,3,5,4,73.71,83.45,17,7,0.7,65.65,0.8,HIGH_RISK
ride_component_86,1,6,6,3,63.84,75.49,24,9,0.6,63.05,0.5,MONITOR
ride_component_47,7,7,7,0,41.39,45.19,26,13,0.62,53.45,0.0,MONITOR
ride_component_485,1,3,3,0,52.97,54.43,14,3,1.0,53.17,0.0,MONITOR
ride_component_371,1,4,4,0,51.06,61.07,14,4,0.67,50.92,0.0,MONITOR
ride_component_21,7,7,7,0,39.15,58.75,23,15,0.71,50.89,0.0,MONITOR
ride_component_253,5,5,5,0,34.06,39.17,20,10,1.0,50.13,0.0,MONITOR
ride_component_29,18,18,18,0,39.28,55.79,58,57,0.37,49.16,0.0,LOW_PRIORITY
ride_component_1,2,2,2,0,51.89,54.86,6,1,1.0,48.21,0.0,LOW_PRIORITY
ride_component_121,1,2,2,0,43.58,43.98,10,1,1.0,48.04,0.0,LOW_PRIORITY
ride_component_36,2,2,2,0,44.12,54.13,8,1,1.0,47.66,0.0,LOW_PRIORITY
ride_component_54,6,6,6,0,39.27,43.12,18,9,0.6,47.5,0.0,LOW_PRIORITY
ride_component_13,2,1,2,0,41.24,51.55,8,1,1.0,47.3,0.0,LOW_PRIORITY
ride_component_96,2,2,2,0,47.44,57.0,8,1,1.0,47.13,0.0,LOW_PRIORITY
ride_component_68,3,3,3,0,38.38,42.29,12,2,0.67,46.68,0.0,LOW_PRIORITY
ride_component_2,4,4,4,1,48.04,79.49,11,3,0.5,46.61,0.25,LOW_PRIORITY
ride_component_223,3,2,3,0,49.66,63.32,9,3,1.0,46.04,0.0,LOW_PRIORITY
ride_component_50,2,2,2,0,37.68,40.66,8,1,1.0,45.61,0.0,LOW_PRIORITY
ride_component_64,2,2,2,0,39.94,42.09,8,1,1.0,45.44,0.0,LOW_PRIORITY
ride_component_385,3,3,3,0,43.7,53.05,11,2,0.67,45.37,0.0,LOW_PRIORITY
ride_component_5,3,3,3,0,48.33,54.18,8,2,0.67,45.33,0.0,LOW_PRIORITY
ride_component_48,1,2,2,0,43.26,51.71,8,1,1.0,45.24,0.0,LOW_PRIORITY
ride_component_41,10,10,10,0,37.54,44.21,32,17,0.38,45.2,0.0,LOW_PRIORITY
ride_component_153,5,5,5,0,37.1,41.3,15,7,0.7,45.13,0.0,LOW_PRIORITY
ride_component_66,1,2,2,0,47.21,48.47,6,1,1.0,44.86,0.0,LOW_PRIORITY
ride_component_37,4,6,6,2,49.03,71.42,17,5,0.33,43.97,0.3333,LOW_PRIORITY
ride_component_49,6,6,6,0,35.53,43.71,19,7,0.47,43.96,0.0,LOW_PRIORITY
ride_component_27,5,5,5,0,37.67,44.95,12,7,0.7,43.87,0.0,LOW_PRIORITY
ride_component_75,5,5,5,0,38.38,42.54,14,5,0.5,43.87,0.0,LOW_PRIORITY
ride_component_270,1,3,3,0,40.14,43.0,10,2,0.67,43.6,0.0,LOW_PRIORITY
ride_component_52,3,3,3,0,38.91,41.43,9,2,0.67,43.18,0.0,LOW_PRIORITY
ride_component_342,2,2,2,0,35.38,35.48,8,1,1.0,43.08,0.0,LOW_PRIORITY
ride_component_103,4,4,4,0,39.1,47.03,12,3,0.5,42.88,0.0,LOW_PRIORITY
ride_component_11,6,6,6,0,38.68,52.87,17,6,0.4,42.45,0.0,LOW_PRIORITY
ride_component_42,4,4,4,0,34.75,41.09,13,3,0.5,42.3,0.0,LOW_PRIORITY
ride_component_25,9,10,10,0,36.02,49.94,31,15,0.33,42.19,0.0,LOW_PRIORITY
ride_component_571,1,3,3,0,30.38,31.59,11,3,1.0,42.12,0.0,LOW_PRIORITY
ride_component_23,6,6,6,0,35.26,46.06,16,7,0.47,41.92,0.0,LOW_PRIORITY
ride_component_143,5,5,5,0,30.43,36.81,17,6,0.6,41.87,0.0,LOW_PRIORITY
ride_component_449,1,2,2,0,33.42,36.05,8,1,1.0,41.52,0.0,LOW_PRIORITY
ride_component_117,5,5,5,0,38.78,48.2,14,4,0.4,41.44,0.0,LOW_PRIORITY
ride_component_343,1,2,2,0,41.1,47.14,6,1,1.0,41.38,0.0,LOW_PRIORITY
ride_component_88,3,3,3,0,38.65,40.35,6,3,1.0,41.35,0.0,LOW_PRIORITY
ride_component_104,2,2,2,0,38.18,42.6,6,1,1.0,41.3,0.0,LOW_PRIORITY
ride_component_16,4,5,5,0,40.96,53.83,13,4,0.4,41.29,0.0,LOW_PRIORITY
ride_component_205,3,4,4,0,35.34,36.72,11,4,0.67,41.28,0.0,LOW_PRIORITY
ride_component_9,8,8,8,0,37.04,51.8,26,8,0.29,41.21,0.0,LOW_PRIORITY
ride_component_90,5,5,5,0,31.25,48.53,17,5,0.5,41.14,0.0,LOW_PRIORITY
ride_component_194,3,3,3,0,39.83,47.82,8,3,1.0,41.05,0.0,LOW_PRIORITY
ride_component_63,5,6,6,0,42.05,56.01,16,6,0.4,41.03,0.0,LOW_PRIORITY
ride_component_123,2,2,2,0,36.24,36.25,6,1,1.0,40.7,0.0,LOW_PRIORITY
ride_component_79,3,3,3,0,37.7,40.87,6,3,1.0,40.67,0.0,LOW_PRIORITY
ride_component_570,2,2,2,0,49.36,53.66,6,1,1.0,40.56,0.0,LOW_PRIORITY
ride_component_92,2,2,2,0,37.14,37.81,6,1,1.0,40.56,0.0,LOW_PRIORITY
ride_component_245,6,7,7,0,33.16,52.44,23,9,0.43,40.53,0.0,LOW_PRIORITY
ride_component_137,3,3,3,0,36.1,37.66,9,2,0.67,40.46,0.0,LOW_PRIORITY
ride_component_265,2,2,2,0,36.92,38.72,6,1,1.0,40.26,0.0,LOW_PRIORITY
ride_component_144,2,2,2,0,36.61,36.83,6,1,1.0,40.19,0.0,LOW_PRIORITY
ride_component_225,1,2,2,0,37.9,38.3,6,1,1.0,40.18,0.0,LOW_PRIORITY
ride_component_515,1,2,2,0,30.3,33.34,8,1,1.0,40.08,0.0,LOW_PRIORITY
ride_component_12,7,7,7,0,35.97,47.36,22,7,0.33,39.93,0.0,LOW_PRIORITY
ride_component_274,2,2,2,0,35.58,40.23,6,1,1.0,39.66,0.0,LOW_PRIORITY
ride_component_281,3,3,3,0,37.67,42.97,9,2,0.67,39.63,0.0,LOW_PRIORITY
ride_component_391,2,4,4,0,31.74,39.47,14,3,0.5,39.62,0.0,LOW_PRIORITY
ride_component_521,3,3,3,0,32.93,38.74,10,2,0.67,39.46,0.0,LOW_PRIORITY
ride_component_714,2,2,2,0,47.8,48.35,6,1,1.0,39.44,0.0,LOW_PRIORITY
ride_component_165,2,2,2,0,35.66,37.18,6,1,1.0,39.08,0.0,LOW_PRIORITY
ride_component_82,2,2,2,0,35.72,41.09,6,1,1.0,38.81,0.0,LOW_PRIORITY
ride_component_38,15,18,18,0,37.37,58.37,56,25,0.16,38.61,0.0,LOW_PRIORITY
ride_component_15,4,4,4,0,38.01,45.37,8,3,0.5,38.55,0.0,LOW_PRIORITY
ride_component_43,10,12,12,0,34.98,51.62,41,13,0.2,38.45,0.0,LOW_PRIORITY
ride_component_24,7,9,9,0,34.27,53.6,27,11,0.31,38.42,0.0,LOW_PRIORITY
ride_component_280,2,2,2,0,32.89,33.36,6,1,1.0,38.32,0.0,LOW_PRIORITY
ride_component_22,2,2,2,0,38.6,43.31,4,1,1.0,37.95,0.0,LOW_PRIORITY
ride_component_365,2,2,2,0,32.3,32.86,6,1,1.0,37.95,0.0,LOW_PRIORITY
ride_component_451,1,4,4,0,31.95,35.96,13,3,0.5,37.89,0.0,LOW_PRIORITY
ride_component_122,2,2,2,0,35.12,36.38,6,1,1.0,37.88,0.0,LOW_PRIORITY
ride_component_338,2,2,2,0,31.99,33.74,6,1,1.0,37.82,0.0,LOW_PRIORITY
ride_component_369,2,2,2,0,41.96,53.0,4,1,1.0,37.81,0.0,LOW_PRIORITY
ride_component_669,2,4,4,0,31.6,35.83,12,4,0.67,37.8,0.0,LOW_PRIORITY
ride_component_339,4,4,4,0,31.36,34.06,11,3,0.5,37.75,0.0,LOW_PRIORITY
ride_component_244,2,2,2,0,33.2,33.56,6,1,1.0,37.7,0.0,LOW_PRIORITY
ride_component_60,3,4,4,0,32.67,44.41,10,3,0.5,37.53,0.0,LOW_PRIORITY
ride_component_26,7,7,7,0,35.43,44.47,19,6,0.29,37.48,0.0,LOW_PRIORITY
ride_component_259,4,4,4,0,31.87,34.52,10,3,0.5,37.44,0.0,LOW_PRIORITY
ride_component_1034,2,2,2,0,44.41,50.27,6,1,1.0,37.42,0.0,LOW_PRIORITY
ride_component_498,1,3,3,0,33.48,40.87,9,2,0.67,37.36,0.0,LOW_PRIORITY
ride_component_370,2,2,2,0,31.07,32.89,6,1,1.0,37.17,0.0,LOW_PRIORITY
ride_component_65,13,13,13,0,33.65,40.85,34,18,0.23,37.12,0.0,LOW_PRIORITY
ride_component_287,6,6,6,0,31.92,36.31,12,7,0.47,37.1,0.0,LOW_PRIORITY
ride_component_355,5,5,5,0,28.26,33.06,17,4,0.4,37.03,0.0,LOW_PRIORITY
ride_component_684,2,1,2,0,37.41,42.75,6,1,1.0,36.64,0.0,LOW_PRIORITY
ride_component_160,2,2,2,0,31.81,34.39,6,1,1.0,36.56,0.0,LOW_PRIORITY
ride_component_124,2,1,2,0,30.1,37.9,6,1,1.0,36.27,0.0,LOW_PRIORITY
ride_component_162,2,2,2,0,30.26,41.25,6,1,1.0,36.27,0.0,LOW_PRIORITY
ride_component_250,2,3,3,0,32.48,38.94,8,2,0.67,36.21,0.0,LOW_PRIORITY
ride_component_417,2,3,3,0,30.93,34.84,8,2,0.67,36.19,0.0,LOW_PRIORITY
ride_component_91,3,3,3,0,34.47,38.01,6,2,0.67,36.14,0.0,LOW_PRIORITY
ride_component_39,2,2,2,0,33.84,46.49,6,1,1.0,36.14,0.0,LOW_PRIORITY
ride_component_446,2,2,2,0,28.79,31.59,6,1,1.0,36.04,0.0,LOW_PRIORITY
ride_component_127,2,2,2,0,31.17,47.25,6,1,1.0,36.0,0.0,LOW_PRIORITY
ride_component_40,12,13,13,0,34.07,46.82,35,14,0.18,35.74,0.0,LOW_PRIORITY
ride_component_17,10,10,10,0,36.1,44.37,25,9,0.2,35.65,0.0,LOW_PRIORITY
ride_component_108,3,3,3,0,33.63,36.53,6,2,0.67,35.57,0.0,LOW_PRIORITY
ride_component_454,4,4,4,0,25.69,31.88,11,5,0.83,35.48,0.0,LOW_PRIORITY
ride_component_57,2,2,2,0,35.5,37.63,6,1,1.0,35.34,0.0,LOW_PRIORITY
ride_component_146,11,11,11,0,31.29,45.88,33,13,0.24,35.26,0.0,LOW_PRIORITY
ride_component_107,8,8,8,0,34.05,38.84,18,8,0.29,35.26,0.0,LOW_PRIORITY
ride_component_282,2,2,2,0,33.67,34.75,4,1,1.0,35.11,0.0,LOW_PRIORITY
ride_component_238,2,2,2,0,28.71,33.72,6,1,1.0,35.06,0.0,LOW_PRIORITY
ride_component_473,2,2,2,0,32.23,32.58,6,1,1.0,35.06,0.0,LOW_PRIORITY
ride_component_139,2,2,2,0,33.79,34.54,4,1,1.0,34.92,0.0,LOW_PRIORITY
ride_component_125,2,2,2,0,33.69,34.09,6,1,1.0,34.72,0.0,LOW_PRIORITY
ride_component_164,2,2,2,0,33.34,34.7,4,1,1.0,34.54,0.0,LOW_PRIORITY
ride_component_522,2,2,2,0,28.08,28.34,6,1,1.0,34.52,0.0,LOW_PRIORITY
ride_component_155,3,3,3,0,30.83,41.78,8,2,0.67,34.48,0.0,LOW_PRIORITY
ride_component_504,2,2,2,0,29.89,33.72,6,1,1.0,34.45,0.0,LOW_PRIORITY
ride_component_93,7,8,8,0,30.35,35.81,22,8,0.29,34.38,0.0,LOW_PRIORITY
ride_component_638,2,2,2,0,30.17,39.06,6,1,1.0,34.38,0.0,LOW_PRIORITY
ride_component_76,2,2,2,0,34.47,37.65,4,1,1.0,34.04,0.0,LOW_PRIORITY
ride_component_213,2,2,2,0,31.27,33.5,4,1,1.0,34.0,0.0,LOW_PRIORITY
ride_component_46,9,9,9,0,30.53,39.09,22,10,0.28,33.74,0.0,LOW_PRIORITY
ride_component_129,3,3,3,0,27.48,34.79,7,2,0.67,33.71,0.0,LOW_PRIORITY
ride_component_6,2,2,2,0,35.82,44.48,4,1,1.0,33.7,0.0,LOW_PRIORITY
ride_component_100,2,2,2,0,32.82,35.16,4,1,1.0,33.46,0.0,LOW_PRIORITY
ride_component_204,2,2,2,0,31.12,32.76,4,1,1.0,33.18,0.0,LOW_PRIORITY
ride_component_761,3,1,3,0,24.82,25.17,9,2,0.67,32.76,0.0,LOW_PRIORITY
ride_component_214,2,3,3,0,26.65,33.37,9,2,0.67,32.75,0.0,LOW_PRIORITY
ride_component_61,29,30,30,0,30.94,62.31,85,37,0.09,32.59,0.0,LOW_PRIORITY
ride_component_326,2,2,2,0,40.65,53.27,4,1,1.0,32.5,0.0,LOW_PRIORITY
ride_component_337,2,2,2,0,29.92,31.3,4,1,1.0,32.32,0.0,LOW_PRIORITY
ride_component_456,3,3,3,0,27.72,28.53,6,2,0.67,32.23,0.0,LOW_PRIORITY
ride_component_699,2,2,2,0,26.42,27.48,6,1,1.0,32.17,0.0,LOW_PRIORITY
ride_component_197,3,3,3,0,30.36,32.63,6,2,0.67,32.0,0.0,LOW_PRIORITY
ride_component_533,6,6,6,0,23.65,36.42,18,5,0.33,31.45,0.0,LOW_PRIORITY
ride_component_363,2,2,2,0,23.24,25.98,6,1,1.0,31.25,0.0,LOW_PRIORITY
ride_component_286,2,2,2,0,26.54,31.78,4,1,1.0,31.02,0.0,LOW_PRIORITY
ride_component_1347,2,1,2,0,14.19,14.95,10,1,1.0,30.28,0.0,LOW_PRIORITY
ride_component_1172,2,2,2,0,24.25,25.73,6,1,1.0,30.26,0.0,LOW_PRIORITY
ride_component_1440,2,1,2,0,24.02,35.58,6,1,1.0,29.36,0.0,LOW_PRIORITY
ride_component_1363,2,1,2,0,24.72,26.25,6,1,1.0,29.29,0.0,LOW_PRIORITY
ride_component_772,2,2,2,0,18.74,23.98,6,1,1.0,28.66,0.0,LOW_PRIORITY
ride_component_1184,2,1,2,0,19.3,21.98,6,1,1.0,27.69,0.0,LOW_PRIORITY
ride_component_359,1,2,2,0,22.14,31.2,4,1,1.0,27.44,0.0,LOW_PRIORITY
ride_component_978,3,1,3,0,12.45,13.08,9,2,0.67,26.67,0.0,LOW_PRIORITY
ride_component_1138,2,1,2,0,14.81,15.65,6,1,1.0,26.55,0.0,LOW_PRIORITY
ride_component_957,2,1,2,0,16.66,17.79,6,1,1.0,26.42,0.0,LOW_PRIORITY
ride_component_8,1,1,1,0,42.78,42.78,0,0,0.0,14.11,0.0,LOW_PRIORITY
ride_component_19,1,1,1,0,41.08,41.08,0,0,0.0,13.72,0.0,LOW_PRIORITY
ride_component_189,1,1,1,0,47.48,47.48,0,0,0.0,13.61,0.0,LOW_PRIORITY
ride_component_388,1,1,1,0,50.36,50.36,0,0,0.0,13.28,0.0,LOW_PRIORITY
ride_component_32,1,1,1,0,37.69,37.69,0,0,0.0,13.19,0.0,LOW_PRIORITY
ride_component_116,1,1,1,0,39.46,39.46,0,0,0.0,13.09,0.0,LOW_PRIORITY
ride_component_149,1,1,1,0,39.72,39.72,0,0,0.0,13.07,0.0,LOW_PRIORITY
ride_component_384,1,1,1,0,41.0,41.0,0,0,0.0,12.96,0.0,LOW_PRIORITY
ride_component_55,1,1,1,0,35.87,35.87,0,0,0.0,12.83,0.0,LOW_PRIORITY
ride_component_28,1,1,1,0,37.69,37.69,0,0,0.0,12.82,0.0,LOW_PRIORITY
ride_component_70,1,1,1,0,35.56,35.56,0,0,0.0,12.68,0.0,LOW_PRIORITY
ride_component_58,1,1,1,0,34.65,34.65,0,0,0.0,12.62,0.0,LOW_PRIORITY
ride_component_7,1,1,1,0,42.1,42.1,0,0,0.0,12.62,0.0,LOW_PRIORITY
ride_component_77,1,1,1,0,35.11,35.11,0,0,0.0,12.61,0.0,LOW_PRIORITY
ride_component_10,1,1,1,0,42.07,42.07,0,0,0.0,12.6,0.0,LOW_PRIORITY
ride_component_463,1,1,1,0,41.68,41.68,0,0,0.0,12.57,0.0,LOW_PRIORITY
ride_component_62,1,1,1,0,34.09,34.09,0,0,0.0,12.53,0.0,LOW_PRIORITY
ride_component_71,1,1,1,0,33.64,33.64,0,0,0.0,12.43,0.0,LOW_PRIORITY
ride_component_362,1,1,1,0,36.41,36.41,0,0,0.0,12.4,0.0,LOW_PRIORITY
ride_component_237,1,1,1,0,35.21,35.21,0,0,0.0,12.39,0.0,LOW_PRIORITY
ride_component_59,1,1,1,0,32.88,32.88,0,0,0.0,12.38,0.0,LOW_PRIORITY
ride_component_192,1,1,1,0,34.63,34.63,0,0,0.0,12.36,0.0,LOW_PRIORITY
ride_component_114,1,1,1,0,33.74,33.74,0,0,0.0,12.35,0.0,LOW_PRIORITY
ride_component_283,1,1,1,0,35.24,35.24,0,0,0.0,12.35,0.0,LOW_PRIORITY
ride_component_73,1,1,1,0,32.93,32.93,0,0,0.0,12.33,0.0,LOW_PRIORITY
ride_component_219,1,1,1,0,34.05,34.05,0,0,0.0,12.26,0.0,LOW_PRIORITY
ride_component_106,1,1,1,0,32.57,32.57,0,0,0.0,12.22,0.0,LOW_PRIORITY
ride_component_74,1,1,1,0,32.01,32.01,0,0,0.0,12.21,0.0,LOW_PRIORITY
ride_component_322,1,1,1,0,34.16,34.16,0,0,0.0,12.17,0.0,LOW_PRIORITY
ride_component_166,1,1,1,0,32.85,32.85,0,0,0.0,12.15,0.0,LOW_PRIORITY
ride_component_51,1,1,1,0,33.1,33.1,0,0,0.0,12.1,0.0,LOW_PRIORITY
ride_component_215,1,1,1,0,32.47,32.47,0,0,0.0,12.06,0.0,LOW_PRIORITY
ride_component_87,1,1,1,0,31.1,31.1,0,0,0.0,12.06,0.0,LOW_PRIORITY
ride_component_118,1,1,1,0,31.49,31.49,0,0,0.0,12.05,0.0,LOW_PRIORITY
ride_component_110,1,1,1,0,30.44,30.44,0,0,0.0,11.93,0.0,LOW_PRIORITY
ride_component_115,1,1,1,0,30.42,30.42,0,0,0.0,11.92,0.0,LOW_PRIORITY
ride_component_119,1,1,1,0,36.31,36.31,0,0,0.0,11.87,0.0,LOW_PRIORITY
ride_component_85,1,1,1,0,32.4,32.4,0,0,0.0,11.87,0.0,LOW_PRIORITY
ride_component_483,1,1,1,0,48.13,48.13,0,0,0.0,11.85,0.0,LOW_PRIORITY
ride_component_271,1,1,1,0,46.03,46.03,0,0,0.0,11.83,0.0,LOW_PRIORITY
ride_component_226,1,1,1,0,36.48,36.48,0,0,0.0,11.77,0.0,LOW_PRIORITY
ride_component_203,1,1,1,0,30.0,30.0,0,0,0.0,11.75,0.0,LOW_PRIORITY
ride_component_80,1,1,1,0,31.34,31.34,0,0,0.0,11.74,0.0,LOW_PRIORITY
ride_component_142,1,1,1,0,32.12,32.12,0,0,0.0,11.73,0.0,LOW_PRIORITY
ride_component_113,1,1,1,0,31.59,31.59,0,0,0.0,11.71,0.0,LOW_PRIORITY
ride_component_220,1,1,1,0,44.51,44.51,0,0,0.0,11.7,0.0,LOW_PRIORITY
ride_component_275,1,1,1,0,30.19,30.19,0,0,0.0,11.7,0.0,LOW_PRIORITY
ride_component_89,1,1,1,0,31.04,31.04,0,0,0.0,11.69,0.0,LOW_PRIORITY
ride_component_397,1,1,1,0,33.84,33.84,0,0,0.0,11.66,0.0,LOW_PRIORITY
ride_component_45,1,1,1,1,64.19,64.19,0,0,0.0,11.65,1.0,LOW_PRIORITY
ride_component_120,1,1,1,0,30.92,30.92,0,0,0.0,11.61,0.0,LOW_PRIORITY
ride_component_171,1,1,1,0,28.65,28.65,0,0,0.0,11.6,0.0,LOW_PRIORITY
ride_component_387,1,1,1,0,30.42,30.42,0,0,0.0,11.59,0.0,LOW_PRIORITY
ride_component_35,1,1,1,0,40.01,40.01,0,0,0.0,11.58,0.0,LOW_PRIORITY
ride_component_236,1,1,1,0,28.92,28.92,0,0,0.0,11.57,0.0,LOW_PRIORITY
ride_component_18,1,1,1,0,44.51,44.51,0,0,0.0,11.55,0.0,LOW_PRIORITY
ride_component_277,1,1,1,0,28.87,28.87,0,0,0.0,11.53,0.0,LOW_PRIORITY
ride_component_218,1,1,1,0,28.27,28.27,0,0,0.0,11.51,0.0,LOW_PRIORITY
ride_component_258,1,1,1,0,28.48,28.48,0,0,0.0,11.5,0.0,LOW_PRIORITY
ride_component_235,1,1,1,0,28.3,28.3,0,0,0.0,11.49,0.0,LOW_PRIORITY
ride_component_210,1,1,1,0,28.02,28.02,0,0,0.0,11.48,0.0,LOW_PRIORITY
ride_component_234,1,1,1,0,28.03,28.03,0,0,0.0,11.46,0.0,LOW_PRIORITY
ride_component_199,1,1,1,0,30.34,30.34,0,0,0.0,11.44,0.0,LOW_PRIORITY
ride_component_334,1,1,1,0,28.49,28.49,0,0,0.0,11.43,0.0,LOW_PRIORITY
ride_component_295,1,1,1,0,28.2,28.2,0,0,0.0,11.42,0.0,LOW_PRIORITY
ride_component_138,1,1,1,0,29.58,29.58,0,0,0.0,11.41,0.0,LOW_PRIORITY
ride_component_366,1,1,1,0,28.8,28.8,0,0,0.0,11.41,0.0,LOW_PRIORITY
ride_component_458,1,1,1,0,29.67,29.67,0,0,0.0,11.41,0.0,LOW_PRIORITY
ride_component_706,1,1,1,0,31.42,31.42,0,0,0.0,11.41,0.0,LOW_PRIORITY
ride_component_315,1,1,1,0,27.78,27.78,0,0,0.0,11.35,0.0,LOW_PRIORITY
ride_component_325,1,1,1,0,27.84,27.84,0,0,0.0,11.35,0.0,LOW_PRIORITY
ride_component_381,1,1,1,0,28.55,28.55,0,0,0.0,11.35,0.0,LOW_PRIORITY
ride_component_284,1,1,1,0,27.41,27.41,0,0,0.0,11.33,0.0,LOW_PRIORITY
ride_component_145,1,1,1,0,28.91,28.91,0,0,0.0,11.32,0.0,LOW_PRIORITY
ride_component_358,1,1,1,0,27.84,27.84,0,0,0.0,11.3,0.0,LOW_PRIORITY
ride_component_328,1,1,1,0,27.35,27.35,0,0,0.0,11.28,0.0,LOW_PRIORITY
ride_component_421,1,1,1,0,47.66,47.66,0,0,0.0,11.23,0.0,LOW_PRIORITY
ride_component_373,1,1,1,0,27.37,27.37,0,0,0.0,11.22,0.0,LOW_PRIORITY
ride_component_324,1,1,1,0,26.8,26.8,0,0,0.0,11.21,0.0,LOW_PRIORITY
ride_component_151,1,1,1,0,52.07,52.07,0,0,0.0,11.2,0.0,LOW_PRIORITY
ride_component_323,1,1,1,0,26.71,26.71,0,0,0.0,11.2,0.0,LOW_PRIORITY
ride_component_311,1,1,1,0,26.53,26.53,0,0,0.0,11.19,0.0,LOW_PRIORITY
ride_component_511,1,1,1,0,48.05,48.05,0,0,0.0,11.19,0.0,LOW_PRIORITY
ride_component_375,1,1,1,0,27.1,27.1,0,0,0.0,11.18,0.0,LOW_PRIORITY
ride_component_435,1,1,1,0,30.34,30.34,0,0,0.0,11.18,0.0,LOW_PRIORITY
ride_component_368,1,1,1,0,26.93,26.93,0,0,0.0,11.16,0.0,LOW_PRIORITY
ride_component_346,1,1,1,0,26.2,26.2,0,0,0.0,11.1,0.0,LOW_PRIORITY
ride_component_372,1,1,1,0,26.48,26.48,0,0,0.0,11.1,0.0,LOW_PRIORITY
ride_component_409,1,1,1,0,26.81,26.81,0,0,0.0,11.09,0.0,LOW_PRIORITY
ride_component_148,1,1,1,0,43.83,43.83,0,0,0.0,11.08,0.0,LOW_PRIORITY
ride_component_398,1,1,1,0,26.13,26.13,0,0,0.0,11.02,0.0,LOW_PRIORITY
ride_component_240,1,1,1,0,27.26,27.26,0,0,0.0,11.01,0.0,LOW_PRIORITY
ride_component_84,1,1,1,0,32.36,32.36,0,0,0.0,11.01,0.0,LOW_PRIORITY
ride_component_464,1,1,1,0,26.59,26.59,0,0,0.0,11.0,0.0,LOW_PRIORITY
ride_component_256,1,1,1,0,27.15,27.15,0,0,0.0,10.98,0.0,LOW_PRIORITY
ride_component_318,1,1,1,0,27.54,27.54,0,0,0.0,10.97,0.0,LOW_PRIORITY
ride_component_403,1,1,1,0,25.79,25.79,0,0,0.0,10.97,0.0,LOW_PRIORITY
ride_component_169,1,1,1,0,29.35,29.35,0,0,0.0,10.95,0.0,LOW_PRIORITY
ride_component_396,1,1,1,0,25.43,25.43,0,0,0.0,10.93,0.0,LOW_PRIORITY
ride_component_154,1,1,1,0,28.9,28.9,0,0,0.0,10.92,0.0,LOW_PRIORITY
ride_component_206,1,1,1,0,29.25,29.25,0,0,0.0,10.91,0.0,LOW_PRIORITY
ride_component_404,1,1,1,0,27.64,27.64,0,0,0.0,10.87,0.0,LOW_PRIORITY
ride_component_434,1,1,1,0,25.29,25.29,0,0,0.0,10.87,0.0,LOW_PRIORITY
ride_component_424,1,1,1,0,25.1,25.1,0,0,0.0,10.85,0.0,LOW_PRIORITY
ride_component_161,1,1,1,0,28.33,28.33,0,0,0.0,10.84,0.0,LOW_PRIORITY
ride_component_489,1,1,1,0,25.14,25.14,0,0,0.0,10.79,0.0,LOW_PRIORITY
ride_component_535,1,1,1,0,25.41,25.41,0,0,0.0,10.77,0.0,LOW_PRIORITY
ride_component_526,1,1,1,0,25.14,25.14,0,0,0.0,10.74,0.0,LOW_PRIORITY
ride_component_221,1,1,1,0,27.71,27.71,0,0,0.0,10.71,0.0,LOW_PRIORITY
ride_component_308,1,1,1,0,28.27,28.27,0,0,0.0,10.7,0.0,LOW_PRIORITY
ride_component_432,1,1,1,0,23.97,23.97,0,0,0.0,10.7,0.0,LOW_PRIORITY
ride_component_471,1,1,1,0,24.29,24.29,0,0,0.0,10.7,0.0,LOW_PRIORITY
ride_component_314,1,1,1,0,28.28,28.28,0,0,0.0,10.69,0.0,LOW_PRIORITY
ride_component_156,1,1,1,0,30.58,30.58,0,0,0.0,10.68,0.0,LOW_PRIORITY
ride_component_641,1,1,1,0,25.53,25.53,0,0,0.0,10.68,0.0,LOW_PRIORITY
ride_component_268,1,1,1,0,27.76,27.76,0,0,0.0,10.67,0.0,LOW_PRIORITY
ride_component_31,1,1,1,0,36.85,36.85,0,0,0.0,10.67,0.0,LOW_PRIORITY
ride_component_505,1,1,1,0,24.34,24.34,0,0,0.0,10.67,0.0,LOW_PRIORITY
ride_component_502,1,1,1,0,26.71,26.71,0,0,0.0,10.65,0.0,LOW_PRIORITY
ride_component_254,1,1,1,0,27.41,27.41,0,0,0.0,10.64,0.0,LOW_PRIORITY
ride_component_44,1,1,1,0,44.0,44.0,0,0,0.0,10.63,0.0,LOW_PRIORITY
ride_component_163,1,1,1,0,29.92,29.92,0,0,0.0,10.6,0.0,LOW_PRIORITY
ride_component_594,1,1,1,0,24.42,24.42,0,0,0.0,10.57,0.0,LOW_PRIORITY
ride_component_401,1,1,1,0,25.05,25.05,0,0,0.0,10.55,0.0,LOW_PRIORITY
ride_component_484,1,1,1,0,23.32,23.32,0,0,0.0,10.55,0.0,LOW_PRIORITY
ride_component_293,1,1,1,0,26.82,26.82,0,0,0.0,10.54,0.0,LOW_PRIORITY
ride_component_549,1,1,1,0,23.85,23.85,0,0,0.0,10.54,0.0,LOW_PRIORITY
ride_component_531,1,1,1,0,23.57,23.57,0,0,0.0,10.53,0.0,LOW_PRIORITY
ride_component_557,1,1,1,0,23.84,23.84,0,0,0.0,10.53,0.0,LOW_PRIORITY
ride_component_510,1,1,1,0,25.79,25.79,0,0,0.0,10.52,0.0,LOW_PRIORITY
ride_component_493,1,1,1,0,23.03,23.03,0,0,0.0,10.51,0.0,LOW_PRIORITY
ride_component_536,1,1,1,0,23.4,23.4,0,0,0.0,10.5,0.0,LOW_PRIORITY
ride_component_230,1,1,1,0,33.66,33.66,0,0,0.0,10.48,0.0,LOW_PRIORITY
ride_component_102,1,1,1,0,37.41,37.41,0,0,0.0,10.47,0.0,LOW_PRIORITY
ride_component_548,1,1,1,0,23.28,23.28,0,0,0.0,10.47,0.0,LOW_PRIORITY
ride_component_264,1,1,1,0,29.46,29.46,0,0,0.0,10.46,0.0,LOW_PRIORITY
ride_component_577,1,1,1,0,23.4,23.4,0,0,0.0,10.46,0.0,LOW_PRIORITY
ride_component_217,1,1,1,0,29.07,29.07,0,0,0.0,10.45,0.0,LOW_PRIORITY
ride_component_249,1,1,1,0,29.29,29.29,0,0,0.0,10.45,0.0,LOW_PRIORITY
ride_component_508,1,1,1,0,22.59,22.59,0,0,0.0,10.44,0.0,LOW_PRIORITY
ride_component_201,1,1,1,0,28.77,28.77,0,0,0.0,10.43,0.0,LOW_PRIORITY
ride_component_211,1,1,1,0,28.87,28.87,0,0,0.0,10.43,0.0,LOW_PRIORITY
ride_component_195,1,1,1,0,28.58,28.58,0,0,0.0,10.41,0.0,LOW_PRIORITY
ride_component_232,1,1,1,0,28.79,28.79,0,0,0.0,10.4,0.0,LOW_PRIORITY
ride_component_239,1,1,1,0,28.56,28.56,0,0,0.0,10.37,0.0,LOW_PRIORITY
ride_component_439,1,1,1,0,23.67,23.67,0,0,0.0,10.33,0.0,LOW_PRIORITY
ride_component_543,1,1,1,0,22.05,22.05,0,0,0.0,10.32,0.0,LOW_PRIORITY
ride_component_345,1,1,1,0,25.3,25.3,0,0,0.0,10.29,0.0,LOW_PRIORITY
ride_component_251,1,1,1,0,27.57,27.57,0,0,0.0,10.25,0.0,LOW_PRIORITY
ride_component_150,1,1,1,0,30.68,30.68,0,0,0.0,10.23,0.0,LOW_PRIORITY
ride_component_395,1,1,1,0,25.38,25.38,0,0,0.0,10.23,0.0,LOW_PRIORITY
ride_component_173,1,1,1,0,30.97,30.97,0,0,0.0,10.22,0.0,LOW_PRIORITY
ride_component_382,1,1,1,0,25.11,25.11,0,0,0.0,10.21,0.0,LOW_PRIORITY
ride_component_585,1,1,1,0,23.87,23.87,0,0,0.0,10.2,0.0,LOW_PRIORITY
ride_component_255,1,1,1,0,27.11,27.11,0,0,0.0,10.19,0.0,LOW_PRIORITY
ride_component_428,1,1,1,0,25.27,25.27,0,0,0.0,10.18,0.0,LOW_PRIORITY
ride_component_642,1,1,1,0,21.67,21.67,0,0,0.0,10.18,0.0,LOW_PRIORITY
ride_component_411,1,1,1,0,28.34,28.34,0,0,0.0,10.16,0.0,LOW_PRIORITY
ride_component_588,1,1,1,0,38.98,38.98,0,0,0.0,10.16,0.0,LOW_PRIORITY
ride_component_336,1,1,1,0,31.4,31.4,0,0,0.0,10.15,0.0,LOW_PRIORITY
ride_component_296,1,1,1,0,27.0,27.0,0,0,0.0,10.14,0.0,LOW_PRIORITY
ride_component_475,1,1,1,0,32.79,32.79,0,0,0.0,10.14,0.0,LOW_PRIORITY
ride_component_187,1,1,1,0,35.18,35.18,0,0,0.0,10.13,0.0,LOW_PRIORITY
ride_component_698,1,1,1,0,21.53,21.53,0,0,0.0,10.13,0.0,LOW_PRIORITY
ride_component_513,1,1,1,0,22.67,22.67,0,0,0.0,10.12,0.0,LOW_PRIORITY
ride_component_301,1,1,1,0,26.73,26.73,0,0,0.0,10.11,0.0,LOW_PRIORITY
ride_component_720,1,1,1,0,34.08,34.08,0,0,0.0,10.1,0.0,LOW_PRIORITY
ride_component_516,1,1,1,0,25.25,25.25,0,0,0.0,10.09,0.0,LOW_PRIORITY
ride_component_81,1,1,1,0,33.52,33.52,0,0,0.0,10.09,0.0,LOW_PRIORITY
ride_component_624,1,1,1,0,20.68,20.68,0,0,0.0,10.06,0.0,LOW_PRIORITY
ride_component_379,1,1,1,0,27.13,27.13,0,0,0.0,10.05,0.0,LOW_PRIORITY
ride_component_728,1,1,1,0,23.48,23.48,0,0,0.0,10.05,0.0,LOW_PRIORITY
ride_component_135,1,1,1,0,28.85,28.85,0,0,0.0,10.04,0.0,LOW_PRIORITY
ride_component_180,1,1,1,0,25.29,25.29,0,0,0.0,10.04,0.0,LOW_PRIORITY
ride_component_172,1,1,1,0,29.0,29.0,0,0,0.0,10.01,0.0,LOW_PRIORITY
ride_component_310,1,1,1,0,26.0,26.0,0,0,0.0,10.01,0.0,LOW_PRIORITY
ride_component_224,1,1,1,0,29.16,29.16,0,0,0.0,9.99,0.0,LOW_PRIORITY
ride_component_389,1,1,1,0,35.69,35.69,0,0,0.0,9.99,0.0,LOW_PRIORITY
ride_component_687,1,1,1,0,20.45,20.45,0,0,0.0,9.99,0.0,LOW_PRIORITY
ride_component_657,1,1,1,0,20.14,20.14,0,0,0.0,9.98,0.0,LOW_PRIORITY
ride_component_584,1,1,1,0,24.88,24.88,0,0,0.0,9.97,0.0,LOW_PRIORITY
ride_component_390,1,1,1,0,26.42,26.42,0,0,0.0,9.96,0.0,LOW_PRIORITY
ride_component_257,1,1,1,0,29.1,29.1,0,0,0.0,9.95,0.0,LOW_PRIORITY
ride_component_561,1,1,1,0,24.46,24.46,0,0,0.0,9.94,0.0,LOW_PRIORITY
ride_component_229,1,1,1,0,33.42,33.42,0,0,0.0,9.91,0.0,LOW_PRIORITY
ride_component_546,1,1,1,0,24.11,24.11,0,0,0.0,9.91,0.0,LOW_PRIORITY
ride_component_126,1,1,1,0,38.72,38.72,0,0,0.0,9.9,0.0,LOW_PRIORITY
ride_component_628,1,1,1,0,24.63,24.63,0,0,0.0,9.9,0.0,LOW_PRIORITY
ride_component_231,1,1,1,0,33.25,33.25,0,0,0.0,9.89,0.0,LOW_PRIORITY
ride_component_297,1,1,1,0,28.85,28.85,0,0,0.0,9.89,0.0,LOW_PRIORITY
ride_component_109,1,1,1,0,37.98,37.98,0,0,0.0,9.86,0.0,LOW_PRIORITY
ride_component_767,1,1,1,0,22.22,22.22,0,0,0.0,9.86,0.0,LOW_PRIORITY
ride_component_524,1,1,1,0,23.43,23.43,0,0,0.0,9.85,0.0,LOW_PRIORITY
ride_component_222,1,1,1,0,27.76,27.76,0,0,0.0,9.83,0.0,LOW_PRIORITY
ride_component_402,1,1,1,0,48.84,48.84,0,0,0.0,9.83,0.0,LOW_PRIORITY
ride_component_278,1,1,1,0,28.05,28.05,0,0,0.0,9.82,0.0,LOW_PRIORITY
ride_component_756,1,1,1,0,21.7,21.7,0,0,0.0,9.81,0.0,LOW_PRIORITY
ride_component_985,1,1,1,0,43.58,43.58,0,0,0.0,9.81,0.0,LOW_PRIORITY
ride_component_610,1,1,1,0,26.94,26.94,0,0,0.0,9.8,0.0,LOW_PRIORITY
ride_component_233,1,1,1,0,27.46,27.46,0,0,0.0,9.79,0.0,LOW_PRIORITY
ride_component_413,1,1,1,0,40.15,40.15,0,0,0.0,9.79,0.0,LOW_PRIORITY
ride_component_248,1,1,1,0,32.34,32.34,0,0,0.0,9.78,0.0,LOW_PRIORITY
ride_component_33,1,1,1,0,34.8,34.8,0,0,0.0,9.78,0.0,LOW_PRIORITY
ride_component_530,1,1,1,0,22.51,22.51,0,0,0.0,9.74,0.0,LOW_PRIORITY
ride_component_3,1,1,1,1,70.05,70.05,0,0,0.0,9.73,1.0,LOW_PRIORITY
ride_component_555,1,1,1,0,22.7,22.7,0,0,0.0,9.73,0.0,LOW_PRIORITY
ride_component_581,1,1,1,0,22.76,22.76,0,0,0.0,9.72,0.0,LOW_PRIORITY
ride_component_537,1,1,1,0,29.45,29.45,0,0,0.0,9.7,0.0,LOW_PRIORITY
ride_component_128,1,1,1,0,56.04,56.04,0,0,0.0,9.64,0.0,LOW_PRIORITY
ride_component_141,1,1,1,0,56.15,56.15,0,0,0.0,9.64,0.0,LOW_PRIORITY
ride_component_228,1,1,1,0,36.96,36.96,0,0,0.0,9.64,0.0,LOW_PRIORITY
ride_component_316,1,1,1,0,26.72,26.72,0,0,0.0,9.64,0.0,LOW_PRIORITY
ride_component_69,1,1,1,0,35.16,35.16,0,0,0.0,9.64,0.0,LOW_PRIORITY
ride_component_298,1,1,1,0,26.4,26.4,0,0,0.0,9.62,0.0,LOW_PRIORITY
ride_component_648,1,1,1,0,22.36,22.36,0,0,0.0,9.62,0.0,LOW_PRIORITY
ride_component_152,1,1,1,0,29.98,29.98,0,0,0.0,9.61,0.0,LOW_PRIORITY
ride_component_655,1,1,1,0,22.38,22.38,0,0,0.0,9.61,0.0,LOW_PRIORITY
ride_component_294,1,1,1,0,26.22,26.22,0,0,0.0,9.6,0.0,LOW_PRIORITY
ride_component_306,1,1,1,0,26.31,26.31,0,0,0.0,9.6,0.0,LOW_PRIORITY
ride_component_529,1,1,1,0,24.49,24.49,0,0,0.0,9.59,0.0,LOW_PRIORITY
ride_component_547,1,1,1,0,33.11,33.11,0,0,0.0,9.57,0.0,LOW_PRIORITY
ride_component_656,1,1,1,0,22.02,22.02,0,0,0.0,9.57,0.0,LOW_PRIORITY
ride_component_591,1,1,1,0,21.58,21.58,0,0,0.0,9.56,0.0,LOW_PRIORITY
ride_component_470,1,1,1,0,23.66,23.66,0,0,0.0,9.55,0.0,LOW_PRIORITY
ride_component_394,1,1,1,0,26.71,26.71,0,0,0.0,9.54,0.0,LOW_PRIORITY
ride_component_688,1,1,1,0,25.02,25.02,0,0,0.0,9.53,0.0,LOW_PRIORITY
ride_component_605,1,1,1,0,46.97,46.97,0,0,0.0,9.5,0.0,LOW_PRIORITY
ride_component_147,1,1,1,0,28.75,28.75,0,0,0.0,9.49,0.0,LOW_PRIORITY
ride_component_486,1,1,1,0,23.15,23.15,0,0,0.0,9.48,0.0,LOW_PRIORITY
ride_component_175,1,1,1,0,34.82,34.82,0,0,0.0,9.46,0.0,LOW_PRIORITY
ride_component_630,1,1,1,0,32.62,32.62,0,0,0.0,9.45,0.0,LOW_PRIORITY
ride_component_406,1,1,1,0,25.88,25.88,0,0,0.0,9.44,0.0,LOW_PRIORITY
ride_component_514,1,1,1,0,23.05,23.05,0,0,0.0,9.44,0.0,LOW_PRIORITY
ride_component_356,1,1,1,0,25.31,25.31,0,0,0.0,9.43,0.0,LOW_PRIORITY
ride_component_347,1,1,1,0,55.2,55.2,0,0,0.0,9.42,0.0,LOW_PRIORITY
ride_component_415,1,1,1,0,25.59,25.59,0,0,0.0,9.39,0.0,LOW_PRIORITY
ride_component_140,1,1,1,0,41.54,41.54,0,0,0.0,9.38,0.0,LOW_PRIORITY
ride_component_734,1,1,1,0,20.87,20.87,0,0,0.0,9.38,0.0,LOW_PRIORITY
ride_component_503,1,1,1,0,22.33,22.33,0,0,0.0,9.37,0.0,LOW_PRIORITY
ride_component_304,1,1,1,0,28.78,28.78,0,0,0.0,9.36,0.0,LOW_PRIORITY
ride_component_430,1,1,1,0,25.42,25.42,0,0,0.0,9.36,0.0,LOW_PRIORITY
ride_component_290,1,1,1,0,34.47,34.47,0,0,0.0,9.35,0.0,LOW_PRIORITY
ride_component_509,1,1,1,0,25.97,25.97,0,0,0.0,9.35,0.0,LOW_PRIORITY
ride_component_441,1,1,1,0,25.24,25.24,0,0,0.0,9.33,0.0,LOW_PRIORITY
ride_component_612,1,1,1,0,22.92,22.92,0,0,0.0,9.32,0.0,LOW_PRIORITY
ride_component_461,1,1,1,0,25.22,25.22,0,0,0.0,9.31,0.0,LOW_PRIORITY
ride_component_598,1,1,1,0,22.59,22.59,0,0,0.0,9.3,0.0,LOW_PRIORITY
ride_component_392,1,1,1,0,24.45,24.45,0,0,0.0,9.29,0.0,LOW_PRIORITY
ride_component_634,1,1,1,0,37.03,37.03,0,0,0.0,9.29,0.0,LOW_PRIORITY
ride_component_711,1,1,1,0,22.88,22.88,0,0,0.0,9.27,0.0,LOW_PRIORITY
ride_component_497,1,1,1,0,25.05,25.05,0,0,0.0,9.26,0.0,LOW_PRIORITY
ride_component_690,1,1,1,0,22.71,22.71,0,0,0.0,9.26,0.0,LOW_PRIORITY
ride_component_448,1,1,1,0,24.6,24.6,0,0,0.0,9.25,0.0,LOW_PRIORITY
ride_component_335,1,1,1,0,27.8,27.8,0,0,0.0,9.24,0.0,LOW_PRIORITY
ride_component_273,1,1,1,0,27.35,27.35,0,0,0.0,9.23,0.0,LOW_PRIORITY
ride_component_317,1,1,1,0,27.53,27.53,0,0,0.0,9.22,0.0,LOW_PRIORITY
ride_component_444,1,1,1,0,28.75,28.75,0,0,0.0,9.21,0.0,LOW_PRIORITY
ride_component_597,1,1,1,0,43.49,43.49,0,0,0.0,9.19,0.0,LOW_PRIORITY
ride_component_34,1,1,1,0,36.55,36.55,0,0,0.0,9.18,0.0,LOW_PRIORITY
ride_component_72,1,1,1,0,38.38,38.38,0,0,0.0,9.18,0.0,LOW_PRIORITY
ride_component_627,1,1,1,0,43.41,43.41,0,0,0.0,9.16,0.0,LOW_PRIORITY
ride_component_289,1,1,1,0,26.68,26.68,0,0,0.0,9.15,0.0,LOW_PRIORITY
ride_component_191,1,1,1,0,31.57,31.57,0,0,0.0,9.13,0.0,LOW_PRIORITY
ride_component_209,1,1,1,0,31.67,31.67,0,0,0.0,9.13,0.0,LOW_PRIORITY
ride_component_1000,1,1,1,0,44.01,44.01,0,0,0.0,9.09,0.0,LOW_PRIORITY
ride_component_190,1,1,1,0,20.89,20.89,0,0,0.0,9.09,0.0,LOW_PRIORITY
ride_component_376,1,1,1,0,32.76,32.76,0,0,0.0,9.09,0.0,LOW_PRIORITY
ride_component_299,1,1,1,0,39.52,39.52,0,0,0.0,9.08,0.0,LOW_PRIORITY
ride_component_640,1,1,1,0,34.87,34.87,0,0,0.0,9.08,0.0,LOW_PRIORITY
ride_component_320,1,1,1,0,26.15,26.15,0,0,0.0,9.07,0.0,LOW_PRIORITY
ride_component_429,1,1,1,0,27.28,27.28,0,0,0.0,9.07,0.0,LOW_PRIORITY
ride_component_701,1,1,1,0,24.84,24.84,0,0,0.0,9.07,0.0,LOW_PRIORITY
ride_component_266,1,1,1,0,31.43,31.43,0,0,0.0,9.06,0.0,LOW_PRIORITY
ride_component_386,1,1,1,0,26.74,26.74,0,0,0.0,9.05,0.0,LOW_PRIORITY
ride_component_540,1,1,1,0,33.88,33.88,0,0,0.0,9.05,0.0,LOW_PRIORITY
ride_component_550,1,1,1,0,23.71,23.71,0,0,0.0,9.05,0.0,LOW_PRIORITY
ride_component_567,1,1,1,0,23.77,23.77,0,0,0.0,9.04,0.0,LOW_PRIORITY
ride_component_835,1,1,1,0,29.44,29.44,0,0,0.0,9.02,0.0,LOW_PRIORITY
ride_component_196,1,1,1,0,30.24,30.24,0,0,0.0,9.0,0.0,LOW_PRIORITY
ride_component_378,1,1,1,0,26.21,26.21,0,0,0.0,9.0,0.0,LOW_PRIORITY
ride_component_566,1,1,1,0,23.35,23.35,0,0,0.0,9.0,0.0,LOW_PRIORITY
ride_component_279,1,1,1,0,30.8,30.8,0,0,0.0,8.99,0.0,LOW_PRIORITY
ride_component_78,1,1,1,0,36.32,36.32,0,0,0.0,8.99,0.0,LOW_PRIORITY
ride_component_620,1,1,1,0,23.65,23.65,0,0,0.0,8.98,0.0,LOW_PRIORITY
ride_component_587,1,1,1,0,23.3,23.3,0,0,0.0,8.97,0.0,LOW_PRIORITY
ride_component_465,1,1,1,0,50.7,50.7,0,0,0.0,8.95,0.0,LOW_PRIORITY
ride_component_134,1,1,1,0,29.07,29.07,0,0,0.0,8.94,0.0,LOW_PRIORITY
ride_component_208,1,1,1,0,29.78,29.78,0,0,0.0,8.94,0.0,LOW_PRIORITY
ride_component_476,1,1,1,0,26.49,26.49,0,0,0.0,8.94,0.0,LOW_PRIORITY
ride_component_481,1,1,1,0,26.55,26.55,0,0,0.0,8.94,0.0,LOW_PRIORITY
ride_component_818,1,1,1,0,20.47,20.47,0,0,0.0,8.92,0.0,LOW_PRIORITY
ride_component_1030,1,1,1,0,24.46,24.46,0,0,0.0,8.91,0.0,LOW_PRIORITY
ride_component_718,1,1,1,0,19.69,19.69,0,0,0.0,8.89,0.0,LOW_PRIORITY
ride_component_393,1,1,1,0,49.03,49.03,0,0,0.0,8.87,0.0,LOW_PRIORITY
ride_component_568,1,1,1,0,22.2,22.2,0,0,0.0,8.87,0.0,LOW_PRIORITY
ride_component_111,1,1,1,0,63.36,63.36,0,0,0.0,8.86,0.0,LOW_PRIORITY
ride_component_263,1,1,1,0,29.35,29.35,0,0,0.0,8.86,0.0,LOW_PRIORITY
ride_component_380,1,1,1,0,24.76,24.76,0,0,0.0,8.85,0.0,LOW_PRIORITY
ride_component_636,1,1,1,0,22.44,22.44,0,0,0.0,8.84,0.0,LOW_PRIORITY
ride_component_731,1,1,1,0,32.87,32.87,0,0,0.0,8.84,0.0,LOW_PRIORITY
ride_component_207,1,1,1,0,28.58,28.58,0,0,0.0,8.82,0.0,LOW_PRIORITY
ride_component_212,1,1,1,0,36.06,36.06,0,0,0.0,8.82,0.0,LOW_PRIORITY
ride_component_269,1,1,1,0,28.76,28.76,0,0,0.0,8.8,0.0,LOW_PRIORITY
ride_component_680,1,1,1,0,22.24,22.24,0,0,0.0,8.8,0.0,LOW_PRIORITY
ride_component_332,1,1,1,0,23.63,23.63,0,0,0.0,8.79,0.0,LOW_PRIORITY
ride_component_193,1,1,1,0,22.16,22.16,0,0,0.0,8.75,0.0,LOW_PRIORITY
ride_component_468,1,1,1,0,24.57,24.57,0,0,0.0,8.74,0.0,LOW_PRIORITY
ride_component_518,1,1,1,0,24.83,24.83,0,0,0.0,8.73,0.0,LOW_PRIORITY
ride_component_611,1,1,1,0,25.68,25.68,0,0,0.0,8.73,0.0,LOW_PRIORITY
ride_component_14,1,1,1,0,57.62,57.62,0,0,0.0,8.72,0.0,LOW_PRIORITY
ride_component_574,1,1,1,0,20.84,20.84,0,0,0.0,8.71,0.0,LOW_PRIORITY
ride_component_198,1,1,1,0,27.32,27.32,0,0,0.0,8.7,0.0,LOW_PRIORITY
ride_component_400,1,1,1,0,28.64,28.64,0,0,0.0,8.66,0.0,LOW_PRIORITY
ride_component_183,1,1,1,0,44.09,44.09,0,0,0.0,8.61,0.0,LOW_PRIORITY
ride_component_427,1,1,1,0,46.13,46.13,0,0,0.0,8.61,0.0,LOW_PRIORITY
ride_component_443,1,1,1,0,28.49,28.49,0,0,0.0,8.61,0.0,LOW_PRIORITY
ride_component_491,1,1,1,0,29.0,29.0,0,0,0.0,8.61,0.0,LOW_PRIORITY
ride_component_494,1,1,1,0,23.22,23.22,0,0,0.0,8.58,0.0,LOW_PRIORITY
ride_component_319,1,1,1,0,26.69,26.69,0,0,0.0,8.55,0.0,LOW_PRIORITY
ride_component_961,1,1,1,0,10.38,10.38,0,0,0.0,8.55,0.0,LOW_PRIORITY
ride_component_312,1,1,1,0,26.54,26.54,0,0,0.0,8.54,0.0,LOW_PRIORITY
ride_component_542,1,1,1,0,46.32,46.32,0,0,0.0,8.54,0.0,LOW_PRIORITY
ride_component_436,1,1,1,0,27.63,27.63,0,0,0.0,8.53,0.0,LOW_PRIORITY
ride_component_572,1,1,1,0,23.41,23.41,0,0,0.0,8.53,0.0,LOW_PRIORITY
ride_component_344,1,1,1,0,26.46,26.46,0,0,0.0,8.5,0.0,LOW_PRIORITY
ride_component_447,1,1,1,0,27.48,27.48,0,0,0.0,8.5,0.0,LOW_PRIORITY
ride_component_579,1,1,1,0,22.72,22.72,0,0,0.0,8.45,0.0,LOW_PRIORITY
ride_component_936,1,1,1,0,20.13,20.13,0,0,0.0,8.45,0.0,LOW_PRIORITY
ride_component_168,1,1,1,0,41.9,41.9,0,0,0.0,8.44,0.0,LOW_PRIORITY
ride_component_831,1,1,1,0,19.49,19.49,0,0,0.0,8.41,0.0,LOW_PRIORITY
ride_component_357,1,1,1,0,25.49,25.49,0,0,0.0,8.39,0.0,LOW_PRIORITY
ride_component_1002,1,1,1,0,29.12,29.12,0,0,0.0,8.38,0.0,LOW_PRIORITY
ride_component_1210,1,1,1,0,19.79,19.79,0,0,0.0,8.38,0.0,LOW_PRIORITY
ride_component_794,1,1,1,0,18.84,18.84,0,0,0.0,8.35,0.0,LOW_PRIORITY
ride_component_425,1,1,1,0,25.6,25.6,0,0,0.0,8.33,0.0,LOW_PRIORITY
ride_component_625,1,1,1,0,27.1,27.1,0,0,0.0,8.32,0.0,LOW_PRIORITY
ride_component_892,1,1,1,0,18.91,18.91,0,0,0.0,8.32,0.0,LOW_PRIORITY
ride_component_837,1,1,1,0,27.92,27.92,0,0,0.0,8.3,0.0,LOW_PRIORITY
ride_component_633,1,1,1,0,13.95,13.95,0,0,0.0,8.26,0.0,LOW_PRIORITY
ride_component_916,1,1,1,0,44.65,44.65,0,0,0.0,8.25,0.0,LOW_PRIORITY
ride_component_590,1,1,1,0,26.0,26.0,0,0,0.0,8.23,0.0,LOW_PRIORITY
ride_component_626,1,1,1,0,16.75,16.75,0,0,0.0,8.21,0.0,LOW_PRIORITY
ride_component_329,1,1,1,0,30.13,30.13,0,0,0.0,8.2,0.0,LOW_PRIORITY
ride_component_405,1,1,1,0,24.06,24.06,0,0,0.0,8.2,0.0,LOW_PRIORITY
ride_component_709,1,1,1,0,21.13,21.13,0,0,0.0,8.2,0.0,LOW_PRIORITY
ride_component_420,1,1,1,0,14.86,14.86,0,0,0.0,8.19,0.0,LOW_PRIORITY
ride_component_466,1,1,1,0,24.17,24.17,0,0,0.0,8.16,0.0,LOW_PRIORITY
ride_component_426,1,1,1,0,30.58,30.58,0,0,0.0,8.14,0.0,LOW_PRIORITY
ride_component_525,1,1,1,0,24.56,24.56,0,0,0.0,8.14,0.0,LOW_PRIORITY
ride_component_662,1,1,1,0,25.51,25.51,0,0,0.0,8.14,0.0,LOW_PRIORITY
ride_component_523,1,1,1,0,40.87,40.87,0,0,0.0,8.1,0.0,LOW_PRIORITY
ride_component_716,1,1,1,0,20.17,20.17,0,0,0.0,8.1,0.0,LOW_PRIORITY
ride_component_682,1,1,1,0,19.99,19.99,0,0,0.0,8.09,0.0,LOW_PRIORITY
ride_component_227,1,1,1,0,37.97,37.97,0,0,0.0,8.08,0.0,LOW_PRIORITY
ride_component_697,1,1,1,0,19.88,19.88,0,0,0.0,8.08,0.0,LOW_PRIORITY
ride_component_1076,1,1,1,0,26.03,26.03,0,0,0.0,8.07,0.0,LOW_PRIORITY
ride_component_1109,1,1,1,0,10.92,10.92,0,0,0.0,8.06,0.0,LOW_PRIORITY
ride_component_442,1,1,1,0,23.01,23.01,0,0,0.0,8.06,0.0,LOW_PRIORITY
ride_component_1013,1,1,1,0,20.66,20.66,0,0,0.0,8.05,0.0,LOW_PRIORITY
ride_component_601,1,1,1,0,24.24,24.24,0,0,0.0,8.05,0.0,LOW_PRIORITY
ride_component_452,1,1,1,0,22.88,22.88,0,0,0.0,8.04,0.0,LOW_PRIORITY
ride_component_512,1,1,1,0,23.42,23.42,0,0,0.0,8.04,0.0,LOW_PRIORITY
ride_component_836,1,1,1,0,41.9,41.9,0,0,0.0,8.04,0.0,LOW_PRIORITY
ride_component_676,1,1,1,0,24.44,24.44,0,0,0.0,8.03,0.0,LOW_PRIORITY
ride_component_1029,1,1,1,0,10.55,10.55,0,0,0.0,8.02,0.0,LOW_PRIORITY
ride_component_374,1,1,1,0,53.63,53.63,0,0,0.0,8.0,0.0,LOW_PRIORITY
ride_component_708,1,1,1,0,24.32,24.32,0,0,0.0,8.0,0.0,LOW_PRIORITY
ride_component_252,1,1,1,0,27.13,27.13,0,0,0.0,7.98,0.0,LOW_PRIORITY
ride_component_480,1,1,1,0,22.46,22.46,0,0,0.0,7.97,0.0,LOW_PRIORITY
ride_component_1014,1,1,1,0,24.9,24.9,0,0,0.0,7.96,0.0,LOW_PRIORITY
ride_component_1079,1,1,1,0,19.89,19.89,0,0,0.0,7.96,0.0,LOW_PRIORITY
ride_component_349,1,1,1,0,21.07,21.07,0,0,0.0,7.96,0.0,LOW_PRIORITY
ride_component_726,1,1,1,0,23.97,23.97,0,0,0.0,7.96,0.0,LOW_PRIORITY
ride_component_860,1,1,1,0,19.5,19.5,0,0,0.0,7.96,0.0,LOW_PRIORITY
ride_component_569,1,1,1,0,22.89,22.89,0,0,0.0,7.94,0.0,LOW_PRIORITY
ride_component_763,1,1,1,0,18.85,18.85,0,0,0.0,7.93,0.0,LOW_PRIORITY
ride_component_472,1,1,1,0,28.52,28.52,0,0,0.0,7.92,0.0,LOW_PRIORITY
ride_component_943,1,1,1,0,19.35,19.35,0,0,0.0,7.92,0.0,LOW_PRIORITY
ride_component_327,1,1,1,0,26.97,26.97,0,0,0.0,7.91,0.0,LOW_PRIORITY
ride_component_361,1,1,1,0,36.96,36.96,0,0,0.0,7.91,0.0,LOW_PRIORITY
ride_component_923,1,1,1,0,24.03,24.03,0,0,0.0,7.89,0.0,LOW_PRIORITY
ride_component_1093,1,1,1,0,19.2,19.2,0,0,0.0,7.88,0.0,LOW_PRIORITY
ride_component_805,1,1,1,0,23.6,23.6,0,0,0.0,7.88,0.0,LOW_PRIORITY
ride_component_291,1,1,1,0,26.08,26.08,0,0,0.0,7.85,0.0,LOW_PRIORITY
ride_component_891,1,1,1,0,39.78,39.78,0,0,0.0,7.85,0.0,LOW_PRIORITY
ride_component_174,1,1,1,0,34.65,34.65,0,0,0.0,7.84,0.0,LOW_PRIORITY
ride_component_247,1,1,1,0,18.89,18.89,0,0,0.0,7.83,0.0,LOW_PRIORITY
ride_component_501,1,1,1,0,27.77,27.77,0,0,0.0,7.83,0.0,LOW_PRIORITY
ride_component_986,1,1,1,0,39.68,39.68,0,0,0.0,7.83,0.0,LOW_PRIORITY
ride_component_859,1,1,1,0,18.1,18.1,0,0,0.0,7.81,0.0,LOW_PRIORITY
ride_component_742,1,1,1,0,22.36,22.36,0,0,0.0,7.79,0.0,LOW_PRIORITY
ride_component_668,1,1,1,0,21.89,21.89,0,0,0.0,7.78,0.0,LOW_PRIORITY
ride_component_944,1,1,1,0,18.0,18.0,0,0,0.0,7.77,0.0,LOW_PRIORITY
ride_component_948,1,1,1,0,29.43,29.43,0,0,0.0,7.76,0.0,LOW_PRIORITY
ride_component_364,1,1,1,0,25.74,25.74,0,0,0.0,7.75,0.0,LOW_PRIORITY
ride_component_824,1,1,1,0,22.17,22.17,0,0,0.0,7.73,0.0,LOW_PRIORITY
ride_component_721,1,1,1,0,27.96,27.96,0,0,0.0,7.71,0.0,LOW_PRIORITY
ride_component_752,1,1,1,0,21.36,21.36,0,0,0.0,7.69,0.0,LOW_PRIORITY
ride_component_790,1,1,1,0,12.9,12.9,0,0,0.0,7.69,0.0,LOW_PRIORITY
ride_component_488,1,1,1,0,50.18,50.18,0,0,0.0,7.68,0.0,LOW_PRIORITY
ride_component_654,1,1,1,0,20.83,20.83,0,0,0.0,7.68,0.0,LOW_PRIORITY
ride_component_749,1,1,1,0,21.28,21.28,0,0,0.0,7.68,0.0,LOW_PRIORITY
ride_component_105,1,1,1,0,31.7,31.7,0,0,0.0,7.67,0.0,LOW_PRIORITY
ride_component_1351,1,1,1,0,37.97,37.97,0,0,0.0,7.67,0.0,LOW_PRIORITY
ride_component_377,1,1,1,0,25.01,25.01,0,0,0.0,7.67,0.0,LOW_PRIORITY
ride_component_1011,1,1,1,0,21.86,21.86,0,0,0.0,7.66,0.0,LOW_PRIORITY
ride_component_459,1,1,1,0,25.4,25.4,0,0,0.0,7.64,0.0,LOW_PRIORITY
ride_component_608,1,1,1,0,20.14,20.14,0,0,0.0,7.64,0.0,LOW_PRIORITY
ride_component_618,1,1,1,0,20.29,20.29,0,0,0.0,7.64,0.0,LOW_PRIORITY
ride_component_758,1,1,1,0,20.78,20.78,0,0,0.0,7.63,0.0,LOW_PRIORITY
ride_component_167,1,1,1,0,46.17,46.17,0,0,0.0,7.59,0.0,LOW_PRIORITY
ride_component_799,1,1,1,0,20.64,20.64,0,0,0.0,7.59,0.0,LOW_PRIORITY
ride_component_133,1,1,1,0,31.05,31.05,0,0,0.0,7.58,0.0,LOW_PRIORITY
ride_component_438,1,1,1,0,24.52,24.52,0,0,0.0,7.58,0.0,LOW_PRIORITY
ride_component_580,1,1,1,0,49.26,49.26,0,0,0.0,7.56,0.0,LOW_PRIORITY
ride_component_408,1,1,1,0,23.94,23.94,0,0,0.0,7.55,0.0,LOW_PRIORITY
ride_component_418,1,1,1,0,24.11,24.11,0,0,0.0,7.55,0.0,LOW_PRIORITY
ride_component_918,1,1,1,0,26.97,26.97,0,0,0.0,7.54,0.0,LOW_PRIORITY
ride_component_178,1,1,1,0,45.37,45.37,0,0,0.0,7.53,0.0,LOW_PRIORITY
ride_component_560,1,1,1,0,25.11,25.11,0,0,0.0,7.53,0.0,LOW_PRIORITY
ride_component_412,1,1,1,0,32.42,32.42,0,0,0.0,7.49,0.0,LOW_PRIORITY
ride_component_157,1,1,1,0,29.92,29.92,0,0,0.0,7.47,0.0,LOW_PRIORITY
ride_component_544,1,1,1,0,13.12,13.12,0,0,0.0,7.46,0.0,LOW_PRIORITY
ride_component_1028,1,1,1,0,19.79,19.79,0,0,0.0,7.45,0.0,LOW_PRIORITY
ride_component_478,1,1,1,0,23.37,23.37,0,0,0.0,7.44,0.0,LOW_PRIORITY
ride_component_938,1,1,1,0,14.83,14.83,0,0,0.0,7.44,0.0,LOW_PRIORITY
ride_component_1047,1,1,1,0,8.17,8.17,0,0,0.0,7.43,0.0,LOW_PRIORITY
ride_component_746,1,1,1,0,24.99,24.99,0,0,0.0,7.43,0.0,LOW_PRIORITY
ride_component_784,1,1,1,0,18.76,18.76,0,0,0.0,7.41,0.0,LOW_PRIORITY
ride_component_188,1,1,1,0,29.37,29.37,0,0,0.0,7.4,0.0,LOW_PRIORITY
ride_component_1085,1,1,1,0,34.44,34.44,0,0,0.0,7.39,0.0,LOW_PRIORITY
ride_component_490,1,1,1,0,22.8,22.8,0,0,0.0,7.38,0.0,LOW_PRIORITY
ride_component_1131,1,1,1,0,25.34,25.34,0,0,0.0,7.37,0.0,LOW_PRIORITY
ride_component_989,1,1,1,0,18.94,18.94,0,0,0.0,7.37,0.0,LOW_PRIORITY
ride_component_534,1,1,1,0,46.12,46.12,0,0,0.0,7.36,0.0,LOW_PRIORITY
ride_component_931,1,1,1,0,18.77,18.77,0,0,0.0,7.36,0.0,LOW_PRIORITY
ride_component_981,1,1,1,0,24.92,24.92,0,0,0.0,7.35,0.0,LOW_PRIORITY
ride_component_869,1,1,1,0,18.27,18.27,0,0,0.0,7.33,0.0,LOW_PRIORITY
ride_component_880,1,1,1,0,18.15,18.15,0,0,0.0,7.32,0.0,LOW_PRIORITY
ride_component_1068,1,1,1,0,33.54,33.54,0,0,0.0,7.31,0.0,LOW_PRIORITY
ride_component_354,1,1,1,0,43.71,43.71,0,0,0.0,7.31,0.0,LOW_PRIORITY
ride_component_528,1,1,1,0,22.4,22.4,0,0,0.0,7.31,0.0,LOW_PRIORITY
ride_component_751,1,1,1,0,17.51,17.51,0,0,0.0,7.31,0.0,LOW_PRIORITY
ride_component_260,1,1,1,0,28.48,28.48,0,0,0.0,7.28,0.0,LOW_PRIORITY
ride_component_53,1,1,1,0,39.51,39.51,0,0,0.0,7.28,0.0,LOW_PRIORITY
ride_component_300,1,1,1,0,28.56,28.56,0,0,0.0,7.27,0.0,LOW_PRIORITY
ride_component_527,1,1,1,0,22.0,22.0,0,0,0.0,7.27,0.0,LOW_PRIORITY
ride_component_847,1,1,1,0,46.59,46.59,0,0,0.0,7.27,0.0,LOW_PRIORITY
ride_component_1072,1,1,1,0,17.94,17.94,0,0,0.0,7.26,0.0,LOW_PRIORITY
ride_component_181,1,1,1,0,27.62,27.62,0,0,0.0,7.26,0.0,LOW_PRIORITY
ride_component_200,1,1,1,0,27.78,27.78,0,0,0.0,7.26,0.0,LOW_PRIORITY
ride_component_967,1,1,1,0,23.85,23.85,0,0,0.0,7.25,0.0,LOW_PRIORITY
ride_component_1097,1,1,1,0,17.61,17.61,0,0,0.0,7.23,0.0,LOW_PRIORITY
ride_component_775,1,1,1,0,22.95,22.95,0,0,0.0,7.22,0.0,LOW_PRIORITY
ride_component_360,1,1,1,0,28.49,28.49,0,0,0.0,7.21,0.0,LOW_PRIORITY
ride_component_958,1,1,1,0,45.95,45.95,0,0,0.0,7.2,0.0,LOW_PRIORITY
ride_component_683,1,1,1,0,30.85,30.85,0,0,0.0,7.19,0.0,LOW_PRIORITY
ride_component_303,1,1,1,0,27.56,27.56,0,0,0.0,7.18,0.0,LOW_PRIORITY
ride_component_1098,1,1,1,0,23.09,23.09,0,0,0.0,7.17,0.0,LOW_PRIORITY
ride_component_241,1,1,1,0,27.0,27.0,0,0,0.0,7.17,0.0,LOW_PRIORITY
ride_component_272,1,1,1,0,27.21,27.21,0,0,0.0,7.17,0.0,LOW_PRIORITY
ride_component_596,1,1,1,0,21.4,21.4,0,0,0.0,7.17,0.0,LOW_PRIORITY
ride_component_736,1,1,1,0,30.89,30.89,0,0,0.0,7.17,0.0,LOW_PRIORITY
ride_component_551,1,1,1,0,21.01,21.01,0,0,0.0,7.16,0.0,LOW_PRIORITY
ride_component_602,1,1,1,0,15.27,15.27,0,0,0.0,7.16,0.0,LOW_PRIORITY
ride_component_613,1,1,1,0,21.46,21.46,0,0,0.0,7.16,0.0,LOW_PRIORITY
ride_component_755,1,1,1,0,44.46,44.46,0,0,0.0,7.15,0.0,LOW_PRIORITY
ride_component_267,1,1,1,0,26.76,26.76,0,0,0.0,7.14,0.0,LOW_PRIORITY
ride_component_703,1,1,1,0,21.56,21.56,0,0,0.0,7.13,0.0,LOW_PRIORITY
ride_component_816,1,1,1,0,30.66,30.66,0,0,0.0,7.12,0.0,LOW_PRIORITY
ride_component_754,1,1,1,0,21.54,21.54,0,0,0.0,7.11,0.0,LOW_PRIORITY
ride_component_637,1,1,1,0,29.42,29.42,0,0,0.0,7.09,0.0,LOW_PRIORITY
ride_component_874,1,1,1,0,30.45,30.45,0,0,0.0,7.09,0.0,LOW_PRIORITY
ride_component_487,1,1,1,0,28.12,28.12,0,0,0.0,7.08,0.0,LOW_PRIORITY
ride_component_651,1,1,1,0,29.32,29.32,0,0,0.0,7.08,0.0,LOW_PRIORITY
ride_component_652,1,1,1,0,14.67,14.67,0,0,0.0,7.07,0.0,LOW_PRIORITY
ride_component_796,1,1,1,0,29.99,29.99,0,0,0.0,7.07,0.0,LOW_PRIORITY
ride_component_857,1,1,1,0,15.63,15.63,0,0,0.0,7.07,0.0,LOW_PRIORITY
ride_component_410,1,1,1,0,27.19,27.19,0,0,0.0,7.06,0.0,LOW_PRIORITY
ride_component_819,1,1,1,0,10.83,10.83,0,0,0.0,7.06,0.0,LOW_PRIORITY
ride_component_474,1,1,1,0,19.09,19.09,0,0,0.0,7.05,0.0,LOW_PRIORITY
ride_component_101,1,1,1,0,23.93,23.93,0,0,0.0,7.04,0.0,LOW_PRIORITY
ride_component_622,1,1,1,0,20.18,20.18,0,0,0.0,7.04,0.0,LOW_PRIORITY
ride_component_615,1,1,1,0,42.1,42.1,0,0,0.0,7.03,0.0,LOW_PRIORITY
ride_component_661,1,1,1,0,19.88,19.88,0,0,0.0,7.0,0.0,LOW_PRIORITY
ride_component_732,1,1,1,0,20.27,20.27,0,0,0.0,7.0,0.0,LOW_PRIORITY
ride_component_868,1,1,1,0,10.53,10.53,0,0,0.0,7.0,0.0,LOW_PRIORITY
ride_component_710,1,1,1,0,19.99,19.99,0,0,0.0,6.98,0.0,LOW_PRIORITY
ride_component_416,1,1,1,0,26.19,26.19,0,0,0.0,6.97,0.0,LOW_PRIORITY
ride_component_97,1,1,1,0,23.06,23.06,0,0,0.0,6.97,0.0,LOW_PRIORITY
ride_component_827,1,1,1,0,20.2,20.2,0,0,0.0,6.95,0.0,LOW_PRIORITY
ride_component_972,1,1,1,0,42.4,42.4,0,0,0.0,6.95,0.0,LOW_PRIORITY
ride_component_802,1,1,1,0,19.92,19.92,0,0,0.0,6.94,0.0,LOW_PRIORITY
ride_component_705,1,1,1,0,13.39,13.39,0,0,0.0,6.92,0.0,LOW_PRIORITY
ride_component_595,1,1,1,0,27.01,27.01,0,0,0.0,6.91,0.0,LOW_PRIORITY
ride_component_649,1,1,1,0,27.2,27.2,0,0,0.0,6.9,0.0,LOW_PRIORITY
ride_component_977,1,1,1,0,41.64,41.64,0,0,0.0,6.9,0.0,LOW_PRIORITY
ride_component_302,1,1,1,0,24.04,24.04,0,0,0.0,6.89,0.0,LOW_PRIORITY
ride_component_348,1,1,1,0,16.1,16.1,0,0,0.0,6.89,0.0,LOW_PRIORITY
ride_component_621,1,1,1,0,40.24,40.24,0,0,0.0,6.89,0.0,LOW_PRIORITY
ride_component_814,1,1,1,0,19.43,19.43,0,0,0.0,6.89,0.0,LOW_PRIORITY
ride_component_1007,1,1,1,0,19.8,19.8,0,0,0.0,6.88,0.0,LOW_PRIORITY
ride_component_589,1,1,1,0,26.59,26.59,0,0,0.0,6.88,0.0,LOW_PRIORITY
ride_component_743,1,1,1,0,40.57,40.57,0,0,0.0,6.88,0.0,LOW_PRIORITY
ride_component_840,1,1,1,0,19.4,19.4,0,0,0.0,6.88,0.0,LOW_PRIORITY
ride_component_852,1,1,1,0,41.13,41.13,0,0,0.0,6.88,0.0,LOW_PRIORITY
ride_component_539,1,1,1,0,25.77,25.77,0,0,0.0,6.85,0.0,LOW_PRIORITY
ride_component_863,1,1,1,0,19.27,19.27,0,0,0.0,6.85,0.0,LOW_PRIORITY
ride_component_971,1,1,1,0,40.95,40.95,0,0,0.0,6.85,0.0,LOW_PRIORITY
ride_component_858,1,1,1,0,19.07,19.07,0,0,0.0,6.84,0.0,LOW_PRIORITY
ride_component_970,1,1,1,0,40.87,40.87,0,0,0.0,6.84,0.0,LOW_PRIORITY
ride_component_83,1,1,1,0,34.34,34.34,0,0,0.0,6.83,0.0,LOW_PRIORITY
ride_component_941,1,1,1,0,18.83,18.83,0,0,0.0,6.8,0.0,LOW_PRIORITY
ride_component_176,1,1,1,0,21.97,21.97,0,0,0.0,6.79,0.0,LOW_PRIORITY
ride_component_1069,1,1,1,0,12.97,12.97,0,0,0.0,6.77,0.0,LOW_PRIORITY
ride_component_997,1,1,1,0,18.52,18.52,0,0,0.0,6.76,0.0,LOW_PRIORITY
ride_component_541,1,1,1,0,24.39,24.39,0,0,0.0,6.73,0.0,LOW_PRIORITY
ride_component_811,1,1,1,0,11.72,11.72,0,0,0.0,6.7,0.0,LOW_PRIORITY
ride_component_1265,1,1,1,0,18.0,18.0,0,0,0.0,6.69,0.0,LOW_PRIORITY
ride_component_67,1,1,1,0,56.17,56.17,0,0,0.0,6.69,0.0,LOW_PRIORITY
ride_component_770,1,1,1,0,25.26,25.26,0,0,0.0,6.69,0.0,LOW_PRIORITY
ride_component_351,1,1,1,0,21.9,21.9,0,0,0.0,6.68,0.0,LOW_PRIORITY
ride_component_99,1,1,1,0,31.93,31.93,0,0,0.0,6.64,0.0,LOW_PRIORITY
ride_component_1226,1,1,1,0,17.25,17.25,0,0,0.0,6.63,0.0,LOW_PRIORITY
ride_component_496,1,1,1,0,22.52,22.52,0,0,0.0,6.62,0.0,LOW_PRIORITY
ride_component_925,1,1,1,0,11.29,11.29,0,0,0.0,6.62,0.0,LOW_PRIORITY
ride_component_495,1,1,1,0,21.95,21.95,0,0,0.0,6.57,0.0,LOW_PRIORITY
ride_component_674,1,1,1,0,23.17,23.17,0,0,0.0,6.56,0.0,LOW_PRIORITY
ride_component_599,1,1,1,0,22.6,22.6,0,0,0.0,6.55,0.0,LOW_PRIORITY
ride_component_177,1,1,1,0,18.94,18.94,0,0,0.0,6.54,0.0,LOW_PRIORITY
ride_component_647,1,1,1,0,14.24,14.24,0,0,0.0,6.49,0.0,LOW_PRIORITY
ride_component_644,1,1,1,0,21.95,21.95,0,0,0.0,6.47,0.0,LOW_PRIORITY
ride_component_352,1,1,1,0,19.16,19.16,0,0,0.0,6.45,0.0,LOW_PRIORITY
ride_component_942,1,1,1,0,14.96,14.96,0,0,0.0,6.44,0.0,LOW_PRIORITY
ride_component_1113,1,1,1,0,22.78,22.78,0,0,0.0,6.43,0.0,LOW_PRIORITY
ride_component_136,1,1,1,0,29.12,29.12,0,0,0.0,6.41,0.0,LOW_PRIORITY
ride_component_576,1,1,1,0,20.71,20.71,0,0,0.0,6.41,0.0,LOW_PRIORITY
ride_component_1147,1,1,1,0,34.84,34.84,0,0,0.0,6.4,0.0,LOW_PRIORITY
ride_component_1148,1,1,1,0,34.84,34.84,0,0,0.0,6.4,0.0,LOW_PRIORITY
ride_component_707,1,1,1,0,13.64,13.64,0,0,0.0,6.4,0.0,LOW_PRIORITY
ride_component_170,1,1,1,0,52.36,52.36,0,0,0.0,6.39,0.0,LOW_PRIORITY
ride_component_673,1,1,1,0,21.04,21.04,0,0,0.0,6.39,0.0,LOW_PRIORITY
ride_component_1139,1,1,1,0,22.29,22.29,0,0,0.0,6.38,0.0,LOW_PRIORITY
ride_component_917,1,1,1,0,21.7,21.7,0,0,0.0,6.36,0.0,LOW_PRIORITY
ride_component_433,1,1,1,0,30.99,30.99,0,0,0.0,6.35,0.0,LOW_PRIORITY
ride_component_1372,1,1,1,0,34.12,34.12,0,0,0.0,6.34,0.0,LOW_PRIORITY
ride_component_309,1,1,1,0,29.63,29.63,0,0,0.0,6.34,0.0,LOW_PRIORITY
ride_component_604,1,1,1,0,20.01,20.01,0,0,0.0,6.33,0.0,LOW_PRIORITY
ride_component_288,1,1,1,0,29.1,29.1,0,0,0.0,6.32,0.0,LOW_PRIORITY
ride_component_1134,1,1,1,0,33.55,33.55,0,0,0.0,6.31,0.0,LOW_PRIORITY
ride_component_759,1,1,1,0,20.37,20.37,0,0,0.0,6.3,0.0,LOW_PRIORITY
ride_component_803,1,1,1,0,20.66,20.66,0,0,0.0,6.3,0.0,LOW_PRIORITY
ride_component_817,1,1,1,0,20.69,20.69,0,0,0.0,6.3,0.0,LOW_PRIORITY
ride_component_922,1,1,1,0,20.72,20.72,0,0,0.0,6.28,0.0,LOW_PRIORITY
ride_component_292,1,1,1,0,16.44,16.44,0,0,0.0,6.27,0.0,LOW_PRIORITY
ride_component_665,1,1,1,0,19.54,19.54,0,0,0.0,6.27,0.0,LOW_PRIORITY
ride_component_1251,1,1,1,0,7.94,7.94,0,0,0.0,6.26,0.0,LOW_PRIORITY
ride_component_632,1,1,1,0,31.36,31.36,0,0,0.0,6.26,0.0,LOW_PRIORITY
ride_component_804,1,1,1,0,19.96,19.96,0,0,0.0,6.25,0.0,LOW_PRIORITY
ride_component_808,1,1,1,0,20.05,20.05,0,0,0.0,6.25,0.0,LOW_PRIORITY
ride_component_1426,1,1,1,0,20.68,20.68,0,0,0.0,6.24,0.0,LOW_PRIORITY
ride_component_912,1,1,1,0,20.25,20.25,0,0,0.0,6.24,0.0,LOW_PRIORITY
ride_component_1001,1,1,1,0,20.3,20.3,0,0,0.0,6.23,0.0,LOW_PRIORITY
ride_component_704,1,1,1,0,19.2,19.2,0,0,0.0,6.22,0.0,LOW_PRIORITY
ride_component_383,1,1,1,0,28.54,28.54,0,0,0.0,6.21,0.0,LOW_PRIORITY
ride_component_696,1,1,1,0,11.51,11.51,0,0,0.0,6.21,0.0,LOW_PRIORITY
ride_component_1263,1,1,1,0,12.6,12.6,0,0,0.0,6.2,0.0,LOW_PRIORITY
ride_component_321,1,1,1,0,27.77,27.77,0,0,0.0,6.2,0.0,LOW_PRIORITY
ride_component_712,1,1,1,0,18.92,18.92,0,0,0.0,6.2,0.0,LOW_PRIORITY
ride_component_715,1,1,1,0,18.95,18.95,0,0,0.0,6.2,0.0,LOW_PRIORITY
ride_component_246,1,1,1,0,26.98,26.98,0,0,0.0,6.19,0.0,LOW_PRIORITY
ride_component_910,1,1,1,0,19.63,19.63,0,0,0.0,6.19,0.0,LOW_PRIORITY
ride_component_1022,1,1,1,0,19.43,19.43,0,0,0.0,6.16,0.0,LOW_PRIORITY
ride_component_1325,1,1,1,0,19.68,19.68,0,0,0.0,6.16,0.0,LOW_PRIORITY
ride_component_307,1,1,1,0,26.96,26.96,0,0,0.0,6.16,0.0,LOW_PRIORITY
ride_component_678,1,1,1,0,29.94,29.94,0,0,0.0,6.15,0.0,LOW_PRIORITY
ride_component_878,1,1,1,0,19.09,19.09,0,0,0.0,6.15,0.0,LOW_PRIORITY
ride_component_1046,1,1,1,0,19.28,19.28,0,0,0.0,6.14,0.0,LOW_PRIORITY
ride_component_440,1,1,1,0,28.04,28.04,0,0,0.0,6.14,0.0,LOW_PRIORITY
ride_component_762,1,1,1,0,18.49,18.49,0,0,0.0,6.14,0.0,LOW_PRIORITY
ride_component_850,1,1,1,0,18.82,18.82,0,0,0.0,6.14,0.0,LOW_PRIORITY
ride_component_933,1,1,1,0,19.06,19.06,0,0,0.0,6.14,0.0,LOW_PRIORITY
ride_component_954,1,1,1,0,19.12,19.12,0,0,0.0,6.14,0.0,LOW_PRIORITY
ride_component_1331,1,1,1,0,31.14,31.14,0,0,0.0,6.13,0.0,LOW_PRIORITY
ride_component_764,1,1,1,0,18.35,18.35,0,0,0.0,6.13,0.0,LOW_PRIORITY
ride_component_1264,1,1,1,0,19.17,19.17,0,0,0.0,6.12,0.0,LOW_PRIORITY
ride_component_786,1,1,1,0,18.34,18.34,0,0,0.0,6.12,0.0,LOW_PRIORITY
ride_component_788,1,1,1,0,18.33,18.33,0,0,0.0,6.12,0.0,LOW_PRIORITY
ride_component_795,1,1,1,0,18.43,18.43,0,0,0.0,6.12,0.0,LOW_PRIORITY
ride_component_98,1,1,1,0,46.84,46.84,0,0,0.0,6.12,0.0,LOW_PRIORITY
ride_component_725,1,1,1,0,10.46,10.46,0,0,0.0,6.1,0.0,LOW_PRIORITY
ride_component_367,1,1,1,0,26.68,26.68,0,0,0.0,6.09,0.0,LOW_PRIORITY
ride_component_558,1,1,1,0,28.37,28.37,0,0,0.0,6.08,0.0,LOW_PRIORITY
ride_component_185,1,1,1,0,24.83,24.83,0,0,0.0,6.07,0.0,LOW_PRIORITY
ride_component_909,1,1,1,0,18.16,18.16,0,0,0.0,6.07,0.0,LOW_PRIORITY
ride_component_559,1,1,1,0,49.85,49.85,0,0,0.0,6.05,0.0,LOW_PRIORITY
ride_component_894,1,1,1,0,17.9,17.9,0,0,0.0,6.05,0.0,LOW_PRIORITY
ride_component_928,1,1,1,0,17.73,17.73,0,0,0.0,6.03,0.0,LOW_PRIORITY
ride_component_1496,1,1,1,0,17.98,17.98,0,0,0.0,6.02,0.0,LOW_PRIORITY
ride_component_457,1,1,1,0,26.26,26.26,0,0,0.0,6.0,0.0,LOW_PRIORITY
ride_component_1051,1,1,1,0,17.39,17.39,0,0,0.0,5.99,0.0,LOW_PRIORITY
ride_component_1153,1,1,1,0,17.55,17.55,0,0,0.0,5.99,0.0,LOW_PRIORITY
ride_component_1204,1,1,1,0,17.48,17.48,0,0,0.0,5.98,0.0,LOW_PRIORITY
ride_component_1297,1,1,1,0,17.41,17.41,0,0,0.0,5.98,0.0,LOW_PRIORITY
ride_component_573,1,1,1,0,26.99,26.99,0,0,0.0,5.98,0.0,LOW_PRIORITY
ride_component_455,1,1,1,0,25.83,25.83,0,0,0.0,5.97,0.0,LOW_PRIORITY
ride_component_520,1,1,1,0,26.26,26.26,0,0,0.0,5.96,0.0,LOW_PRIORITY
ride_component_462,1,1,1,0,25.66,25.66,0,0,0.0,5.95,0.0,LOW_PRIORITY
ride_component_1241,1,1,1,0,9.49,9.49,0,0,0.0,5.92,0.0,LOW_PRIORITY
ride_component_1121,1,1,1,0,27.82,27.82,0,0,0.0,5.9,0.0,LOW_PRIORITY
ride_component_870,1,1,1,0,8.88,8.88,0,0,0.0,5.9,0.0,LOW_PRIORITY
ride_component_886,1,1,1,0,8.79,8.79,0,0,0.0,5.89,0.0,LOW_PRIORITY
ride_component_675,1,1,1,0,14.86,14.86,0,0,0.0,5.88,0.0,LOW_PRIORITY
ride_component_517,1,1,1,0,46.22,46.22,0,0,0.0,5.87,0.0,LOW_PRIORITY
ride_component_887,1,1,1,0,8.46,8.46,0,0,0.0,5.86,0.0,LOW_PRIORITY
ride_component_330,1,1,1,0,22.9,22.9,0,0,0.0,5.85,0.0,LOW_PRIORITY
ride_component_745,1,1,1,0,14.88,14.88,0,0,0.0,5.85,0.0,LOW_PRIORITY
ride_component_179,1,1,1,0,21.49,21.49,0,0,0.0,5.83,0.0,LOW_PRIORITY
ride_component_691,1,1,1,0,25.6,25.6,0,0,0.0,5.83,0.0,LOW_PRIORITY
ride_component_877,1,1,1,0,26.45,26.45,0,0,0.0,5.83,0.0,LOW_PRIORITY
ride_component_538,1,1,1,0,24.54,24.54,0,0,0.0,5.82,0.0,LOW_PRIORITY
ride_component_583,1,1,1,0,24.54,24.54,0,0,0.0,5.8,0.0,LOW_PRIORITY
ride_component_1071,1,1,1,0,26.15,26.15,0,0,0.0,5.79,0.0,LOW_PRIORITY
ride_component_953,1,1,1,0,14.72,14.72,0,0,0.0,5.78,0.0,LOW_PRIORITY
ride_component_422,1,1,1,0,22.78,22.78,0,0,0.0,5.77,0.0,LOW_PRIORITY
ride_component_242,1,1,1,0,41.8,41.8,0,0,0.0,5.76,0.0,LOW_PRIORITY
ride_component_838,1,1,1,0,24.98,24.98,0,0,0.0,5.74,0.0,LOW_PRIORITY
ride_component_565,1,1,1,0,23.47,23.47,0,0,0.0,5.73,0.0,LOW_PRIORITY
ride_component_553,1,1,1,0,22.78,22.78,0,0,0.0,5.69,0.0,LOW_PRIORITY
ride_component_686,1,1,1,0,23.3,23.3,0,0,0.0,5.67,0.0,LOW_PRIORITY
ride_component_771,1,1,1,0,23.8,23.8,0,0,0.0,5.67,0.0,LOW_PRIORITY
ride_component_506,1,1,1,0,21.91,21.91,0,0,0.0,5.66,0.0,LOW_PRIORITY
ride_component_592,1,1,1,0,22.54,22.54,0,0,0.0,5.65,0.0,LOW_PRIORITY
ride_component_20,1,1,1,0,34.87,34.87,0,0,0.0,5.61,0.0,LOW_PRIORITY
ride_component_1062,1,1,1,0,23.49,23.49,0,0,0.0,5.6,0.0,LOW_PRIORITY
ride_component_619,1,1,1,0,21.9,21.9,0,0,0.0,5.59,0.0,LOW_PRIORITY
ride_component_677,1,1,1,0,42.16,42.16,0,0,0.0,5.58,0.0,LOW_PRIORITY
ride_component_261,1,1,1,0,38.63,38.63,0,0,0.0,5.57,0.0,LOW_PRIORITY
ride_component_545,1,1,1,0,20.86,20.86,0,0,0.0,5.56,0.0,LOW_PRIORITY
ride_component_774,1,1,1,0,22.26,22.26,0,0,0.0,5.56,0.0,LOW_PRIORITY
ride_component_921,1,1,1,0,11.7,11.7,0,0,0.0,5.53,0.0,LOW_PRIORITY
ride_component_353,1,1,1,0,38.31,38.31,0,0,0.0,5.51,0.0,LOW_PRIORITY
ride_component_737,1,1,1,0,21.25,21.25,0,0,0.0,5.51,0.0,LOW_PRIORITY
ride_component_313,1,1,1,0,17.8,17.8,0,0,0.0,5.5,0.0,LOW_PRIORITY
ride_component_969,1,1,1,0,41.9,41.9,0,0,0.0,5.5,0.0,LOW_PRIORITY
ride_component_919,1,1,1,0,21.66,21.66,0,0,0.0,5.49,0.0,LOW_PRIORITY
ride_component_773,1,1,1,0,21.15,21.15,0,0,0.0,5.48,0.0,LOW_PRIORITY
ride_component_1045,1,1,1,0,11.05,11.05,0,0,0.0,5.47,0.0,LOW_PRIORITY
ride_component_856,1,1,1,0,41.02,41.02,0,0,0.0,5.47,0.0,LOW_PRIORITY
ride_component_1039,1,1,1,0,21.5,21.5,0,0,0.0,5.46,0.0,LOW_PRIORITY
ride_component_1358,1,1,1,0,11.11,11.11,0,0,0.0,5.46,0.0,LOW_PRIORITY
ride_component_738,1,1,1,0,20.65,20.65,0,0,0.0,5.46,0.0,LOW_PRIORITY
ride_component_1438,1,1,1,0,11.08,11.08,0,0,0.0,5.45,0.0,LOW_PRIORITY
ride_component_702,1,1,1,0,20.18,20.18,0,0,0.0,5.44,0.0,LOW_PRIORITY
ride_component_340,1,1,1,0,16.99,16.99,0,0,0.0,5.42,0.0,LOW_PRIORITY
ride_component_646,1,1,1,0,19.64,19.64,0,0,0.0,5.42,0.0,LOW_PRIORITY
ride_component_670,1,1,1,0,19.65,19.65,0,0,0.0,5.42,0.0,LOW_PRIORITY
ride_component_689,1,1,1,0,19.68,19.68,0,0,0.0,5.41,0.0,LOW_PRIORITY
ride_component_94,1,1,1,0,34.16,34.16,0,0,0.0,5.41,0.0,LOW_PRIORITY
ride_component_1128,1,1,1,0,10.25,10.25,0,0,0.0,5.39,0.0,LOW_PRIORITY
ride_component_1441,1,1,1,0,10.32,10.32,0,0,0.0,5.39,0.0,LOW_PRIORITY
ride_component_1124,1,1,1,0,20.37,20.37,0,0,0.0,5.38,0.0,LOW_PRIORITY
ride_component_1310,1,1,1,0,10.17,10.17,0,0,0.0,5.38,0.0,LOW_PRIORITY
ride_component_750,1,1,1,0,9.16,9.16,0,0,0.0,5.38,0.0,LOW_PRIORITY
ride_component_896,1,1,1,0,20.19,20.19,0,0,0.0,5.38,0.0,LOW_PRIORITY
ride_component_1145,1,1,1,0,20.37,20.37,0,0,0.0,5.37,0.0,LOW_PRIORITY
ride_component_1457,1,1,1,0,20.38,20.38,0,0,0.0,5.37,0.0,LOW_PRIORITY
ride_component_679,1,1,1,0,19.0,19.0,0,0,0.0,5.37,0.0,LOW_PRIORITY
ride_component_1429,1,1,1,0,9.94,9.94,0,0,0.0,5.36,0.0,LOW_PRIORITY
ride_component_908,1,1,1,0,19.8,19.8,0,0,0.0,5.35,0.0,LOW_PRIORITY
ride_component_1430,1,1,1,0,19.94,19.94,0,0,0.0,5.34,0.0,LOW_PRIORITY
ride_component_845,1,1,1,0,19.43,19.43,0,0,0.0,5.34,0.0,LOW_PRIORITY
ride_component_913,1,1,1,0,19.59,19.59,0,0,0.0,5.34,0.0,LOW_PRIORITY
ride_component_806,1,1,1,0,19.05,19.05,0,0,0.0,5.33,0.0,LOW_PRIORITY
ride_component_966,1,1,1,0,9.27,9.27,0,0,0.0,5.33,0.0,LOW_PRIORITY
ride_component_744,1,1,1,0,18.64,18.64,0,0,0.0,5.32,0.0,LOW_PRIORITY
ride_component_787,1,1,1,0,18.85,18.85,0,0,0.0,5.32,0.0,LOW_PRIORITY
ride_component_1041,1,1,1,0,19.3,19.3,0,0,0.0,5.31,0.0,LOW_PRIORITY
ride_component_1231,1,1,1,0,19.5,19.5,0,0,0.0,5.31,0.0,LOW_PRIORITY
ride_component_1343,1,1,1,0,19.59,19.59,0,0,0.0,5.31,0.0,LOW_PRIORITY
ride_component_792,1,1,1,0,18.71,18.71,0,0,0.0,5.31,0.0,LOW_PRIORITY
ride_component_1112,1,1,1,0,19.26,19.26,0,0,0.0,5.3,0.0,LOW_PRIORITY
ride_component_1246,1,1,1,0,19.41,19.41,0,0,0.0,5.3,0.0,LOW_PRIORITY
ride_component_645,1,1,1,0,37.03,37.03,0,0,0.0,5.3,0.0,LOW_PRIORITY
ride_component_753,1,1,1,0,18.38,18.38,0,0,0.0,5.3,0.0,LOW_PRIORITY
ride_component_780,1,1,1,0,18.56,18.56,0,0,0.0,5.3,0.0,LOW_PRIORITY
ride_component_864,1,1,1,0,18.9,18.9,0,0,0.0,5.3,0.0,LOW_PRIORITY
ride_component_875,1,1,1,0,8.73,8.73,0,0,0.0,5.3,0.0,LOW_PRIORITY
ride_component_765,1,1,1,0,18.41,18.41,0,0,0.0,5.29,0.0,LOW_PRIORITY
ride_component_112,1,1,1,0,32.14,32.14,0,0,0.0,5.28,0.0,LOW_PRIORITY
ride_component_1266,1,1,1,0,19.09,19.09,0,0,0.0,5.28,0.0,LOW_PRIORITY
ride_component_810,1,1,1,0,18.35,18.35,0,0,0.0,5.28,0.0,LOW_PRIORITY
ride_component_1447,1,1,1,0,8.91,8.91,0,0,0.0,5.27,0.0,LOW_PRIORITY
ride_component_1163,1,1,1,0,8.63,8.63,0,0,0.0,5.26,0.0,LOW_PRIORITY
ride_component_800,1,1,1,0,18.09,18.09,0,0,0.0,5.26,0.0,LOW_PRIORITY
ride_component_828,1,1,1,0,18.19,18.19,0,0,0.0,5.26,0.0,LOW_PRIORITY
ride_component_1326,1,1,1,0,18.74,18.74,0,0,0.0,5.25,0.0,LOW_PRIORITY
ride_component_659,1,1,1,0,17.16,17.16,0,0,0.0,5.24,0.0,LOW_PRIORITY
ride_component_992,1,1,1,0,8.25,8.25,0,0,0.0,5.24,0.0,LOW_PRIORITY
ride_component_1390,1,1,1,0,8.43,8.43,0,0,0.0,5.23,0.0,LOW_PRIORITY
ride_component_926,1,1,1,0,17.91,17.91,0,0,0.0,5.22,0.0,LOW_PRIORITY
ride_component_1060,1,1,1,0,18.05,18.05,0,0,0.0,5.21,0.0,LOW_PRIORITY
ride_component_1084,1,1,1,0,7.94,7.94,0,0,0.0,5.21,0.0,LOW_PRIORITY
ride_component_1151,1,1,1,0,18.0,18.0,0,0,0.0,5.21,0.0,LOW_PRIORITY
ride_component_951,1,1,1,0,17.78,17.78,0,0,0.0,5.2,0.0,LOW_PRIORITY
ride_component_905,1,1,1,0,17.46,17.46,0,0,0.0,5.19,0.0,LOW_PRIORITY
ride_component_946,1,1,1,0,17.47,17.47,0,0,0.0,5.18,0.0,LOW_PRIORITY
ride_component_1081,1,1,1,0,35.83,35.83,0,0,0.0,5.15,0.0,LOW_PRIORITY
ride_component_1284,1,1,1,0,17.25,17.25,0,0,0.0,5.15,0.0,LOW_PRIORITY
ride_component_243,1,1,1,0,30.63,30.63,0,0,0.0,5.13,0.0,LOW_PRIORITY
ride_component_643,1,1,1,0,15.09,15.09,0,0,0.0,5.1,0.0,LOW_PRIORITY
ride_component_202,1,1,1,0,29.68,29.68,0,0,0.0,5.09,0.0,LOW_PRIORITY
ride_component_305,1,1,1,0,30.41,30.41,0,0,0.0,5.09,0.0,LOW_PRIORITY
ride_component_843,1,1,1,0,34.13,34.13,0,0,0.0,5.08,0.0,LOW_PRIORITY
ride_component_995,1,1,1,0,15.72,15.72,0,0,0.0,5.05,0.0,LOW_PRIORITY
ride_component_216,1,1,1,0,28.3,28.3,0,0,0.0,5.01,0.0,LOW_PRIORITY
ride_component_276,1,1,1,0,28.52,28.52,0,0,0.0,5.0,0.0,LOW_PRIORITY
ride_component_1168,1,1,1,0,32.86,32.86,0,0,0.0,4.98,0.0,LOW_PRIORITY
ride_component_1149,1,1,1,0,32.53,32.53,0,0,0.0,4.96,0.0,LOW_PRIORITY
ride_component_861,1,1,1,0,31.7,31.7,0,0,0.0,4.94,0.0,LOW_PRIORITY
ride_component_1439,1,1,1,0,13.46,13.46,0,0,0.0,4.88,0.0,LOW_PRIORITY
ride_component_1330,1,1,1,0,30.89,30.89,0,0,0.0,4.86,0.0,LOW_PRIORITY
ride_component_1373,1,1,1,0,30.86,30.86,0,0,0.0,4.86,0.0,LOW_PRIORITY
ride_component_285,1,1,1,0,26.25,26.25,0,0,0.0,4.86,0.0,LOW_PRIORITY
ride_component_823,1,1,1,0,30.16,30.16,0,0,0.0,4.86,0.0,LOW_PRIORITY
ride_component_825,1,1,1,0,12.53,12.53,0,0,0.0,4.86,0.0,LOW_PRIORITY
ride_component_95,1,1,1,0,24.26,24.26,0,0,0.0,4.85,0.0,LOW_PRIORITY
ride_component_685,1,1,1,0,28.66,28.66,0,0,0.0,4.81,0.0,LOW_PRIORITY
ride_component_1435,1,1,1,0,12.35,12.35,0,0,0.0,4.8,0.0,LOW_PRIORITY
ride_component_748,1,1,1,0,11.2,11.2,0,0,0.0,4.79,0.0,LOW_PRIORITY
ride_component_855,1,1,1,0,11.66,11.66,0,0,0.0,4.79,0.0,LOW_PRIORITY
ride_component_781,1,1,1,0,10.83,10.83,0,0,0.0,4.75,0.0,LOW_PRIORITY
ride_component_1500,1,1,1,0,11.61,11.61,0,0,0.0,4.74,0.0,LOW_PRIORITY
ride_component_1413,1,1,1,0,11.47,11.47,0,0,0.0,4.73,0.0,LOW_PRIORITY
ride_component_949,1,1,1,0,11.05,11.05,0,0,0.0,4.73,0.0,LOW_PRIORITY
ride_component_830,1,1,1,0,10.57,10.57,0,0,0.0,4.72,0.0,LOW_PRIORITY
ride_component_797,1,1,1,0,10.39,10.39,0,0,0.0,4.71,0.0,LOW_PRIORITY
ride_component_812,1,1,1,0,10.23,10.23,0,0,0.0,4.7,0.0,LOW_PRIORITY
ride_component_477,1,1,1,0,24.93,24.93,0,0,0.0,4.69,0.0,LOW_PRIORITY
ride_component_552,1,1,1,0,25.73,25.73,0,0,0.0,4.69,0.0,LOW_PRIORITY
ride_component_757,1,1,1,0,9.66,9.66,0,0,0.0,4.68,0.0,LOW_PRIORITY
ride_component_1208,1,1,1,0,10.47,10.47,0,0,0.0,4.67,0.0,LOW_PRIORITY
ride_component_419,1,1,1,0,24.12,24.12,0,0,0.0,4.67,0.0,LOW_PRIORITY
ride_component_1295,1,1,1,0,10.37,10.37,0,0,0.0,4.66,0.0,LOW_PRIORITY
ride_component_1355,1,1,1,0,10.21,10.21,0,0,0.0,4.65,0.0,LOW_PRIORITY
ride_component_437,1,1,1,0,23.96,23.96,0,0,0.0,4.65,0.0,LOW_PRIORITY
ride_component_1380,1,1,1,0,9.81,9.81,0,0,0.0,4.62,0.0,LOW_PRIORITY
ride_component_482,1,1,1,0,23.85,23.85,0,0,0.0,4.62,0.0,LOW_PRIORITY
ride_component_1078,1,1,1,0,26.24,26.24,0,0,0.0,4.61,0.0,LOW_PRIORITY
ride_component_1450,1,1,1,0,9.78,9.78,0,0,0.0,4.61,0.0,LOW_PRIORITY
ride_component_1479,1,1,1,0,9.77,9.77,0,0,0.0,4.61,0.0,LOW_PRIORITY
ride_component_1486,1,1,1,0,9.76,9.76,0,0,0.0,4.61,0.0,LOW_PRIORITY
ride_component_1291,1,1,1,0,9.49,9.49,0,0,0.0,4.6,0.0,LOW_PRIORITY
ride_component_1027,1,1,1,0,8.97,8.97,0,0,0.0,4.57,0.0,LOW_PRIORITY
ride_component_1290,1,1,1,0,9.18,9.18,0,0,0.0,4.57,0.0,LOW_PRIORITY
ride_component_1125,1,1,1,0,8.83,8.83,0,0,0.0,4.56,0.0,LOW_PRIORITY
ride_component_1442,1,1,1,0,9.03,9.03,0,0,0.0,4.56,0.0,LOW_PRIORITY
ride_component_519,1,1,1,0,22.94,22.94,0,0,0.0,4.55,0.0,LOW_PRIORITY
ride_component_872,1,1,1,0,24.95,24.95,0,0,0.0,4.55,0.0,LOW_PRIORITY
ride_component_929,1,1,1,0,8.31,8.31,0,0,0.0,4.54,0.0,LOW_PRIORITY
ride_component_1498,1,1,1,0,8.42,8.42,0,0,0.0,4.52,0.0,LOW_PRIORITY
ride_component_469,1,1,1,0,22.02,22.02,0,0,0.0,4.52,0.0,LOW_PRIORITY
ride_component_889,1,1,1,0,7.96,7.96,0,0,0.0,4.52,0.0,LOW_PRIORITY
ride_component_1392,1,1,1,0,8.29,8.29,0,0,0.0,4.51,0.0,LOW_PRIORITY
ride_component_631,1,1,1,0,23.16,23.16,0,0,0.0,4.51,0.0,LOW_PRIORITY
ride_component_993,1,1,1,0,8.11,8.11,0,0,0.0,4.51,0.0,LOW_PRIORITY
ride_component_1025,1,1,1,0,8.02,8.02,0,0,0.0,4.5,0.0,LOW_PRIORITY
ride_component_1514,1,1,1,0,8.18,8.18,0,0,0.0,4.5,0.0,LOW_PRIORITY
ride_component_500,1,1,1,0,21.61,21.61,0,0,0.0,4.49,0.0,LOW_PRIORITY
ride_component_554,1,1,1,0,22.13,22.13,0,0,0.0,4.49,0.0,LOW_PRIORITY
ride_component_507,1,1,1,0,21.38,21.38,0,0,0.0,4.47,0.0,LOW_PRIORITY
ride_component_1040,1,1,1,0,7.46,7.46,0,0,0.0,4.46,0.0,LOW_PRIORITY
ride_component_1354,1,1,1,0,7.62,7.62,0,0,0.0,4.46,0.0,LOW_PRIORITY
ride_component_862,1,1,1,0,22.86,22.86,0,0,0.0,4.44,0.0,LOW_PRIORITY
ride_component_700,1,1,1,0,21.99,21.99,0,0,0.0,4.43,0.0,LOW_PRIORITY
ride_component_813,1,1,1,0,22.46,22.46,0,0,0.0,4.43,0.0,LOW_PRIORITY
ride_component_564,1,1,1,0,20.62,20.62,0,0,0.0,4.4,0.0,LOW_PRIORITY
ride_component_1010,1,1,1,0,22.24,22.24,0,0,0.0,4.39,0.0,LOW_PRIORITY
ride_component_578,1,1,1,0,20.1,20.1,0,0,0.0,4.36,0.0,LOW_PRIORITY
ride_component_834,1,1,1,0,21.31,21.31,0,0,0.0,4.36,0.0,LOW_PRIORITY
ride_component_1135,1,1,1,0,21.78,21.78,0,0,0.0,4.35,0.0,LOW_PRIORITY
ride_component_600,1,1,1,0,19.65,19.65,0,0,0.0,4.33,0.0,LOW_PRIORITY
ride_component_1169,1,1,1,0,21.22,21.22,0,0,0.0,4.32,0.0,LOW_PRIORITY
ride_component_793,1,1,1,0,20.54,20.54,0,0,0.0,4.32,0.0,LOW_PRIORITY
ride_component_623,1,1,1,0,19.29,19.29,0,0,0.0,4.3,0.0,LOW_PRIORITY
ride_component_650,1,1,1,0,19.49,19.49,0,0,0.0,4.3,0.0,LOW_PRIORITY
ride_component_694,1,1,1,0,19.61,19.61,0,0,0.0,4.3,0.0,LOW_PRIORITY
ride_component_658,1,1,1,0,19.31,19.31,0,0,0.0,4.29,0.0,LOW_PRIORITY
ride_component_826,1,1,1,0,20.13,20.13,0,0,0.0,4.29,0.0,LOW_PRIORITY
ride_component_333,1,1,1,0,16.28,16.28,0,0,0.0,4.28,0.0,LOW_PRIORITY
ride_component_666,1,1,1,0,19.04,19.04,0,0,0.0,4.27,0.0,LOW_PRIORITY
ride_component_1185,1,1,1,0,20.23,20.23,0,0,0.0,4.26,0.0,LOW_PRIORITY
ride_component_724,1,1,1,0,19.07,19.07,0,0,0.0,4.26,0.0,LOW_PRIORITY
ride_component_1064,1,1,1,0,19.82,19.82,0,0,0.0,4.25,0.0,LOW_PRIORITY
ride_component_1393,1,1,1,0,20.08,20.08,0,0,0.0,4.25,0.0,LOW_PRIORITY
ride_component_723,1,1,1,0,18.94,18.94,0,0,0.0,4.25,0.0,LOW_PRIORITY
ride_component_829,1,1,1,0,19.48,19.48,0,0,0.0,4.25,0.0,LOW_PRIORITY
ride_component_783,1,1,1,0,19.08,19.08,0,0,0.0,4.24,0.0,LOW_PRIORITY
ride_component_1400,1,1,1,0,19.78,19.78,0,0,0.0,4.23,0.0,LOW_PRIORITY
ride_component_1369,1,1,1,0,19.56,19.56,0,0,0.0,4.22,0.0,LOW_PRIORITY
ride_component_768,1,1,1,0,18.66,18.66,0,0,0.0,4.22,0.0,LOW_PRIORITY
ride_component_937,1,1,1,0,19.16,19.16,0,0,0.0,4.22,0.0,LOW_PRIORITY
ride_component_1375,1,1,1,0,19.18,19.18,0,0,0.0,4.2,0.0,LOW_PRIORITY
ride_component_1490,1,1,1,0,19.13,19.13,0,0,0.0,4.2,0.0,LOW_PRIORITY
ride_component_994,1,1,1,0,18.85,18.85,0,0,0.0,4.2,0.0,LOW_PRIORITY
ride_component_1258,1,1,1,0,18.88,18.88,0,0,0.0,4.19,0.0,LOW_PRIORITY
ride_component_1462,1,1,1,0,19.03,19.03,0,0,0.0,4.19,0.0,LOW_PRIORITY
ride_component_998,1,1,1,0,18.8,18.8,0,0,0.0,4.19,0.0,LOW_PRIORITY
ride_component_131,1,1,1,0,55.73,55.73,0,0,0.0,4.18,0.0,LOW_PRIORITY
ride_component_777,1,1,1,0,18.04,18.04,0,0,0.0,4.18,0.0,LOW_PRIORITY
ride_component_974,1,1,1,0,18.37,18.37,0,0,0.0,4.17,0.0,LOW_PRIORITY
ride_component_1211,1,1,1,0,18.4,18.4,0,0,0.0,4.16,0.0,LOW_PRIORITY
ride_component_1332,1,1,1,0,18.52,18.52,0,0,0.0,4.16,0.0,LOW_PRIORITY
ride_component_1409,1,1,1,0,18.41,18.41,0,0,0.0,4.16,0.0,LOW_PRIORITY
ride_component_867,1,1,1,0,17.99,17.99,0,0,0.0,4.16,0.0,LOW_PRIORITY
ride_component_904,1,1,1,0,17.8,17.8,0,0,0.0,4.15,0.0,LOW_PRIORITY
ride_component_1104,1,1,1,0,17.92,17.92,0,0,0.0,4.14,0.0,LOW_PRIORITY
ride_component_1228,1,1,1,0,17.99,17.99,0,0,0.0,4.14,0.0,LOW_PRIORITY
ride_component_1127,1,1,1,0,17.85,17.85,0,0,0.0,4.13,0.0,LOW_PRIORITY
ride_component_947,1,1,1,0,17.6,17.6,0,0,0.0,4.13,0.0,LOW_PRIORITY
ride_component_996,1,1,1,0,17.73,17.73,0,0,0.0,4.13,0.0,LOW_PRIORITY
ride_component_1248,1,1,1,0,17.75,17.75,0,0,0.0,4.12,0.0,LOW_PRIORITY
ride_component_1253,1,1,1,0,17.74,17.74,0,0,0.0,4.12,0.0,LOW_PRIORITY
ride_component_1278,1,1,1,0,17.72,17.72,0,0,0.0,4.12,0.0,LOW_PRIORITY
ride_component_884,1,1,1,0,17.36,17.36,0,0,0.0,4.12,0.0,LOW_PRIORITY
ride_component_1023,1,1,1,0,17.4,17.4,0,0,0.0,4.11,0.0,LOW_PRIORITY
ride_component_906,1,1,1,0,17.23,17.23,0,0,0.0,4.11,0.0,LOW_PRIORITY
ride_component_1154,1,1,1,0,17.17,17.17,0,0,0.0,4.09,0.0,LOW_PRIORITY
ride_component_1182,1,1,1,0,17.14,17.14,0,0,0.0,4.09,0.0,LOW_PRIORITY
ride_component_1223,1,1,1,0,16.74,16.74,0,0,0.0,4.07,0.0,LOW_PRIORITY
ride_component_935,1,1,1,0,16.42,16.42,0,0,0.0,4.06,0.0,LOW_PRIORITY
ride_component_639,1,1,1,0,13.56,13.56,0,0,0.0,3.97,0.0,LOW_PRIORITY
ride_component_445,1,1,1,0,52.11,52.11,0,0,0.0,3.95,0.0,LOW_PRIORITY
ride_component_1455,1,1,1,0,14.27,14.27,0,0,0.0,3.92,0.0,LOW_PRIORITY
ride_component_1160,1,1,1,0,13.88,13.88,0,0,0.0,3.91,0.0,LOW_PRIORITY
ride_component_1361,1,1,1,0,14.04,14.04,0,0,0.0,3.91,0.0,LOW_PRIORITY
ride_component_907,1,1,1,0,13.05,13.05,0,0,0.0,3.88,0.0,LOW_PRIORITY
ride_component_1283,1,1,1,0,13.3,13.3,0,0,0.0,3.87,0.0,LOW_PRIORITY
ride_component_1407,1,1,1,0,12.92,12.92,0,0,0.0,3.85,0.0,LOW_PRIORITY
ride_component_1419,1,1,1,0,12.73,12.73,0,0,0.0,3.84,0.0,LOW_PRIORITY
ride_component_1230,1,1,1,0,12.34,12.34,0,0,0.0,3.82,0.0,LOW_PRIORITY
ride_component_927,1,1,1,0,11.86,11.86,0,0,0.0,3.81,0.0,LOW_PRIORITY
ride_component_1513,1,1,1,0,12.06,12.06,0,0,0.0,3.8,0.0,LOW_PRIORITY
ride_component_614,1,1,1,0,10.48,10.48,0,0,0.0,3.8,0.0,LOW_PRIORITY
ride_component_1356,1,1,1,0,11.87,11.87,0,0,0.0,3.79,0.0,LOW_PRIORITY
ride_component_1067,1,1,1,0,11.5,11.5,0,0,0.0,3.78,0.0,LOW_PRIORITY
ride_component_1260,1,1,1,0,11.49,11.49,0,0,0.0,3.77,0.0,LOW_PRIORITY
ride_component_1472,1,1,1,0,11.56,11.56,0,0,0.0,3.77,0.0,LOW_PRIORITY
ride_component_182,1,1,1,0,44.79,44.79,0,0,0.0,3.77,0.0,LOW_PRIORITY
ride_component_740,1,1,1,0,10.26,10.26,0,0,0.0,3.76,0.0,LOW_PRIORITY
ride_component_1119,1,1,1,0,11.04,11.04,0,0,0.0,3.75,0.0,LOW_PRIORITY
ride_component_1386,1,1,1,0,11.1,11.1,0,0,0.0,3.74,0.0,LOW_PRIORITY
ride_component_660,1,1,1,0,48.03,48.03,0,0,0.0,3.74,0.0,LOW_PRIORITY
ride_component_431,1,1,1,0,45.93,45.93,0,0,0.0,3.73,0.0,LOW_PRIORITY
ride_component_778,1,1,1,0,10.02,10.02,0,0,0.0,3.73,0.0,LOW_PRIORITY
ride_component_1054,1,1,1,0,10.49,10.49,0,0,0.0,3.72,0.0,LOW_PRIORITY
ride_component_962,1,1,1,0,10.18,10.18,0,0,0.0,3.71,0.0,LOW_PRIORITY
ride_component_1352,1,1,1,0,10.39,10.39,0,0,0.0,3.7,0.0,LOW_PRIORITY
ride_component_1227,1,1,1,0,10.13,10.13,0,0,0.0,3.69,0.0,LOW_PRIORITY
ride_component_1381,1,1,1,0,10.12,10.12,0,0,0.0,3.69,0.0,LOW_PRIORITY
ride_component_1195,1,1,1,0,9.94,9.94,0,0,0.0,3.68,0.0,LOW_PRIORITY
ride_component_1501,1,1,1,0,9.93,9.93,0,0,0.0,3.68,0.0,LOW_PRIORITY
ride_component_1239,1,1,1,0,9.53,9.53,0,0,0.0,3.66,0.0,LOW_PRIORITY
ride_component_1448,1,1,1,0,9.59,9.59,0,0,0.0,3.66,0.0,LOW_PRIORITY
ride_component_1050,1,1,1,0,9.16,9.16,0,0,0.0,3.65,0.0,LOW_PRIORITY
ride_component_331,1,1,1,0,42.49,42.49,0,0,0.0,3.65,0.0,LOW_PRIORITY
ride_component_1167,1,1,1,0,9.12,9.12,0,0,0.0,3.64,0.0,LOW_PRIORITY
ride_component_1181,1,1,1,0,9.1,9.1,0,0,0.0,3.64,0.0,LOW_PRIORITY
ride_component_1384,1,1,1,0,9.24,9.24,0,0,0.0,3.64,0.0,LOW_PRIORITY
ride_component_1411,1,1,1,0,9.23,9.23,0,0,0.0,3.64,0.0,LOW_PRIORITY
ride_component_1130,1,1,1,0,9.0,9.0,0,0,0.0,3.63,0.0,LOW_PRIORITY
ride_component_56,1,1,1,0,38.86,38.86,0,0,0.0,3.63,0.0,LOW_PRIORITY
ride_component_1032,1,1,1,0,8.51,8.51,0,0,0.0,3.61,0.0,LOW_PRIORITY
ride_component_1052,1,1,1,0,8.48,8.48,0,0,0.0,3.61,0.0,LOW_PRIORITY
ride_component_1517,1,1,1,0,8.75,8.75,0,0,0.0,3.61,0.0,LOW_PRIORITY
ride_component_890,1,1,1,0,8.32,8.32,0,0,0.0,3.61,0.0,LOW_PRIORITY
ride_component_1083,1,1,1,0,8.41,8.41,0,0,0.0,3.6,0.0,LOW_PRIORITY
ride_component_1179,1,1,1,0,8.27,8.27,0,0,0.0,3.59,0.0,LOW_PRIORITY
ride_component_1188,1,1,1,0,8.26,8.26,0,0,0.0,3.59,0.0,LOW_PRIORITY
ride_component_1201,1,1,1,0,8.31,8.31,0,0,0.0,3.59,0.0,LOW_PRIORITY
ride_component_1302,1,1,1,0,8.34,8.34,0,0,0.0,3.59,0.0,LOW_PRIORITY
ride_component_1003,1,1,1,0,7.89,7.89,0,0,0.0,3.58,0.0,LOW_PRIORITY
ride_component_1272,1,1,1,0,8.17,8.17,0,0,0.0,3.58,0.0,LOW_PRIORITY
ride_component_1300,1,1,1,0,8.16,8.16,0,0,0.0,3.58,0.0,LOW_PRIORITY
ride_component_1348,1,1,1,0,8.12,8.12,0,0,0.0,3.58,0.0,LOW_PRIORITY
ride_component_1368,1,1,1,0,8.11,8.11,0,0,0.0,3.58,0.0,LOW_PRIORITY
ride_component_991,1,1,1,0,7.92,7.92,0,0,0.0,3.58,0.0,LOW_PRIORITY
ride_component_1399,1,1,1,0,8.09,8.09,0,0,0.0,3.57,0.0,LOW_PRIORITY
ride_component_1453,1,1,1,0,8.07,8.07,0,0,0.0,3.57,0.0,LOW_PRIORITY
ride_component_1484,1,1,1,0,8.06,8.06,0,0,0.0,3.57,0.0,LOW_PRIORITY
ride_component_1493,1,1,1,0,8.04,8.04,0,0,0.0,3.57,0.0,LOW_PRIORITY
ride_component_1017,1,1,1,0,7.52,7.52,0,0,0.0,3.55,0.0,LOW_PRIORITY
ride_component_1132,1,1,1,0,7.63,7.63,0,0,0.0,3.55,0.0,LOW_PRIORITY
ride_component_1164,1,1,1,0,7.61,7.61,0,0,0.0,3.55,0.0,LOW_PRIORITY
ride_component_1203,1,1,1,0,7.55,7.55,0,0,0.0,3.55,0.0,LOW_PRIORITY
ride_component_988,1,1,1,0,7.38,7.38,0,0,0.0,3.55,0.0,LOW_PRIORITY
ride_component_667,1,1,1,0,42.41,42.41,0,0,0.0,3.54,0.0,LOW_PRIORITY
ride_component_1247,1,1,1,0,41.83,41.83,0,0,0.0,3.47,0.0,LOW_PRIORITY
ride_component_713,1,1,1,0,40.72,40.72,0,0,0.0,3.47,0.0,LOW_PRIORITY
ride_component_407,1,1,1,0,35.85,35.85,0,0,0.0,3.38,0.0,LOW_PRIORITY
ride_component_399,1,1,1,0,34.04,34.04,0,0,0.0,3.32,0.0,LOW_PRIORITY
ride_component_629,1,1,1,0,35.57,35.57,0,0,0.0,3.3,0.0,LOW_PRIORITY
ride_component_899,1,1,1,0,36.31,36.31,0,0,0.0,3.29,0.0,LOW_PRIORITY
ride_component_159,1,1,1,0,30.85,30.85,0,0,0.0,3.28,0.0,LOW_PRIORITY
ride_component_672,1,1,1,0,34.64,34.64,0,0,0.0,3.26,0.0,LOW_PRIORITY
ride_component_842,1,1,1,0,35.1,35.1,0,0,0.0,3.25,0.0,LOW_PRIORITY
ride_component_853,1,1,1,0,35.11,35.11,0,0,0.0,3.25,0.0,LOW_PRIORITY
ride_component_158,1,1,1,0,29.05,29.05,0,0,0.0,3.21,0.0,LOW_PRIORITY
ride_component_722,1,1,1,0,33.44,33.44,0,0,0.0,3.21,0.0,LOW_PRIORITY
ride_component_735,1,1,1,0,33.58,33.58,0,0,0.0,3.21,0.0,LOW_PRIORITY
ride_component_132,1,1,1,0,27.9,27.9,0,0,0.0,3.18,0.0,LOW_PRIORITY
ride_component_450,1,1,1,0,29.95,29.95,0,0,0.0,3.15,0.0,LOW_PRIORITY
ride_component_939,1,1,1,0,31.66,31.66,0,0,0.0,3.12,0.0,LOW_PRIORITY
ride_component_1115,1,1,1,0,31.75,31.75,0,0,0.0,3.11,0.0,LOW_PRIORITY
ride_component_262,1,1,1,0,26.69,26.69,0,0,0.0,3.1,0.0,LOW_PRIORITY
ride_component_184,1,1,1,0,24.46,24.46,0,0,0.0,3.04,0.0,LOW_PRIORITY
ride_component_499,1,1,1,0,27.25,27.25,0,0,0.0,3.04,0.0,LOW_PRIORITY
ride_component_1049,1,1,1,0,29.37,29.37,0,0,0.0,3.03,0.0,LOW_PRIORITY
ride_component_341,1,1,1,0,25.11,25.11,0,0,0.0,3.02,0.0,LOW_PRIORITY
ride_component_635,1,1,1,0,27.28,27.28,0,0,0.0,3.0,0.0,LOW_PRIORITY
ride_component_984,1,1,1,0,27.83,27.83,0,0,0.0,2.98,0.0,LOW_PRIORITY
ride_component_130,1,1,1,0,22.06,22.06,0,0,0.0,2.97,0.0,LOW_PRIORITY
ride_component_467,1,1,1,0,23.42,23.42,0,0,0.0,2.91,0.0,LOW_PRIORITY
ride_component_186,1,1,1,0,20.61,20.61,0,0,0.0,2.9,0.0,LOW_PRIORITY
ride_component_727,1,1,1,0,24.25,24.25,0,0,0.0,2.88,0.0,LOW_PRIORITY
ride_component_965,1,1,1,0,24.78,24.78,0,0,0.0,2.87,0.0,LOW_PRIORITY
ride_component_782,1,1,1,0,23.94,23.94,0,0,0.0,2.86,0.0,LOW_PRIORITY
ride_component_809,1,1,1,0,23.5,23.5,0,0,0.0,2.84,0.0,LOW_PRIORITY
ride_component_532,1,1,1,0,21.66,21.66,0,0,0.0,2.83,0.0,LOW_PRIORITY
ride_component_616,1,1,1,0,22.24,22.24,0,0,0.0,2.83,0.0,LOW_PRIORITY
ride_component_895,1,1,1,0,23.06,23.06,0,0,0.0,2.81,0.0,LOW_PRIORITY
ride_component_1073,1,1,1,0,22.99,22.99,0,0,0.0,2.8,0.0,LOW_PRIORITY
ride_component_606,1,1,1,0,21.37,21.37,0,0,0.0,2.8,0.0,LOW_PRIORITY
ride_component_940,1,1,1,0,22.58,22.58,0,0,0.0,2.79,0.0,LOW_PRIORITY
ride_component_1137,1,1,1,0,22.17,22.17,0,0,0.0,2.77,0.0,LOW_PRIORITY
ride_component_562,1,1,1,0,20.17,20.17,0,0,0.0,2.77,0.0,LOW_PRIORITY
ride_component_556,1,1,1,0,20.04,20.04,0,0,0.0,2.76,0.0,LOW_PRIORITY
ride_component_1035,1,1,1,0,21.59,21.59,0,0,0.0,2.75,0.0,LOW_PRIORITY
ride_component_575,1,1,1,0,19.82,19.82,0,0,0.0,2.75,0.0,LOW_PRIORITY
ride_component_609,1,1,1,0,20.12,20.12,0,0,0.0,2.75,0.0,LOW_PRIORITY
ride_component_593,1,1,1,0,19.63,19.63,0,0,0.0,2.74,0.0,LOW_PRIORITY
ride_component_901,1,1,1,0,20.83,20.83,0,0,0.0,2.73,0.0,LOW_PRIORITY
ride_component_769,1,1,1,0,19.4,19.4,0,0,0.0,2.7,0.0,LOW_PRIORITY
ride_component_848,1,1,1,0,19.87,19.87,0,0,0.0,2.7,0.0,LOW_PRIORITY
ride_component_881,1,1,1,0,19.8,19.8,0,0,0.0,2.7,0.0,LOW_PRIORITY
ride_component_1206,1,1,1,0,20.0,20.0,0,0,0.0,2.69,0.0,LOW_PRIORITY
ride_component_664,1,1,1,0,18.74,18.74,0,0,0.0,2.69,0.0,LOW_PRIORITY
ride_component_1209,1,1,1,0,19.75,19.75,0,0,0.0,2.68,0.0,LOW_PRIORITY
ride_component_1238,1,1,1,0,19.64,19.64,0,0,0.0,2.68,0.0,LOW_PRIORITY
ride_component_1451,1,1,1,0,19.8,19.8,0,0,0.0,2.68,0.0,LOW_PRIORITY
ride_component_952,1,1,1,0,19.52,19.52,0,0,0.0,2.68,0.0,LOW_PRIORITY
ride_component_1186,1,1,1,0,19.52,19.52,0,0,0.0,2.67,0.0,LOW_PRIORITY
ride_component_1338,1,1,1,0,19.65,19.65,0,0,0.0,2.67,0.0,LOW_PRIORITY
ride_component_1425,1,1,1,0,19.6,19.6,0,0,0.0,2.67,0.0,LOW_PRIORITY
ride_component_882,1,1,1,0,19.11,19.11,0,0,0.0,2.67,0.0,LOW_PRIORITY
ride_component_729,1,1,1,0,18.14,18.14,0,0,0.0,2.66,0.0,LOW_PRIORITY
ride_component_914,1,1,1,0,18.8,18.8,0,0,0.0,2.66,0.0,LOW_PRIORITY
ride_component_1339,1,1,1,0,18.89,18.89,0,0,0.0,2.65,0.0,LOW_PRIORITY
ride_component_1378,1,1,1,0,18.87,18.87,0,0,0.0,2.65,0.0,LOW_PRIORITY
ride_component_932,1,1,1,0,18.53,18.53,0,0,0.0,2.65,0.0,LOW_PRIORITY
ride_component_1012,1,1,1,0,18.33,18.33,0,0,0.0,2.64,0.0,LOW_PRIORITY
ride_component_1038,1,1,1,0,18.38,18.38,0,0,0.0,2.64,0.0,LOW_PRIORITY
ride_component_1225,1,1,1,0,18.59,18.59,0,0,0.0,2.64,0.0,LOW_PRIORITY
ride_component_1044,1,1,1,0,18.18,18.18,0,0,0.0,2.63,0.0,LOW_PRIORITY
ride_component_1177,1,1,1,0,18.28,18.28,0,0,0.0,2.63,0.0,LOW_PRIORITY
ride_component_1198,1,1,1,0,18.32,18.32,0,0,0.0,2.63,0.0,LOW_PRIORITY
ride_component_801,1,1,1,0,17.56,17.56,0,0,0.0,2.63,0.0,LOW_PRIORITY
ride_component_821,1,1,1,0,17.73,17.73,0,0,0.0,2.63,0.0,LOW_PRIORITY
ride_component_883,1,1,1,0,18.02,18.02,0,0,0.0,2.63,0.0,LOW_PRIORITY
ride_component_1117,1,1,1,0,17.93,17.93,0,0,0.0,2.62,0.0,LOW_PRIORITY
ride_component_851,1,1,1,0,17.5,17.5,0,0,0.0,2.62,0.0,LOW_PRIORITY
ride_component_879,1,1,1,0,17.62,17.62,0,0,0.0,2.62,0.0,LOW_PRIORITY
ride_component_973,1,1,1,0,17.95,17.95,0,0,0.0,2.62,0.0,LOW_PRIORITY
ride_component_1107,1,1,1,0,17.61,17.61,0,0,0.0,2.61,0.0,LOW_PRIORITY
ride_component_1269,1,1,1,0,17.81,17.81,0,0,0.0,2.61,0.0,LOW_PRIORITY
ride_component_1410,1,1,1,0,17.85,17.85,0,0,0.0,2.61,0.0,LOW_PRIORITY
ride_component_873,1,1,1,0,17.31,17.31,0,0,0.0,2.61,0.0,LOW_PRIORITY
ride_component_885,1,1,1,0,17.49,17.49,0,0,0.0,2.61,0.0,LOW_PRIORITY
ride_component_1092,1,1,1,0,17.38,17.38,0,0,0.0,2.6,0.0,LOW_PRIORITY
ride_component_1249,1,1,1,0,17.44,17.44,0,0,0.0,2.6,0.0,LOW_PRIORITY
ride_component_1277,1,1,1,0,17.42,17.42,0,0,0.0,2.6,0.0,LOW_PRIORITY
ride_component_693,1,1,1,0,16.29,16.29,0,0,0.0,2.6,0.0,LOW_PRIORITY
ride_component_893,1,1,1,0,17.02,17.02,0,0,0.0,2.6,0.0,LOW_PRIORITY
ride_component_1024,1,1,1,0,17.09,17.09,0,0,0.0,2.59,0.0,LOW_PRIORITY
ride_component_1042,1,1,1,0,17.07,17.07,0,0,0.0,2.59,0.0,LOW_PRIORITY
ride_component_1061,1,1,1,0,17.03,17.03,0,0,0.0,2.59,0.0,LOW_PRIORITY
ride_component_1233,1,1,1,0,17.18,17.18,0,0,0.0,2.59,0.0,LOW_PRIORITY
ride_component_1481,1,1,1,0,17.31,17.31,0,0,0.0,2.59,0.0,LOW_PRIORITY
ride_component_1512,1,1,1,0,17.27,17.27,0,0,0.0,2.59,0.0,LOW_PRIORITY
ride_component_1515,1,1,1,0,17.24,17.24,0,0,0.0,2.59,0.0,LOW_PRIORITY
ride_component_1522,1,1,1,0,17.24,17.24,0,0,0.0,2.59,0.0,LOW_PRIORITY
ride_component_1523,1,1,1,0,17.24,17.24,0,0,0.0,2.59,0.0,LOW_PRIORITY
ride_component_950,1,1,1,0,16.92,16.92,0,0,0.0,2.59,0.0,LOW_PRIORITY
ride_component_1020,1,1,1,0,16.76,16.76,0,0,0.0,2.58,0.0,LOW_PRIORITY
ride_component_1077,1,1,1,0,16.99,16.99,0,0,0.0,2.58,0.0,LOW_PRIORITY
ride_component_1088,1,1,1,0,16.97,16.97,0,0,0.0,2.58,0.0,LOW_PRIORITY
ride_component_1100,1,1,1,0,16.94,16.94,0,0,0.0,2.58,0.0,LOW_PRIORITY
ride_component_1108,1,1,1,0,16.93,16.93,0,0,0.0,2.58,0.0,LOW_PRIORITY
ride_component_1173,1,1,1,0,16.85,16.85,0,0,0.0,2.58,0.0,LOW_PRIORITY
ride_component_1183,1,1,1,0,16.83,16.83,0,0,0.0,2.58,0.0,LOW_PRIORITY
ride_component_1004,1,1,1,0,16.59,16.59,0,0,0.0,2.57,0.0,LOW_PRIORITY
ride_component_1165,1,1,1,0,16.41,16.41,0,0,0.0,2.56,0.0,LOW_PRIORITY
ride_component_1308,1,1,1,0,16.38,16.38,0,0,0.0,2.56,0.0,LOW_PRIORITY
ride_component_719,1,1,1,0,15.39,15.39,0,0,0.0,2.56,0.0,LOW_PRIORITY
ride_component_453,1,1,1,0,13.26,13.26,0,0,0.0,2.55,0.0,LOW_PRIORITY
ride_component_1222,1,1,1,0,15.83,15.83,0,0,0.0,2.54,0.0,LOW_PRIORITY
ride_component_617,1,1,1,0,14.19,14.19,0,0,0.0,2.54,0.0,LOW_PRIORITY
ride_component_1141,1,1,1,0,14.92,14.92,0,0,0.0,2.51,0.0,LOW_PRIORITY
ride_component_1199,1,1,1,0,14.85,14.85,0,0,0.0,2.51,0.0,LOW_PRIORITY
ride_component_1495,1,1,1,0,13.51,13.51,0,0,0.0,2.45,0.0,LOW_PRIORITY
ride_component_695,1,1,1,0,11.92,11.92,0,0,0.0,2.44,0.0,LOW_PRIORITY
ride_component_841,1,1,1,0,12.42,12.42,0,0,0.0,2.44,0.0,LOW_PRIORITY
ride_component_733,1,1,1,0,11.75,11.75,0,0,0.0,2.43,0.0,LOW_PRIORITY
ride_component_1237,1,1,1,0,12.24,12.24,0,0,0.0,2.41,0.0,LOW_PRIORITY
ride_component_730,1,1,1,0,11.12,11.12,0,0,0.0,2.41,0.0,LOW_PRIORITY
ride_component_1015,1,1,1,0,11.2,11.2,0,0,0.0,2.38,0.0,LOW_PRIORITY
ride_component_1205,1,1,1,0,11.36,11.36,0,0,0.0,2.38,0.0,LOW_PRIORITY
ride_component_1465,1,1,1,0,10.97,10.97,0,0,0.0,2.36,0.0,LOW_PRIORITY
ride_component_791,1,1,1,0,9.97,9.97,0,0,0.0,2.36,0.0,LOW_PRIORITY
ride_component_920,1,1,1,0,10.61,10.61,0,0,0.0,2.36,0.0,LOW_PRIORITY
ride_component_1123,1,1,1,0,10.52,10.52,0,0,0.0,2.35,0.0,LOW_PRIORITY
ride_component_1359,1,1,1,0,10.46,10.46,0,0,0.0,2.35,0.0,LOW_PRIORITY
ride_component_1365,1,1,1,0,10.43,10.43,0,0,0.0,2.35,0.0,LOW_PRIORITY
ride_component_1140,1,1,1,0,10.12,10.12,0,0,0.0,2.34,0.0,LOW_PRIORITY
ride_component_1180,1,1,1,0,10.27,10.27,0,0,0.0,2.34,0.0,LOW_PRIORITY
ride_component_1155,1,1,1,0,10.04,10.04,0,0,0.0,2.33,0.0,LOW_PRIORITY
ride_component_1166,1,1,1,0,9.86,9.86,0,0,0.0,2.33,0.0,LOW_PRIORITY
ride_component_1202,1,1,1,0,9.86,9.86,0,0,0.0,2.33,0.0,LOW_PRIORITY
ride_component_1301,1,1,1,0,9.9,9.9,0,0,0.0,2.33,0.0,LOW_PRIORITY
ride_component_1377,1,1,1,0,10.0,10.0,0,0,0.0,2.33,0.0,LOW_PRIORITY
ride_component_1388,1,1,1,0,9.95,9.95,0,0,0.0,2.33,0.0,LOW_PRIORITY
ride_component_1467,1,1,1,0,10.13,10.13,0,0,0.0,2.33,0.0,LOW_PRIORITY
ride_component_1480,1,1,1,0,9.95,9.95,0,0,0.0,2.33,0.0,LOW_PRIORITY
ride_component_1099,1,1,1,0,9.58,9.58,0,0,0.0,2.32,0.0,LOW_PRIORITY
ride_component_1280,1,1,1,0,9.71,9.71,0,0,0.0,2.32,0.0,LOW_PRIORITY
ride_component_1294,1,1,1,0,9.71,9.71,0,0,0.0,2.32,0.0,LOW_PRIORITY
ride_component_1327,1,1,1,0,9.76,9.76,0,0,0.0,2.32,0.0,LOW_PRIORITY
ride_component_1350,1,1,1,0,9.58,9.58,0,0,0.0,2.32,0.0,LOW_PRIORITY
ride_component_1405,1,1,1,0,9.72,9.72,0,0,0.0,2.32,0.0,LOW_PRIORITY
ride_component_766,1,1,1,0,8.7,8.7,0,0,0.0,2.32,0.0,LOW_PRIORITY
ride_component_1006,1,1,1,0,9.34,9.34,0,0,0.0,2.31,0.0,LOW_PRIORITY
ride_component_1063,1,1,1,0,9.18,9.18,0,0,0.0,2.31,0.0,LOW_PRIORITY
ride_component_1150,1,1,1,0,9.38,9.38,0,0,0.0,2.31,0.0,LOW_PRIORITY
ride_component_1170,1,1,1,0,9.35,9.35,0,0,0.0,2.31,0.0,LOW_PRIORITY
ride_component_1232,1,1,1,0,9.45,9.45,0,0,0.0,2.31,0.0,LOW_PRIORITY
ride_component_1234,1,1,1,0,9.47,9.47,0,0,0.0,2.31,0.0,LOW_PRIORITY
ride_component_1287,1,1,1,0,9.52,9.52,0,0,0.0,2.31,0.0,LOW_PRIORITY
ride_component_1299,1,1,1,0,9.4,9.4,0,0,0.0,2.31,0.0,LOW_PRIORITY
ride_component_1329,1,1,1,0,9.38,9.38,0,0,0.0,2.31,0.0,LOW_PRIORITY
ride_component_1396,1,1,1,0,9.34,9.34,0,0,0.0,2.31,0.0,LOW_PRIORITY
ride_component_1422,1,1,1,0,9.33,9.33,0,0,0.0,2.31,0.0,LOW_PRIORITY
ride_component_779,1,1,1,0,8.54,8.54,0,0,0.0,2.31,0.0,LOW_PRIORITY
ride_component_1055,1,1,1,0,9.03,9.03,0,0,0.0,2.3,0.0,LOW_PRIORITY
ride_component_1191,1,1,1,0,8.99,8.99,0,0,0.0,2.3,0.0,LOW_PRIORITY
ride_component_1207,1,1,1,0,8.97,8.97,0,0,0.0,2.3,0.0,LOW_PRIORITY
ride_component_1212,1,1,1,0,9.17,9.17,0,0,0.0,2.3,0.0,LOW_PRIORITY
ride_component_1340,1,1,1,0,9.16,9.16,0,0,0.0,2.3,0.0,LOW_PRIORITY
ride_component_1398,1,1,1,0,9.04,9.04,0,0,0.0,2.3,0.0,LOW_PRIORITY
ride_component_963,1,1,1,0,8.88,8.88,0,0,0.0,2.3,0.0,LOW_PRIORITY
ride_component_1066,1,1,1,0,8.78,8.78,0,0,0.0,2.29,0.0,LOW_PRIORITY
ride_component_1090,1,1,1,0,8.66,8.66,0,0,0.0,2.29,0.0,LOW_PRIORITY
ride_component_1110,1,1,1,0,8.76,8.76,0,0,0.0,2.29,0.0,LOW_PRIORITY
ride_component_1133,1,1,1,0,8.73,8.73,0,0,0.0,2.29,0.0,LOW_PRIORITY
ride_component_1142,1,1,1,0,8.91,8.91,0,0,0.0,2.29,0.0,LOW_PRIORITY
ride_component_1275,1,1,1,0,8.91,8.91,0,0,0.0,2.29,0.0,LOW_PRIORITY
ride_component_1303,1,1,1,0,8.89,8.89,0,0,0.0,2.29,0.0,LOW_PRIORITY
ride_component_1436,1,1,1,0,9.03,9.03,0,0,0.0,2.29,0.0,LOW_PRIORITY
ride_component_833,1,1,1,0,8.12,8.12,0,0,0.0,2.29,0.0,LOW_PRIORITY
ride_component_1065,1,1,1,0,8.48,8.48,0,0,0.0,2.28,0.0,LOW_PRIORITY
ride_component_1215,1,1,1,0,8.63,8.63,0,0,0.0,2.28,0.0,LOW_PRIORITY
ride_component_1324,1,1,1,0,8.48,8.48,0,0,0.0,2.28,0.0,LOW_PRIORITY
ride_component_1417,1,1,1,0,8.52,8.52,0,0,0.0,2.28,0.0,LOW_PRIORITY
ride_component_1116,1,1,1,0,8.08,8.08,0,0,0.0,2.27,0.0,LOW_PRIORITY
ride_component_1395,1,1,1,0,8.3,8.3,0,0,0.0,2.27,0.0,LOW_PRIORITY
ride_component_1506,1,1,1,0,8.25,8.25,0,0,0.0,2.27,0.0,LOW_PRIORITY
ride_component_1192,1,1,1,0,7.99,7.99,0,0,0.0,2.26,0.0,LOW_PRIORITY
ride_component_1218,1,1,1,0,7.95,7.95,0,0,0.0,2.26,0.0,LOW_PRIORITY
ride_component_1229,1,1,1,0,7.94,7.94,0,0,0.0,2.26,0.0,LOW_PRIORITY
ride_component_1235,1,1,1,0,7.93,7.93,0,0,0.0,2.26,0.0,LOW_PRIORITY
ride_component_1262,1,1,1,0,7.92,7.92,0,0,0.0,2.26,0.0,LOW_PRIORITY
ride_component_1364,1,1,1,0,8.08,8.08,0,0,0.0,2.26,0.0,LOW_PRIORITY
ride_component_979,1,1,1,0,7.67,7.67,0,0,0.0,2.26,0.0,LOW_PRIORITY
ride_component_983,1,1,1,0,7.67,7.67,0,0,0.0,2.26,0.0,LOW_PRIORITY
ride_component_1056,1,1,1,0,7.51,7.51,0,0,0.0,2.25,0.0,LOW_PRIORITY
ride_component_1309,1,1,1,0,7.88,7.88,0,0,0.0,2.25,0.0,LOW_PRIORITY
ride_component_1311,1,1,1,0,7.88,7.88,0,0,0.0,2.25,0.0,LOW_PRIORITY
ride_component_1353,1,1,1,0,7.85,7.85,0,0,0.0,2.25,0.0,LOW_PRIORITY
ride_component_1362,1,1,1,0,7.85,7.85,0,0,0.0,2.25,0.0,LOW_PRIORITY
ride_component_1370,1,1,1,0,7.84,7.84,0,0,0.0,2.25,0.0,LOW_PRIORITY
ride_component_1427,1,1,1,0,7.82,7.82,0,0,0.0,2.25,0.0,LOW_PRIORITY
ride_component_1466,1,1,1,0,7.8,7.8,0,0,0.0,2.25,0.0,LOW_PRIORITY
ride_component_1478,1,1,1,0,7.79,7.79,0,0,0.0,2.25,0.0,LOW_PRIORITY
ride_component_1505,1,1,1,0,7.75,7.75,0,0,0.0,2.25,0.0,LOW_PRIORITY
ride_component_1519,1,1,1,0,7.72,7.72,0,0,0.0,2.25,0.0,LOW_PRIORITY
ride_component_1048,1,1,1,0,7.2,7.2,0,0,0.0,2.24,0.0,LOW_PRIORITY
ride_component_1057,1,1,1,0,7.18,7.18,0,0,0.0,2.24,0.0,LOW_PRIORITY
ride_component_1089,1,1,1,0,7.45,7.45,0,0,0.0,2.24,0.0,LOW_PRIORITY
ride_component_1091,1,1,1,0,7.45,7.45,0,0,0.0,2.24,0.0,LOW_PRIORITY
ride_component_982,1,1,1,0,7.33,7.33,0,0,0.0,2.24,0.0,LOW_PRIORITY
ride_component_1216,1,1,1,0,7.27,7.27,0,0,0.0,2.23,0.0,LOW_PRIORITY
ride_component_1289,1,1,1,0,7.21,7.21,0,0,0.0,2.23,0.0,LOW_PRIORITY
ride_component_1379,1,1,1,0,7.16,7.16,0,0,0.0,2.23,0.0,LOW_PRIORITY
ride_component_1005,1,1,1,0,16.94,16.94,0,0,0.0,0.0,0.0,LOW_PRIORITY
ride_component_1008,1,1,1,0,7.83,7.83,0,0,0.0,0.0,0.0,LOW_PRIORITY
ride_component_1009,1,1,1,0,21.33,21.33,0,0,0.0,0.0,0.0,LOW_PRIORITY
ride_component_1016,1,1,1,0,8.61,8.61,0,0,0.0,0.0,0.0,LOW_PRIORITY
ride_component_1018,1,1,1,0,16.6,16.6,0,0,0.0,0.0,0.0,LOW_PRIORITY
ride_component_1019,1,1,1,0,32.34,32.34,0,0,0.0,0.0,0.0,LOW_PRIORITY
ride_component_1021,1,1,1,0,7.13,7.13,0,0,0.0,0.0,0.0,LOW_PRIORITY
ride_component_1026,1,1,1,0,8.47,8.47,0,0,0.0,0.0,0.0,LOW_PRIORITY
ride_component_1031,1,1,1,0,7.12,7.12,0,0,0.0,0.0,0.0,LOW_PRIORITY
ride_component_1033,1,1,1,0,18.57,18.57,0,0,0.0,0.0,0.0,LOW_PRIORITY
ride_component_1036,1,1,1,0,41.76,41.76,0,0,0.0,0.0,0.0,LOW_PRIORITY
ride_component_1037,1,1,1,0,27.47,27.47,0,0,0.0,0.0,0.0,LOW_PRIORITY
ride_component_1043,1,1,1,0,10.34,10.34,0,0,0.0,0.0,0.0,LOW_PRIORITY
ride_component_1053,1,1,1,0,7.75,7.75,0,0,0.0,0.0,0.0,LOW_PRIORITY
ride_component_1058,1,1,1,0,16.51,16.51,0,0,0.0,0.0,0.0,LOW_PRIORITY
ride_component_1059,1,1,1,0,15.77,15.77,0,0,0.0,0.0,0.0,LOW_PRIORITY
ride_component_1070,1,1,1,0,8.39,8.39,0,0,0.0,0.0,0.0,LOW_PRIORITY
ride_component_1074,1,1,1,0,16.47,16.47,0,0,0.0,0.0,0.0,LOW_PRIORITY
ride_component_1075,1,1,1,0,8.52,8.52,0,0,0.0,0.0,0.0,LOW_PRIORITY
ride_component_1080,1,1,1,0,16.13,16.13,0,0,0.0,0.0,0.0,LOW_PRIORITY
ride_component_1082,1,1,1,0,17.14,17.14,0,0,0.0,0.0,0.0,LOW_PRIORITY
ride_component_1086,1,1,1,0,18.05,18.05,0,0,0.0,0.0,0.0,LOW_PRIORITY
ride_component_1087,1,1,1,0,8.0,8.0,0,0,0.0,0.0,0.0,LOW_PRIORITY
ride_component_1094,1,1,1,0,10.29,10.29,0,0,0.0,0.0,0.0,LOW_PRIORITY
ride_component_1095,1,1,1,0,8.34,8.34,0,0,0.0,0.0,0.0,LOW_PRIORITY
ride_component_1096,1,1,1,0,7.99,7.99,0,0,0.0,0.0,0.0,LOW_PRIORITY
ride_component_1101,1,1,1,0,18.9,18.9,0,0,0.0,0.0,0.0,LOW_PRIORITY
ride_component_1102,1,1,1,0,10.04,10.04,0,0,0.0,0.0,0.0,LOW_PRIORITY
ride_component_1103,1,1,1,0,17.1,17.1,0,0,0.0,0.0,0.0,LOW_PRIORITY
ride_component_1105,1,1,1,0,18.52,18.52,0,0,0.0,0.0,0.0,LOW_PRIORITY
ride_component_1106,1,1,1,0,19.16,19.16,0,0,0.0,0.0,0.0,LOW_PRIORITY
ride_component_1111,1,1,1,0,16.4,16.4,0,0,0.0,0.0,0.0,LOW_PRIORITY
ride_component_1114,1,1,1,0,8.83,8.83,0,0,0.0,0.0,0.0,LOW_PRIORITY
ride_component_1118,1,1,1,0,8.29,8.29,0,0,0.0,0.0,0.0,LOW_PRIORITY
ride_component_1120,1,1,1,0,6.94,6.94,0,0,0.0,0.0,0.0,LOW_PRIORITY
ride_component_1122,1,1,1,0,18.56,18.56,0,0,0.0,0.0,0.0,LOW_PRIORITY
ride_component_1126,1,1,1,0,17.05,17.05,0,0,0.0,0.0,0.0,LOW_PRIORITY
ride_component_1129,1,1,1,0,17.37,17.37,0,0,0.0,0.0,0.0,LOW_PRIORITY
ride_component_1136,1,1,1,0,17.8,17.8,0,0,0.0,0.0,0.0,LOW_PRIORITY
ride_component_1143,1,1,1,0,9.09,9.09,0,0,0.0,0.0,0.0,LOW_PRIORITY
ride_component_1144,1,1,1,0,17.04,17.04,0,0,0.0,0.0,0.0,LOW_PRIORITY
ride_component_1146,1,1,1,0,9.09,9.09,0,0,0.0,0.0,0.0,LOW_PRIORITY
ride_component_1152,1,1,1,0,41.04,41.04,0,0,0.0,0.0,0.0,LOW_PRIORITY
ride_component_1156,1,1,1,0,21.53,21.53,0,0,0.0,0.0,0.0,LOW_PRIORITY
ride_component_1157,1,1,1,0,18.53,18.53,0,0,0.0,0.0,0.0,LOW_PRIORITY
ride_component_1158,1,1,1,0,7.58,7.58,0,0,0.0,0.0,0.0,LOW_PRIORITY
ride_component_1159,1,1,1,0,11.48,11.48,0,0,0.0,0.0,0.0,LOW_PRIORITY
ride_component_1161,1,1,1,0,7.58,7.58,0,0,0.0,0.0,0.0,LOW_PRIORITY
ride_component_1162,1,1,1,0,8.4,8.4,0,0,0.0,0.0,0.0,LOW_PRIORITY
ride_component_1171,1,1,1,0,19.19,19.19,0,0,0.0,0.0,0.0,LOW_PRIORITY
ride_component_1174,1,1,1,0,9.05,9.05,0,0,0.0,0.0,0.0,LOW_PRIORITY
ride_component_1175,1,1,1,0,18.8,18.8,0,0,0.0,0.0,0.0,LOW_PRIORITY
ride_component_1176,1,1,1,0,9.58,9.58,0,0,0.0,0.0,0.0,LOW_PRIORITY
ride_component_1178,1,1,1,0,7.56,7.56,0,0,0.0,0.0,0.0,LOW_PRIORITY
ride_component_1187,1,1,1,0,8.29,8.29,0,0,0.0,0.0,0.0,LOW_PRIORITY
ride_component_1189,1,1,1,0,7.54,7.54,0,0,0.0,0.0,0.0,LOW_PRIORITY
ride_component_1190,1,1,1,0,7.91,7.91,0,0,0.0,0.0,0.0,LOW_PRIORITY
ride_component_1193,1,1,1,0,7.53,7.53,0,0,0.0,0.0,0.0,LOW_PRIORITY
ride_component_1194,1,1,1,0,9.56,9.56,0,0,0.0,0.0,0.0,LOW_PRIORITY
ride_component_1196,1,1,1,0,19.77,19.77,0,0,0.0,0.0,0.0,LOW_PRIORITY
ride_component_1197,1,1,1,0,18.97,18.97,0,0,0.0,0.0,0.0,LOW_PRIORITY
ride_component_1200,1,1,1,0,9.02,9.02,0,0,0.0,0.0,0.0,LOW_PRIORITY
ride_component_1213,1,1,1,0,8.36,8.36,0,0,0.0,0.0,0.0,LOW_PRIORITY
ride_component_1214,1,1,1,0,9.68,9.68,0,0,0.0,0.0,0.0,LOW_PRIORITY
ride_component_1217,1,1,1,0,20.47,20.47,0,0,0.0,0.0,0.0,LOW_PRIORITY
ride_component_1219,1,1,1,0,7.5,7.5,0,0,0.0,0.0,0.0,LOW_PRIORITY
ride_component_1220,1,1,1,0,32.4,32.4,0,0,0.0,0.0,0.0,LOW_PRIORITY
ride_component_1221,1,1,1,0,8.25,8.25,0,0,0.0,0.0,0.0,LOW_PRIORITY
ride_component_1224,1,1,1,0,19.11,19.11,0,0,0.0,0.0,0.0,LOW_PRIORITY
ride_component_1236,1,1,1,0,9.48,9.48,0,0,0.0,0.0,0.0,LOW_PRIORITY
ride_component_1240,1,1,1,0,13.26,13.26,0,0,0.0,0.0,0.0,LOW_PRIORITY
ride_component_1242,1,1,1,0,39.43,39.43,0,0,0.0,0.0,0.0,LOW_PRIORITY
ride_component_1243,1,1,1,0,7.48,7.48,0,0,0.0,0.0,0.0,LOW_PRIORITY
ride_component_1244,1,1,1,0,9.5,9.5,0,0,0.0,0.0,0.0,LOW_PRIORITY
ride_component_1245,1,1,1,0,8.98,8.98,0,0,0.0,0.0,0.0,LOW_PRIORITY
ride_component_1250,1,1,1,0,7.47,7.47,0,0,0.0,0.0,0.0,LOW_PRIORITY
ride_component_1252,1,1,1,0,7.47,7.47,0,0,0.0,0.0,0.0,LOW_PRIORITY
ride_component_1254,1,1,1,0,8.22,8.22,0,0,0.0,0.0,0.0,LOW_PRIORITY
ride_component_1255,1,1,1,0,9.47,9.47,0,0,0.0,0.0,0.0,LOW_PRIORITY
ride_component_1256,1,1,1,0,19.94,19.94,0,0,0.0,0.0,0.0,LOW_PRIORITY
ride_component_1257,1,1,1,0,19.17,19.17,0,0,0.0,0.0,0.0,LOW_PRIORITY
ride_component_1259,1,1,1,0,17.92,17.92,0,0,0.0,0.0,0.0,LOW_PRIORITY
ride_component_1261,1,1,1,0,16.91,16.91,0,0,0.0,0.0,0.0,LOW_PRIORITY
ride_component_1267,1,1,1,0,8.96,8.96,0,0,0.0,0.0,0.0,LOW_PRIORITY
ride_component_1268,1,1,1,0,7.46,7.46,0,0,0.0,0.0,0.0,LOW_PRIORITY
ride_component_1270,1,1,1,0,7.46,7.46,0,0,0.0,0.0,0.0,LOW_PRIORITY
ride_component_1271,1,1,1,0,18.11,18.11,0,0,0.0,0.0,0.0,LOW_PRIORITY
ride_component_1273,1,1,1,0,7.96,7.96,0,0,0.0,0.0,0.0,LOW_PRIORITY
ride_component_1274,1,1,1,0,9.79,9.79,0,0,0.0,0.0,0.0,LOW_PRIORITY
ride_component_1276,1,1,1,0,10.48,10.48,0,0,0.0,0.0,0.0,LOW_PRIORITY
ride_component_1279,1,1,1,0,18.19,18.19,0,0,0.0,0.0,0.0,LOW_PRIORITY
ride_component_1281,1,1,1,0,8.45,8.45,0,0,0.0,0.0,0.0,LOW_PRIORITY
ride_component_1282,1,1,1,0,8.74,8.74,0,0,0.0,0.0,0.0,LOW_PRIORITY
ride_component_1285,1,1,1,0,16.9,16.9,0,0,0.0,0.0,0.0,LOW_PRIORITY
ride_component_1286,1,1,1,0,7.45,7.45,0,0,0.0,0.0,0.0,LOW_PRIORITY
ride_component_1288,1,1,1,0,9.44,9.44,0,0,0.0,0.0,0.0,LOW_PRIORITY
ride_component_1292,1,1,1,0,10.07,10.07,0,0,0.0,0.0,0.0,LOW_PRIORITY
ride_component_1293,1,1,1,0,17.89,17.89,0,0,0.0,0.0,0.0,LOW_PRIORITY
ride_component_1296,1,1,1,0,18.69,18.69,0,0,0.0,0.0,0.0,LOW_PRIORITY
ride_component_1298,1,1,1,0,18.6,18.6,0,0,0.0,0.0,0.0,LOW_PRIORITY
ride_component_1304,1,1,1,0,16.89,16.89,0,0,0.0,0.0,0.0,LOW_PRIORITY
ride_component_1305,1,1,1,0,10.06,10.06,0,0,0.0,0.0,0.0,LOW_PRIORITY
ride_component_1306,1,1,1,0,9.83,9.83,0,0,0.0,0.0,0.0,LOW_PRIORITY
ride_component_1307,1,1,1,0,6.42,6.42,0,0,0.0,0.0,0.0,LOW_PRIORITY
ride_component_1312,1,1,1,0,9.27,9.27,0,0,0.0,0.0,0.0,LOW_PRIORITY
ride_component_1313,1,1,1,0,8.93,8.93,0,0,0.0,0.0,0.0,LOW_PRIORITY
ride_component_1314,1,1,1,0,10.1,10.1,0,0,0.0,0.0,0.0,LOW_PRIORITY
ride_component_1315,1,1,1,0,14.25,14.25,0,0,0.0,0.0,0.0,LOW_PRIORITY
ride_component_1316,1,1,1,0,8.92,8.92,0,0,0.0,0.0,0.0,LOW_PRIORITY
ride_component_1317,1,1,1,0,27.13,27.13,0,0,0.0,0.0,0.0,LOW_PRIORITY
ride_component_1318,1,1,1,0,8.18,8.18,0,0,0.0,0.0,0.0,LOW_PRIORITY
ride_component_1319,1,1,1,0,9.73,9.73,0,0,0.0,0.0,0.0,LOW_PRIORITY
ride_component_1320,1,1,1,0,10.95,10.95,0,0,0.0,0.0,0.0,LOW_PRIORITY
ride_component_1321,1,1,1,0,16.88,16.88,0,0,0.0,0.0,0.0,LOW_PRIORITY
ride_component_1322,1,1,1,0,9.42,9.42,0,0,0.0,0.0,0.0,LOW_PRIORITY
ride_component_1323,1,1,1,0,9.67,9.67,0,0,0.0,0.0,0.0,LOW_PRIORITY
ride_component_1328,1,1,1,0,8.92,8.92,0,0,0.0,0.0,0.0,LOW_PRIORITY
ride_component_1333,1,1,1,0,8.91,8.91,0,0,0.0,0.0,0.0,LOW_PRIORITY
ride_component_1334,1,1,1,0,8.41,8.41,0,0,0.0,0.0,0.0,LOW_PRIORITY
ride_component_1335,1,1,1,0,7.41,7.41,0,0,0.0,0.0,0.0,LOW_PRIORITY
ride_component_1336,1,1,1,0,9.56,9.56,0,0,0.0,0.0,0.0,LOW_PRIORITY
ride_component_1337,1,1,1,0,19.11,19.11,0,0,0.0,0.0,0.0,LOW_PRIORITY
ride_component_1341,1,1,1,0,18.53,18.53,0,0,0.0,0.0,0.0,LOW_PRIORITY
ride_component_1342,1,1,1,0,17.61,17.61,0,0,0.0,0.0,0.0,LOW_PRIORITY
ride_component_1344,1,1,1,0,8.9,8.9,0,0,0.0,0.0,0.0,LOW_PRIORITY
ride_component_1345,1,1,1,0,9.97,9.97,0,0,0.0,0.0,0.0,LOW_PRIORITY
ride_component_1346,1,1,1,0,17.78,17.78,0,0,0.0,0.0,0.0,LOW_PRIORITY
ride_component_1349,1,1,1,0,29.9,29.9,0,0,0.0,0.0,0.0,LOW_PRIORITY
ride_component_1357,1,1,1,0,9.4,9.4,0,0,0.0,0.0,0.0,LOW_PRIORITY
ride_component_1360,1,1,1,0,9.27,9.27,0,0,0.0,0.0,0.0,LOW_PRIORITY
ride_component_1366,1,1,1,0,8.89,8.89,0,0,0.0,0.0,0.0,LOW_PRIORITY
ride_component_1367,1,1,1,0,9.39,9.39,0,0,0.0,0.0,0.0,LOW_PRIORITY
ride_component_1371,1,1,1,0,9.06,9.06,0,0,0.0,0.0,0.0,LOW_PRIORITY
ride_component_1374,1,1,1,0,7.39,7.39,0,0,0.0,0.0,0.0,LOW_PRIORITY
ride_component_1376,1,1,1,0,19.51,19.51,0,0,0.0,0.0,0.0,LOW_PRIORITY
ride_component_1382,1,1,1,0,9.38,9.38,0,0,0.0,0.0,0.0,LOW_PRIORITY
ride_component_1383,1,1,1,0,7.39,7.39,0,0,0.0,0.0,0.0,LOW_PRIORITY
ride_component_1385,1,1,1,0,16.84,16.84,0,0,0.0,0.0,0.0,LOW_PRIORITY
ride_component_1387,1,1,1,0,7.81,7.81,0,0,0.0,0.0,0.0,LOW_PRIORITY
ride_component_1389,1,1,1,0,17.83,17.83,0,0,0.0,0.0,0.0,LOW_PRIORITY
ride_component_1391,1,1,1,0,8.14,8.14,0,0,0.0,0.0,0.0,LOW_PRIORITY
ride_component_1394,1,1,1,0,7.76,7.76,0,0,0.0,0.0,0.0,LOW_PRIORITY
ride_component_1397,1,1,1,0,19.23,19.23,0,0,0.0,0.0,0.0,LOW_PRIORITY
ride_component_1401,1,1,1,0,17.43,17.43,0,0,0.0,0.0,0.0,LOW_PRIORITY
ride_component_1402,1,1,1,0,8.28,8.28,0,0,0.0,0.0,0.0,LOW_PRIORITY
ride_component_1403,1,1,1,0,18.86,18.86,0,0,0.0,0.0,0.0,LOW_PRIORITY
ride_component_1404,1,1,1,0,17.33,17.33,0,0,0.0,0.0,0.0,LOW_PRIORITY
ride_component_1406,1,1,1,0,8.05,8.05,0,0,0.0,0.0,0.0,LOW_PRIORITY
ride_component_1408,1,1,1,0,7.38,7.38,0,0,0.0,0.0,0.0,LOW_PRIORITY
ride_component_1412,1,1,1,0,8.52,8.52,0,0,0.0,0.0,0.0,LOW_PRIORITY
ride_component_1414,1,1,1,0,7.8,7.8,0,0,0.0,0.0,0.0,LOW_PRIORITY
ride_component_1415,1,1,1,0,18.62,18.62,0,0,0.0,0.0,0.0,LOW_PRIORITY
ride_component_1416,1,1,1,0,9.4,9.4,0,0,0.0,0.0,0.0,LOW_PRIORITY
ride_component_1418,1,1,1,0,17.2,17.2,0,0,0.0,0.0,0.0,LOW_PRIORITY
ride_component_1420,1,1,1,0,19.07,19.07,0,0,0.0,0.0,0.0,LOW_PRIORITY
ride_component_1421,1,1,1,0,8.49,8.49,0,0,0.0,0.0,0.0,LOW_PRIORITY
ride_component_1423,1,1,1,0,41.57,41.57,0,0,0.0,0.0,0.0,LOW_PRIORITY
ride_component_1424,1,1,1,0,8.12,8.12,0,0,0.0,0.0,0.0,LOW_PRIORITY
ride_component_1428,1,1,1,0,19.32,19.32,0,0,0.0,0.0,0.0,LOW_PRIORITY
ride_component_1431,1,1,1,0,16.82,16.82,0,0,0.0,0.0,0.0,LOW_PRIORITY
ride_component_1432,1,1,1,0,9.87,9.87,0,0,0.0,0.0,0.0,LOW_PRIORITY
ride_component_1433,1,1,1,0,17.32,17.32,0,0,0.0,0.0,0.0,LOW_PRIORITY
ride_component_1434,1,1,1,0,16.82,16.82,0,0,0.0,0.0,0.0,LOW_PRIORITY
ride_component_1437,1,1,1,0,19.21,19.21,0,0,0.0,0.0,0.0,LOW_PRIORITY
ride_component_1443,1,1,1,0,7.36,7.36,0,0,0.0,0.0,0.0,LOW_PRIORITY
ride_component_1444,1,1,1,0,17.81,17.81,0,0,0.0,0.0,0.0,LOW_PRIORITY
ride_component_1445,1,1,1,0,10.08,10.08,0,0,0.0,0.0,0.0,LOW_PRIORITY
ride_component_1446,1,1,1,0,28.81,28.81,0,0,0.0,0.0,0.0,LOW_PRIORITY
ride_component_1449,1,1,1,0,18.31,18.31,0,0,0.0,0.0,0.0,LOW_PRIORITY
ride_component_1452,1,1,1,0,8.35,8.35,0,0,0.0,0.0,0.0,LOW_PRIORITY
ride_component_1454,1,1,1,0,7.36,7.36,0,0,0.0,0.0,0.0,LOW_PRIORITY
ride_component_1456,1,1,1,0,18.88,18.88,0,0,0.0,0.0,0.0,LOW_PRIORITY
ride_component_1458,1,1,1,0,19.13,19.13,0,0,0.0,0.0,0.0,LOW_PRIORITY
ride_component_1459,1,1,1,0,16.8,16.8,0,0,0.0,0.0,0.0,LOW_PRIORITY
ride_component_1460,1,1,1,0,7.68,7.68,0,0,0.0,0.0,0.0,LOW_PRIORITY
ride_component_1461,1,1,1,0,9.66,9.66,0,0,0.0,0.0,0.0,LOW_PRIORITY
ride_component_1463,1,1,1,0,19.05,19.05,0,0,0.0,0.0,0.0,LOW_PRIORITY
ride_component_1464,1,1,1,0,7.85,7.85,0,0,0.0,0.0,0.0,LOW_PRIORITY
ride_component_1468,1,1,1,0,7.35,7.35,0,0,0.0,0.0,0.0,LOW_PRIORITY
ride_component_1469,1,1,1,0,41.18,41.18,0,0,0.0,0.0,0.0,LOW_PRIORITY
ride_component_1470,1,1,1,0,18.52,18.52,0,0,0.0,0.0,0.0,LOW_PRIORITY
ride_component_1471,1,1,1,0,9.35,9.35,0,0,0.0,0.0,0.0,LOW_PRIORITY
ride_component_1473,1,1,1,0,7.35,7.35,0,0,0.0,0.0,0.0,LOW_PRIORITY
ride_component_1474,1,1,1,0,7.35,7.35,0,0,0.0,0.0,0.0,LOW_PRIORITY
ride_component_1475,1,1,1,0,9.37,9.37,0,0,0.0,0.0,0.0,LOW_PRIORITY
ride_component_1476,1,1,1,0,7.34,7.34,0,0,0.0,0.0,0.0,LOW_PRIORITY
ride_component_1477,1,1,1,0,9.34,9.34,0,0,0.0,0.0,0.0,LOW_PRIORITY
ride_component_1482,1,1,1,0,8.66,8.66,0,0,0.0,0.0,0.0,LOW_PRIORITY
ride_component_1483,1,1,1,0,7.34,7.34,0,0,0.0,0.0,0.0,LOW_PRIORITY
ride_component_1485,1,1,1,0,8.84,8.84,0,0,0.0,0.0,0.0,LOW_PRIORITY
ride_component_1487,1,1,1,0,8.34,8.34,0,0,0.0,0.0,0.0,LOW_PRIORITY
ride_component_1488,1,1,1,0,9.05,9.05,0,0,0.0,0.0,0.0,LOW_PRIORITY
ride_component_1489,1,1,1,0,8.84,8.84,0,0,0.0,0.0,0.0,LOW_PRIORITY
ride_component_1491,1,1,1,0,16.79,16.79,0,0,0.0,0.0,0.0,LOW_PRIORITY
ride_component_1492,1,1,1,0,7.71,7.71,0,0,0.0,0.0,0.0,LOW_PRIORITY
ride_component_1494,1,1,1,0,10.85,10.85,0,0,0.0,0.0,0.0,LOW_PRIORITY
ride_component_1497,1,1,1,0,7.32,7.32,0,0,0.0,0.0,0.0,LOW_PRIORITY
ride_component_1499,1,1,1,0,7.88,7.88,0,0,0.0,0.0,0.0,LOW_PRIORITY
ride_component_1502,1,1,1,0,9.72,9.72,0,0,0.0,0.0,0.0,LOW_PRIORITY
ride_component_1503,1,1,1,0,8.6,8.6,0,0,0.0,0.0,0.0,LOW_PRIORITY
ride_component_1504,1,1,1,0,28.01,28.01,0,0,0.0,0.0,0.0,LOW_PRIORITY
ride_component_1507,1,1,1,0,16.81,16.81,0,0,0.0,0.0,0.0,LOW_PRIORITY
ride_component_1508,1,1,1,0,7.3,7.3,0,0,0.0,0.0,0.0,LOW_PRIORITY
ride_component_1509,1,1,1,0,28.0,28.0,0,0,0.0,0.0,0.0,LOW_PRIORITY
ride_component_1510,1,1,1,0,7.3,7.3,0,0,0.0,0.0,0.0,LOW_PRIORITY
ride_component_1511,1,1,1,0,7.3,7.3,0,0,0.0,0.0,0.0,LOW_PRIORITY
ride_component_1516,1,1,1,0,7.28,7.28,0,0,0.0,0.0,0.0,LOW_PRIORITY
ride_component_1518,1,1,1,0,9.52,9.52,0,0,0.0,0.0,0.0,LOW_PRIORITY
ride_component_1520,1,1,1,0,8.56,8.56,0,0,0.0,0.0,0.0,LOW_PRIORITY
ride_component_1521,1,1,1,0,7.28,7.28,0,0,0.0,0.0,0.0,LOW_PRIORITY
ride_component_1524,1,1,1,0,8.77,8.77,0,0,0.0,0.0,0.0,LOW_PRIORITY
ride_component_30,1,1,1,0,35.56,35.56,0,0,0.0,0.0,0.0,LOW_PRIORITY
ride_component_350,1,1,1,0,18.06,18.06,0,0,0.0,0.0,0.0,LOW_PRIORITY
ride_component_414,1,1,1,0,24.16,24.16,0,0,0.0,0.0,0.0,LOW_PRIORITY
ride_component_423,1,1,1,0,15.47,15.47,0,0,0.0,0.0,0.0,LOW_PRIORITY
ride_component_460,1,1,1,0,21.86,21.86,0,0,0.0,0.0,0.0,LOW_PRIORITY
ride_component_479,1,1,1,0,21.46,21.46,0,0,0.0,0.0,0.0,LOW_PRIORITY
ride_component_492,1,1,1,0,20.92,20.92,0,0,0.0,0.0,0.0,LOW_PRIORITY
ride_component_563,1,1,1,0,19.61,19.61,0,0,0.0,0.0,0.0,LOW_PRIORITY
ride_component_582,1,1,1,0,19.49,19.49,0,0,0.0,0.0,0.0,LOW_PRIORITY
ride_component_586,1,1,1,0,11.68,11.68,0,0,0.0,0.0,0.0,LOW_PRIORITY
ride_component_603,1,1,1,0,19.7,19.7,0,0,0.0,0.0,0.0,LOW_PRIORITY
ride_component_607,1,1,1,0,20.3,20.3,0,0,0.0,0.0,0.0,LOW_PRIORITY
ride_component_653,1,1,1,0,10.85,10.85,0,0,0.0,0.0,0.0,LOW_PRIORITY
ride_component_663,1,1,1,0,18.4,18.4,0,0,0.0,0.0,0.0,LOW_PRIORITY
ride_component_671,1,1,1,0,18.66,18.66,0,0,0.0,0.0,0.0,LOW_PRIORITY
ride_component_681,1,1,1,0,21.3,21.3,0,0,0.0,0.0,0.0,LOW_PRIORITY
ride_component_692,1,1,1,0,17.66,17.66,0,0,0.0,0.0,0.0,LOW_PRIORITY
ride_component_717,1,1,1,0,17.85,17.85,0,0,0.0,0.0,0.0,LOW_PRIORITY
ride_component_739,1,1,1,0,17.61,17.61,0,0,0.0,0.0,0.0,LOW_PRIORITY
ride_component_741,1,1,1,0,10.18,10.18,0,0,0.0,0.0,0.0,LOW_PRIORITY
ride_component_747,1,1,1,0,18.23,18.23,0,0,0.0,0.0,0.0,LOW_PRIORITY
ride_component_760,1,1,1,0,24.88,24.88,0,0,0.0,0.0,0.0,LOW_PRIORITY
ride_component_776,1,1,1,0,19.31,19.31,0,0,0.0,0.0,0.0,LOW_PRIORITY
ride_component_785,1,1,1,0,18.76,18.76,0,0,0.0,0.0,0.0,LOW_PRIORITY
ride_component_789,1,1,1,0,19.88,19.88,0,0,0.0,0.0,0.0,LOW_PRIORITY
ride_component_798,1,1,1,0,17.74,17.74,0,0,0.0,0.0,0.0,LOW_PRIORITY
ride_component_807,1,1,1,0,18.48,18.48,0,0,0.0,0.0,0.0,LOW_PRIORITY
ride_component_815,1,1,1,0,17.24,17.24,0,0,0.0,0.0,0.0,LOW_PRIORITY
ride_component_820,1,1,1,0,17.0,17.0,0,0,0.0,0.0,0.0,LOW_PRIORITY
ride_component_822,1,1,1,0,19.44,19.44,0,0,0.0,0.0,0.0,LOW_PRIORITY
ride_component_832,1,1,1,0,24.2,24.2,0,0,0.0,0.0,0.0,LOW_PRIORITY
ride_component_839,1,1,1,0,33.17,33.17,0,0,0.0,0.0,0.0,LOW_PRIORITY
ride_component_844,1,1,1,0,25.48,25.48,0,0,0.0,0.0,0.0,LOW_PRIORITY
ride_component_846,1,1,1,0,17.35,17.35,0,0,0.0,0.0,0.0,LOW_PRIORITY
ride_component_849,1,1,1,0,22.62,22.62,0,0,0.0,0.0,0.0,LOW_PRIORITY
ride_component_854,1,1,1,0,10.44,10.44,0,0,0.0,0.0,0.0,LOW_PRIORITY
ride_component_865,1,1,1,0,8.39,8.39,0,0,0.0,0.0,0.0,LOW_PRIORITY
ride_component_866,1,1,1,0,9.52,9.52,0,0,0.0,0.0,0.0,LOW_PRIORITY
ride_component_871,1,1,1,0,20.49,20.49,0,0,0.0,0.0,0.0,LOW_PRIORITY
ride_component_876,1,1,1,0,22.12,22.12,0,0,0.0,0.0,0.0,LOW_PRIORITY
ride_component_888,1,1,1,0,22.36,22.36,0,0,0.0,0.0,0.0,LOW_PRIORITY
ride_component_897,1,1,1,0,16.67,16.67,0,0,0.0,0.0,0.0,LOW_PRIORITY
ride_component_898,1,1,1,0,19.82,19.82,0,0,0.0,0.0,0.0,LOW_PRIORITY
ride_component_900,1,1,1,0,7.54,7.54,0,0,0.0,0.0,0.0,LOW_PRIORITY
ride_component_902,1,1,1,0,17.65,17.65,0,0,0.0,0.0,0.0,LOW_PRIORITY
ride_component_903,1,1,1,0,6.98,6.98,0,0,0.0,0.0,0.0,LOW_PRIORITY
ride_component_911,1,1,1,0,18.99,18.99,0,0,0.0,0.0,0.0,LOW_PRIORITY
ride_component_915,1,1,1,0,16.57,16.57,0,0,0.0,0.0,0.0,LOW_PRIORITY
ride_component_924,1,1,1,0,31.87,31.87,0,0,0.0,0.0,0.0,LOW_PRIORITY
ride_component_930,1,1,1,0,18.12,18.12,0,0,0.0,0.0,0.0,LOW_PRIORITY
ride_component_934,1,1,1,0,9.29,9.29,0,0,0.0,0.0,0.0,LOW_PRIORITY
ride_component_945,1,1,1,0,16.23,16.23,0,0,0.0,0.0,0.0,LOW_PRIORITY
ride_component_955,1,1,1,0,16.72,16.72,0,0,0.0,0.0,0.0,LOW_PRIORITY
ride_component_956,1,1,1,0,19.27,19.27,0,0,0.0,0.0,0.0,LOW_PRIORITY
ride_component_959,1,1,1,0,41.39,41.39,0,0,0.0,0.0,0.0,LOW_PRIORITY
ride_component_960,1,1,1,0,18.25,18.25,0,0,0.0,0.0,0.0,LOW_PRIORITY
ride_component_964,1,1,1,0,8.94,8.94,0,0,0.0,0.0,0.0,LOW_PRIORITY
ride_component_968,1,1,1,0,18.04,18.04,0,0,0.0,0.0,0.0,LOW_PRIORITY
ride_component_975,1,1,1,0,17.83,17.83,0,0,0.0,0.0,0.0,LOW_PRIORITY
ride_component_976,1,1,1,0,7.64,7.64,0,0,0.0,0.0,0.0,LOW_PRIORITY
ride_component_980,1,1,1,0,19.06,19.06,0,0,0.0,0.0,0.0,LOW_PRIORITY
ride_component_987,1,1,1,0,8.56,8.56,0,0,0.0,0.0,0.0,LOW_PRIORITY
ride_component_990,1,1,1,0,7.21,7.21,0,0,0.0,0.0,0.0,LOW_PRIORITY
ride_component_999,1,1,1,0,30.62,30.62,0,0,0.0,0.0,0.0,LOW_PRIORITY
